{
  "tag": "164_a0a0f653",
  "lmb1": 1.4083488537368792e-07,
  "lmb2": 0.018399626627693556,
  "nonzero_count": 80,
  "complexity_norm": 0.6451612903225806,
  "train_gen_window": 0.05730474342847123,
  "generalizability": 0.0431261439909159,
  "equation": "0.025996 E^{0.5} n P^{-0.5} + 0.0010912 F dT_{e} + 0.0003351 F dT_{i} - 0.0028009 F dn - 0.0033733 P^{-1} F dT_{e} - 0.00014985 P^{-1} F dT_{i} - 0.0045333 P^{-1} F dn + 4.9694 \\cdot 10^{-5} P F dT_{i} + 0.0024707 P dn + 0.00088866 T_{e}^{0.5} F dT_{e} - 0.0033982 T_{e}^{0.5} F dn - 0.0083335 T_{e}^{0.5} P^{-1} dn + 2.0212 \\cdot 10^{-6} T_{e}^{0.5} T_{i}^{0.5} F dT_{i} - 0.0022217 T_{e}^{0.5} T_{i}^{0.5} F dn - 1.7533 \\cdot 10^{-6} T_{e}^{0.5} T_{i}^{0.5} P^{-1} dT_{i} + 0.0010738 T_{e}^{0.5} T_{i}^{0.5} P^{-1} dn + 6.113 \\cdot 10^{-5} T_{e}^{0.5} T_{i}^{0.5} P dT_{e} + 3.9172 \\cdot 10^{-7} T_{e}^{0.5} T_{i}^{0.5} P dT_{i} + 0.0036019 T_{e}^{0.5} T_{i}^{0.5} P dn - 2.9144 \\cdot 10^{-7} T_{e}^{0.5} T_{i}^{0.5} dT_{i} - 0.0071206 T_{e}^{0.5} T_{i}^{0.5} dn - 5.182 \\cdot 10^{-6} T_{e}^{0.5} T_{i} dT_{e} - 6.6829 \\cdot 10^{-8} T_{e}^{0.5} T_{i} dT_{i} - 0.00045458 T_{e}^{0.5} T_{i} dn - 0.013559 T_{e}^{0.5} dn + 0.00010636 T_{e} F dT_{i} - 0.0036814 T_{e} F dn + 0.00084953 T_{e} P^{-1} dn + 6.9743 \\cdot 10^{-6} T_{e} P dT_{i} + 2.8796 \\cdot 10^{-5} T_{e} T_{i}^{0.5} dT_{e} - 2.6423 \\cdot 10^{-5} T_{e} T_{i} dT_{e} - 0.00026756 T_{e} T_{i} dn + 0.00014713 T_{e} dT_{e} - 1.2678 \\cdot 10^{-6} T_{e} dT_{i} - 0.015136 T_{e} dn + 0.00011182 T_{i}^{0.5} F dT_{e} - 0.0019145 T_{i}^{0.5} F dn + 0.00017317 T_{i}^{0.5} P^{-1} dT_{e} - 2.4162 \\cdot 10^{-6} T_{i}^{0.5} P^{-1} dT_{i} - 0.0054171 T_{i}^{0.5} P^{-1} dn - 5.9017 \\cdot 10^{-7} T_{i}^{0.5} P dT_{i} + 0.0036548 T_{i}^{0.5} P dn + 0.00021751 T_{i}^{0.5} dT_{e} - 1.0738 \\cdot 10^{-6} T_{i}^{0.5} dT_{i} - 0.0059392 T_{i}^{0.5} dn - 6.4492 \\cdot 10^{-5} T_{i} F dT_{e} - 1.4536 \\cdot 10^{-7} T_{i} F dT_{i} + 8.4308 \\cdot 10^{-6} T_{i} P^{-1} dT_{e} + 0.0022694 T_{i} P^{-1} dn + 6.9238 \\cdot 10^{-5} T_{i} P dT_{e} + 0.0048068 T_{i} P dn + 2.4348 \\cdot 10^{-5} T_{i} dT_{e} - 1.0348 \\cdot 10^{-5} dT_{i} - 0.020941 n^{-1} F dn + 0.001906 n^{-1} P^{-1} dn + 0.00024331 n^{-1} T_{e}^{0.5} T_{i}^{0.5} dn + 0.0014288 n^{-1} T_{e}^{0.5} dn + 0.001024 n^{-1} T_{e} dn + 0.00039033 n^{-1} T_{i}^{0.5} dn - 6.4312 \\cdot 10^{-6} n^{-1} T_{i} dn + 0.0018537 n^{-1} dn + 0.00092715 n E^{0.5} + 0.0049363 n E^{0.5} P^{-1} - 0.0052318 n E^{0.5} T_{e}^{0.5} P^{-1} + 0.0046738 n E^{0.5} T_{e}^{0.5} T_{i}^{0.5} + 0.0035306 n E^{0.5} T_{e}^{0.5} T_{i} + 0.0029924 n E^{0.5} T_{e} + 0.0046726 n E^{0.5} T_{e} T_{i}^{0.5} + 0.0036555 n E^{0.5} T_{i}^{0.5} - 0.006524 n E^{0.5} T_{i}^{0.5} F + 0.0011007 n E^{0.5} T_{i}^{0.5} P^{-1} - 0.011059 n E^{0.5} T_{i}^{0.5} P + 0.0033157 n E^{0.5} T_{i} - 0.0011507 n E F + 0.0084971 n E P^{-1} - 0.0066804 n E P + 0.022291 n E T_{e}^{0.5} + 0.01321 n E T_{e}^{0.5} T_{i}^{0.5} + 0.012986 n E T_{i}^{0.5} + 0.0030571 n E T_{i}",
  "coefficients": [
    0.08853770672495909,
    0.00436230841920916,
    0.0027776532059924502,
    -0.010657891758717663,
    0.0016594564486280203,
    -0.00012083515304155135,
    0.0021925635423733977,
    0.0011800394657915589,
    0.0016849786064190419,
    -0.005312768925911815,
    -0.0006214609831483031,
    0.005272478102725218,
    0.0007720454640613092,
    -0.0010780669566079412,
    -0.0004086135371190111,
    -0.0002490230160063986,
    -0.00010006848254112688,
    -0.0009724851630393133,
    -0.00013315507075602803,
    0.00024335339954261598,
    0.00019189777960276766,
    -0.00021272438378142772,
    -0.00011072388503086811,
    0.002543028372570726,
    0.0006600546632381859,
    4.547167395975438e-05,
    -3.501881285302398e-05,
    -0.0036533177181266793,
    -4.397324400141553e-05,
    0.000410922682273579,
    0.000985235713077258,
    0.0008334665514588072,
    0.00013367956500683759,
    0.00020406695706570027,
    0.00041971870324199884,
    -0.0003318696774840743,
    0.00122696956562178,
    -3.1330709581514626e-05,
    0.00036958114291006997,
    -5.883789984700849e-06,
    0.00026924345601078703,
    -0.00010407315576330643,
    0.00021450153653328197,
    0.0001404893005129068,
    -0.0006242784943661303,
    -0.005730022971830293,
    -0.0029964769472474798,
    0.002858748496490829,
    -0.00580839027854254,
    -0.0047082780160732736,
    -0.002345279892445311,
    0.004772826959778696,
    0.0035395398139547243,
    -4.5003235296381394e-05,
    0.007192519146955116,
    -0.007511955646882715,
    -0.008940329998770098,
    -0.0035132525740241838,
    0.00132502994437321,
    -0.005444574012186246,
    -0.0026389978073982287,
    0.004493073589502308,
    -0.0004208930797219776,
    0.0008870652193848257,
    -0.009620926342986405,
    -0.003687852201565773,
    -0.000245518685661663,
    0.0037741314932786055,
    0.0005117821903494676,
    0.0010367373868986757,
    0.0022548753279843375,
    -0.006482288299808875,
    -0.01147004103381058,
    0.002326912696630136,
    -0.004630734070833982,
    0.002787284345837228,
    0.002413729285844454,
    0.0015387895584949712,
    0.0027096270104515555,
    0.004056363002048549,
    -0.0006569358534851757,
    -0.0040580789290758645,
    0.005417988045092616,
    0.001589124235800654,
    0.007821977704158573,
    0.005341987972505572,
    0.012762498492138237
  ],
  "val_sse_masked": 0.0007514349417760968,
  "val_nrmse_masked": 0.07461492717266083,
  "val_mse_masked": 2.5047833332791924e-05,
  "val_r2_masked": 0.9944307804107666,
  "val_sse_full": 0.000746191362850368,
  "val_nrmse_full": 0.0743541419506073,
  "val_mse_full": 2.4873046641005203e-05,
  "val_r2_full": 0.9944696426391602,
  "iteration": 164,
  "p_lo_eff": 0.12967753410339355,
  "p_hi_eff": 1.9451630115509033,
  "f_lo_eff": 0.20659340918064117,
  "f_hi_eff": 1.6527472734451294
}