{
  "tag": "248_98d13a84",
  "lmb1": 3.7177117141294926e-08,
  "lmb2": 0.0029178290080405143,
  "nonzero_count": 85,
  "complexity_norm": 0.6854838709677419,
  "train_gen_window": 0.034641930666513165,
  "generalizability": 0.03108043587104966,
  "equation": "0.046069 E^{0.5} n P^{-0.5} - 0.0033267 F dT_{e} + 0.00084988 F dT_{i} - 0.00298 F dn - 0.0034414 P^{-1} F dT_{e} - 0.00010083 P^{-1} F dT_{i} - 0.0033944 P^{-1} F dn + 0.0002015 P^{-1} dT_{e} - 0.00015249 P F dT_{i} - 0.00083248 P dn - 0.0019454 T_{e}^{0.5} F dT_{e} - 0.004913 T_{e}^{0.5} F dn + 0.00090558 T_{e}^{0.5} P^{-1} dT_{e} - 0.01622 T_{e}^{0.5} P^{-1} dn + 0.0013311 T_{e}^{0.5} T_{i}^{0.5} F dT_{e} - 6.9844 \\cdot 10^{-6} T_{e}^{0.5} T_{i}^{0.5} F dT_{i} - 0.0052978 T_{e}^{0.5} T_{i}^{0.5} F dn - 7.2097 \\cdot 10^{-6} T_{e}^{0.5} T_{i}^{0.5} P^{-1} dT_{i} + 0.0054176 T_{e}^{0.5} T_{i}^{0.5} P^{-1} dn + 0.00053469 T_{e}^{0.5} T_{i}^{0.5} P dT_{e} + 2.3159 \\cdot 10^{-6} T_{e}^{0.5} T_{i}^{0.5} P dT_{i} + 0.0035437 T_{e}^{0.5} T_{i}^{0.5} P dn - 2.646 \\cdot 10^{-6} T_{e}^{0.5} T_{i}^{0.5} dT_{i} - 0.0060178 T_{e}^{0.5} T_{i}^{0.5} dn - 0.00011638 T_{e}^{0.5} T_{i} dT_{e} + 2.0049 \\cdot 10^{-7} T_{e}^{0.5} T_{i} dT_{i} + 0.0033446 T_{e}^{0.5} T_{i} dn - 0.015706 T_{e}^{0.5} dn + 0.00019386 T_{e} F dT_{i} - 0.0060316 T_{e} F dn + 0.0077319 T_{e} P^{-1} dn + 2.0887 \\cdot 10^{-5} T_{e} P dT_{i} - 0.0002737 T_{e} T_{i}^{0.5} dT_{e} - 0.00015509 T_{e} T_{i} dT_{e} + 3.9167 \\cdot 10^{-7} T_{e} T_{i} dT_{i} + 0.0027255 T_{e} T_{i} dn - 0.0010159 T_{e} dT_{e} - 4.516 \\cdot 10^{-5} T_{e} dT_{i} - 0.020444 T_{e} dn + 0.0008614 T_{i}^{0.5} F dT_{e} - 0.0039844 T_{i}^{0.5} F dn + 0.00083295 T_{i}^{0.5} P^{-1} dT_{e} - 9.1089 \\cdot 10^{-6} T_{i}^{0.5} P^{-1} dT_{i} - 0.012264 T_{i}^{0.5} P^{-1} dn - 3.5748 \\cdot 10^{-7} T_{i}^{0.5} P dT_{i} + 0.0035445 T_{i}^{0.5} P dn + 7.837 \\cdot 10^{-5} T_{i}^{0.5} dT_{e} - 4.8296 \\cdot 10^{-6} T_{i}^{0.5} dT_{i} - 0.0024401 T_{i}^{0.5} dn - 2.0613 \\cdot 10^{-5} T_{i} F dT_{e} + 1.4952 \\cdot 10^{-6} T_{i} F dT_{i} + 6.806 \\cdot 10^{-5} T_{i} P^{-1} dT_{e} + 0.0046703 T_{i} P^{-1} dn + 0.00020297 T_{i} P dT_{e} + 0.0067984 T_{i} P dn - 5.7094 \\cdot 10^{-5} T_{i} dT_{e} + 0.0053479 T_{i} dn - 0.00044915 dT_{e} - 6.3599 \\cdot 10^{-5} dT_{i} - 0.026838 n^{-1} F dn + 0.0032741 n^{-1} P^{-1} dn + 4.2082 \\cdot 10^{-5} n^{-1} T_{e}^{0.5} T_{i}^{0.5} dn + 0.0016539 n^{-1} T_{e}^{0.5} dn + 0.0020211 n^{-1} T_{e} dn - 0.00021867 n^{-1} T_{i} dn + 0.001153 n^{-1} dn - 0.013555 n E^{0.5} + 0.0087976 n E^{0.5} P^{-1} - 0.015548 n E^{0.5} T_{e}^{0.5} P^{-1} + 0.0059268 n E^{0.5} T_{e}^{0.5} T_{i}^{0.5} + 0.0091027 n E^{0.5} T_{e}^{0.5} T_{i} - 0.003138 n E^{0.5} T_{e} + 0.0084669 n E^{0.5} T_{e} T_{i}^{0.5} + 0.0012033 n E^{0.5} T_{i}^{0.5} - 0.01485 n E^{0.5} T_{i}^{0.5} F + 0.0028051 n E^{0.5} T_{i}^{0.5} P^{-1} - 0.010313 n E^{0.5} T_{i}^{0.5} P + 0.0067 n E^{0.5} T_{i} - 0.0097529 n E F + 0.011766 n E P^{-1} - 0.0038613 n E P + 0.029997 n E T_{e}^{0.5} + 0.015743 n E T_{e}^{0.5} T_{i}^{0.5} + 0.013488 n E T_{i}^{0.5} - 0.00021195 n E T_{i}",
  "coefficients": [
    0.08853770703176184,
    0.007493498339264024,
    0.0017276819099248386,
    -0.013659021684768555,
    -7.038843459210298e-05,
    -0.0041086011532231875,
    0.002537948795943691,
    0.0002040940509583991,
    0.0033255368764427418,
    -0.0035750773130621,
    -0.003819667285607155,
    0.01337210425082068,
    -0.0023689986536024957,
    -0.004064195870901788,
    -0.0018378850010407205,
    -0.00015083808926056458,
    0.0010292719388237809,
    -0.003999025656827901,
    -0.0012089526330449907,
    -0.0008409101550562251,
    0.001134506901485366,
    0.0006381838013689023,
    -0.003943975915451731,
    0.004634905708872598,
    0.00197674448958568,
    0.0015016310745346317,
    0.0003593069605778709,
    -0.0037271073126927193,
    -0.0005805187031236239,
    -0.0012527036366344405,
    0.004738925060991862,
    0.00030030393469832745,
    0.0010297705920369396,
    0.0016473985548972475,
    -0.0009842149481328957,
    -0.0001060728944025785,
    0.0035968004105602427,
    0.0018538999056490757,
    -0.0008090684451105973,
    0.00181010211523433,
    0.0023550057147352227,
    -0.0023373478371699064,
    -0.0014810859263678575,
    -0.0013353374016647629,
    -0.003664195682215994,
    -0.004290504972819742,
    -0.003188126734591852,
    -0.0009632297840590012,
    -0.013150203140920955,
    -0.0019343644065338284,
    -0.004880882662874342,
    0.004628778507725029,
    0.007284002625985213,
    0.00506226334463275,
    0.010172537318112518,
    -0.014621093183895907,
    -0.010356034606870464,
    -0.005079271690654544,
    0.0066850986992963435,
    -0.004601395545674139,
    -0.006292808415546136,
    0.004420432800837516,
    0.0030967470659144652,
    0.008073537357837945,
    -0.012994772138187734,
    -0.006042196795661536,
    0.002500956535266455,
    0.006726347822852426,
    -0.007482187865582683,
    0.0026420986243381184,
    0.000742218948911258,
    -0.014755209792663128,
    -0.010696050066077066,
    0.004702001050982237,
    -0.013761740308516117,
    0.0035345779413605213,
    0.006223084943287979,
    -0.0016136542256101477,
    0.0049098843547077525,
    0.005616799914949823,
    -0.005567832349275832,
    -0.002345622436318792,
    0.005627748073469073,
    -0.00011017618142698804,
    0.010526327335795449,
    0.006366327551403837,
    0.022617578374478524
  ],
  "val_sse_masked": 0.00047711521619930863,
  "val_nrmse_masked": 0.059455450624227524,
  "val_mse_masked": 1.5903840903774835e-05,
  "val_r2_masked": 0.9964638948440552,
  "val_sse_full": 0.0004768820363096893,
  "val_nrmse_full": 0.05944092199206352,
  "val_mse_full": 1.5896068362053484e-05,
  "val_r2_full": 0.9964656233787537,
  "iteration": 248,
  "p_lo_eff": 0.12967753410339355,
  "p_hi_eff": 1.9451630115509033,
  "f_lo_eff": 0.20659340918064117,
  "f_hi_eff": 1.6527472734451294
}