{
  "tag": "84_f0dbc71a",
  "lmb1": 0.007124745449042381,
  "lmb2": 1e-08,
  "nonzero_count": 5,
  "complexity_norm": 0.04032258064516129,
  "train_gen_window": 0.14182219167955415,
  "generalizability": 0.15209008989945239,
  "equation": "0.058055 E^{0.5} n P^{-0.5} - 0.00019154 P^{-1} F dT_{e} - 0.014628 P^{-1} F dn - 0.03881 T_{e}^{0.5} T_{i}^{0.5} dn - 0.0012419 T_{i}^{0.5} P^{-1} dn",
  "coefficients": [
    0.08853770594463656,
    9.164957972111703e-07,
    3.4143548343813964e-07,
    -9.652611441250178e-08,
    3.9709050324901703e-07,
    1.883192321776094e-07,
    3.685394652623581e-07,
    3.4789298716522146e-07,
    3.9276549614982066e-07,
    -2.0208784767753438e-07,
    -6.509796474684498e-08,
    -2.2028128316822117e-10,
    -2.7828904295324575e-08,
    -5.127204077997949e-08,
    -4.610348316043969e-08,
    -5.472531475842349e-08,
    -2.9285806556682414e-08,
    -5.468396427688932e-08,
    -4.7082219147700336e-08,
    -3.7135762326993846e-08,
    -5.482327668206212e-08,
    -3.4169733349139786e-08,
    -6.88566264592873e-08,
    -4.0265414604349633e-08,
    -8.209193643582968e-08,
    -3.5052689941797114e-08,
    -7.766907200541866e-06,
    -0.00020744063756791345,
    -4.4261251051392344e-07,
    -3.955636653323415e-07,
    -6.135433026886293e-07,
    -2.7613450337924614e-07,
    -3.234601512669649e-07,
    -1.722866760769283e-07,
    -1.0632704395676765e-07,
    -1.4436941050080436e-07,
    -7.82495296359649e-08,
    -1.8640623572637155e-05,
    -4.983762913841176e-07,
    -3.321614992486597e-07,
    -1.8199957188467392e-07,
    -9.647161424957031e-08,
    -4.7028707490424556e-07,
    -2.2934384884872598e-07,
    -8.78059898360424e-08,
    -0.01849004679631185,
    -4.3975265491674434e-07,
    2.339909048119692e-08,
    -0.0013316594312759464,
    -2.858919900669784e-06,
    -1.1403307294447062e-06,
    2.696858919231417e-09,
    -2.6787337859954e-07,
    -1.6478456248920445e-06,
    -4.79951189403596e-09,
    -2.051219849393876e-06,
    -1.4122698834665165e-06,
    -5.409719102447644e-07,
    -3.984846305561807e-07,
    -0.02967517262369645,
    -1.7443722855733961e-06,
    -7.141798650848768e-09,
    -1.6949205394744616e-06,
    -3.079049057038639e-07,
    -3.141716232140694e-06,
    -6.580077029891656e-07,
    -1.1907497050468385e-06,
    3.2359762211678246e-07,
    1.6725949082634894e-07,
    4.814517011518309e-07,
    3.9559255673203877e-07,
    1.9948747608959202e-07,
    -7.165162943322658e-08,
    1.6230448510851297e-06,
    1.5215261283354463e-07,
    4.914817116609438e-07,
    3.001327314101035e-06,
    2.2101963068616396e-07,
    5.831388883366325e-07,
    1.9936470799767358e-06,
    3.1096205990987943e-07,
    -2.1739535218066e-08,
    4.170061244661263e-06,
    2.494132997494058e-06,
    9.097288243765937e-07,
    3.547880723870144e-05,
    0.028502116169688504
  ],
  "val_sse_masked": 0.005356953013688326,
  "val_nrmse_masked": 0.19922277331352234,
  "val_mse_masked": 0.00017856511112768203,
  "val_r2_masked": 0.9602970480918884,
  "val_sse_full": 0.0053323982283473015,
  "val_nrmse_full": 0.19876565039157867,
  "val_mse_full": 0.0001777466241037473,
  "val_r2_full": 0.9604790210723877,
  "iteration": 84,
  "p_lo_eff": 0.12967753410339355,
  "p_hi_eff": 1.9451630115509033,
  "f_lo_eff": 0.20659340918064117,
  "f_hi_eff": 1.6527472734451294
}