{
  "tag": "209_86e0afb6",
  "lmb1": 0.0037466817411153813,
  "lmb2": 1.0229313625696145e-08,
  "nonzero_count": 7,
  "complexity_norm": 0.056451612903225805,
  "train_gen_window": 0.12191440807348419,
  "generalizability": 0.1370345733403954,
  "equation": "0.059686 E^{0.5} n P^{-0.5} - 0.0042932 P^{-1} F dT_{e} - 4.7313 \\cdot 10^{-6} P^{-1} F dT_{i} - 0.0099645 P^{-1} F dn - 0.038376 T_{e}^{0.5} T_{i}^{0.5} dn - 0.0097239 T_{i}^{0.5} P^{-1} dn + 4.5631 \\cdot 10^{-5} n^{-1} P^{-1} dn",
  "coefficients": [
    0.0885377058422917,
    0.00010443753555558429,
    4.450571283269958e-06,
    -7.421601254542612e-07,
    8.147232975539138e-06,
    2.5924933246094466e-06,
    4.41358711709899e-06,
    5.954686082354655e-06,
    4.397352980093198e-06,
    -0.00016774739722269074,
    -1.1913296970110538e-06,
    -3.975507299856124e-07,
    -5.925918827781401e-07,
    -1.0448400753274658e-06,
    -7.833713993861285e-07,
    -7.23184643617933e-07,
    -5.9465036238365e-07,
    -1.0734810575407384e-06,
    -8.055921528963435e-07,
    -7.696922829728188e-07,
    -7.39702676544324e-07,
    -5.869684728998463e-07,
    -1.2483892391210688e-06,
    -8.38486015482017e-07,
    -1.2429208531837402e-06,
    -6.089788375319022e-07,
    -1.9612318795915353e-06,
    -0.004649639355652705,
    -7.791714920305982e-07,
    -5.361921953391163e-07,
    -5.395906090722241e-07,
    -3.391013451343121e-07,
    -3.161678420982576e-07,
    -7.146859509070757e-08,
    6.142882202531348e-09,
    -2.7670692833209956e-08,
    -1.064467535879219e-07,
    -2.162414295279574e-06,
    -6.060702196944305e-07,
    -3.125492964233517e-07,
    -4.70743428280058e-07,
    4.812461085792741e-08,
    -6.328282068236769e-07,
    -2.1571347594004783e-07,
    8.520111489359706e-08,
    -0.012595031658758351,
    -1.647896474480579e-06,
    1.6647240840794329e-06,
    -0.010426344293528534,
    -9.600281507038516e-06,
    -6.014902677253113e-06,
    1.0785044636301825e-06,
    -1.1640452532996726e-06,
    -1.053563456853211e-05,
    8.916671974737578e-07,
    -5.612351665031284e-06,
    -4.669148309182933e-06,
    -2.0953679405553686e-06,
    -1.3997819971410534e-06,
    -0.029343357437834686,
    -1.237774333455206e-05,
    8.728116787601058e-07,
    -1.8903624376402087e-05,
    -9.343607000137807e-07,
    -9.562300394858245e-06,
    -2.592889616263722e-06,
    -9.749933705067549e-06,
    1.0431646798632398e-06,
    3.6922936213812587e-07,
    1.4097233012869167e-06,
    1.1822346570751834e-06,
    5.209485330142286e-07,
    -8.936437652209072e-06,
    3.863777312447592e-06,
    3.2760039012692056e-07,
    1.4538890388489854e-06,
    4.822376703803138e-06,
    5.577207728499369e-07,
    1.657305144408369e-06,
    4.6250729877270375e-06,
    1.0439836039507e-06,
    -1.546937921997563e-06,
    9.167703089719373e-06,
    3.214462980067869e-06,
    3.040402901645941e-06,
    1.673849469177163e-05,
    0.029303011791689287
  ],
  "val_sse_masked": 0.0040613762103021145,
  "val_nrmse_masked": 0.17346692085266113,
  "val_mse_masked": 0.00013537921768147498,
  "val_r2_masked": 0.9698991775512695,
  "val_sse_full": 0.004021213389933109,
  "val_nrmse_full": 0.17260707914829254,
  "val_mse_full": 0.00013404045603238046,
  "val_r2_full": 0.9701968431472778,
  "iteration": 209,
  "p_lo_eff": 0.12967753410339355,
  "p_hi_eff": 1.9451630115509033,
  "f_lo_eff": 0.20659340918064117,
  "f_hi_eff": 1.6527472734451294
}