{
  "trial_name": "209_86e0afb6",
  "lmb1": 0.0037466817411153813,
  "lmb2": 1.0229313625696145e-08,
  "equation": "0.061171 E^{0.5} n P^{-0.5} - 2.3336 \\cdot 10^{-6} P dT_{i} - 0.02505 T_{e}^{0.5} T_{i}^{0.5} P^{-1} dn - 0.028054 T_{e} F dT_{e} - 1.4078 \\cdot 10^{-6} T_{e} T_{i} dT_{i} - 0.015591 dn + 6.3889 \\cdot 10^{-5} n^{-1} dn",
  "nonzero_count": 7,
  "complexity_norm": 0.056451612903225805,
  "generalizability_error": 1.0,
  "validation_error": 0.28437588600903785,
  "val_sem": 0.05896089564414621,
  "gen_sem": 0.5,
  "window_split_hash8": "c22c5ef9",
  "p_lo_eff": 0.12967753410339355,
  "p_hi_eff": 1.9451630115509033,
  "f_lo_eff": 0.20659340918064117,
  "f_hi_eff": 1.6527472734451294,
  "train_idx": [
    84,
    50,
    29,
    118,
    101,
    76,
    56,
    168,
    80,
    125,
    91,
    171,
    117,
    105,
    110,
    157,
    54,
    15,
    61,
    19,
    32,
    62,
    41,
    182,
    93,
    165,
    13,
    69,
    159,
    70,
    144,
    145,
    107,
    72,
    34,
    26,
    108,
    7,
    57,
    9,
    106,
    46,
    30,
    135,
    96,
    149,
    48,
    136,
    174,
    102,
    22,
    23,
    95,
    59,
    88,
    148,
    137,
    67,
    147,
    122,
    8,
    113,
    130,
    83,
    16,
    47,
    127,
    21,
    153,
    140,
    172,
    187,
    154,
    111,
    45,
    37,
    167,
    163,
    25,
    166,
    131,
    12,
    177,
    43,
    92,
    128,
    79,
    124,
    98,
    40,
    178,
    89,
    65,
    63,
    179,
    31,
    116,
    100,
    170,
    55,
    71,
    115,
    64,
    53,
    155,
    35,
    87,
    52,
    141,
    33,
    38,
    126,
    114,
    78,
    156,
    146,
    36,
    132,
    94,
    184,
    49,
    150,
    186,
    73,
    4,
    129,
    138,
    173,
    183,
    51,
    28,
    42,
    6,
    180,
    99,
    0,
    161,
    133,
    169,
    97,
    158,
    119,
    24,
    160,
    162,
    81,
    60,
    181,
    1,
    44,
    109,
    120,
    20,
    143,
    151,
    68,
    176,
    185,
    121,
    18,
    86,
    10,
    14,
    123,
    104,
    103,
    85,
    2,
    77
  ],
  "val_idx": [
    90,
    39,
    175,
    11,
    27,
    3,
    152,
    82,
    66,
    5,
    74,
    142,
    75,
    164,
    134,
    58,
    139,
    17,
    112
  ],
  "gen_idx": [],
  "keep_cols": [
    0,
    2,
    3,
    4,
    5,
    6,
    7,
    12,
    13,
    14,
    15,
    16,
    17,
    18,
    19,
    20,
    21,
    22,
    25,
    28,
    29,
    30,
    31,
    34,
    35,
    36,
    37,
    38,
    39,
    40,
    41,
    43,
    44,
    46,
    49,
    50,
    51,
    52,
    54,
    55,
    56,
    58,
    59,
    60,
    63,
    64,
    66,
    68,
    70,
    71,
    73,
    74,
    77,
    78,
    79,
    80,
    81,
    82,
    85,
    86,
    88,
    89,
    90,
    91,
    92,
    93,
    94,
    96,
    97,
    100,
    101,
    104,
    107,
    108,
    109,
    111,
    112,
    114,
    115,
    116,
    117,
    118,
    119,
    120,
    121,
    122,
    123
  ],
  "coefficients": [
    0.0885377058422917,
    0.00010443753555558429,
    4.450571283269958e-06,
    -7.421601254542612e-07,
    8.147232975539138e-06,
    2.5924933246094466e-06,
    4.41358711709899e-06,
    5.954686082354655e-06,
    4.397352980093198e-06,
    -0.00016774739722269074,
    -1.1913296970110538e-06,
    -3.975507299856124e-07,
    -5.925918827781401e-07,
    -1.0448400753274658e-06,
    -7.833713993861285e-07,
    -7.23184643617933e-07,
    -5.9465036238365e-07,
    -1.0734810575407384e-06,
    -8.055921528963435e-07,
    -7.696922829728188e-07,
    -7.39702676544324e-07,
    -5.869684728998463e-07,
    -1.2483892391210688e-06,
    -8.38486015482017e-07,
    -1.2429208531837402e-06,
    -6.089788375319022e-07,
    -1.9612318795915353e-06,
    -0.004649639355652705,
    -7.791714920305982e-07,
    -5.361921953391163e-07,
    -5.395906090722241e-07,
    -3.391013451343121e-07,
    -3.161678420982576e-07,
    -7.146859509070757e-08,
    6.142882202531348e-09,
    -2.7670692833209956e-08,
    -1.064467535879219e-07,
    -2.162414295279574e-06,
    -6.060702196944305e-07,
    -3.125492964233517e-07,
    -4.70743428280058e-07,
    4.812461085792741e-08,
    -6.328282068236769e-07,
    -2.1571347594004783e-07,
    8.520111489359706e-08,
    -0.012595031658758351,
    -1.647896474480579e-06,
    1.6647240840794329e-06,
    -0.010426344293528534,
    -9.600281507038516e-06,
    -6.014902677253113e-06,
    1.0785044636301825e-06,
    -1.1640452532996726e-06,
    -1.053563456853211e-05,
    8.916671974737578e-07,
    -5.612351665031284e-06,
    -4.669148309182933e-06,
    -2.0953679405553686e-06,
    -1.3997819971410534e-06,
    -0.029343357437834686,
    -1.237774333455206e-05,
    8.728116787601058e-07,
    -1.8903624376402087e-05,
    -9.343607000137807e-07,
    -9.562300394858245e-06,
    -2.592889616263722e-06,
    -9.749933705067549e-06,
    1.0431646798632398e-06,
    3.6922936213812587e-07,
    1.4097233012869167e-06,
    1.1822346570751834e-06,
    5.209485330142286e-07,
    -8.936437652209072e-06,
    3.863777312447592e-06,
    3.2760039012692056e-07,
    1.4538890388489854e-06,
    4.822376703803138e-06,
    5.577207728499369e-07,
    1.657305144408369e-06,
    4.6250729877270375e-06,
    1.0439836039507e-06,
    -1.546937921997563e-06,
    9.167703089719373e-06,
    3.214462980067869e-06,
    3.040402901645941e-06,
    1.673849469177163e-05,
    0.029303011791689287
  ]
}