{
  "tag": "488_06d17aec",
  "lmb1": 5.851899798030058e-07,
  "lmb2": 1.3468319045648955e-07,
  "nonzero_count": 86,
  "complexity_norm": 0.6935483870967742,
  "train_gen_window": 0.013589543596896236,
  "generalizability": 0.024484135574709694,
  "equation": "0.18142 E^{0.5} n P^{-0.5} + 0.077309 F dT_{e} + 0.0050768 F dT_{i} + 0.024328 F dn + 0.00093758 P^{-1} F dT_{e} + 7.65 \\cdot 10^{-5} P^{-1} F dT_{i} + 0.0083406 P^{-1} F dn - 0.00015492 P^{-1} dT_{e} - 0.00019361 P F dT_{i} - 0.0011227 P dn - 0.13311 T_{e}^{0.5} F dT_{e} + 0.0015288 T_{e}^{0.5} F dn + 0.0061218 T_{e}^{0.5} P^{-1} dT_{e} - 0.063439 T_{e}^{0.5} P^{-1} dn + 0.024311 T_{e}^{0.5} T_{i}^{0.5} F dT_{e} - 2.6994 \\cdot 10^{-5} T_{e}^{0.5} T_{i}^{0.5} F dT_{i} - 0.050695 T_{e}^{0.5} T_{i}^{0.5} F dn + 4.4275 \\cdot 10^{-5} T_{e}^{0.5} T_{i}^{0.5} P^{-1} dT_{i} + 0.035634 T_{e}^{0.5} T_{i}^{0.5} P^{-1} dn + 0.0023843 T_{e}^{0.5} T_{i}^{0.5} P dT_{e} + 7.2982 \\cdot 10^{-6} T_{e}^{0.5} T_{i}^{0.5} P dT_{i} + 0.011371 T_{e}^{0.5} T_{i}^{0.5} P dn + 3.7534 \\cdot 10^{-5} T_{e}^{0.5} T_{i}^{0.5} dT_{i} + 0.20512 T_{e}^{0.5} T_{i}^{0.5} dn - 0.00017077 T_{e}^{0.5} T_{i} dT_{e} - 4.6998 \\cdot 10^{-7} T_{e}^{0.5} T_{i} dT_{i} + 0.00084733 T_{e}^{0.5} T_{i} dn - 0.17253 T_{e}^{0.5} dn - 0.0021391 T_{e} F dT_{i} - 0.022076 T_{e} F dn + 0.0056112 T_{e} P^{-1} dn + 6.6937 \\cdot 10^{-5} T_{e} P dT_{i} - 0.0067145 T_{e} T_{i}^{0.5} dT_{e} + 0.00098576 T_{e} T_{i} dT_{e} - 4.0873 \\cdot 10^{-7} T_{e} T_{i} dT_{i} + 0.0013108 T_{e} T_{i} dn + 0.0020628 T_{e} dT_{e} - 2.8745 \\cdot 10^{-5} T_{e} dT_{i} - 0.0011472 T_{e} dn + 0.010494 T_{i}^{0.5} F dT_{e} + 0.0023012 T_{i}^{0.5} F dn + 0.0011078 T_{i}^{0.5} P^{-1} dT_{e} - 2.9701 \\cdot 10^{-5} T_{i}^{0.5} P^{-1} dT_{i} + 0.012438 T_{i}^{0.5} P^{-1} dn - 7.23 \\cdot 10^{-6} T_{i}^{0.5} P dT_{i} + 0.020684 T_{i}^{0.5} P dn + 0.0013118 T_{i}^{0.5} dT_{e} + 4.1073 \\cdot 10^{-6} T_{i}^{0.5} dT_{i} - 0.0044736 T_{i}^{0.5} dn - 0.004852 T_{i} F dT_{e} - 2.7941 \\cdot 10^{-5} T_{i} F dT_{i} - 7.9038 \\cdot 10^{-5} T_{i} P^{-1} dT_{e} - 0.0092057 T_{i} P^{-1} dn - 0.00034197 T_{i} P dT_{e} - 0.014222 T_{i} P dn - 0.00046774 T_{i} dT_{e} - 0.049107 T_{i} dn - 0.0040783 dT_{e} - 0.00078694 dT_{i} + 0.0021125 n^{-1} F dn + 0.0060215 n^{-1} P^{-1} dn - 0.013334 n^{-1} T_{e}^{0.5} T_{i}^{0.5} dn - 0.0051205 n^{-1} T_{e}^{0.5} dn - 0.0015967 n^{-1} T_{e} dn + 0.012547 n^{-1} T_{i}^{0.5} dn + 0.00065108 n^{-1} T_{i} dn - 0.0027416 n^{-1} dn - 0.29251 n E^{0.5} - 0.064026 n E^{0.5} P^{-1} - 0.0061061 n E^{0.5} T_{e}^{0.5} P^{-1} - 0.0019086 n E^{0.5} T_{e}^{0.5} T_{i}^{0.5} + 0.039032 n E^{0.5} T_{e}^{0.5} T_{i} - 0.041604 n E^{0.5} T_{e} + 0.0017466 n E^{0.5} T_{e} T_{i}^{0.5} + 0.0014396 n E^{0.5} T_{i}^{0.5} - 0.012886 n E^{0.5} T_{i}^{0.5} F + 0.049452 n E^{0.5} T_{i}^{0.5} P^{-1} + 0.019673 n E^{0.5} T_{i}^{0.5} P + 0.16665 n E^{0.5} T_{i} - 0.052079 n E F - 0.024274 n E P^{-1} - 0.0094946 n E P + 0.73254 n E T_{e}^{0.5} - 0.51903 n E T_{e}^{0.5} T_{i}^{0.5} - 0.10389 n E T_{i}^{0.5} + 0.029613 n E T_{i}",
  "coefficients": [
    0.08853771837850377,
    0.013781446654228048,
    -0.004108143282575634,
    0.0010751324314022485,
    0.0533437053285245,
    0.012233015319330603,
    -0.007857498023062362,
    -0.06466876780371286,
    -0.0026272787204452905,
    0.002712294832034121,
    -0.04726285938994149,
    0.07987935050853275,
    -0.00300787013750896,
    -0.013252110945284392,
    0.001563022042492577,
    -0.0030507120998574935,
    -0.019234488962726348,
    0.02455810805267158,
    0.017148699250256298,
    -0.003250009247946295,
    0.0035752463755050748,
    -0.0014959928929764313,
    -0.0025104616652625506,
    -0.05114282373633884,
    0.006335034284193733,
    -0.001567041542100642,
    -0.0002762502615948374,
    0.0010154244172412208,
    -0.0052711900521125975,
    0.02911190661790446,
    0.006302617300685025,
    0.0050266883009250606,
    0.012545245543848796,
    -0.001913109371934449,
    -0.008063175594929568,
    -0.024968145052974833,
    -0.0060599786042883005,
    0.012532468996496458,
    -0.05535970965061813,
    0.033060013911225254,
    0.010501683131233442,
    -0.0034296704606405462,
    0.0030073309548955,
    -0.0327585189137659,
    0.023289534557377582,
    0.010542435677423457,
    0.026027662949076227,
    -0.001299017318907802,
    0.013336669373470233,
    -0.003546389973014685,
    0.002818973527833699,
    0.027011042483618533,
    -0.014357667564325178,
    -0.04648366021457332,
    -0.02128037698280114,
    -0.05718459285989051,
    -0.11375873450908291,
    0.0015804864941877292,
    0.04397094568121371,
    0.15683908747410757,
    -0.0602160085776834,
    0.014184098084904987,
    0.0007845305471402861,
    0.005859181922191967,
    -0.0007291845018043549,
    -0.022115117306773017,
    0.0012028691223291642,
    -0.048951741688924244,
    -0.1614624068209277,
    0.04657946878777159,
    0.0008880037081434966,
    -0.012803725569974386,
    0.020404415320861867,
    0.1169544810389417,
    -0.005404543423602342,
    -0.0011382137813385918,
    0.02668453165315683,
    -0.021394015768050344,
    0.001012863179048703,
    -0.011588006017327648,
    -0.029731048827805757,
    -0.0057676267330927095,
    -0.043346941820805604,
    0.015393401376022684,
    0.257055692899511,
    -0.20988693699999664,
    0.08906662649923244
  ],
  "val_sse_masked": 0.0001353004772681743,
  "val_nrmse_masked": 0.031661368906497955,
  "val_mse_masked": 4.510015969572123e-06,
  "val_r2_masked": 0.9989972114562988,
  "val_sse_full": 0.0001353004772681743,
  "val_nrmse_full": 0.031661368906497955,
  "val_mse_full": 4.510015969572123e-06,
  "val_r2_full": 0.9989972114562988,
  "iteration": 488,
  "p_lo_eff": 0.12967753410339355,
  "p_hi_eff": 1.9451630115509033,
  "f_lo_eff": 0.20659340918064117,
  "f_hi_eff": 1.6527472734451294
}