{
  "tag": "192_073e969e",
  "lmb1": 2.0684067795751364e-05,
  "lmb2": 3.1494439748041016e-08,
  "nonzero_count": 66,
  "complexity_norm": 0.532258064516129,
  "train_gen_window": 0.021257975057718675,
  "generalizability": 0.028658385552166182,
  "equation": "0.10941 E^{0.5} n P^{-0.5} - 0.000309 F dT_{e} + 0.00094992 F dT_{i} - 0.00033496 F dn - 0.001343 P^{-1} F dT_{e} + 6.3727 \\cdot 10^{-5} P^{-1} F dT_{i} - 0.00027752 P dn - 0.00098501 T_{e}^{0.5} F dT_{e} - 0.00074817 T_{e}^{0.5} F dn - 0.051902 T_{e}^{0.5} P^{-1} dn + 0.00013433 T_{e}^{0.5} T_{i}^{0.5} F dT_{e} - 2.062 \\cdot 10^{-6} T_{e}^{0.5} T_{i}^{0.5} F dT_{i} - 0.01504 T_{e}^{0.5} T_{i}^{0.5} F dn - 4.9457 \\cdot 10^{-6} T_{e}^{0.5} T_{i}^{0.5} P^{-1} dT_{i} + 0.014171 T_{e}^{0.5} T_{i}^{0.5} P^{-1} dn + 8.6229 \\cdot 10^{-5} T_{e}^{0.5} T_{i}^{0.5} P dT_{e} + 1.3564 \\cdot 10^{-6} T_{e}^{0.5} T_{i}^{0.5} P dT_{i} + 0.00016524 T_{e}^{0.5} T_{i}^{0.5} P dn - 9.1539 \\cdot 10^{-6} T_{e}^{0.5} T_{i} dT_{e} + 3.435 \\cdot 10^{-8} T_{e}^{0.5} T_{i} dT_{i} + 0.00098217 T_{e}^{0.5} T_{i} dn - 0.0014427 T_{e}^{0.5} dn - 0.0013614 T_{e} F dn + 0.024148 T_{e} P^{-1} dn + 4.7557 \\cdot 10^{-6} T_{e} P dT_{i} - 5.5536 \\cdot 10^{-5} T_{e} T_{i}^{0.5} dT_{e} - 0.00019705 T_{e} T_{i} dT_{e} + 3.1856 \\cdot 10^{-8} T_{e} T_{i} dT_{i} + 0.0048186 T_{e} T_{i} dn - 0.0025037 T_{e} dT_{e} - 0.00014179 T_{e} dT_{i} - 0.05967 T_{e} dn + 0.0008566 T_{i}^{0.5} F dT_{e} - 0.00063388 T_{i}^{0.5} F dn + 0.0013822 T_{i}^{0.5} P^{-1} dT_{e} - 5.586 \\cdot 10^{-6} T_{i}^{0.5} P^{-1} dT_{i} - 0.0019116 T_{i}^{0.5} P^{-1} dn + 8.2368 \\cdot 10^{-7} T_{i}^{0.5} P dT_{i} + 9.0856 \\cdot 10^{-5} T_{i}^{0.5} P dn + 2.9415 \\cdot 10^{-5} T_{i}^{0.5} dT_{e} + 3.5933 \\cdot 10^{-5} T_{i} F dT_{e} + 0.0011753 T_{i} P^{-1} dn + 0.00015864 T_{i} P dT_{e} + 0.012714 T_{i} P dn + 0.00068266 T_{i} dn - 0.00015803 dT_{e} - 2.3515 \\cdot 10^{-5} dT_{i} - 0.0077645 n^{-1} F dn + 0.0036854 n^{-1} P^{-1} dn - 9.7568 \\cdot 10^{-5} n^{-1} T_{e}^{0.5} T_{i}^{0.5} dn - 8.9771 \\cdot 10^{-5} n^{-1} T_{e}^{0.5} dn - 0.00036679 n^{-1} T_{i}^{0.5} dn - 0.00020719 n^{-1} T_{i} dn - 0.00012514 n^{-1} dn - 0.07667 n E^{0.5} - 0.024225 n E^{0.5} T_{e}^{0.5} P^{-1} + 0.00040802 n E^{0.5} T_{e}^{0.5} T_{i}^{0.5} + 0.045446 n E^{0.5} T_{e}^{0.5} T_{i} + 0.0013691 n E^{0.5} T_{e} T_{i}^{0.5} - 0.020928 n E^{0.5} T_{i}^{0.5} F + 0.00098582 n E^{0.5} T_{i}^{0.5} P^{-1} + 0.00037833 n E^{0.5} T_{i}^{0.5} P + 0.00094865 n E^{0.5} T_{i} + 0.023923 n E P^{-1} + 0.025752 n E T_{e}^{0.5} - 0.0091406 n E T_{i}",
  "coefficients": [
    0.08853770907299696,
    0.008434736574580444,
    -0.00018751335480740063,
    -0.003951675799755034,
    -0.0015593607226269334,
    -0.003892947223993325,
    -0.00013775334385801406,
    -0.00047319732733599085,
    3.007418681952518e-06,
    0.0022594179256072602,
    -0.0014122700360405355,
    0.014946163101584404,
    -2.2681048257331137e-05,
    -0.002492381420462189,
    -9.539689603389357e-06,
    0.0003475546750462689,
    -4.5093945222835234e-05,
    -0.0027432707626009667,
    -9.523632674793628e-06,
    -0.0002482612103924394,
    0.0006644752305878893,
    0.00010934019476122813,
    -0.012383512824798812,
    -1.1683815666624619e-05,
    0.00045008971291880714,
    0.00012213397127486036,
    1.936486775474619e-05,
    -0.0014544548235492145,
    -0.00020424885542632073,
    -0.00011635679157955192,
    0.007863740370875097,
    0.00011271598044809369,
    0.0010240240629537155,
    8.19852630792924e-05,
    -1.8624683432225922e-05,
    0.00018490839577489646,
    0.0028112949820836546,
    -5.951979291821428e-05,
    -0.00040965242052970496,
    0.00018267537895176413,
    0.00037979287983052327,
    -0.0001838418057574162,
    -0.0036501552278378428,
    -0.0002709481466128891,
    -0.004655563620226497,
    2.5812841561586046e-05,
    -0.00035835408879264134,
    -0.000321105652244543,
    -0.0020496908347353068,
    1.7353309801228624e-05,
    -0.0007764974391125678,
    0.00011865092670968911,
    0.001833054909268641,
    0.0006461967522759362,
    0.019023563101471172,
    -0.04678533949068068,
    -0.0009512284644174659,
    -0.0007734906923971854,
    0.01748681291321117,
    7.943792516116536e-06,
    -0.017864404889058855,
    0.00020612362169103373,
    0.0009093856695687155,
    0.025215055443049077,
    -0.03792742627657853,
    -0.0013638065684111352,
    0.004421656394995288,
    -3.482994270169457e-05,
    -0.04232118465817381,
    0.0009285484025795964,
    8.689093558284601e-05,
    -0.020794138008569975,
    0.00039239970279570497,
    0.000665755251725709,
    -0.021441718831820028,
    0.00024332933079188547,
    0.031069192064658316,
    -7.028799178245517e-05,
    0.0007939431623133056,
    0.011420556342192311,
    -7.338010134282457e-05,
    1.5724337946046527e-05,
    3.280122654011165e-05,
    -0.004751419954022346,
    0.009036605781118522,
    2.683207915856698e-05,
    0.05371603813864268
  ],
  "val_sse_masked": 0.00029231401276774704,
  "val_nrmse_masked": 0.046537697315216064,
  "val_mse_masked": 9.74380145635223e-06,
  "val_r2_masked": 0.9978335499763489,
  "val_sse_full": 0.00029075145721435547,
  "val_nrmse_full": 0.04641314595937729,
  "val_mse_full": 9.691715604276396e-06,
  "val_r2_full": 0.9978451132774353,
  "iteration": 192,
  "p_lo_eff": 0.12967753410339355,
  "p_hi_eff": 1.9451630115509033,
  "f_lo_eff": 0.20659340918064117,
  "f_hi_eff": 1.6527472734451294
}