{
  "tag": "198_630e0479",
  "lmb1": 0.0003503391040015495,
  "lmb2": 2.00238455336959e-07,
  "nonzero_count": 21,
  "complexity_norm": 0.1693548387096774,
  "train_gen_window": 0.05066277495253101,
  "generalizability": 0.04967610929630562,
  "equation": "0.053613 E^{0.5} n P^{-0.5} + 1.0189 \\cdot 10^{-5} F dT_{i} - 0.0039024 P^{-1} F dT_{e} - 5.784 \\cdot 10^{-5} P^{-1} F dT_{i} - 0.0032585 P^{-1} F dn + 0.00019416 P dn - 0.00014526 T_{e}^{0.5} P^{-1} dn + 7.6847 \\cdot 10^{-5} T_{e} T_{i}^{0.5} dT_{e} - 0.072242 T_{e} dn - 0.0088319 T_{i}^{0.5} P^{-1} dn + 0.0022478 T_{i}^{0.5} P dn + 0.0069228 T_{i} P dn - 0.0036943 n^{-1} F dn + 0.0011058 n^{-1} P^{-1} dn + 0.0001446 n^{-1} dn - 0.0026654 n E^{0.5} T_{e}^{0.5} P^{-1} + 0.00092572 n E^{0.5} T_{e}^{0.5} T_{i} - 0.020884 n E^{0.5} T_{i}^{0.5} P + 0.00057993 n E^{0.5} T_{i} + 0.054236 n E T_{e}^{0.5} T_{i}^{0.5} + 0.00052762 n E T_{i}^{0.5}",
  "coefficients": [
    0.08853770250693932,
    0.002530914597293672,
    0.0002166758972400704,
    -0.0018801652960331822,
    6.658749780127414e-07,
    -6.444902324670362e-06,
    1.1152107291086129e-05,
    -2.8961849617444296e-06,
    2.7575837427283664e-06,
    -0.002050704715024668,
    5.2812380379319575e-06,
    0.00016031646830403778,
    1.2205072237895488e-05,
    -2.1912301622740976e-06,
    2.5578091137666332e-06,
    4.940216450848495e-06,
    -5.70361442165286e-07,
    -1.981077321624707e-06,
    2.906178345132288e-06,
    2.038067450233473e-06,
    5.649117697835929e-06,
    7.872991301472017e-07,
    7.2719791259232875e-06,
    1.4831848187486695e-05,
    1.008074043293041e-05,
    8.511267235441601e-07,
    3.877310353465108e-06,
    -0.004226373642584177,
    1.0580563339026862e-05,
    2.28703086766206e-05,
    2.388257585564563e-05,
    5.636719113013328e-05,
    6.690942382624375e-05,
    3.4742202231200556e-05,
    2.5982767447371548e-05,
    3.481957703172765e-05,
    7.84328858968239e-06,
    2.7851282941770233e-06,
    2.0983992820012792e-05,
    4.476756034302813e-05,
    8.865835156749547e-06,
    2.2516296435348645e-05,
    2.707625944440618e-05,
    0.00037492348772095226,
    1.9582392110203776e-05,
    -0.004118735517959615,
    -6.105182623623368e-06,
    0.00022465990331103564,
    -0.009469923291607825,
    -2.741556074342543e-05,
    -1.6967120579842784e-05,
    0.0029354459460400155,
    3.283989967569784e-07,
    -2.316987360637956e-05,
    0.010358706886761875,
    -0.00013093503529817396,
    -5.4937274022098726e-05,
    -8.249147513908896e-06,
    -1.4359492470187564e-06,
    -8.996371171764679e-05,
    -2.266143382068604e-05,
    6.565315237725157e-05,
    -4.289375916211454e-05,
    1.5246753305986626e-07,
    -0.04591829840331827,
    -9.735513185322324e-06,
    -4.989025561224234e-05,
    -1.900618866242578e-06,
    7.017794247627351e-08,
    1.1574947183370268e-06,
    1.218373349836837e-05,
    -6.658604140456674e-06,
    -0.02166022623963167,
    0.00040698925230967404,
    -0.0023591326807905705,
    1.4318508640882001e-05,
    0.000632873890881445,
    5.562156296104038e-07,
    1.3042941798415672e-05,
    2.2696554292616086e-05,
    1.7685606372549253e-07,
    -4.4524144921366156e-05,
    0.00022013878610845024,
    8.173354339395226e-05,
    4.940949149021123e-05,
    0.021932237416880027,
    0.02632112552552439
  ],
  "val_sse_masked": 0.0007755584083497524,
  "val_nrmse_masked": 0.07580316066741943,
  "val_mse_masked": 2.585194852144923e-05,
  "val_r2_masked": 0.9942519664764404,
  "val_sse_full": 0.0007589993765577674,
  "val_nrmse_full": 0.07498955726623535,
  "val_mse_full": 2.529998164391145e-05,
  "val_r2_full": 0.994374692440033,
  "iteration": 198,
  "p_lo_eff": 0.12967753410339355,
  "p_hi_eff": 1.9451630115509033,
  "f_lo_eff": 0.20659340918064117,
  "f_hi_eff": 1.6527472734451294
}