{
  "tag": "126_e97e34a9",
  "lmb1": 0.0002712292916032187,
  "lmb2": 5.960486576242251e-05,
  "nonzero_count": 27,
  "complexity_norm": 0.21774193548387097,
  "train_gen_window": 0.04844255996288272,
  "generalizability": 0.04670360057069979,
  "equation": "0.055825 E^{0.5} n P^{-0.5} + 4.4997 \\cdot 10^{-5} F dT_{i} - 0.0039006 P^{-1} F dT_{e} - 6.4151 \\cdot 10^{-5} P^{-1} F dT_{i} - 0.0035702 P^{-1} F dn + 0.00040398 P dn - 0.0061114 T_{e}^{0.5} P^{-1} dn + 0.00010892 T_{e}^{0.5} T_{i}^{0.5} P dn - 0.0002663 T_{e}^{0.5} T_{i}^{0.5} dn + 3.489 \\cdot 10^{-5} T_{e} T_{i}^{0.5} dT_{e} - 0.067208 T_{e} dn + 0.0001041 T_{i}^{0.5} F dT_{e} - 0.0053187 T_{i}^{0.5} P^{-1} dn + 0.0010773 T_{i}^{0.5} P dn + 9.9013 \\cdot 10^{-5} T_{i}^{0.5} dT_{e} + 5.3635 \\cdot 10^{-6} T_{i} P^{-1} dT_{e} + 0.0077037 T_{i} P dn - 0.0070087 n^{-1} F dn + 0.0014508 n^{-1} P^{-1} dn + 0.00078005 n^{-1} dn - 0.0056577 n E^{0.5} T_{e}^{0.5} P^{-1} + 0.00043799 n E^{0.5} T_{e}^{0.5} T_{i} - 0.020858 n E^{0.5} T_{i}^{0.5} P + 0.00037583 n E^{0.5} T_{i} + 0.00030911 n E T_{e}^{0.5} + 0.056644 n E T_{e}^{0.5} T_{i}^{0.5} + 0.0014467 n E T_{i}^{0.5}",
  "coefficients": [
    0.08853770313220077,
    0.0033204761121237328,
    0.001168885734027701,
    -0.003567041349759248,
    1.1538250564956465e-06,
    -6.887148474496883e-06,
    1.6960306369441457e-05,
    -2.610917194413703e-06,
    4.9672691759483884e-06,
    -0.0022744502353448477,
    6.930142281706392e-06,
    0.0007079907236017598,
    1.797447289588354e-05,
    -6.5410357081511785e-06,
    2.4621487681581398e-06,
    8.699624526678283e-06,
    -2.8878092046837865e-06,
    -6.61762361163727e-06,
    2.5748138333846986e-06,
    3.8275385480878143e-07,
    9.683551549756457e-06,
    -4.3482840114827784e-07,
    8.818237396320047e-06,
    2.1153971457951566e-05,
    1.616889078619989e-05,
    -6.34473667355016e-07,
    7.423227781794598e-06,
    -0.0042244581995285685,
    2.058355304092828e-05,
    4.277321290760806e-05,
    5.432469589190011e-05,
    0.0003794059325281816,
    0.0001244463163773319,
    0.00012982396239067298,
    4.9983799285146626e-05,
    8.572033322119552e-05,
    1.0804437797572724e-05,
    5.0973858220552385e-06,
    3.430126003087267e-05,
    6.718891454811335e-05,
    1.2183535354143395e-05,
    3.6482932239138336e-05,
    7.476896699646021e-05,
    0.0001702203246295522,
    2.773418645802939e-05,
    -0.004512747915731135,
    -8.166777702158748e-06,
    0.0004674339789843379,
    -0.005702933034371879,
    -4.153699269685568e-05,
    -2.9333695244481e-05,
    0.0014069169134144233,
    3.6834996701606993e-06,
    -2.8930784279880682e-05,
    0.011527093268683557,
    -0.005508871980772705,
    -7.097264678526109e-05,
    -1.1284784853961062e-05,
    3.591854098867738e-07,
    -0.00020362401039789727,
    -4.261715265888828e-05,
    0.0001358620400937944,
    -5.22801367268688e-05,
    1.4665949387978327e-06,
    -0.04271842684499034,
    -1.3270177821542603e-05,
    -5.943494691914321e-05,
    -1.0950253445898307e-06,
    -2.719411957908989e-06,
    1.5615174092428996e-06,
    1.3581331729572713e-05,
    -1.502913658004119e-05,
    -0.021633454442584864,
    0.00026375223020537724,
    -0.005007657709687104,
    1.6776886074443002e-05,
    0.0002994363408667377,
    -1.249692908653492e-06,
    1.5771333401300073e-05,
    3.186000841161507e-05,
    -8.719410266892151e-07,
    -7.738016833879216e-05,
    0.0006035970160051485,
    8.60773498199165e-05,
    0.00010846820588158085,
    0.022906226060002876,
    0.027407301152020204
  ],
  "val_sse_masked": 0.0007338548311963677,
  "val_nrmse_masked": 0.07373694330453873,
  "val_mse_masked": 2.4461829525534995e-05,
  "val_r2_masked": 0.9945610761642456,
  "val_sse_full": 0.0007213043863885105,
  "val_nrmse_full": 0.07310369610786438,
  "val_mse_full": 2.4043481971602887e-05,
  "val_r2_full": 0.9946540594100952,
  "iteration": 126,
  "p_lo_eff": 0.12967753410339355,
  "p_hi_eff": 1.9451630115509033,
  "f_lo_eff": 0.20659340918064117,
  "f_hi_eff": 1.6527472734451294
}