{
  "tag": "190_32302f03",
  "lmb1": 0.00023286725186776023,
  "lmb2": 3.443618010777974e-07,
  "nonzero_count": 26,
  "complexity_norm": 0.20967741935483872,
  "train_gen_window": 0.046819713485877705,
  "generalizability": 0.04552146070811698,
  "equation": "0.057142 E^{0.5} n P^{-0.5} + 6.9305 \\cdot 10^{-5} F dT_{i} - 0.0038319 P^{-1} F dT_{e} - 6.9752 \\cdot 10^{-5} P^{-1} F dT_{i} - 0.0035304 P^{-1} F dn + 0.00029771 P dn - 0.010348 T_{e}^{0.5} P^{-1} dn + 9.82 \\cdot 10^{-5} T_{e}^{0.5} T_{i}^{0.5} P dn - 0.00019535 T_{e}^{0.5} T_{i}^{0.5} dn - 0.064837 T_{e} dn + 0.00013383 T_{i}^{0.5} F dT_{e} - 0.0029227 T_{i}^{0.5} P^{-1} dn + 0.00071061 T_{i}^{0.5} P dn + 0.0001941 T_{i}^{0.5} dT_{e} + 6.6986 \\cdot 10^{-6} T_{i} P^{-1} dT_{e} + 0.0080304 T_{i} P dn - 0.0085584 n^{-1} F dn + 0.0016297 n^{-1} P^{-1} dn + 0.0010899 n^{-1} dn - 0.007525 n E^{0.5} T_{e}^{0.5} P^{-1} + 0.00031013 n E^{0.5} T_{e}^{0.5} T_{i} - 0.021005 n E^{0.5} T_{i}^{0.5} P + 0.000261 n E^{0.5} T_{i} + 0.00031902 n E T_{e}^{0.5} + 0.059202 n E T_{e}^{0.5} T_{i}^{0.5} + 0.0007296 n E T_{i}^{0.5}",
  "coefficients": [
    0.088537703498072,
    0.0037300263030224934,
    0.0016331650075784062,
    -0.004355751470078696,
    1.9910865503334354e-06,
    -6.967936880364995e-06,
    2.3253851792325353e-05,
    -1.6597810582691128e-06,
    8.159044013060367e-06,
    -0.0024730408581974486,
    6.270612917865127e-06,
    0.001090452218841833,
    1.905009703276344e-05,
    -1.2969401865906204e-05,
    1.4045113136545436e-06,
    1.0651930218355723e-05,
    -6.2880327180796e-06,
    -1.315191493548872e-05,
    1.3461280970003145e-06,
    -1.5948911538593702e-06,
    1.1795414004971142e-05,
    -2.2589890641157013e-06,
    7.364132315674924e-06,
    1.8776883081823267e-05,
    1.982960227121346e-05,
    -2.593175568337709e-06,
    9.318704386567143e-06,
    -0.004150016303175004,
    7.907845577946869e-06,
    4.628968111297616e-05,
    7.061444913080901e-05,
    0.0007437690795814532,
    0.00015998378784683924,
    0.00016214066941529822,
    4.043613132959181e-05,
    8.405769567789628e-05,
    9.814403545567576e-06,
    6.08969090634554e-06,
    3.333196840376706e-05,
    6.5918243850423e-05,
    4.367350467076816e-06,
    3.19381424406708e-05,
    2.5251582759627128e-05,
    8.846951443130373e-05,
    2.5033064199728303e-05,
    -0.004462450315956466,
    -9.689887991524262e-06,
    0.0003444713007373201,
    -0.0031338144600578212,
    -3.70300569208895e-05,
    -4.5229408792738894e-05,
    0.0009279949047537437,
    6.323738723302939e-06,
    -2.707812153553982e-05,
    0.012016013785368746,
    -0.009328171758196795,
    -6.565461159291998e-05,
    -1.3771282006452493e-05,
    2.1877322123009277e-06,
    -0.00014936854722087474,
    -7.889947336235304e-05,
    0.00012249469460875234,
    -4.483112086315059e-05,
    3.6171228958928737e-06,
    -0.04121153952734866,
    -1.6651450548395125e-05,
    -4.4642582333573144e-05,
    -1.4604236385506917e-07,
    -6.21803295975083e-06,
    1.9434984910720036e-06,
    1.1966598715041468e-05,
    -2.611042313539437e-05,
    -0.02178646568368394,
    0.00018317039572197154,
    -0.006660390325262342,
    1.5658240201857904e-05,
    0.00021202340898691854,
    -3.492465664505682e-06,
    1.5059914667167879e-05,
    3.400403335215e-05,
    -1.9111563636407574e-06,
    -6.820247032315749e-05,
    0.00030441220496689773,
    7.18902640647832e-05,
    0.00011194516786440482,
    0.023940364004994417,
    0.028053827787445793
  ],
  "val_sse_masked": 0.0007131060119718313,
  "val_nrmse_masked": 0.0726870596408844,
  "val_mse_masked": 2.3770202460582368e-05,
  "val_r2_masked": 0.9947148561477661,
  "val_sse_full": 0.0007024011574685574,
  "val_nrmse_full": 0.0721394270658493,
  "val_mse_full": 2.341337312827818e-05,
  "val_r2_full": 0.9947941899299622,
  "iteration": 190,
  "p_lo_eff": 0.12967753410339355,
  "p_hi_eff": 1.9451630115509033,
  "f_lo_eff": 0.20659340918064117,
  "f_hi_eff": 1.6527472734451294
}