{
  "tag": "228_7a3c215d",
  "lmb1": 8.758468452118752e-06,
  "lmb2": 8.13380578770035e-05,
  "nonzero_count": 77,
  "complexity_norm": 0.6209677419354839,
  "train_gen_window": 0.02493439573784617,
  "generalizability": 0.029870666269524053,
  "equation": "0.10122 E^{0.5} n P^{-0.5} + 0.0016079 F dT_{i} - 0.00054299 F dn - 0.00093751 P^{-1} F dT_{e} + 5.5324 \\cdot 10^{-5} P^{-1} F dT_{i} + 0.00025261 P^{-1} F dn + 0.00019455 P^{-1} dT_{e} - 0.0020998 P dn - 0.0075407 T_{e}^{0.5} F dT_{e} - 0.001336 T_{e}^{0.5} F dn + 0.00039811 T_{e}^{0.5} P^{-1} dT_{e} - 0.04417 T_{e}^{0.5} P^{-1} dn + 0.0025938 T_{e}^{0.5} T_{i}^{0.5} F dT_{e} - 7.2774 \\cdot 10^{-6} T_{e}^{0.5} T_{i}^{0.5} F dT_{i} - 0.011793 T_{e}^{0.5} T_{i}^{0.5} F dn - 4.9381 \\cdot 10^{-6} T_{e}^{0.5} T_{i}^{0.5} P^{-1} dT_{i} + 0.023963 T_{e}^{0.5} T_{i}^{0.5} P^{-1} dn + 0.00066394 T_{e}^{0.5} T_{i}^{0.5} P dT_{e} + 1.9181 \\cdot 10^{-6} T_{e}^{0.5} T_{i}^{0.5} P dT_{i} + 0.0023396 T_{e}^{0.5} T_{i}^{0.5} P dn - 0.00022251 T_{e}^{0.5} T_{i} dT_{e} + 1.0454 \\cdot 10^{-7} T_{e}^{0.5} T_{i} dT_{i} + 0.0026201 T_{e}^{0.5} T_{i} dn - 0.024966 T_{e}^{0.5} dn - 2.1607 \\cdot 10^{-5} T_{e} F dT_{i} - 0.0058589 T_{e} F dn + 0.019616 T_{e} P^{-1} dn + 1.5843 \\cdot 10^{-5} T_{e} P dT_{i} - 0.00033852 T_{e} T_{i}^{0.5} dT_{e} - 8.7282 \\cdot 10^{-5} T_{e} T_{i} dT_{e} + 1.8551 \\cdot 10^{-7} T_{e} T_{i} dT_{i} + 0.00464 T_{e} T_{i} dn - 0.0032127 T_{e} dT_{e} - 0.00019448 T_{e} dT_{i} - 0.033727 T_{e} dn + 0.0012651 T_{i}^{0.5} F dT_{e} - 0.0037385 T_{i}^{0.5} F dn + 0.0015913 T_{i}^{0.5} P^{-1} dT_{e} - 9.1645 \\cdot 10^{-6} T_{i}^{0.5} P^{-1} dT_{i} - 0.013215 T_{i}^{0.5} P^{-1} dn + 9.2125 \\cdot 10^{-7} T_{i}^{0.5} P dT_{i} + 0.00070029 T_{i}^{0.5} P dn - 0.00014349 T_{i}^{0.5} dT_{e} + 0.00015072 T_{i}^{0.5} dn + 7.1558 \\cdot 10^{-5} T_{i} F dT_{e} + 0.00153 T_{i} P^{-1} dn + 0.00012702 T_{i} P dT_{e} + 0.011602 T_{i} P dn - 0.00011476 T_{i} dT_{e} + 0.0031673 T_{i} dn - 0.00012351 dT_{e} - 0.00014513 dT_{i} - 0.0076667 n^{-1} F dn + 0.0040313 n^{-1} P^{-1} dn - 0.00020759 n^{-1} T_{e}^{0.5} T_{i}^{0.5} dn - 0.00020492 n^{-1} T_{e}^{0.5} dn - 0.00039887 n^{-1} T_{e} dn - 4.1588 \\cdot 10^{-5} n^{-1} T_{i}^{0.5} dn - 0.00047414 n^{-1} T_{i} dn - 0.00016481 n^{-1} dn - 0.092572 n E^{0.5} - 0.024328 n E^{0.5} T_{e}^{0.5} P^{-1} + 0.0010951 n E^{0.5} T_{e}^{0.5} T_{i}^{0.5} + 0.035725 n E^{0.5} T_{e}^{0.5} T_{i} - 0.0015388 n E^{0.5} T_{e} + 0.010498 n E^{0.5} T_{e} T_{i}^{0.5} + 0.00029187 n E^{0.5} T_{i}^{0.5} - 0.02333 n E^{0.5} T_{i}^{0.5} F + 0.0083141 n E^{0.5} T_{i}^{0.5} P^{-1} + 0.0015343 n E^{0.5} T_{i}^{0.5} P + 0.02307 n E^{0.5} T_{i} - 0.0033309 n E F + 0.017494 n E P^{-1} - 0.0019939 n E P + 0.048804 n E T_{e}^{0.5} - 0.00038883 n E T_{e}^{0.5} T_{i}^{0.5} - 0.024485 n E T_{i}",
  "coefficients": [
    0.08853770916930986,
    0.00922657843490938,
    -0.0002469633683337716,
    -0.003901900525372305,
    -0.00017680667083621346,
    -0.008908510868639455,
    -0.00031445276655290167,
    -0.001006791545124112,
    -0.0006563135751824483,
    0.0019615115980116072,
    -0.008716365799385091,
    0.025298093977250764,
    -7.915883979594919e-05,
    -0.004089017279531584,
    -6.372256754296065e-05,
    0.0003887233662812924,
    -7.589185735077894e-05,
    -0.002739026466947133,
    5.4532976250877595e-05,
    -0.0008761829540122082,
    0.0009396309198533496,
    0.0003327574056684059,
    -0.016984491767089722,
    -0.0005165980328270558,
    0.0014994150654878628,
    0.0007112340649944135,
    0.0003469022684396667,
    -0.0010153417606812353,
    -0.0001596333255651897,
    -4.7572321783622275e-05,
    0.009053606585255038,
    -0.0005498330434800895,
    0.0015124205586417212,
    6.995136699556779e-05,
    -0.0019782205942133536,
    0.00036823165914942125,
    0.002250850102179051,
    0.0008150142417814674,
    -0.0031360848323647755,
    0.003527188178530873,
    0.002924319304195853,
    -0.004468757023888903,
    -0.004683683678905028,
    -0.0016515542107211872,
    -0.0020621255464891406,
    0.000319293586979403,
    -0.0005809126182241209,
    -0.0024295763680162725,
    -0.014169811527128411,
    0.00011948093600093219,
    -0.004579667486383123,
    0.0009145190534762938,
    0.002386195551900012,
    0.0029981467210532247,
    0.01736092711377352,
    -0.03981521615778839,
    -0.01646150577173831,
    -0.0013812244637070204,
    0.029568992594774798,
    9.10313154088607e-05,
    -0.014007531491768331,
    0.0029184557212683583,
    0.002425935301960814,
    0.02048250259846557,
    -0.021437654454860997,
    -0.005869224964666253,
    0.004257804018218858,
    -1.0067204992140447e-05,
    -0.051099195947002955,
    0.007831112068215082,
    0.00018004025578967584,
    -0.023180915393568344,
    0.0015913535808386994,
    0.01619040272310694,
    -0.021533230947710525,
    0.0006530565248659862,
    0.024423312822197125,
    -0.0007912920537442339,
    0.006087600229151861,
    0.008351141453619473,
    -0.0019015703804876353,
    -0.0012112292426880368,
    -8.63917707678591e-05,
    -0.012727577431403653,
    0.017125694116714964,
    -0.0001572364832171205,
    0.049693736036743964
  ],
  "val_sse_masked": 0.0002701744087971747,
  "val_nrmse_masked": 0.04474063590168953,
  "val_mse_masked": 9.00581380847143e-06,
  "val_r2_masked": 0.9979975819587708,
  "val_sse_full": 0.00026826770044863224,
  "val_nrmse_full": 0.044582486152648926,
  "val_mse_full": 8.942257409216836e-06,
  "val_r2_full": 0.9980117678642273,
  "iteration": 228,
  "p_lo_eff": 0.12967753410339355,
  "p_hi_eff": 1.9451630115509033,
  "f_lo_eff": 0.20659340918064117,
  "f_hi_eff": 1.6527472734451294
}