{
  "tag": "484_47726251",
  "lmb1": 0.00012165784885307474,
  "lmb2": 1.2844946089152202e-07,
  "nonzero_count": 31,
  "complexity_norm": 0.25,
  "train_gen_window": 0.03948917569125597,
  "generalizability": 0.03780104989516261,
  "equation": "0.074262 E^{0.5} n P^{-0.5} + 0.00011738 F dT_{i} - 0.00418 P^{-1} F dT_{e} - 5.2985 \\cdot 10^{-5} P^{-1} F dT_{i} - 0.00181 P^{-1} F dn + 0.00013104 P dn - 0.020268 T_{e}^{0.5} P^{-1} dn - 0.011017 T_{e}^{0.5} T_{i}^{0.5} F dn + 0.00011527 T_{e}^{0.5} T_{i}^{0.5} P dn - 0.00015181 T_{e}^{0.5} dn - 0.045091 T_{e} dn + 0.00026176 T_{i}^{0.5} F dT_{e} - 0.00019108 T_{i}^{0.5} F dn + 0.00027511 T_{i}^{0.5} P^{-1} dT_{e} + 0.00053523 T_{i}^{0.5} P dn + 4.9584 \\cdot 10^{-5} T_{i}^{0.5} dT_{e} + 1.9623 \\cdot 10^{-5} T_{i} F dT_{e} + 7.2238 \\cdot 10^{-6} T_{i} P^{-1} dT_{e} + 0.0011417 T_{i} P^{-1} dn + 0.0091242 T_{i} P dn - 0.016782 n^{-1} F dn + 0.0028726 n^{-1} P^{-1} dn + 0.0015805 n^{-1} dn - 0.00018941 n E^{0.5} - 0.014231 n E^{0.5} T_{e}^{0.5} P^{-1} - 0.010538 n E^{0.5} T_{i}^{0.5} F - 0.016325 n E^{0.5} T_{i}^{0.5} P + 0.0021678 n E P^{-1} + 0.00213 n E T_{e}^{0.5} + 0.050015 n E T_{e}^{0.5} T_{i}^{0.5} + 0.0023186 n E T_{i}^{0.5}",
  "coefficients": [
    0.08853770548117135,
    0.006574674637077565,
    0.002368271303058678,
    -0.00854121387742513,
    1.5643280368363392e-06,
    -2.4169482595772692e-05,
    9.758715961432345e-05,
    1.825174783229438e-06,
    6.263318277436598e-05,
    -0.0018785900109557238,
    -1.6898418967733858e-06,
    0.0018468267221955815,
    2.8054652233949673e-05,
    -6.743805984538962e-05,
    -2.514700104019093e-06,
    3.3052056104843415e-05,
    -1.1412122910248848e-05,
    -6.51711665762947e-05,
    -2.3804252310127867e-06,
    -9.648665902821413e-06,
    3.801426942889768e-05,
    -4.366667115316166e-06,
    -2.220918070687573e-06,
    1.7369819772286436e-05,
    5.874776655631762e-05,
    -3.998278811347807e-06,
    2.8968359728292175e-05,
    -0.004527034398703925,
    2.6824100542510155e-05,
    6.762813118037404e-05,
    0.0015651832555455274,
    0.00019000051619135863,
    0.00031292877356018625,
    0.00017485099971811544,
    4.96506599715599e-05,
    0.00010097786603656102,
    2.7378126621703466e-05,
    1.264776023618102e-05,
    2.8941424111365716e-05,
    5.270992023815774e-05,
    1.4673901573458332e-05,
    2.036705585069934e-05,
    1.5255421463324512e-05,
    2.084343915970936e-05,
    7.865916881396528e-06,
    -0.002287790254696406,
    -2.3698094899339447e-05,
    0.00015162266496630236,
    -9.496189330664764e-05,
    -3.422491186605766e-05,
    -0.00023407442348153307,
    0.0006989736364768003,
    0.0017805927465824444,
    -1.978253851463823e-05,
    0.01365259577950626,
    -0.018269812204832182,
    -0.00010009723002710578,
    -3.779470937776862e-05,
    7.218060872069054e-05,
    -7.481793986382578e-05,
    -0.013086430892533292,
    0.0001437843626979157,
    -2.5044476511069636e-05,
    4.047944885575035e-05,
    -0.028660657397913774,
    -4.89827171466855e-05,
    -1.768162005995522e-05,
    1.041266418903975e-05,
    -0.00010455521514641284,
    1.6237928338043164e-06,
    5.451744440604402e-06,
    -0.01047074195104445,
    -0.016931945891840328,
    7.341667886904605e-05,
    -0.01259579018995791,
    1.1654915270757253e-05,
    7.475902967487177e-05,
    -3.0133524549174144e-05,
    1.2943698229308116e-05,
    0.0010348797781297085,
    -4.397471952537654e-06,
    -6.0458741731148794e-05,
    0.0009673844917914003,
    6.33988817678098e-05,
    0.0007474426888814952,
    0.020225271216031095,
    0.036458801538974364
  ],
  "val_sse_masked": 0.00062511395663023,
  "val_nrmse_masked": 0.06805494427680969,
  "val_mse_masked": 2.0837132979067974e-05,
  "val_r2_masked": 0.9953669905662537,
  "val_sse_full": 0.0006173021392896771,
  "val_nrmse_full": 0.06762836873531342,
  "val_mse_full": 2.0576739188982174e-05,
  "val_r2_full": 0.9954248666763306,
  "iteration": 484,
  "p_lo_eff": 0.12967753410339355,
  "p_hi_eff": 1.9451630115509033,
  "f_lo_eff": 0.20659340918064117,
  "f_hi_eff": 1.6527472734451294
}