{
  "tag": "254_92345e80",
  "lmb1": 1.7870224126558835e-08,
  "lmb2": 0.010482972582739843,
  "nonzero_count": 84,
  "complexity_norm": 0.6774193548387096,
  "train_gen_window": 0.05057260237919967,
  "generalizability": 0.036906889617753146,
  "equation": "0.031194 E^{0.5} n P^{-0.5} + 0.0004438 F dT_{i} - 0.0029437 F dn - 0.0033014 P^{-1} F dT_{e} - 0.00014613 P^{-1} F dT_{i} - 0.0046277 P^{-1} F dn + 8.5389 \\cdot 10^{-5} P^{-1} dT_{e} + 1.2551 \\cdot 10^{-5} P F dT_{i} + 0.0016684 P dn + 0.00043907 T_{e}^{0.5} F dT_{e} - 0.0038091 T_{e}^{0.5} F dn + 0.00017568 T_{e}^{0.5} P^{-1} dT_{e} - 0.01009 T_{e}^{0.5} P^{-1} dn + 0.00019053 T_{e}^{0.5} T_{i}^{0.5} F dT_{e} + 1.041 \\cdot 10^{-6} T_{e}^{0.5} T_{i}^{0.5} F dT_{i} - 0.0026894 T_{e}^{0.5} T_{i}^{0.5} F dn - 2.8602 \\cdot 10^{-6} T_{e}^{0.5} T_{i}^{0.5} P^{-1} dT_{i} + 0.0019177 T_{e}^{0.5} T_{i}^{0.5} P^{-1} dn + 0.00015697 T_{e}^{0.5} T_{i}^{0.5} P dT_{e} + 9.4864 \\cdot 10^{-7} T_{e}^{0.5} T_{i}^{0.5} P dT_{i} + 0.0035977 T_{e}^{0.5} T_{i}^{0.5} P dn - 7.6005 \\cdot 10^{-7} T_{e}^{0.5} T_{i}^{0.5} dT_{i} - 0.0069669 T_{e}^{0.5} T_{i}^{0.5} dn - 2.7924 \\cdot 10^{-5} T_{e}^{0.5} T_{i} dT_{e} + 0.00082741 T_{e}^{0.5} T_{i} dn - 0.01475 T_{e}^{0.5} dn + 0.00013298 T_{e} F dT_{i} - 0.0042562 T_{e} F dn + 0.0021913 T_{e} P^{-1} dn + 1.037 \\cdot 10^{-5} T_{e} P dT_{i} - 4.8439 \\cdot 10^{-5} T_{e} T_{i}^{0.5} dT_{e} - 5.9357 \\cdot 10^{-5} T_{e} T_{i} dT_{e} + 7.7409 \\cdot 10^{-8} T_{e} T_{i} dT_{i} + 0.00077024 T_{e} T_{i} dn - 0.00017424 T_{e} dT_{e} - 9.8536 \\cdot 10^{-6} T_{e} dT_{i} - 0.017052 T_{e} dn + 0.0003077 T_{i}^{0.5} F dT_{e} - 0.0021762 T_{i}^{0.5} F dn + 0.00032296 T_{i}^{0.5} P^{-1} dT_{e} - 3.8358 \\cdot 10^{-6} T_{i}^{0.5} P^{-1} dT_{i} - 0.006804 T_{i}^{0.5} P^{-1} dn - 3.2293 \\cdot 10^{-7} T_{i}^{0.5} P dT_{i} + 0.003663 T_{i}^{0.5} P dn + 0.00025676 T_{i}^{0.5} dT_{e} - 1.8407 \\cdot 10^{-6} T_{i}^{0.5} dT_{i} - 0.0052166 T_{i}^{0.5} dn - 6.08 \\cdot 10^{-5} T_{i} F dT_{e} + 1.771 \\cdot 10^{-7} T_{i} F dT_{i} + 2.0952 \\cdot 10^{-5} T_{i} P^{-1} dT_{e} + 0.0029171 T_{i} P^{-1} dn + 0.0001055 T_{i} P dT_{e} + 0.0054101 T_{i} P dn + 1.7224 \\cdot 10^{-5} T_{i} dT_{e} + 0.0016313 T_{i} dn - 0.00019482 dT_{e} - 2.2593 \\cdot 10^{-5} dT_{i} - 0.023586 n^{-1} F dn + 0.0022312 n^{-1} P^{-1} dn + 0.0001987 n^{-1} T_{e}^{0.5} T_{i}^{0.5} dn + 0.0016238 n^{-1} T_{e}^{0.5} dn + 0.001368 n^{-1} T_{e} dn + 0.00027721 n^{-1} T_{i}^{0.5} dn - 5.8576 \\cdot 10^{-5} n^{-1} T_{i} dn + 0.00183 n^{-1} dn - 0.0014006 n E^{0.5} + 0.0055255 n E^{0.5} P^{-1} - 0.0079484 n E^{0.5} T_{e}^{0.5} P^{-1} + 0.0049121 n E^{0.5} T_{e}^{0.5} T_{i}^{0.5} + 0.0042126 n E^{0.5} T_{e}^{0.5} T_{i} + 0.0021067 n E^{0.5} T_{e} + 0.0053346 n E^{0.5} T_{e} T_{i}^{0.5} + 0.0031832 n E^{0.5} T_{i}^{0.5} - 0.0089709 n E^{0.5} T_{i}^{0.5} F + 0.0012452 n E^{0.5} T_{i}^{0.5} P^{-1} - 0.011735 n E^{0.5} T_{i}^{0.5} P + 0.0035433 n E^{0.5} T_{i} - 0.0030322 n E F + 0.0092846 n E P^{-1} - 0.0057193 n E P + 0.025466 n E T_{e}^{0.5} + 0.014531 n E T_{e}^{0.5} T_{i}^{0.5} + 0.013834 n E T_{i}^{0.5} + 0.002368 n E T_{i}",
  "coefficients": [
    0.08853770682548379,
    0.005106606983760975,
    0.002742234098928986,
    -0.01200414610849243,
    0.0011785081816517995,
    -0.0011005726128523463,
    0.002491664684569045,
    0.0009636801222893676,
    0.0022508978731484164,
    -0.005180944553580202,
    -0.0013569178014203875,
    0.006982719389929115,
    0.0001949953258240933,
    -0.001711458618698758,
    -0.0007004871244819799,
    -0.00013625986792353828,
    0.00012191800804825514,
    -0.0015864567514647931,
    -0.00034725736744345426,
    0.0001253346849460213,
    0.0004647196661770603,
    -8.656841653542635e-05,
    -0.0008605510670389727,
    0.003179392266622838,
    0.0009814481393288221,
    0.000296780693032378,
    0.00015225987702588428,
    -0.0035754904101835128,
    -0.00025180654431700145,
    8.684438534209415e-05,
    0.0018374443613187186,
    0.000983873255181178,
    0.0003678450345201978,
    0.0005071316198737574,
    0.0002969230020654079,
    -0.00031287545160824104,
    0.0018696268977170805,
    0.0003596433147284861,
    0.00018260168373418484,
    0.0002590919994326646,
    0.0006913808560363166,
    -0.000560813546351624,
    -0.0002540266630267074,
    -0.00023632386600475064,
    -0.0014023640981914165,
    -0.005849375634567888,
    -0.0031493004075611175,
    0.0019304056515858647,
    -0.007295467418503704,
    -0.004135450386142825,
    -0.002665854712412097,
    0.004783543979768268,
    0.004549607121927979,
    0.0015442003372144741,
    0.008095176123765646,
    -0.009094925099014106,
    -0.009725418386237528,
    -0.003937986537621174,
    0.0023663810231496774,
    -0.0053270784639943836,
    -0.0031945205486810513,
    0.004487731687830343,
    0.0007660916292741016,
    0.002288174571047741,
    -0.010838670188843297,
    -0.004263681623073667,
    0.0007067918976362275,
    0.004224612534443395,
    -0.0007731295244638448,
    0.0011729034767393454,
    0.001963542923917594,
    -0.00891357268204157,
    -0.012171690076754227,
    0.002486646213562538,
    -0.007035167562380706,
    0.002929440544975126,
    0.0028799833201512137,
    0.0010833077502386823,
    0.003093502986556973,
    0.004432301280193562,
    -0.001731063949615086,
    -0.003474246189495961,
    0.005772191225849432,
    0.001230899544374997,
    0.008936091847449257,
    0.0058761904165755,
    0.015314622068249906
  ],
  "val_sse_masked": 0.0006464535254053771,
  "val_nrmse_masked": 0.06920679658651352,
  "val_mse_masked": 2.1548452423303388e-05,
  "val_r2_masked": 0.9952087998390198,
  "val_sse_full": 0.0006494702538475394,
  "val_nrmse_full": 0.06936808675527573,
  "val_mse_full": 2.164900979551021e-05,
  "val_r2_full": 0.995186448097229,
  "iteration": 254,
  "p_lo_eff": 0.12967753410339355,
  "p_hi_eff": 1.9451630115509033,
  "f_lo_eff": 0.20659340918064117,
  "f_hi_eff": 1.6527472734451294
}