{
  "tag": "370_87768d79",
  "lmb1": 3.14791648336348e-07,
  "lmb2": 0.00017021559718152185,
  "nonzero_count": 86,
  "complexity_norm": 0.6935483870967742,
  "train_gen_window": 0.02549163878930252,
  "generalizability": 0.030998739155568337,
  "equation": "0.090996 E^{0.5} n P^{-0.5} + 0.0081618 F dT_{e} + 0.0023002 F dT_{i} + 0.0015509 F dn - 0.0029674 P^{-1} F dT_{e} + 8.7991 \\cdot 10^{-5} P^{-1} F dT_{i} + 0.0025005 P^{-1} F dn + 0.0031748 P^{-1} dT_{e} - 0.00035162 P F dT_{i} - 0.0087505 P dn - 0.042478 T_{e}^{0.5} F dT_{e} - 0.0049997 T_{e}^{0.5} F dn + 0.0026067 T_{e}^{0.5} P^{-1} dT_{e} - 0.039619 T_{e}^{0.5} P^{-1} dn + 0.0077152 T_{e}^{0.5} T_{i}^{0.5} F dT_{e} - 4.3792 \\cdot 10^{-5} T_{e}^{0.5} T_{i}^{0.5} F dT_{i} - 0.012048 T_{e}^{0.5} T_{i}^{0.5} F dn - 3.272 \\cdot 10^{-6} T_{e}^{0.5} T_{i}^{0.5} P^{-1} dT_{i} + 0.022431 T_{e}^{0.5} T_{i}^{0.5} P^{-1} dn + 0.0021344 T_{e}^{0.5} T_{i}^{0.5} P dT_{e} + 1.0295 \\cdot 10^{-5} T_{e}^{0.5} T_{i}^{0.5} P dT_{i} + 0.011301 T_{e}^{0.5} T_{i}^{0.5} P dn + 1.0517 \\cdot 10^{-6} T_{e}^{0.5} T_{i}^{0.5} dT_{i} + 0.0034306 T_{e}^{0.5} T_{i}^{0.5} dn - 0.00024373 T_{e}^{0.5} T_{i} dT_{e} - 4.5195 \\cdot 10^{-7} T_{e}^{0.5} T_{i} dT_{i} + 0.0042279 T_{e}^{0.5} T_{i} dn - 0.025195 T_{e}^{0.5} dn - 0.00020917 T_{e} F dT_{i} - 0.0099359 T_{e} F dn + 0.019744 T_{e} P^{-1} dn + 1.1347 \\cdot 10^{-5} T_{e} P dT_{i} - 0.00066887 T_{e} T_{i}^{0.5} dT_{e} + 8.8914 \\cdot 10^{-6} T_{e} T_{i} dT_{e} + 1.0436 \\cdot 10^{-6} T_{e} T_{i} dT_{i} + 0.011775 T_{e} T_{i} dn - 0.0055536 T_{e} dT_{e} - 0.00016585 T_{e} dT_{i} - 0.02894 T_{e} dn + 0.0073688 T_{i}^{0.5} F dT_{e} - 0.0077224 T_{i}^{0.5} F dn + 0.0017826 T_{i}^{0.5} P^{-1} dT_{e} - 1.0944 \\cdot 10^{-5} T_{i}^{0.5} P^{-1} dT_{i} - 0.020724 T_{i}^{0.5} P^{-1} dn - 1.5971 \\cdot 10^{-6} T_{i}^{0.5} P dT_{i} + 0.0057596 T_{i}^{0.5} P dn - 0.0030609 T_{i}^{0.5} dT_{e} - 1.0384 \\cdot 10^{-5} T_{i}^{0.5} dT_{i} + 0.00087107 T_{i}^{0.5} dn + 0.00071225 T_{i} F dT_{e} - 2.3497 \\cdot 10^{-6} T_{i} F dT_{i} - 0.00012783 T_{i} P^{-1} dT_{e} + 0.0043727 T_{i} P^{-1} dn + 0.00015843 T_{i} P dT_{e} + 0.0057374 T_{i} P dn - 0.00060912 T_{i} dT_{e} - 0.0010803 T_{i} dn + 0.0026117 dT_{e} - 0.00021576 dT_{i} - 0.014777 n^{-1} F dn + 0.006441 n^{-1} P^{-1} dn - 0.0010782 n^{-1} T_{e}^{0.5} T_{i}^{0.5} dn - 0.003055 n^{-1} T_{e}^{0.5} dn - 0.0024894 n^{-1} T_{e} dn + 0.0018618 n^{-1} T_{i}^{0.5} dn - 0.00073135 n^{-1} T_{i} dn + 0.0020482 n^{-1} dn - 0.081171 n E^{0.5} + 0.0059591 n E^{0.5} P^{-1} - 0.026053 n E^{0.5} T_{e}^{0.5} P^{-1} + 0.0093716 n E^{0.5} T_{e}^{0.5} T_{i}^{0.5} + 0.029732 n E^{0.5} T_{e}^{0.5} T_{i} - 0.025526 n E^{0.5} T_{e} + 0.025278 n E^{0.5} T_{e} T_{i}^{0.5} - 0.0068105 n E^{0.5} T_{i}^{0.5} - 0.023194 n E^{0.5} T_{i}^{0.5} F + 0.012039 n E^{0.5} T_{i}^{0.5} P^{-1} + 0.003692 n E^{0.5} T_{i}^{0.5} P + 0.024889 n E^{0.5} T_{i} - 0.013592 n E F + 0.012335 n E P^{-1} - 0.0044947 n E P + 0.080125 n E T_{e}^{0.5} - 0.014013 n E T_{e}^{0.5} T_{i}^{0.5} - 0.0040329 n E T_{i}^{0.5} - 0.019635 n E T_{i}",
  "coefficients": [
    0.08853770874603023,
    0.014741631639674287,
    0.003069101091859986,
    -0.007520842218893067,
    0.007915096554093837,
    -0.013741263220312923,
    -0.004687923242138192,
    -0.005228987858604534,
    -0.004096151290784935,
    0.0031196957884180275,
    -0.012958576116138355,
    0.03619113559256556,
    -0.0054627179184174954,
    -0.0048830991687095334,
    -0.003951452677070553,
    -0.0006738969975445975,
    -0.0016175278097623723,
    -0.001814913330516357,
    0.0004804921543885062,
    -0.005272412191138757,
    0.0050434885635925525,
    -0.0014386058101241378,
    -0.014484218367315714,
    -0.005000938175944303,
    0.0010739260750065134,
    0.004001144185048891,
    0.005661090879761232,
    -0.0032137429607997396,
    0.0033756497549981643,
    0.0030734195043044628,
    0.010141725467902927,
    -0.011729019296631022,
    0.0088090570553669,
    -0.003094036479111939,
    -0.010500371546241017,
    0.0036651797661368894,
    0.002807565711972349,
    0.0053364782168698905,
    -0.01766609511549696,
    0.010491735408651955,
    0.009400680688411319,
    -0.004894915223955346,
    -0.008096448768046747,
    -0.0032632758678775384,
    0.00021006837746778695,
    0.0031606598471533836,
    0.0016591699834694216,
    -0.01012486636274797,
    -0.022221434076018863,
    0.000690535250011972,
    -0.009459792403323751,
    0.007521538338567953,
    0.006819871941326558,
    -0.0010226047936683167,
    0.008584906353952027,
    -0.0357128575286331,
    -0.016612577444802153,
    -0.005168870756365352,
    0.02767923330077251,
    0.002623094669468945,
    -0.014311328002834571,
    0.014096567610406811,
    0.003914593380910545,
    0.020616081456449005,
    -0.018394552804366273,
    -0.009953362309192873,
    0.010805136451217254,
    0.0045560798680601465,
    -0.044805517033844805,
    0.011339215847854543,
    -0.00420104754136407,
    -0.023045353295453413,
    0.0038293553653948337,
    0.017466961290670036,
    -0.023059879230929732,
    0.005588941976131566,
    0.020326790937999904,
    -0.013126226854984909,
    0.014658260317167417,
    0.0058883741457359815,
    -0.007759610869053372,
    -0.002730344077456438,
    -0.0016826420166849128,
    -0.010206593475445764,
    0.02811644791700628,
    -0.0056668124369958685,
    0.044674428197632454
  ],
  "val_sse_masked": 0.00026525737484917045,
  "val_nrmse_masked": 0.044331636279821396,
  "val_mse_masked": 8.841912858770229e-06,
  "val_r2_masked": 0.9980340600013733,
  "val_sse_full": 0.00026525737484917045,
  "val_nrmse_full": 0.044331636279821396,
  "val_mse_full": 8.841912858770229e-06,
  "val_r2_full": 0.9980340600013733,
  "iteration": 370,
  "p_lo_eff": 0.12967753410339355,
  "p_hi_eff": 1.9451630115509033,
  "f_lo_eff": 0.20659340918064117,
  "f_hi_eff": 1.6527472734451294
}