{
  "tag": "416_1bd4977f",
  "lmb1": 8.777670931715613e-07,
  "lmb2": 0.018284671904231314,
  "nonzero_count": 80,
  "complexity_norm": 0.6451612903225806,
  "train_gen_window": 0.057233665774286374,
  "generalizability": 0.04302569330112784,
  "equation": "0.026038 E^{0.5} n P^{-0.5} + 0.001085 F dT_{e} + 0.00033568 F dT_{i} - 0.0028027 F dn - 0.0033731 P^{-1} F dT_{e} - 0.00014985 P^{-1} F dT_{i} - 0.0045338 P^{-1} F dn + 4.935 \\cdot 10^{-5} P F dT_{i} + 0.0024641 P dn + 0.00088401 T_{e}^{0.5} F dT_{e} - 0.0033993 T_{e}^{0.5} F dn - 0.0083436 T_{e}^{0.5} P^{-1} dn + 2.0165 \\cdot 10^{-6} T_{e}^{0.5} T_{i}^{0.5} F dT_{i} - 0.0022237 T_{e}^{0.5} T_{i}^{0.5} F dn - 1.7572 \\cdot 10^{-6} T_{e}^{0.5} T_{i}^{0.5} P^{-1} dT_{i} + 0.0010791 T_{e}^{0.5} T_{i}^{0.5} P^{-1} dn + 6.1915 \\cdot 10^{-5} T_{e}^{0.5} T_{i}^{0.5} P dT_{e} + 3.957 \\cdot 10^{-7} T_{e}^{0.5} T_{i}^{0.5} P dT_{i} + 0.0036038 T_{e}^{0.5} T_{i}^{0.5} P dn - 2.9162 \\cdot 10^{-7} T_{e}^{0.5} T_{i}^{0.5} dT_{i} - 0.0071172 T_{e}^{0.5} T_{i}^{0.5} dn - 5.295 \\cdot 10^{-6} T_{e}^{0.5} T_{i} dT_{e} - 6.6957 \\cdot 10^{-8} T_{e}^{0.5} T_{i} dT_{i} - 0.00044627 T_{e}^{0.5} T_{i} dn - 0.013571 T_{e}^{0.5} dn + 0.00010652 T_{e} F dT_{i} - 0.0036816 T_{e} F dn + 0.00085632 T_{e} P^{-1} dn + 7.0011 \\cdot 10^{-6} T_{e} P dT_{i} + 2.8324 \\cdot 10^{-5} T_{e} T_{i}^{0.5} dT_{e} - 2.6706 \\cdot 10^{-5} T_{e} T_{i} dT_{e} - 0.00025976 T_{e} T_{i} dn + 0.0001445 T_{e} dT_{e} - 1.312 \\cdot 10^{-6} T_{e} dT_{i} - 0.015157 T_{e} dn + 0.00011269 T_{i}^{0.5} F dT_{e} - 0.0019167 T_{i}^{0.5} F dn + 0.00017449 T_{i}^{0.5} P^{-1} dT_{e} - 2.4217 \\cdot 10^{-6} T_{i}^{0.5} P^{-1} dT_{i} - 0.0054255 T_{i}^{0.5} P^{-1} dn - 5.8585 \\cdot 10^{-7} T_{i}^{0.5} P dT_{i} + 0.0036531 T_{i}^{0.5} P dn + 0.00021789 T_{i}^{0.5} dT_{e} - 1.0743 \\cdot 10^{-6} T_{i}^{0.5} dT_{i} - 0.0059316 T_{i}^{0.5} dn - 6.4499 \\cdot 10^{-5} T_{i} F dT_{e} - 1.4829 \\cdot 10^{-7} T_{i} F dT_{i} + 8.471 \\cdot 10^{-6} T_{i} P^{-1} dT_{e} + 0.0022737 T_{i} P^{-1} dn + 6.9514 \\cdot 10^{-5} T_{i} P dT_{e} + 0.0048113 T_{i} P dn + 2.4276 \\cdot 10^{-5} T_{i} dT_{e} - 1.0381 \\cdot 10^{-5} dT_{i} - 0.020965 n^{-1} F dn + 0.0019081 n^{-1} P^{-1} dn + 0.00024327 n^{-1} T_{e}^{0.5} T_{i}^{0.5} dn + 0.0014306 n^{-1} T_{e}^{0.5} dn + 0.0010257 n^{-1} T_{e} dn + 0.0003903 n^{-1} T_{i}^{0.5} dn - 6.8324 \\cdot 10^{-6} n^{-1} T_{i} dn + 0.0018538 n^{-1} dn + 0.00091514 n E^{0.5} + 0.0049374 n E^{0.5} P^{-1} - 0.0052508 n E^{0.5} T_{e}^{0.5} P^{-1} + 0.004674 n E^{0.5} T_{e}^{0.5} T_{i}^{0.5} + 0.0035295 n E^{0.5} T_{e}^{0.5} T_{i} + 0.0029867 n E^{0.5} T_{e} + 0.0046749 n E^{0.5} T_{e} T_{i}^{0.5} + 0.003651 n E^{0.5} T_{i}^{0.5} - 0.0065402 n E^{0.5} T_{i}^{0.5} F + 0.001103 n E^{0.5} T_{i}^{0.5} P^{-1} - 0.011067 n E^{0.5} T_{i}^{0.5} P + 0.0033176 n E^{0.5} T_{i} - 0.0011581 n E F + 0.0085009 n E P^{-1} - 0.0066758 n E P + 0.02232 n E T_{e}^{0.5} + 0.013214 n E T_{e}^{0.5} T_{i}^{0.5} + 0.012994 n E T_{i}^{0.5} + 0.0030573 n E T_{i}",
  "coefficients": [
    0.08853770646401166,
    0.004367109790681238,
    0.002777881107117166,
    -0.010670105466126595,
    0.0016593015947312727,
    -0.00012837330051794146,
    0.002195323516378947,
    0.0011798299783887531,
    0.001687697563216216,
    -0.005312880546840282,
    -0.0006234779755780501,
    0.005281630153734307,
    0.0007667022702883318,
    -0.001080495003224608,
    -0.0004088233928022781,
    -0.00024719892068688406,
    -0.00010208089627685574,
    -0.000974683636841181,
    -0.00013323935598597144,
    0.00024277807148952255,
    0.00019384406340073462,
    -0.00021313269380366252,
    -0.00011458673650394102,
    0.00254671088036738,
    0.000662594897542963,
    4.562207921750012e-05,
    -3.37632014270812e-05,
    -0.003653194185468811,
    -4.516330928630661e-05,
    0.0004085767061906419,
    0.0009927138605609603,
    0.0008349441666647356,
    0.00013471450343582837,
    0.00020504133112704938,
    0.0004184754466224263,
    -0.0003319110258142486,
    0.0012318544581426572,
    -2.88053609359914e-05,
    0.000367646724786693,
    -2.304351442958784e-06,
    0.00027270282791278097,
    -0.0001063427080361919,
    0.00021066288704224816,
    0.0001381880581273068,
    -0.0006309467459465262,
    -0.005730745212260174,
    -0.0029984357158725572,
    0.0028511392626808644,
    -0.005817368558494855,
    -0.004702267689346067,
    -0.0023479440385600586,
    0.004770680910931108,
    0.0035461541832695945,
    -3.304878554581886e-05,
    0.007199190178470367,
    -0.007521064639089332,
    -0.0089482622145328,
    -0.0035143237717698474,
    0.001331529503148631,
    -0.005442037641037929,
    -0.002641338422344238,
    0.004495377079773608,
    -0.00041319563086132313,
    0.0008941525746745858,
    -0.0096342106207862,
    -0.0036881011040910843,
    -0.00023836284506254793,
    0.0037749334454038243,
    0.0005051497493361841,
    0.0010389347159503602,
    0.0022520941873745166,
    -0.0064984344551384556,
    -0.01147821243852599,
    0.0023282600652581517,
    -0.00464746950574889,
    0.0027874023502401438,
    0.0024129618423567043,
    0.001535833408736068,
    0.0027109247837413175,
    0.004058205754102611,
    -0.0006611349565382048,
    -0.00405532698749668,
    0.00542149531272986,
    0.0015892312735519662,
    0.007832237810777323,
    0.0053436634751030596,
    0.01278359176337071
  ],
  "val_sse_masked": 0.0007502122898586094,
  "val_nrmse_masked": 0.0745542049407959,
  "val_mse_masked": 2.5007077056216076e-05,
  "val_r2_masked": 0.9944398403167725,
  "val_sse_full": 0.0007453940925188363,
  "val_nrmse_full": 0.0743144080042839,
  "val_mse_full": 2.4846471205819398e-05,
  "val_r2_full": 0.9944755434989929,
  "iteration": 416,
  "p_lo_eff": 0.12967753410339355,
  "p_hi_eff": 1.9451630115509033,
  "f_lo_eff": 0.20659340918064117,
  "f_hi_eff": 1.6527472734451294
}