{
  "tag": "41_db21f1d9",
  "lmb1": 2.847664944925276e-07,
  "lmb2": 1.1793808505412671e-07,
  "nonzero_count": 85,
  "complexity_norm": 0.6854838709677419,
  "train_gen_window": 0.0134310454797417,
  "generalizability": 0.028262987887633255,
  "equation": "0.17715 E^{0.5} n P^{-0.5} + 0.13802 F dT_{e} + 0.0058797 F dT_{i} + 0.036736 F dn + 0.0011259 P^{-1} F dT_{e} - 1.5127 \\cdot 10^{-5} P^{-1} F dT_{i} + 0.0092947 P^{-1} F dn - 0.0082797 P^{-1} dT_{e} - 0.00061015 P F dT_{i} - 0.013482 P dn - 0.19132 T_{e}^{0.5} F dT_{e} + 0.006583 T_{e}^{0.5} F dn + 0.013506 T_{e}^{0.5} P^{-1} dT_{e} - 0.072336 T_{e}^{0.5} P^{-1} dn + 0.031552 T_{e}^{0.5} T_{i}^{0.5} F dT_{e} - 0.00023165 T_{e}^{0.5} T_{i}^{0.5} F dT_{i} - 0.057619 T_{e}^{0.5} T_{i}^{0.5} F dn + 0.0001401 T_{e}^{0.5} T_{i}^{0.5} P^{-1} dT_{i} + 0.028948 T_{e}^{0.5} T_{i}^{0.5} P^{-1} dn + 0.0023331 T_{e}^{0.5} T_{i}^{0.5} P dT_{e} + 9.7781 \\cdot 10^{-6} T_{e}^{0.5} T_{i}^{0.5} P dT_{i} + 0.005099 T_{e}^{0.5} T_{i}^{0.5} P dn + 7.6832 \\cdot 10^{-5} T_{e}^{0.5} T_{i}^{0.5} dT_{i} + 0.23554 T_{e}^{0.5} T_{i}^{0.5} dn - 0.00094485 T_{e}^{0.5} T_{i} dT_{e} + 2.525 \\cdot 10^{-6} T_{e}^{0.5} T_{i} dT_{i} + 0.0038866 T_{e}^{0.5} T_{i} dn - 0.18883 T_{e}^{0.5} dn - 0.0019274 T_{e} F dT_{i} - 0.041388 T_{e} F dn + 0.012392 T_{e} P^{-1} dn + 0.00017929 T_{e} P dT_{i} - 0.010523 T_{e} T_{i}^{0.5} dT_{e} + 0.0017688 T_{e} T_{i} dT_{e} - 1.9316 \\cdot 10^{-6} T_{e} T_{i} dT_{i} + 0.0010887 T_{e} T_{i} dn + 0.0082408 T_{e} dT_{e} - 0.00027774 T_{e} dT_{i} + 0.0030737 T_{e} dn + 0.0063023 T_{i}^{0.5} F dT_{e} + 0.0078876 T_{i}^{0.5} F dn + 0.0008097 T_{i}^{0.5} P^{-1} dT_{e} - 0.00015453 T_{i}^{0.5} P^{-1} dT_{i} + 0.020964 T_{i}^{0.5} P^{-1} dn - 3.8641 \\cdot 10^{-5} T_{i}^{0.5} P dT_{i} + 0.048015 T_{i}^{0.5} P dn + 0.0067023 T_{i}^{0.5} dT_{e} + 2.063 \\cdot 10^{-5} T_{i}^{0.5} dT_{i} - 0.012289 T_{i}^{0.5} dn - 0.0073025 T_{i} F dT_{e} - 2.1042 \\cdot 10^{-5} T_{i} F dT_{i} + 5.8065 \\cdot 10^{-5} T_{i} P^{-1} dT_{e} - 0.0099453 T_{i} P^{-1} dn - 0.00053442 T_{i} P dT_{e} - 0.025855 T_{i} P dn - 0.00016115 T_{i} dT_{e} - 0.056973 T_{i} dn - 0.012705 dT_{e} - 0.00066776 dT_{i} + 0.0080245 n^{-1} F dn + 0.0049712 n^{-1} P^{-1} dn - 0.019268 n^{-1} T_{e}^{0.5} T_{i}^{0.5} dn - 0.007283 n^{-1} T_{e}^{0.5} dn + 0.0034019 n^{-1} T_{e} dn + 0.017293 n^{-1} T_{i}^{0.5} dn + 0.001171 n^{-1} T_{i} dn - 0.0054213 n^{-1} dn - 0.2927 n E^{0.5} - 0.069717 n E^{0.5} P^{-1} - 0.0012575 n E^{0.5} T_{e}^{0.5} P^{-1} - 0.0053033 n E^{0.5} T_{e}^{0.5} T_{i}^{0.5} + 0.020231 n E^{0.5} T_{e}^{0.5} T_{i} - 0.052516 n E^{0.5} T_{e} + 0.01229 n E^{0.5} T_{i}^{0.5} - 0.010447 n E^{0.5} T_{i}^{0.5} F + 0.053755 n E^{0.5} T_{i}^{0.5} P^{-1} + 0.018239 n E^{0.5} T_{i}^{0.5} P + 0.18942 n E^{0.5} T_{i} - 0.062648 n E F - 0.031312 n E P^{-1} - 0.013377 n E P + 0.80653 n E T_{e}^{0.5} - 0.54922 n E T_{e}^{0.5} T_{i}^{0.5} - 0.13841 n E T_{i}^{0.5} + 0.048963 n E T_{i}",
  "coefficients": [
    0.08853772028223966,
    0.011377722255357402,
    -0.008123630699266006,
    0.004084020427910123,
    0.0735178903610951,
    0.02200194004101145,
    -0.011175750105272709,
    -0.09344745549784168,
    0.005597559960488007,
    -0.0005363367096895538,
    -0.04010485591059651,
    0.09251185875870745,
    -0.009479214221388607,
    -0.06894718102867808,
    0.007850750873891903,
    -0.016304774056619058,
    -0.014485642673772045,
    0.07771026197313478,
    0.03510393239752885,
    -0.02789036398942171,
    0.004790075368079608,
    0.00803723371068489,
    -0.024256477181382238,
    -0.046082737480109555,
    0.016967938068806063,
    -0.0074055189469677055,
    -0.014763797193543319,
    0.0012193611195476343,
    -0.016420966277858502,
    0.05197219970400207,
    0.004606627895662712,
    0.025682477065965867,
    0.00753414926199512,
    0.0014054744445432636,
    -0.0027779986632182913,
    -0.03757809241072824,
    -0.0094703260635003,
    0.027650011076251483,
    -0.07956593632844375,
    0.04290650409281445,
    0.0102761295275349,
    -0.018975907389762153,
    0.012014071257564467,
    -0.051338177341005174,
    0.04178900077990311,
    0.011748488240009274,
    0.03930150172410453,
    -0.015600071047352011,
    0.02247798914233859,
    -0.00974187718473197,
    0.009662160151865284,
    0.06270423477661881,
    -0.015511241854847604,
    -0.05393038683180086,
    -0.03868639664690747,
    -0.0652044118165026,
    -0.12450839214795165,
    0.006805734017789489,
    0.035720447140461166,
    0.18009869055968755,
    -0.06844009962414933,
    0.00636054949608519,
    0.0035985867727449704,
    0.012939623163033487,
    0.001953672752333535,
    -0.04146053134620105,
    0.0009989811252690082,
    -0.05330334734690226,
    -0.1615701926575182,
    0.05063248069298862,
    0.007581056095389741,
    -0.010379857779081451,
    0.018917043449950877,
    0.13293399089413624,
    -0.00111301922306873,
    -0.0031627325096403574,
    0.013830896311745717,
    -0.02700497765947423,
    -9.875529151151009e-05,
    -0.014947656403216603,
    -0.03576495956803842,
    -0.008125841303474253,
    -0.05774832442226611,
    0.025451852391784296,
    0.28301917174366503,
    -0.22209737719682324,
    0.08696947737120242
  ],
  "val_sse_masked": 0.00012745597632601857,
  "val_nrmse_masked": 0.030729828402400017,
  "val_mse_masked": 4.248532604833599e-06,
  "val_r2_masked": 0.9990553855895996,
  "val_sse_full": 0.00012574625725392252,
  "val_nrmse_full": 0.03052302822470665,
  "val_mse_full": 4.191542302578455e-06,
  "val_r2_full": 0.999068021774292,
  "iteration": 41,
  "p_lo_eff": 0.12967753410339355,
  "p_hi_eff": 1.9451630115509033,
  "f_lo_eff": 0.20659340918064117,
  "f_hi_eff": 1.6527472734451294
}