{
  "tag": "231_431d45e2",
  "lmb1": 9.195937770978314e-07,
  "lmb2": 1.0953800835398785e-05,
  "nonzero_count": 85,
  "complexity_norm": 0.6854838709677419,
  "train_gen_window": 0.017420614514508735,
  "generalizability": 0.01906183648584781,
  "equation": "0.1562 E^{0.5} n P^{-0.5} + 0.047306 F dT_{e} + 0.004269 F dT_{i} + 0.0040685 F dn + 0.00077486 P^{-1} F dT_{e} + 0.00012942 P^{-1} F dT_{i} + 0.005195 P^{-1} F dn + 0.0040146 P^{-1} dT_{e} - 8.2115 \\cdot 10^{-5} P F dT_{i} - 0.012758 P dn - 0.11178 T_{e}^{0.5} F dT_{e} + 0.0033742 T_{e}^{0.5} P^{-1} dT_{e} - 0.061336 T_{e}^{0.5} P^{-1} dn + 0.014865 T_{e}^{0.5} T_{i}^{0.5} F dT_{e} - 1.4207 \\cdot 10^{-5} T_{e}^{0.5} T_{i}^{0.5} F dT_{i} - 0.025564 T_{e}^{0.5} T_{i}^{0.5} F dn + 2.6838 \\cdot 10^{-5} T_{e}^{0.5} T_{i}^{0.5} P^{-1} dT_{i} + 0.045745 T_{e}^{0.5} T_{i}^{0.5} P^{-1} dn + 0.0024693 T_{e}^{0.5} T_{i}^{0.5} P dT_{e} + 1.4558 \\cdot 10^{-5} T_{e}^{0.5} T_{i}^{0.5} P dT_{i} + 0.027754 T_{e}^{0.5} T_{i}^{0.5} P dn + 2.9472 \\cdot 10^{-5} T_{e}^{0.5} T_{i}^{0.5} dT_{i} + 0.047473 T_{e}^{0.5} T_{i}^{0.5} dn - 0.00011735 T_{e}^{0.5} T_{i} dT_{e} - 2.7932 \\cdot 10^{-6} T_{e}^{0.5} T_{i} dT_{i} + 0.0034776 T_{e}^{0.5} T_{i} dn - 0.065369 T_{e}^{0.5} dn - 0.0017162 T_{e} F dT_{i} - 0.012549 T_{e} F dn + 0.0073854 T_{e} P^{-1} dn - 5.5507 \\cdot 10^{-6} T_{e} P dT_{i} - 0.0027941 T_{e} T_{i}^{0.5} dT_{e} + 0.00057084 T_{e} T_{i} dT_{e} - 5.2919 \\cdot 10^{-8} T_{e} T_{i} dT_{i} + 0.019068 T_{e} T_{i} dn - 0.0022292 T_{e} dT_{e} - 9.0548 \\cdot 10^{-5} T_{e} dT_{i} - 0.015851 T_{e} dn + 0.017088 T_{i}^{0.5} F dT_{e} - 0.0055613 T_{i}^{0.5} F dn + 0.0013871 T_{i}^{0.5} P^{-1} dT_{e} - 1.1024 \\cdot 10^{-5} T_{i}^{0.5} P^{-1} dT_{i} + 0.0016978 T_{i}^{0.5} P^{-1} dn + 5.8458 \\cdot 10^{-7} T_{i}^{0.5} P dT_{i} + 0.011194 T_{i}^{0.5} P dn - 0.00328 T_{i}^{0.5} dT_{e} - 2.1801 \\cdot 10^{-6} T_{i}^{0.5} dT_{i} - 0.0014495 T_{i}^{0.5} dn - 0.00028424 T_{i} F dT_{e} - 1.8215 \\cdot 10^{-5} T_{i} F dT_{i} - 0.00041505 T_{i} P^{-1} dT_{e} - 0.010067 T_{i} P^{-1} dn - 0.00011104 T_{i} P dT_{e} - 0.0074548 T_{i} P dn - 0.0008874 T_{i} dT_{e} - 0.018746 T_{i} dn + 0.0018247 dT_{e} - 0.0006052 dT_{i} - 0.0028544 n^{-1} F dn + 0.0069018 n^{-1} P^{-1} dn - 0.0055978 n^{-1} T_{e}^{0.5} T_{i}^{0.5} dn - 0.0053851 n^{-1} T_{e}^{0.5} dn - 0.0062656 n^{-1} T_{e} dn + 0.0072498 n^{-1} T_{i}^{0.5} dn - 0.00047139 n^{-1} T_{i} dn + 0.0015436 n^{-1} dn - 0.19903 n E^{0.5} - 0.040445 n E^{0.5} P^{-1} - 0.014233 n E^{0.5} T_{e}^{0.5} P^{-1} + 0.0022408 n E^{0.5} T_{e}^{0.5} T_{i}^{0.5} + 0.055693 n E^{0.5} T_{e}^{0.5} T_{i} - 0.039883 n E^{0.5} T_{e} + 0.019211 n E^{0.5} T_{e} T_{i}^{0.5} + 0.0013688 n E^{0.5} T_{i}^{0.5} - 0.021147 n E^{0.5} T_{i}^{0.5} F + 0.03538 n E^{0.5} T_{i}^{0.5} P^{-1} + 0.016236 n E^{0.5} T_{i}^{0.5} P + 0.070771 n E^{0.5} T_{i} - 0.029036 n E F - 0.0097407 n E P^{-1} - 0.0051492 n E P + 0.36408 n E T_{e}^{0.5} - 0.2064 n E T_{e}^{0.5} T_{i}^{0.5} - 0.063567 n E T_{i}^{0.5} - 0.01252 n E T_{i}",
  "coefficients": [
    0.08853771518766423,
    0.015796192113339286,
    0.0023130236539548373,
    -0.0014527391545443849,
    0.03082138373760412,
    -0.008856846391028982,
    -0.008263522219733394,
    -0.027148797506731843,
    -0.010309500563598084,
    0.004588393081058666,
    -0.03634784766464924,
    0.06716875158553272,
    -0.0012757323570482108,
    -0.0049188010923892425,
    -0.0008296453563249812,
    0.00024666354339927246,
    -0.012539186440811466,
    0.014886536324008399,
    0.01346545189749395,
    -0.001710474738288508,
    0.007131602334274497,
    -0.008891032323029536,
    -0.007907906886293678,
    -0.041032618374328846,
    -0.0005253224986405897,
    -0.00020288790385050758,
    0.007158537659051344,
    0.0008391869989157726,
    0.0023583547289943146,
    0.01781352475618276,
    0.007891639311552009,
    -0.012568405490814106,
    0.020427565876714522,
    -0.010046256137758398,
    -0.015297444178655946,
    -0.0014626839250627454,
    -0.0019676431030198763,
    0.006907709844954339,
    -0.04648955175831601,
    0.020214629186061824,
    0.010875840533840525,
    -0.0023567665391430372,
    -0.003249956940455886,
    -0.013632081951048333,
    0.013486642784330498,
    0.0065664600099879285,
    0.004352619361025876,
    -0.014762303912803853,
    0.0018204501754708505,
    -0.0011490746129897943,
    -0.0068125601135356996,
    0.014618488409995148,
    -0.015700861939001557,
    -0.017744814759355222,
    -0.011154713646280526,
    -0.05528936252699315,
    -0.043101620056244724,
    1.953878238534785e-05,
    0.05644685356512935,
    0.036299289184017834,
    -0.03036479681154066,
    0.03462000557103689,
    0.003219891414317591,
    0.007711699080351973,
    -0.010075445669644049,
    -0.012571229174767147,
    0.01749725769316408,
    -0.030923015766279503,
    -0.10986362211397666,
    0.03332481842471041,
    0.0008443399671114781,
    -0.021011872624041722,
    0.01684012002065269,
    0.049666242760704256,
    -0.012597316799942122,
    0.0013363464156820582,
    0.038075026275952495,
    -0.020508841070942026,
    0.011140593506567676,
    -0.004650052255323049,
    -0.016576224586464575,
    -0.0031279770829859034,
    -0.026522337814432202,
    -0.006507970988356862,
    0.12775736826586634,
    -0.08346592496874355,
    0.07668453499881463
  ],
  "val_sse_masked": 0.00017607818881515414,
  "val_nrmse_masked": 0.0361187607049942,
  "val_mse_masked": 5.869273536518449e-06,
  "val_r2_masked": 0.9986950159072876,
  "val_sse_full": 0.000176004963577725,
  "val_nrmse_full": 0.036111246794462204,
  "val_mse_full": 5.8668324527388904e-06,
  "val_r2_full": 0.9986955523490906,
  "iteration": 231,
  "p_lo_eff": 0.12967753410339355,
  "p_hi_eff": 1.9451630115509033,
  "f_lo_eff": 0.20659340918064117,
  "f_hi_eff": 1.6527472734451294
}