{
  "tag": "15_7a0aedae",
  "lmb1": 3.181974274006756e-05,
  "lmb2": 0.00046181102463077947,
  "nonzero_count": 61,
  "complexity_norm": 0.49193548387096775,
  "train_gen_window": 0.027303863959215385,
  "generalizability": 0.028958635660054438,
  "equation": "0.090062 E^{0.5} n P^{-0.5} + 0.00070653 F dT_{i} - 0.00014002 F dn - 0.0022264 P^{-1} F dT_{e} - 0.00059784 P^{-1} F dn - 0.00038305 T_{e}^{0.5} F dT_{e} - 0.00079026 T_{e}^{0.5} F dn - 0.025918 T_{e}^{0.5} P^{-1} dn - 0.012129 T_{e}^{0.5} T_{i}^{0.5} F dn - 3.9524 \\cdot 10^{-6} T_{e}^{0.5} T_{i}^{0.5} P^{-1} dT_{i} + 0.0074451 T_{e}^{0.5} T_{i}^{0.5} P^{-1} dn + 4.0114 \\cdot 10^{-5} T_{e}^{0.5} T_{i}^{0.5} P dT_{e} + 6.2258 \\cdot 10^{-7} T_{e}^{0.5} T_{i}^{0.5} P dT_{i} + 0.00047921 T_{e}^{0.5} T_{i}^{0.5} P dn - 6.1921 \\cdot 10^{-6} T_{e}^{0.5} T_{i} dT_{e} - 0.00774 T_{e}^{0.5} dn - 0.0051728 T_{e} F dn + 0.0093617 T_{e} P^{-1} dn + 3.1823 \\cdot 10^{-6} T_{e} P dT_{i} - 2.1788 \\cdot 10^{-5} T_{e} T_{i}^{0.5} dT_{e} - 0.00014395 T_{e} T_{i} dT_{e} + 3.1307 \\cdot 10^{-8} T_{e} T_{i} dT_{i} - 0.0011823 T_{e} dT_{e} - 5.0683 \\cdot 10^{-5} T_{e} dT_{i} - 0.030839 T_{e} dn + 0.00015633 T_{i}^{0.5} F dT_{e} - 0.0043195 T_{i}^{0.5} F dn + 0.0011413 T_{i}^{0.5} P^{-1} dT_{e} - 5.5843 \\cdot 10^{-6} T_{i}^{0.5} P^{-1} dT_{i} - 0.012825 T_{i}^{0.5} P^{-1} dn + 4.3922 \\cdot 10^{-7} T_{i}^{0.5} P dT_{i} + 0.00090574 T_{i}^{0.5} P dn + 4.4678 \\cdot 10^{-6} T_{i} P^{-1} dT_{e} + 0.0059629 T_{i} P^{-1} dn + 0.00014673 T_{i} P dT_{e} + 0.01153 T_{i} P dn + 0.0002705 T_{i} dn - 0.00020362 dT_{e} - 3.9834 \\cdot 10^{-5} dT_{i} - 0.018843 n^{-1} F dn + 0.0039941 n^{-1} P^{-1} dn + 0.00039767 n^{-1} T_{e}^{0.5} dn + 0.00094875 n^{-1} T_{e} dn - 0.00014089 n^{-1} T_{i} dn + 0.00045075 n^{-1} dn - 0.033657 n E^{0.5} + 0.00033518 n E^{0.5} P^{-1} - 0.018978 n E^{0.5} T_{e}^{0.5} P^{-1} + 0.00022906 n E^{0.5} T_{e}^{0.5} T_{i}^{0.5} + 0.017811 n E^{0.5} T_{e}^{0.5} T_{i} + 0.0013733 n E^{0.5} T_{e} T_{i}^{0.5} - 0.020986 n E^{0.5} T_{i}^{0.5} F + 0.00023345 n E^{0.5} T_{i}^{0.5} P^{-1} - 0.0047976 n E^{0.5} T_{i}^{0.5} P + 0.0032915 n E^{0.5} T_{i} - 0.0004842 n E F + 0.017993 n E P^{-1} - 0.00096273 n E P + 0.032193 n E T_{e}^{0.5} + 0.0026091 n E T_{e}^{0.5} T_{i}^{0.5} + 0.00067377 n E T_{i}^{0.5}",
  "coefficients": [
    0.0885377076431833,
    0.009141376993361625,
    0.0006754380374470804,
    -0.009590082951024499,
    -3.530484700977304e-05,
    -0.0026472178428217203,
    0.0006102248722804285,
    -5.1384123039404235e-06,
    0.001561095178714396,
    -6.757442263041341e-05,
    -0.0023924065232735184,
    0.011116653574025139,
    -2.0134694923118433e-05,
    -0.0024916150356257454,
    -3.432507147094686e-05,
    0.00018532808859576526,
    5.0994898055788487e-05,
    -0.0021922804641485915,
    -2.4373574414608684e-05,
    -6.46982748000682e-05,
    0.00030499082577020725,
    8.9257158949354e-05,
    -0.004426313253589251,
    1.1002968234581067e-05,
    0.0003011768992997668,
    0.00012002745211885167,
    4.2713585601094494e-05,
    -0.002411267218732074,
    -0.00026317143633294713,
    -9.868192254707421e-05,
    0.006493111766943686,
    5.301682928058905e-05,
    0.00018688781585854858,
    0.00010814295740243237,
    -5.0587285857307194e-06,
    7.15498190514239e-05,
    0.002600271283398896,
    1.8773944517487515e-05,
    -0.00015930376705724697,
    7.413824676654943e-05,
    0.00017667853561968377,
    -0.00012435803161719078,
    -0.0017236696960186773,
    -0.00010629944006441363,
    -0.0034009655727882298,
    -0.0007556634152022089,
    -0.00014979862560838403,
    3.058984431612335e-05,
    -0.013751654828251787,
    -9.072697688333536e-07,
    -0.005291321547206338,
    0.0011828235572938228,
    0.009300015259017923,
    0.0002560498504758829,
    0.017252981290233567,
    -0.02336252970020908,
    -0.0051034637122127635,
    -0.0008170063926380642,
    0.009186931629216612,
    -8.858034657026719e-05,
    -0.014406750995286627,
    0.0005977707355996458,
    6.723479682524034e-05,
    0.009775404494934428,
    -0.019601716910299452,
    -0.005181930986332463,
    4.060198530478248e-05,
    0.0002562635245339931,
    -0.018578392935457516,
    0.00021988510292926468,
    1.4185980893095386e-05,
    -0.02085218791760669,
    -0.00497601177106354,
    0.0023099340205503457,
    -0.016797233604417035,
    0.00013660544705720173,
    0.012176795832694189,
    -9.75444486643794e-05,
    0.0007963738538094282,
    0.008589793791463811,
    -0.000276425966967625,
    -0.000584823952940869,
    0.00028112009358650263,
    2.8323096016257045e-05,
    0.011296796782007321,
    0.0010550834354412567,
    0.04421613606271903
  ],
  "val_sse_masked": 0.00040256790816783905,
  "val_nrmse_masked": 0.05461345240473747,
  "val_mse_masked": 1.3418931303021964e-05,
  "val_r2_masked": 0.9970163702964783,
  "val_sse_full": 0.0004019602492917329,
  "val_nrmse_full": 0.054572220891714096,
  "val_mse_full": 1.3398675946518779e-05,
  "val_r2_full": 0.9970209002494812,
  "iteration": 15,
  "p_lo_eff": 0.12967753410339355,
  "p_hi_eff": 1.9451630115509033,
  "f_lo_eff": 0.20659340918064117,
  "f_hi_eff": 1.6527472734451294
}