{
  "tag": "327_e957cc7e",
  "lmb1": 0.0005821670606958733,
  "lmb2": 0.0007176060908158313,
  "nonzero_count": 18,
  "complexity_norm": 0.14516129032258066,
  "train_gen_window": 0.054162224247439245,
  "generalizability": 0.055615167893061215,
  "equation": "0.051989 E^{0.5} n P^{-0.5} - 0.0037996 P^{-1} F dT_{e} - 6.9434 \\cdot 10^{-5} P^{-1} F dT_{i} - 0.0031192 P^{-1} F dn + 0.00017082 P dn - 0.0096207 T_{e}^{0.5} T_{i}^{0.5} dn - 0.0005959 T_{e}^{0.5} dn - 0.057032 T_{e} dn - 0.0083147 T_{i}^{0.5} P^{-1} dn + 0.0002498 T_{i}^{0.5} P dn + 0.0065641 T_{i} P dn - 0.00061694 n^{-1} F dn + 0.00043279 n^{-1} P^{-1} dn + 0.0058479 n E^{0.5} T_{e}^{0.5} T_{i} - 0.020853 n E^{0.5} T_{i}^{0.5} P + 0.0017751 n E^{0.5} T_{i} + 0.037888 n E T_{e}^{0.5} T_{i}^{0.5} + 0.0074721 n E T_{i}^{0.5}",
  "coefficients": [
    0.08853770333102773,
    0.0009905230756271177,
    1.0645858502157328e-05,
    -0.0003139876851422542,
    3.685792465881564e-06,
    2.5786793123177546e-06,
    4.205699444741467e-06,
    1.7779445404046388e-06,
    1.57282538409974e-06,
    -0.0024617695658425477,
    -9.693021162900984e-07,
    5.5550632525972316e-06,
    7.332012764874836e-07,
    -4.140634408750851e-06,
    -3.429250500394553e-06,
    -3.693267060326319e-06,
    -4.690072631509847e-06,
    -3.857302577136681e-06,
    -3.096273903378422e-06,
    -2.1971323401185856e-06,
    -3.3645066145412915e-06,
    -4.978607149746185e-06,
    -4.0536550878819655e-07,
    2.003004488310597e-06,
    -9.373288155648731e-07,
    -4.6822137771033864e-06,
    -6.444448623638985e-07,
    -0.004115030667247484,
    5.881550482912724e-06,
    5.667326050010303e-06,
    2.9751645630622105e-06,
    1.8139380859249158e-05,
    7.0121974417711345e-06,
    5.989592543731634e-06,
    2.209365457091826e-05,
    8.700299658911769e-06,
    2.1965546444376243e-05,
    -9.224142507688599e-07,
    5.329096587071494e-06,
    6.81279354676646e-06,
    1.8023368808163856e-05,
    2.1975524963462043e-05,
    1.3068551999180896e-05,
    3.0301451267297876e-05,
    2.1275520764885837e-05,
    -0.003942654788517311,
    -7.833437964245654e-06,
    0.0001976532327159371,
    -0.00891533072631773,
    -3.861847726474125e-05,
    -2.1547389892068892e-05,
    0.0003262145871037049,
    -1.959759750649175e-06,
    -1.6277847671890322e-05,
    0.009821997749333173,
    -3.309193106979712e-05,
    -0.0003929138149182564,
    -1.0409995918428373e-05,
    -2.9862998716533404e-06,
    -0.0073562772379628626,
    -3.5515710935018546e-05,
    3.4430479939849053e-05,
    -2.6513465720881536e-05,
    -9.90624252498217e-07,
    -0.03625055701352732,
    -1.2608144512116373e-05,
    -2.9384423585649434e-05,
    -1.2129173224335206e-06,
    2.3200405832122416e-06,
    1.104247172653588e-06,
    1.2097794438970203e-05,
    1.0034302972088924e-07,
    -0.02162879165489911,
    0.0012457409821044346,
    -2.8814424702803523e-05,
    1.4412998478526768e-05,
    0.003997925252232854,
    2.5383591632475898e-06,
    1.3214749202862358e-05,
    1.0830472561051405e-05,
    3.1523383015106226e-06,
    -2.8348349721905854e-05,
    0.0031176080956097896,
    1.7093912075079098e-05,
    7.379520773278413e-05,
    0.015321477040272142,
    0.025523846825279205
  ],
  "val_sse_masked": 0.0008693054551258683,
  "val_nrmse_masked": 0.08025392144918442,
  "val_mse_masked": 2.8976850444450974e-05,
  "val_r2_masked": 0.9935571551322937,
  "val_sse_full": 0.0008512429776601493,
  "val_nrmse_full": 0.07941578328609467,
  "val_mse_full": 2.8374768589856103e-05,
  "val_r2_full": 0.9936910271644592,
  "iteration": 327,
  "p_lo_eff": 0.12967753410339355,
  "p_hi_eff": 1.9451630115509033,
  "f_lo_eff": 0.20659340918064117,
  "f_hi_eff": 1.6527472734451294
}