{
  "tag": "371_5bc4e139",
  "lmb1": 0.00018188764928439092,
  "lmb2": 1.9800671328163246e-08,
  "nonzero_count": 29,
  "complexity_norm": 0.23387096774193547,
  "train_gen_window": 0.0451643116301155,
  "generalizability": 0.04388709710155829,
  "equation": "0.058729 E^{0.5} n P^{-0.5} + 0.00010266 F dT_{i} - 0.0038414 P^{-1} F dT_{e} - 7.5041 \\cdot 10^{-5} P^{-1} F dT_{i} - 0.0034446 P^{-1} F dn + 0.00018008 P dn - 0.015116 T_{e}^{0.5} P^{-1} dn - 0.00026021 T_{e}^{0.5} T_{i}^{0.5} F dn + 8.3027 \\cdot 10^{-5} T_{e}^{0.5} T_{i}^{0.5} P dn - 0.00015976 T_{e}^{0.5} T_{i}^{0.5} dn - 0.061251 T_{e} dn + 0.0001706 T_{i}^{0.5} F dT_{e} - 9.1495 \\cdot 10^{-5} T_{i}^{0.5} F dn + 2.6184 \\cdot 10^{-5} T_{i}^{0.5} P^{-1} dT_{e} - 0.00039391 T_{i}^{0.5} P^{-1} dn + 0.0003976 T_{i}^{0.5} P dn + 0.00024461 T_{i}^{0.5} dT_{e} + 9.161 \\cdot 10^{-6} T_{i} P^{-1} dT_{e} + 0.008311 T_{i} P dn - 0.010916 n^{-1} F dn + 0.0019099 n^{-1} P^{-1} dn + 0.001535 n^{-1} dn - 0.009689 n E^{0.5} T_{e}^{0.5} P^{-1} + 0.00016844 n E^{0.5} T_{e}^{0.5} T_{i} - 0.021039 n E^{0.5} T_{i}^{0.5} P + 0.00015477 n E^{0.5} T_{i} + 0.0006425 n E T_{e}^{0.5} + 0.060222 n E T_{e}^{0.5} T_{i}^{0.5} + 0.0011583 n E T_{i}^{0.5}",
  "coefficients": [
    0.08853770400499195,
    0.004371233708094419,
    0.002300084569762078,
    -0.005555617094274147,
    3.871107986136228e-06,
    -6.315436710299396e-06,
    4.09896020913889e-05,
    1.1005008057936294e-06,
    1.762421958318389e-05,
    -0.0026605574583390738,
    3.986348339795462e-06,
    0.0016153198076021376,
    1.881448254355718e-05,
    -3.651328505899171e-05,
    -1.39661600312525e-06,
    1.4014412887860307e-05,
    -1.485983762113944e-05,
    -3.7451035898248625e-05,
    -1.6732473330684047e-06,
    -6.772291517958723e-06,
    1.546416121182627e-05,
    -6.582520752402706e-06,
    4.275505559106747e-06,
    1.7992234737619357e-05,
    2.4716968093034124e-05,
    -7.186843597926498e-06,
    1.648510484457486e-05,
    -0.004160371266559802,
    2.1447361158440217e-05,
    8.062941120285659e-05,
    0.0001489698394023647,
    0.0009373068266655051,
    0.00020394490311572422,
    0.00022174253527988254,
    4.7576593705601466e-05,
    9.67871466476401e-05,
    1.1650813821906063e-05,
    9.557729826489875e-06,
    4.049657522669375e-05,
    6.367308638182542e-05,
    5.976389847886352e-06,
    3.08085464710658e-05,
    3.2854988244428e-05,
    4.928953988728447e-05,
    2.106730314494977e-05,
    -0.004353969162527767,
    -1.3703411045347003e-05,
    0.0002083622999962145,
    -0.00042237050281984564,
    -3.695920822812143e-05,
    -0.00011208050525642109,
    0.0005192314965034958,
    1.7742112547509338e-05,
    -2.2715434351094725e-05,
    0.01243580771044518,
    -0.013626173026917472,
    -7.356151983144316e-05,
    -2.0206592623059667e-05,
    9.589010486901494e-06,
    -0.00012215598682760958,
    -0.0003090840309519848,
    0.00010356883023532707,
    -3.3444198418454505e-05,
    1.0295044006098277e-05,
    -0.038931884086715954,
    -2.4894682730389607e-05,
    -2.9460033970444085e-05,
    2.745813440972241e-06,
    -1.786448433357529e-05,
    2.0929720963663e-06,
    9.544958343660805e-06,
    -3.097008247493305e-05,
    -0.021821559393216755,
    0.00010861601636079414,
    -0.008575773172584279,
    1.3669251009299206e-05,
    0.00011515628804552746,
    -9.925886451590382e-06,
    1.355934180384764e-05,
    5.074644585709872e-05,
    -4.1195119061299635e-06,
    -5.762874216078581e-05,
    0.00048326682437828665,
    5.284716729870676e-05,
    0.00022545975805163653,
    0.024352925724606254,
    0.028833000254256676
  ],
  "val_sse_masked": 0.0006907751085236669,
  "val_nrmse_masked": 0.07153990864753723,
  "val_mse_masked": 2.302583925484214e-05,
  "val_r2_masked": 0.9948803186416626,
  "val_sse_full": 0.0006877282867208123,
  "val_nrmse_full": 0.07138196378946304,
  "val_mse_full": 2.292427780048456e-05,
  "val_r2_full": 0.9949029088020325,
  "iteration": 371,
  "p_lo_eff": 0.12967753410339355,
  "p_hi_eff": 1.9451630115509033,
  "f_lo_eff": 0.20659340918064117,
  "f_hi_eff": 1.6527472734451294
}