{
  "tag": "91_d929bebd",
  "lmb1": 0.00011775372717961224,
  "lmb2": 1.0746636259223604e-06,
  "nonzero_count": 32,
  "complexity_norm": 0.25806451612903225,
  "train_gen_window": 0.04011211875553922,
  "generalizability": 0.03662883152423203,
  "equation": "0.075746 E^{0.5} n P^{-0.5} + 0.00011887 F dT_{i} - 0.0041706 P^{-1} F dT_{e} - 5.1701 \\cdot 10^{-5} P^{-1} F dT_{i} - 0.0015878 P^{-1} F dn + 0.00012992 P dn - 0.02079 T_{e}^{0.5} P^{-1} dn - 0.012184 T_{e}^{0.5} T_{i}^{0.5} F dn + 0.00012318 T_{e}^{0.5} T_{i}^{0.5} P dn - 0.00015791 T_{e}^{0.5} dn - 0.043302 T_{e} dn + 0.00023965 T_{i}^{0.5} F dT_{e} - 0.00019533 T_{i}^{0.5} F dn + 0.00029844 T_{i}^{0.5} P^{-1} dT_{e} + 0.00057143 T_{i}^{0.5} P dn + 4.1458 \\cdot 10^{-5} T_{i}^{0.5} dT_{e} + 1.9597 \\cdot 10^{-5} T_{i} F dT_{e} + 7.0584 \\cdot 10^{-6} T_{i} P^{-1} dT_{e} + 0.0012982 T_{i} P^{-1} dn + 0.0091672 T_{i} P dn - 0.017502 n^{-1} F dn + 0.0029743 n^{-1} P^{-1} dn + 6.9905 \\cdot 10^{-5} n^{-1} T_{e}^{0.5} dn + 0.0016046 n^{-1} dn - 0.00022718 n E^{0.5} - 0.014698 n E^{0.5} T_{e}^{0.5} P^{-1} - 0.011547 n E^{0.5} T_{i}^{0.5} F - 0.015839 n E^{0.5} T_{i}^{0.5} P + 0.0026377 n E P^{-1} + 0.002505 n E T_{e}^{0.5} + 0.048583 n E T_{e}^{0.5} T_{i}^{0.5} + 0.0024242 n E T_{i}^{0.5}",
  "coefficients": [
    0.08853770564849378,
    0.006807431952900078,
    0.0024044009843579685,
    -0.008907506780798565,
    7.445362104637786e-07,
    -2.907297467084159e-05,
    0.00010726992174167022,
    1.2907597128349042e-06,
    6.956471824097914e-05,
    -0.001833058584777935,
    -2.269843324990293e-06,
    0.0018702763536965238,
    2.9093670066273207e-05,
    -6.44523302294219e-05,
    -2.2688459386397443e-06,
    3.4956592837787415e-05,
    -9.991764029189846e-06,
    -6.12545678800584e-05,
    -1.9289928396454506e-06,
    -8.935929333024637e-06,
    4.076283392286995e-05,
    -3.464593570211384e-06,
    -2.70238917449683e-06,
    1.7879455548849195e-05,
    6.372995386550488e-05,
    -2.843061485996846e-06,
    2.844658499248201e-05,
    -0.004516837409363632,
    2.258535833136604e-05,
    5.940206552819959e-05,
    0.0016979132986576927,
    0.00015886174911579096,
    0.00028648650015515717,
    0.0001708495277739073,
    4.77515245372879e-05,
    0.00010084395108740939,
    2.8866341602124955e-05,
    1.1903238799072331e-05,
    2.5727128882417135e-05,
    5.018531870128256e-05,
    1.3412837238526744e-05,
    1.8742272535082966e-05,
    1.1395558584783874e-05,
    1.7679666866290993e-05,
    5.989399848794543e-06,
    -0.0020070110951391504,
    -2.4370288089839716e-05,
    0.00015032702231401832,
    -9.965397775395591e-05,
    -3.529825352044276e-05,
    -0.00023927292902341132,
    0.0007462431742511446,
    0.0020246638294876243,
    -2.1024451420985235e-05,
    0.013716999269234103,
    -0.018740084352279442,
    -0.00010412103649914346,
    -3.906099453214694e-05,
    8.352579362403304e-05,
    -7.690752726984485e-05,
    -0.01447251394185815,
    0.00015365503859864383,
    -2.66476345217725e-05,
    4.588800574754764e-05,
    -0.027523204408548847,
    -5.053424725437886e-05,
    -1.8625020207261895e-05,
    1.1287170668372134e-05,
    -0.00012540401405194214,
    1.7569151209312745e-06,
    5.152538349731297e-06,
    -0.011473065373538071,
    -0.0164285269892561,
    7.577436326703177e-05,
    -0.013008858182887002,
    1.16611921873879e-05,
    7.76443606176308e-05,
    -3.268796971203112e-05,
    1.3111705525209618e-05,
    0.0012591834567683275,
    -4.5567094635482786e-06,
    -6.318704792119e-05,
    0.0010114711199656317,
    6.679432850219528e-05,
    0.0008790279178967684,
    0.01964637436456239,
    0.03718740307812837
  ],
  "val_sse_masked": 0.0006211849395185709,
  "val_nrmse_masked": 0.06784073263406754,
  "val_mse_masked": 2.0706165742012672e-05,
  "val_r2_masked": 0.995396077632904,
  "val_sse_full": 0.0006109025562182069,
  "val_nrmse_full": 0.06727690249681473,
  "val_mse_full": 2.0363419025670737e-05,
  "val_r2_full": 0.9954723119735718,
  "iteration": 91,
  "p_lo_eff": 0.12967753410339355,
  "p_hi_eff": 1.9451630115509033,
  "f_lo_eff": 0.20659340918064117,
  "f_hi_eff": 1.6527472734451294
}