{
  "tag": "469_b70fbfb7",
  "lmb1": 0.00015048423336551378,
  "lmb2": 0.0003199630327253152,
  "nonzero_count": 33,
  "complexity_norm": 0.2661290322580645,
  "train_gen_window": 0.04552581975283908,
  "generalizability": 0.040403570423952345,
  "equation": "0.061606 E^{0.5} n P^{-0.5} + 0.00014077 F dT_{i} - 0.0039011 P^{-1} F dT_{e} - 7.6438 \\cdot 10^{-5} P^{-1} F dT_{i} - 0.0026716 P^{-1} F dn + 0.00011011 P dn - 0.017529 T_{e}^{0.5} P^{-1} dn - 0.0047029 T_{e}^{0.5} T_{i}^{0.5} F dn + 8.5826 \\cdot 10^{-5} T_{e}^{0.5} T_{i}^{0.5} P dn - 0.00017589 T_{e}^{0.5} T_{i}^{0.5} dn - 0.00055948 T_{e}^{0.5} dn - 0.05026 T_{e} dn + 0.00016692 T_{i}^{0.5} F dT_{e} - 0.00020929 T_{i}^{0.5} F dn + 8.6489 \\cdot 10^{-5} T_{i}^{0.5} P^{-1} dT_{e} - 0.00011018 T_{i}^{0.5} P^{-1} dn + 0.00065922 T_{i}^{0.5} P dn + 0.00022528 T_{i}^{0.5} dT_{e} + 8.0592 \\cdot 10^{-6} T_{i} P^{-1} dT_{e} + 7.421 \\cdot 10^{-5} T_{i} P^{-1} dn + 0.0084632 T_{i} P dn - 0.01639 n^{-1} F dn + 0.0026145 n^{-1} P^{-1} dn + 0.0021041 n^{-1} dn - 0.010604 n E^{0.5} T_{e}^{0.5} P^{-1} + 0.00019489 n E^{0.5} T_{e}^{0.5} T_{i} - 0.0028001 n E^{0.5} T_{i}^{0.5} F - 0.019323 n E^{0.5} T_{i}^{0.5} P + 0.00016745 n E^{0.5} T_{i} + 0.00057021 n E P^{-1} + 0.0095771 n E T_{e}^{0.5} + 0.03707 n E T_{e}^{0.5} T_{i}^{0.5} + 0.015273 n E T_{i}^{0.5}",
  "coefficients": [
    0.08853770525759574,
    0.005983845493135259,
    0.003152910770580545,
    -0.00834182133120427,
    4.556823369262632e-06,
    -1.0566639529537876e-05,
    7.05816696344152e-05,
    2.221131650601375e-06,
    2.8951060194568257e-05,
    -0.0027101095695682273,
    1.3113292705638734e-06,
    0.0022149591138510088,
    2.313868079359826e-05,
    -6.502690626994933e-05,
    -2.7438206585701193e-06,
    2.0208983937788817e-05,
    -1.6438779555078914e-05,
    -6.488181084411896e-05,
    -2.927331951767846e-06,
    -9.619010721162043e-06,
    2.2072209673262363e-05,
    -7.751798771294179e-06,
    1.5930801090476505e-06,
    1.776032681735434e-05,
    3.651868927773876e-05,
    -8.172987323260338e-06,
    2.9795390681972537e-05,
    -0.004224963204491104,
    2.9521457624762775e-05,
    9.358148948849947e-05,
    0.0004920620796575425,
    0.000863252445814435,
    0.00019954015846788145,
    0.00019507404065378836,
    5.239704404648527e-05,
    8.546863861933436e-05,
    1.585433973301541e-05,
    1.5313052486434863e-05,
    4.0201581465772934e-05,
    5.960113446117839e-05,
    1.1963302849343382e-05,
    2.894818707754011e-05,
    3.1792547727587234e-05,
    4.231810328883985e-05,
    1.7983050863397143e-05,
    -0.003376863557460468,
    -2.2115405529225957e-05,
    0.00012740133762925715,
    -0.00011813558806464537,
    -4.140818085361246e-05,
    -0.00025637329749852425,
    0.0008608941415154921,
    0.00011574137238761724,
    -1.74185658894257e-05,
    0.012663629447971513,
    -0.015801238733237723,
    -0.00036890093495116593,
    -3.4357448873133104e-05,
    2.3966309447635424e-05,
    -0.0001344886147160426,
    -0.005586140860287528,
    0.0001070596569127123,
    -2.4201853484928064e-05,
    1.663490680846821e-05,
    -0.03194606428531929,
    -4.400898016596164e-05,
    -2.099194901856452e-05,
    5.741700836657971e-06,
    -2.762231484079831e-05,
    2.0486893108856957e-06,
    1.1109523640515746e-05,
    -0.002782162782806691,
    -0.020041358905874863,
    0.0001175130367043608,
    -0.00938595621743732,
    1.6796127541621354e-05,
    0.0001332351149887822,
    -1.2680793680457547e-05,
    1.7667003598422686e-05,
    0.0002722080976895654,
    -5.944690905297842e-06,
    -7.180559636974837e-05,
    0.006372586586860874,
    6.141700823233183e-05,
    0.0033606695122827364,
    0.014990488949614309,
    0.030245321654038815
  ],
  "val_sse_masked": 0.0006736635114066303,
  "val_nrmse_masked": 0.07064827531576157,
  "val_mse_masked": 2.245545147161465e-05,
  "val_r2_masked": 0.9950071573257446,
  "val_sse_full": 0.0006742150289937854,
  "val_nrmse_full": 0.07067719101905823,
  "val_mse_full": 2.247383599751629e-05,
  "val_r2_full": 0.9950030446052551,
  "iteration": 469,
  "p_lo_eff": 0.12967753410339355,
  "p_hi_eff": 1.9451630115509033,
  "f_lo_eff": 0.20659340918064117,
  "f_hi_eff": 1.6527472734451294
}