{
  "tag": "128_2b52f4ed",
  "lmb1": 8.526240886734613e-05,
  "lmb2": 2.725062838094407e-05,
  "nonzero_count": 42,
  "complexity_norm": 0.3387096774193548,
  "train_gen_window": 0.03621981894000371,
  "generalizability": 0.031701977425082115,
  "equation": "0.09602 E^{0.5} n P^{-0.5} + 0.00010641 F dT_{i} - 0.004011 P^{-1} F dT_{e} - 2.6003 \\cdot 10^{-5} P^{-1} F dT_{i} - 0.00023309 P^{-1} F dn + 0.00019251 P dn - 0.022237 T_{e}^{0.5} P^{-1} dn - 0.018539 T_{e}^{0.5} T_{i}^{0.5} F dn + 0.00053563 T_{e}^{0.5} T_{i}^{0.5} P^{-1} dn + 0.00037228 T_{e}^{0.5} T_{i}^{0.5} P dn - 0.00017282 T_{e}^{0.5} T_{i}^{0.5} dn - 0.00025288 T_{e}^{0.5} dn + 0.00016968 T_{e} P^{-1} dn + 1.8301 \\cdot 10^{-6} T_{e} P dT_{i} - 0.03917 T_{e} dn + 0.00014575 T_{i}^{0.5} F dT_{e} - 0.0003111 T_{i}^{0.5} F dn + 0.00043508 T_{i}^{0.5} P^{-1} dT_{e} - 0.00021141 T_{i}^{0.5} P^{-1} dn + 0.0026587 T_{i}^{0.5} P dn + 2.0633 \\cdot 10^{-5} T_{i} F dT_{e} + 6.8165 \\cdot 10^{-6} T_{i} P^{-1} dT_{e} + 0.0022199 T_{i} P^{-1} dn + 0.0090223 T_{i} P dn - 0.020448 n^{-1} F dn + 0.0034987 n^{-1} P^{-1} dn + 0.00025276 n^{-1} T_{e}^{0.5} dn + 0.00020109 n^{-1} T_{e} dn - 1.3994 \\cdot 10^{-5} n^{-1} T_{i} dn + 0.0013534 n^{-1} dn - 0.015751 n E^{0.5} - 0.020113 n E^{0.5} T_{e}^{0.5} P^{-1} + 0.00032785 n E^{0.5} T_{e}^{0.5} T_{i} - 0.017464 n E^{0.5} T_{i}^{0.5} F - 0.0086716 n E^{0.5} T_{i}^{0.5} P + 0.00033717 n E^{0.5} T_{i} + 0.0093006 n E P^{-1} - 0.00031561 n E P + 0.0067687 n E T_{e}^{0.5} + 0.033469 n E T_{e}^{0.5} T_{i}^{0.5} + 0.0040568 n E T_{i}^{0.5} + 0.00028887 n E T_{i}",
  "coefficients": [
    0.08853770663749677,
    0.008007513733258661,
    0.0020280413271036527,
    -0.010406990888009988,
    -1.2281702736007914e-05,
    -0.0002629246404722074,
    0.0003878650249094912,
    -6.228630430615659e-06,
    0.0003308764324626304,
    -0.0009219320732688326,
    -2.086688273000534e-05,
    0.001674259838219856,
    5.340254031101461e-05,
    -8.648553119767257e-05,
    -3.4340641962707338e-06,
    6.21753395547019e-05,
    -1.6681912405940513e-06,
    -7.04426468975789e-05,
    -8.115987487897042e-07,
    -7.045578252552335e-06,
    8.021512893627445e-05,
    2.3279296294561713e-06,
    -1.6577601583311304e-05,
    1.9432949962833043e-05,
    0.0001732027678514077,
    6.10860753709214e-06,
    2.9704676408089135e-05,
    -0.004343951294004053,
    -1.2518400186731908e-05,
    1.9720869820381518e-05,
    0.002475332251948906,
    4.860099269120197e-05,
    0.00017424301030541665,
    0.00016499379973086684,
    3.78455335609097e-05,
    0.00010617805616992497,
    5.657168820016082e-05,
    6.3073924573157426e-06,
    1.8275806689640106e-06,
    3.352166782587895e-05,
    1.6526544161466664e-06,
    4.452651386658287e-06,
    -3.610279895535505e-05,
    -9.476271491492355e-06,
    -2.3141010171395682e-05,
    -0.0002946254087730867,
    -2.995484850607986e-05,
    0.00022274438736432888,
    -0.00022668348674897284,
    -5.6168677656085246e-05,
    -0.0003810980917889556,
    0.003472092977260891,
    0.0034622248595787396,
    -4.0849053757832964e-05,
    0.013500083079916604,
    -0.020044540268791825,
    -0.00016674131053060227,
    -5.042652950878532e-05,
    0.0006609463111982285,
    -0.00013213921376140759,
    -0.02202054970092983,
    0.0004643815516769331,
    -5.5518367239222884e-05,
    0.0001771780518478174,
    -0.024896825314784283,
    -6.43061985978678e-05,
    -3.555511207561351e-05,
    1.9990467116722686e-05,
    -0.008694439859779218,
    4.61896932776569e-06,
    6.55318534343705e-06,
    -0.01735237789509266,
    -0.008994070036998977,
    0.0002366220168843574,
    -0.01780213099269061,
    1.7697093479035083e-05,
    0.00022413549255902653,
    -5.9355437967886726e-05,
    2.165484455566964e-05,
    0.004439948551433033,
    -1.1584542107354239e-05,
    -0.0001917222571387915,
    0.0016926137355010931,
    0.0001501561825425635,
    0.0023751880409033795,
    0.013534372760029294,
    0.04714112342435152
  ],
  "val_sse_masked": 0.00054935336811468,
  "val_nrmse_masked": 0.06379783898591995,
  "val_mse_masked": 1.8311780877411366e-05,
  "val_r2_masked": 0.9959284663200378,
  "val_sse_full": 0.0005399444489739835,
  "val_nrmse_full": 0.0632491335272789,
  "val_mse_full": 1.7998148905462585e-05,
  "val_r2_full": 0.995998203754425,
  "iteration": 128,
  "p_lo_eff": 0.12967753410339355,
  "p_hi_eff": 1.9451630115509033,
  "f_lo_eff": 0.20659340918064117,
  "f_hi_eff": 1.6527472734451294
}