{
  "tag": "306_8f84ec17",
  "lmb1": 0.025583908287192744,
  "lmb2": 5.4406299783879994e-08,
  "nonzero_count": 4,
  "complexity_norm": 0.03225806451612903,
  "train_gen_window": 0.22295957928739843,
  "generalizability": 0.23094215687624836,
  "equation": "0.056733 E^{0.5} n P^{-0.5} - 0.010561 P^{-1} F dn - 0.023545 T_{e}^{0.5} T_{i}^{0.5} dn + 0.016602 n E T_{e}^{0.5} T_{i}^{0.5}",
  "coefficients": [
    0.08853770491473312,
    2.6277711358949206e-08,
    3.596948301599573e-08,
    -1.938933227213687e-07,
    5.033460360437522e-08,
    4.726409682738358e-08,
    3.514252664627742e-08,
    4.875722241044234e-08,
    3.501044662627943e-08,
    -2.658604238776527e-09,
    -3.1313548943428936e-08,
    5.2956088647986865e-09,
    -8.573678075071939e-09,
    -2.5862484945117833e-08,
    -2.9131461155245234e-08,
    -3.0841194799608466e-08,
    -2.311214104956032e-08,
    -2.613942650279221e-08,
    -2.921063994260191e-08,
    -2.1758770696891265e-08,
    -3.1096244072873634e-08,
    -2.5795262848366704e-08,
    -3.1703850749855864e-08,
    -7.18982640536128e-09,
    -3.5447805137503724e-08,
    -2.5852804766698255e-08,
    -4.112555806657747e-08,
    -2.2632415766931924e-08,
    -3.778182646702516e-08,
    -1.3729714023978629e-08,
    -2.9145124846111667e-08,
    -2.4576343277269004e-08,
    -1.7900971682530993e-08,
    -1.2303234644575836e-08,
    -4.977013062684263e-09,
    -7.83564099834683e-09,
    -1.8202465969506433e-09,
    -4.0890022364660884e-08,
    -1.495876649272095e-08,
    -1.7737627780844343e-08,
    -2.0316834825127645e-08,
    -3.326558136668103e-09,
    -3.489831285166977e-08,
    -2.0195880579304923e-08,
    -1.889892734397541e-09,
    -0.013349113993812589,
    -8.395487233117613e-07,
    -1.2613447427513346e-07,
    -2.78608838724178e-06,
    -2.7373955483246654e-06,
    -2.1659517354218614e-06,
    -1.4354575379839408e-07,
    -3.9642456778732644e-07,
    -2.1143280903809428e-06,
    -1.4961278254786012e-07,
    -1.5397275707002927e-06,
    -1.9739113988363746e-06,
    -1.1477101801212084e-06,
    -5.611604816872288e-07,
    -0.01800302766536405,
    -5.76094083223522e-06,
    -1.5375015019451585e-07,
    -3.137077654016813e-06,
    -4.6689643934400663e-07,
    -8.193431559197528e-06,
    -1.7434441977727266e-06,
    -3.0544270958405757e-06,
    3.8336562132404365e-07,
    3.395123514675193e-07,
    5.266760984689901e-07,
    6.900414732073138e-07,
    4.6388709382075586e-07,
    9.743954836244593e-08,
    2.3537429886469063e-06,
    2.4022836046097307e-07,
    9.654201159728261e-07,
    8.845704640679531e-06,
    4.881316920431922e-07,
    1.454769140573649e-06,
    1.4688116286006976e-06,
    6.595351473863657e-07,
    1.28678999315057e-07,
    3.526202440607604e-06,
    1.0523293332952758e-06,
    1.652335134547825e-06,
    0.006713534444567255,
    0.02785289018417224
  ],
  "val_sse_masked": 0.0119404848664999,
  "val_nrmse_masked": 0.2974343001842499,
  "val_mse_masked": 0.0003980161854997277,
  "val_r2_masked": 0.9115033745765686,
  "val_sse_full": 0.01189645566046238,
  "val_nrmse_full": 0.2968854010105133,
  "val_mse_full": 0.00039654853753745556,
  "val_r2_full": 0.9118296504020691,
  "iteration": 306,
  "p_lo_eff": 0.12967753410339355,
  "p_hi_eff": 1.9451630115509033,
  "f_lo_eff": 0.20659340918064117,
  "f_hi_eff": 1.6527472734451294
}