{
  "tag": "219_6b19ba98",
  "lmb1": 0.0003470841885436725,
  "lmb2": 0.0001376120065300689,
  "nonzero_count": 22,
  "complexity_norm": 0.1774193548387097,
  "train_gen_window": 0.0505302490292672,
  "generalizability": 0.049588035150930965,
  "equation": "0.053712 E^{0.5} n P^{-0.5} + 9.1066 \\cdot 10^{-6} F dT_{i} - 0.0039362 P^{-1} F dT_{e} - 5.7837 \\cdot 10^{-5} P^{-1} F dT_{i} - 0.0034012 P^{-1} F dn + 0.00024044 P dn - 0.0002555 T_{e}^{0.5} P^{-1} dn - 0.00018239 T_{e}^{0.5} T_{i}^{0.5} dn + 8.0752 \\cdot 10^{-5} T_{e} T_{i}^{0.5} dT_{e} - 0.070568 T_{e} dn - 0.008714 T_{i}^{0.5} P^{-1} dn + 0.0018569 T_{i}^{0.5} P dn + 0.0070361 T_{i} P dn - 0.0043515 n^{-1} F dn + 0.0011375 n^{-1} P^{-1} dn + 0.00025003 n^{-1} dn - 0.0027825 n E^{0.5} T_{e}^{0.5} P^{-1} + 0.0011743 n E^{0.5} T_{e}^{0.5} T_{i} - 0.020922 n E^{0.5} T_{i}^{0.5} P + 0.00075686 n E^{0.5} T_{i} + 0.053691 n E T_{e}^{0.5} T_{i}^{0.5} + 0.001418 n E T_{i}^{0.5}",
  "coefficients": [
    0.08853770260748506,
    0.002603415402371226,
    0.00037466248139370273,
    -0.0022146709300232353,
    1.111297881398003e-06,
    -5.704214594767923e-06,
    1.1943415747746922e-05,
    -2.4326883865937985e-06,
    3.068008453084098e-06,
    -0.0020506114095047005,
    5.098696693074676e-06,
    0.0001432839754763091,
    1.2284583620527848e-05,
    -2.739088914732497e-06,
    2.2019459671186554e-06,
    4.7824889573459e-06,
    -1.0938886079825282e-06,
    -2.54287158267732e-06,
    2.524065261586179e-06,
    1.5902401828124214e-06,
    5.453867485659371e-06,
    3.32856404222832e-07,
    6.934828982930203e-06,
    1.4114101628488825e-05,
    1.0107530181830387e-05,
    3.749837602629353e-07,
    3.840206115937266e-06,
    -0.0042629942492193006,
    1.0987124045912224e-05,
    2.2340910701109417e-05,
    2.267966403638311e-05,
    5.9479667412199824e-05,
    5.875074132555564e-05,
    3.417724076469808e-05,
    2.7507183412238145e-05,
    3.438431609901228e-05,
    8.461122274006491e-06,
    2.724354047537613e-06,
    2.0316658554670032e-05,
    4.0684317807494424e-05,
    9.764796634621276e-06,
    2.3894896756421438e-05,
    2.6824799602725157e-05,
    0.00039397472666271926,
    2.092549232599679e-05,
    -0.004299118731102501,
    -7.020867986732576e-06,
    0.0002782085718335894,
    -0.009343481797401168,
    -3.160273331421261e-05,
    -1.954159714101077e-05,
    0.0024249404189492798,
    6.139611452405425e-07,
    -2.3696412108009367e-05,
    0.010528244348770407,
    -0.00023031333493631702,
    -7.896499719206351e-05,
    -9.419125483902409e-06,
    -1.4194281092272663e-06,
    -0.00013946071994530817,
    -2.6633642559280565e-05,
    6.81421558344088e-05,
    -4.332709821310396e-05,
    3.038270671592951e-08,
    -0.04485402012561766,
    -1.109798300869406e-05,
    -4.986383910931123e-05,
    -1.8374598394397434e-06,
    2.0573542888205837e-07,
    1.0846509064654831e-06,
    1.2774220545359007e-05,
    -6.5678334521639685e-06,
    -0.021699844191886992,
    0.0005311591661964571,
    -0.002462808158770099,
    1.5038013518512035e-05,
    0.0008028136814448313,
    7.232056268928473e-07,
    1.3647790899275152e-05,
    2.3392137725971502e-05,
    5.17606252337187e-07,
    -4.5741665483579865e-05,
    0.0005916194494971168,
    7.694360275752702e-05,
    6.328269505283502e-05,
    0.021711896116806153,
    0.02637014838519911
  ],
  "val_sse_masked": 0.0007735313265584409,
  "val_nrmse_masked": 0.07570403069257736,
  "val_mse_masked": 2.5784378522075713e-05,
  "val_r2_masked": 0.9942669868469238,
  "val_sse_full": 0.0007585582789033651,
  "val_nrmse_full": 0.07496775686740875,
  "val_mse_full": 2.5285276933573186e-05,
  "val_r2_full": 0.9943779706954956,
  "iteration": 219,
  "p_lo_eff": 0.12967753410339355,
  "p_hi_eff": 1.9451630115509033,
  "f_lo_eff": 0.20659340918064117,
  "f_hi_eff": 1.6527472734451294
}