{
  "tag": "29_119b1889",
  "lmb1": 2.9013275242713607e-08,
  "lmb2": 1.0781406140121308e-06,
  "nonzero_count": 86,
  "complexity_norm": 0.6935483870967742,
  "train_gen_window": 0.01340898528369308,
  "generalizability": 0.028419224555525008,
  "equation": "0.17393 E^{0.5} n P^{-0.5} + 0.18513 F dT_{e} + 0.0065201 F dT_{i} + 0.029772 F dn + 0.0013631 P^{-1} F dT_{e} - 0.00012135 P^{-1} F dT_{i} + 0.0091096 P^{-1} F dn - 0.015354 P^{-1} dT_{e} - 0.00088957 P F dT_{i} - 0.03358 P dn - 0.23765 T_{e}^{0.5} F dT_{e} + 0.02532 T_{e}^{0.5} F dn + 0.020141 T_{e}^{0.5} P^{-1} dT_{e} - 0.084114 T_{e}^{0.5} P^{-1} dn + 0.040035 T_{e}^{0.5} T_{i}^{0.5} F dT_{e} - 0.00050901 T_{e}^{0.5} T_{i}^{0.5} F dT_{i} - 0.060894 T_{e}^{0.5} T_{i}^{0.5} F dn + 0.00021762 T_{e}^{0.5} T_{i}^{0.5} P^{-1} dT_{i} + 0.032211 T_{e}^{0.5} T_{i}^{0.5} P^{-1} dn + 0.0026815 T_{e}^{0.5} T_{i}^{0.5} P dT_{e} + 8.6597 \\cdot 10^{-6} T_{e}^{0.5} T_{i}^{0.5} P dT_{i} + 0.0075255 T_{e}^{0.5} T_{i}^{0.5} P dn + 0.00016076 T_{e}^{0.5} T_{i}^{0.5} dT_{i} + 0.16918 T_{e}^{0.5} T_{i}^{0.5} dn - 0.0029953 T_{e}^{0.5} T_{i} dT_{e} + 9.8013 \\cdot 10^{-6} T_{e}^{0.5} T_{i} dT_{i} + 0.021798 T_{e}^{0.5} T_{i} dn - 0.16704 T_{e}^{0.5} dn - 0.0015224 T_{e} F dT_{i} - 0.05599 T_{e} F dn + 0.016772 T_{e} P^{-1} dn + 0.00032549 T_{e} P dT_{i} - 0.0119 T_{e} T_{i}^{0.5} dT_{e} + 0.0025058 T_{e} T_{i} dT_{e} - 9.6326 \\cdot 10^{-6} T_{e} T_{i} dT_{i} + 0.0027187 T_{e} T_{i} dn + 0.011979 T_{e} dT_{e} - 0.0006208 T_{e} dT_{i} + 0.013396 T_{e} dn - 0.00081552 T_{i}^{0.5} F dT_{e} + 0.013597 T_{i}^{0.5} F dn + 0.00050362 T_{i}^{0.5} P^{-1} dT_{e} - 0.00024051 T_{i}^{0.5} P^{-1} dT_{i} + 0.029714 T_{i}^{0.5} P^{-1} dn - 8.582 \\cdot 10^{-5} T_{i}^{0.5} P dT_{i} + 0.077161 T_{i}^{0.5} P dn + 0.0080095 T_{i}^{0.5} dT_{e} + 5.823 \\cdot 10^{-5} T_{i}^{0.5} dT_{i} + 0.0036572 T_{i}^{0.5} dn - 0.0088556 T_{i} F dT_{e} - 1.7476 \\cdot 10^{-5} T_{i} F dT_{i} + 0.00012067 T_{i} P^{-1} dT_{e} - 0.013908 T_{i} P^{-1} dn - 0.0008344 T_{i} P dT_{e} - 0.038896 T_{i} P dn + 0.0018817 T_{i} dT_{e} - 0.058459 T_{i} dn - 0.017312 dT_{e} - 0.00062536 dT_{i} + 0.012169 n^{-1} F dn + 0.0038218 n^{-1} P^{-1} dn - 0.021756 n^{-1} T_{e}^{0.5} T_{i}^{0.5} dn - 0.016274 n^{-1} T_{e}^{0.5} dn + 0.010804 n^{-1} T_{e} dn + 0.019649 n^{-1} T_{i}^{0.5} dn + 0.001282 n^{-1} T_{i} dn - 0.0037499 n^{-1} dn - 0.28392 n E^{0.5} - 0.0784 n E^{0.5} P^{-1} + 0.0039603 n E^{0.5} T_{e}^{0.5} P^{-1} - 0.034947 n E^{0.5} T_{e}^{0.5} T_{i}^{0.5} + 0.023325 n E^{0.5} T_{e}^{0.5} T_{i} - 0.055753 n E^{0.5} T_{e} - 0.0025163 n E^{0.5} T_{e} T_{i}^{0.5} + 0.057385 n E^{0.5} T_{i}^{0.5} - 0.010061 n E^{0.5} T_{i}^{0.5} F + 0.059612 n E^{0.5} T_{i}^{0.5} P^{-1} + 0.017073 n E^{0.5} T_{i}^{0.5} P + 0.16838 n E^{0.5} T_{i} - 0.064741 n E F - 0.035718 n E P^{-1} - 0.015622 n E P + 0.80916 n E T_{e}^{0.5} - 0.52616 n E T_{e}^{0.5} T_{i}^{0.5} - 0.17026 n E T_{i}^{0.5} + 0.065465 n E T_{i}",
  "coefficients": [
    0.08853772345786348,
    0.008747073139436401,
    -0.0056191738817816805,
    0.006193314297759378,
    0.08353719879403482,
    0.02408714233465281,
    -0.02497262159833169,
    -0.10551327775080305,
    0.017776573394342077,
    -0.004302306450052529,
    -0.03755848265596792,
    0.10258726206505608,
    -0.013820315580270193,
    -0.1073092273315508,
    0.02215929566056285,
    -0.036211773629517024,
    -0.012030878717796872,
    0.12071026334833854,
    0.07345157339137698,
    -0.061283578788625365,
    0.004242209700799915,
    0.03119879309466514,
    -0.05421709697711119,
    -0.03639814944705011,
    0.030804333629993186,
    -0.03693057741894418,
    -0.027377940324686934,
    0.0014762866888972381,
    -0.022376065994528016,
    0.06971404657255761,
    0.0028652433711315317,
    0.030691295481837078,
    -0.0009749149216785602,
    0.0029207675744272743,
    0.03243836689382018,
    -0.045570558912855386,
    -0.014786349228573359,
    0.041233575987344284,
    -0.09883516074671428,
    0.054442912804665705,
    0.011810368386825365,
    -0.06015583227469323,
    0.017463506478264917,
    -0.05805873413039064,
    0.059201193223985676,
    0.011514512781513941,
    0.03185089563731294,
    -0.038854179273961675,
    0.03186038005236652,
    0.002899225747995171,
    0.016655884320423864,
    0.10076647110219011,
    -0.021691489407573705,
    -0.05533701915666683,
    -0.058199951710828146,
    -0.07582143500098823,
    -0.1101420159191206,
    0.02617666312501843,
    0.039746526403844185,
    0.12936146715819816,
    -0.07233115515819494,
    0.009387358039625981,
    0.020182918673462058,
    0.017513521479857075,
    0.008514493460401173,
    -0.05608832135555897,
    0.0024947801114604262,
    -0.059941574733440806,
    -0.15671995304491385,
    0.056149373917311285,
    0.035397378624164755,
    -0.009996750585665959,
    0.017708339953744878,
    0.11816865319681405,
    0.003505263916107282,
    -0.02084154092863269,
    0.015946588717027865,
    -0.028669882424670723,
    -0.001459159163440804,
    -0.017051026907264955,
    -0.03695990074962341,
    -0.009489975109940402,
    -0.07103896929772541,
    0.03402949444451961,
    0.28394070877258143,
    -0.21277223644588855,
    0.08538858505554284
  ],
  "val_sse_masked": 0.00012651851284317672,
  "val_nrmse_masked": 0.03061661124229431,
  "val_mse_masked": 4.217284185870085e-06,
  "val_r2_masked": 0.9990622997283936,
  "val_sse_full": 0.00012651851284317672,
  "val_nrmse_full": 0.03061661124229431,
  "val_mse_full": 4.217284185870085e-06,
  "val_r2_full": 0.9990622997283936,
  "iteration": 29,
  "p_lo_eff": 0.12967753410339355,
  "p_hi_eff": 1.9451630115509033,
  "f_lo_eff": 0.20659340918064117,
  "f_hi_eff": 1.6527472734451294
}