{
  "tag": "295_3e52b1c6",
  "lmb1": 1.097170487442388e-05,
  "lmb2": 1.9039697496133333e-08,
  "nonzero_count": 80,
  "complexity_norm": 0.6451612903225806,
  "train_gen_window": 0.025704474062479245,
  "generalizability": 0.0280472214299335,
  "equation": "0.11459 E^{0.5} n P^{-0.5} - 0.00028983 F dT_{e} + 0.0015465 F dT_{i} - 0.00068226 F dn - 0.00091258 P^{-1} F dT_{e} + 6.2687 \\cdot 10^{-5} P^{-1} F dT_{i} + 0.00010446 P^{-1} dT_{e} + 8.7125 \\cdot 10^{-6} P F dT_{i} - 0.00070273 P dn - 0.0023008 T_{e}^{0.5} F dT_{e} - 0.0016666 T_{e}^{0.5} F dn + 5.8797 \\cdot 10^{-5} T_{e}^{0.5} P^{-1} dT_{e} - 0.054936 T_{e}^{0.5} P^{-1} dn + 0.0012447 T_{e}^{0.5} T_{i}^{0.5} F dT_{e} - 3.2427 \\cdot 10^{-6} T_{e}^{0.5} T_{i}^{0.5} F dT_{i} - 0.012216 T_{e}^{0.5} T_{i}^{0.5} F dn - 1.6882 \\cdot 10^{-6} T_{e}^{0.5} T_{i}^{0.5} P^{-1} dT_{i} + 0.018479 T_{e}^{0.5} T_{i}^{0.5} P^{-1} dn + 0.00058177 T_{e}^{0.5} T_{i}^{0.5} P dT_{e} + 2.2144 \\cdot 10^{-6} T_{e}^{0.5} T_{i}^{0.5} P dT_{i} + 0.00074356 T_{e}^{0.5} T_{i}^{0.5} P dn + 0.00016373 T_{e}^{0.5} T_{i}^{0.5} dn - 7.4521 \\cdot 10^{-5} T_{e}^{0.5} T_{i} dT_{e} + 0.0013227 T_{e}^{0.5} T_{i} dn - 0.047742 T_{e}^{0.5} dn - 9.1938 \\cdot 10^{-6} T_{e} F dT_{i} - 0.0036785 T_{e} F dn + 0.025418 T_{e} P^{-1} dn + 2.2069 \\cdot 10^{-5} T_{e} P dT_{i} - 0.00017608 T_{e} T_{i}^{0.5} dT_{e} - 0.00013424 T_{e} T_{i} dT_{e} + 0.0075201 T_{e} T_{i} dn - 0.0038066 T_{e} dT_{e} - 0.00029719 T_{e} dT_{i} - 0.016322 T_{e} dn + 0.0012173 T_{i}^{0.5} F dT_{e} - 0.0013713 T_{i}^{0.5} F dn + 0.0014564 T_{i}^{0.5} P^{-1} dT_{e} - 4.6774 \\cdot 10^{-6} T_{i}^{0.5} P^{-1} dT_{i} - 0.0017552 T_{i}^{0.5} P^{-1} dn + 1.2419 \\cdot 10^{-6} T_{i}^{0.5} P dT_{i} + 0.00026894 T_{i}^{0.5} P dn - 4.3875 \\cdot 10^{-5} T_{i}^{0.5} dT_{e} - 3.4036 \\cdot 10^{-7} T_{i}^{0.5} dT_{i} + 5.4391 \\cdot 10^{-5} T_{i} F dT_{e} - 4.887 \\cdot 10^{-7} T_{i} F dT_{i} + 0.00010021 T_{i} P^{-1} dn + 2.9051 \\cdot 10^{-5} T_{i} P dT_{e} + 0.012419 T_{i} P dn - 4.0865 \\cdot 10^{-5} T_{i} dT_{e} + 0.00097343 T_{i} dn - 0.000103 dT_{e} - 4.108 \\cdot 10^{-5} dT_{i} - 0.0020317 n^{-1} F dn + 0.0034131 n^{-1} P^{-1} dn - 0.00038882 n^{-1} T_{e}^{0.5} T_{i}^{0.5} dn - 0.00036977 n^{-1} T_{e}^{0.5} dn - 0.00032889 n^{-1} T_{e} dn - 0.00015125 n^{-1} T_{i}^{0.5} dn - 0.00048532 n^{-1} T_{i} dn - 0.00012381 n^{-1} dn - 0.11307 n E^{0.5} - 0.00042039 n E^{0.5} P^{-1} - 0.024743 n E^{0.5} T_{e}^{0.5} P^{-1} + 0.00072682 n E^{0.5} T_{e}^{0.5} T_{i}^{0.5} + 0.0698 n E^{0.5} T_{e}^{0.5} T_{i} - 0.00024852 n E^{0.5} T_{e} + 0.002056 n E^{0.5} T_{e} T_{i}^{0.5} + 0.000331 n E^{0.5} T_{i}^{0.5} - 0.023125 n E^{0.5} T_{i}^{0.5} F + 0.0039005 n E^{0.5} T_{i}^{0.5} P^{-1} + 0.0029966 n E^{0.5} T_{i}^{0.5} P + 0.0089097 n E^{0.5} T_{i} - 0.00048013 n E F + 0.019291 n E P^{-1} - 0.00045704 n E P + 0.051334 n E T_{e}^{0.5} - 0.00049793 n E T_{e}^{0.5} T_{i}^{0.5} - 0.00025883 n E T_{i}^{0.5} - 0.03605 n E T_{i}",
  "coefficients": [
    0.0885377118981559,
    0.007811611513935364,
    -0.00018552111535480987,
    -0.0010340014926781857,
    -0.0006430289263954065,
    -0.00911855682926284,
    -0.0005674154972351616,
    -0.0018857569532075612,
    -0.0005411604409589928,
    0.002222557978788825,
    -0.002467242477401836,
    0.02433340537043005,
    0.00013535704086495236,
    -0.0020869531900589156,
    -0.00012952380390608158,
    0.0005240032165970346,
    -0.0003364218331295435,
    -0.0009364261213959577,
    -4.708372075380173e-05,
    -0.0003904177290729659,
    0.0010847937727714327,
    -9.295539365497264e-05,
    -0.025954606797215198,
    -0.00021981458439679954,
    0.002088670795747566,
    1.4233510877875347e-05,
    0.00018625879551516903,
    -0.0009883467205021776,
    -0.0001331206978630731,
    -0.00010914084449941566,
    0.008285651927561416,
    -0.000168122902564621,
    0.0014552780216843255,
    9.180171605607153e-05,
    -0.0007044558435474046,
    0.0002798911540735818,
    0.0005148061378330689,
    0.00012036822213767605,
    -0.0009568694311991767,
    0.0016925955076315768,
    0.002562392094364612,
    -0.0014966491825002723,
    -0.0055496139172851984,
    -0.0008590407114358973,
    -0.003171645230884294,
    -2.3568149431726394e-08,
    -0.0007299156993744332,
    -0.0008131020016331627,
    -0.0018820193354856238,
    8.547343640689749e-05,
    -0.0016798354380557824,
    0.00035121667195494753,
    0.00015628837182050077,
    0.000921440803015641,
    0.018582474466577743,
    -0.04952049031010207,
    -0.031479554439950055,
    -0.0017230230648977657,
    0.022802892980399888,
    0.00012519230210023685,
    -0.0145099075457149,
    0.0009275238547998922,
    0.001224709520121591,
    0.026541083130833098,
    -0.010374807704192099,
    -0.003684969583106587,
    0.0069006213895618585,
    -0.00032141500316030847,
    -0.0624163499754069,
    0.003673921604011657,
    0.00020417730309701046,
    -0.022977401095924506,
    0.0031080730227892196,
    0.006252788129984536,
    -0.021899750422139427,
    0.0004334495763794554,
    0.047719233585278215,
    -0.00012779547994177186,
    0.0011922310113241655,
    0.009208978444068589,
    -0.000274101118742468,
    -0.0002776349934762752,
    -0.000107993753411806,
    -0.01873905971564269,
    0.018013523256226623,
    -0.00020135679397591916,
    0.0562574098420098
  ],
  "val_sse_masked": 0.0002491044288035482,
  "val_nrmse_masked": 0.04296064376831055,
  "val_mse_masked": 8.303481081384234e-06,
  "val_r2_masked": 0.9981537461280823,
  "val_sse_full": 0.00024889555061236024,
  "val_nrmse_full": 0.042942628264427185,
  "val_mse_full": 8.296518899442162e-06,
  "val_r2_full": 0.9981552958488464,
  "iteration": 295,
  "p_lo_eff": 0.12967753410339355,
  "p_hi_eff": 1.9451630115509033,
  "f_lo_eff": 0.20659340918064117,
  "f_hi_eff": 1.6527472734451294
}