{
  "tag": "393_301ec8b8",
  "lmb1": 2.678992505300681e-07,
  "lmb2": 0.024611551297234264,
  "nonzero_count": 78,
  "complexity_norm": 0.6290322580645161,
  "train_gen_window": 0.06062783116194903,
  "generalizability": 0.04555713011499088,
  "equation": "0.023626 E^{0.5} n P^{-0.5} + 0.0013388 F dT_{e} + 0.0002918 F dT_{i} - 0.0027134 F dn - 0.0034481 P^{-1} F dT_{e} - 0.00014823 P^{-1} F dT_{i} - 0.0044018 P^{-1} F dn - 9.0908 \\cdot 10^{-5} P^{-1} dT_{e} + 6.055 \\cdot 10^{-5} P F dT_{i} + 0.0027998 P dn + 0.0010216 T_{e}^{0.5} F dT_{e} - 0.0032155 T_{e}^{0.5} F dn - 0.00010135 T_{e}^{0.5} P^{-1} dT_{e} - 0.0075619 T_{e}^{0.5} P^{-1} dn + 2.1308 \\cdot 10^{-6} T_{e}^{0.5} T_{i}^{0.5} F dT_{i} - 0.0021245 T_{e}^{0.5} T_{i}^{0.5} F dn - 1.3755 \\cdot 10^{-6} T_{e}^{0.5} T_{i}^{0.5} P^{-1} dT_{i} + 0.0007266 T_{e}^{0.5} T_{i}^{0.5} P^{-1} dn + 2.722 \\cdot 10^{-5} T_{e}^{0.5} T_{i}^{0.5} P dT_{e} + 0.0035624 T_{e}^{0.5} T_{i}^{0.5} P dn - 0.0070967 T_{e}^{0.5} T_{i}^{0.5} dn - 7.7318 \\cdot 10^{-8} T_{e}^{0.5} T_{i} dT_{i} - 0.0010884 T_{e}^{0.5} T_{i} dn - 0.012744 T_{e}^{0.5} dn + 9.4069 \\cdot 10^{-5} T_{e} F dT_{i} - 0.0034463 T_{e} F dn + 0.0003631 T_{e} P^{-1} dn + 5.2614 \\cdot 10^{-6} T_{e} P dT_{i} + 6.3102 \\cdot 10^{-5} T_{e} T_{i}^{0.5} dT_{e} - 1.3494 \\cdot 10^{-5} T_{e} T_{i} dT_{e} - 0.00081989 T_{e} T_{i} dn + 0.00029524 T_{e} dT_{e} + 1.4933 \\cdot 10^{-6} T_{e} dT_{i} - 0.01405 T_{e} dn - 0.0018853 T_{i}^{0.5} F dn + 0.00011307 T_{i}^{0.5} P^{-1} dT_{e} - 1.9036 \\cdot 10^{-6} T_{i}^{0.5} P^{-1} dT_{i} - 0.004891 T_{i}^{0.5} P^{-1} dn - 7.1722 \\cdot 10^{-7} T_{i}^{0.5} P dT_{i} + 0.0036133 T_{i}^{0.5} P dn + 0.00019235 T_{i}^{0.5} dT_{e} - 8.0138 \\cdot 10^{-7} T_{i}^{0.5} dT_{i} - 0.0061247 T_{i}^{0.5} dn - 6.5366 \\cdot 10^{-5} T_{i} F dT_{e} - 2.5206 \\cdot 10^{-7} T_{i} F dT_{i} + 0.0019283 T_{i} P^{-1} dn + 5.2293 \\cdot 10^{-5} T_{i} P dT_{e} + 0.0044815 T_{i} P dn + 2.43 \\cdot 10^{-5} T_{i} dT_{e} - 0.0008214 T_{i} dn - 5.7213 \\cdot 10^{-6} dT_{i} - 0.019423 n^{-1} F dn + 0.001765 n^{-1} P^{-1} dn + 0.00025843 n^{-1} T_{e}^{0.5} T_{i}^{0.5} dn + 0.0013094 n^{-1} T_{e}^{0.5} dn + 0.00086545 n^{-1} T_{e} dn + 0.00042783 n^{-1} T_{i}^{0.5} dn + 1.4992 \\cdot 10^{-5} n^{-1} T_{i} dn + 0.0018 n^{-1} dn + 0.0016215 n E^{0.5} + 0.0047691 n E^{0.5} P^{-1} - 0.0040111 n E^{0.5} T_{e}^{0.5} P^{-1} + 0.0045965 n E^{0.5} T_{e}^{0.5} T_{i}^{0.5} + 0.0034554 n E^{0.5} T_{e}^{0.5} T_{i} + 0.0032371 n E^{0.5} T_{e} + 0.0044886 n E^{0.5} T_{e} T_{i}^{0.5} + 0.0038118 n E^{0.5} T_{i}^{0.5} - 0.0053522 n E^{0.5} T_{i}^{0.5} F + 0.0011475 n E^{0.5} T_{i}^{0.5} P^{-1} - 0.010516 n E^{0.5} T_{i}^{0.5} P + 0.0033792 n E^{0.5} T_{i} - 0.00045369 n E F + 0.0081105 n E P^{-1} - 0.0071066 n E P + 0.020432 n E T_{e}^{0.5} + 0.012482 n E T_{e}^{0.5} T_{i}^{0.5} + 0.012397 n E T_{i}^{0.5} + 0.00342 n E T_{i}",
  "coefficients": [
    0.08853770633880037,
    0.00403950333926025,
    0.0026972965888544115,
    -0.00988534879315986,
    0.0018188711938312702,
    0.0002816859489748885,
    0.002009205643075433,
    0.0012533767607685875,
    0.0014240328390730025,
    -0.005255625721713723,
    -0.0003436181994493498,
    0.004591171318417842,
    0.0009406989547490197,
    -0.0008493698846729555,
    -0.00030496308495949614,
    -0.00030263125524962464,
    -0.00017351815865572495,
    -0.0007629309095032594,
    -6.941088276577606e-05,
    0.00025654925917577287,
    7.001239022554409e-05,
    -0.0002461116711725969,
    0.00013041577663210763,
    0.0022490938631911147,
    0.0004979456895736478,
    -4.1798721601059297e-05,
    -0.0001621008022191818,
    -0.0037343896628124415,
    5.412824744957176e-05,
    0.0005041295472187901,
    0.0006432739499020804,
    0.0007370729640223742,
    4.190180150602518e-05,
    8.999639391919778e-05,
    0.0004188937632965961,
    -0.000336370248248348,
    0.0009266811718115602,
    -0.00020747398914759685,
    0.00042488180146225615,
    -7.396352366254716e-05,
    0.00011988909324082975,
    5.085765528677587e-05,
    0.00043042080824190476,
    0.0003078603836790192,
    -0.0003188139037502563,
    -0.0055638361512500515,
    -0.002902896344062593,
    0.0032395898856279887,
    -0.005244313304126384,
    -0.004855345287796859,
    -0.0023095059007161925,
    0.004718647964408819,
    0.0030075277469923563,
    -0.0007775312702530991,
    0.006705770521274398,
    -0.006816442211673303,
    -0.008402803209388875,
    -0.003324324676685853,
    0.0008965935525987526,
    -0.005426346853380927,
    -0.002523556300378968,
    0.0044438032961480675,
    -0.0010077458191485311,
    0.0003791451555155041,
    -0.008930264220855036,
    -0.0034523273446202835,
    -0.0007523501582858624,
    0.0036462740590353718,
    0.0008950359516854481,
    0.0010808720735938707,
    0.002351312195669822,
    -0.005317976515108902,
    -0.010907619099943297,
    0.0023714992980173044,
    -0.003550233057604206,
    0.0027411807857412804,
    0.002362319760580373,
    0.0016645818216623962,
    0.0026029142042696893,
    0.0038718004366776818,
    -0.00025900710400319354,
    -0.004316982395741346,
    0.0051724618086173985,
    0.00177774921849453,
    0.007169702482694586,
    0.005047501372416979,
    0.011599296380566719
  ],
  "val_sse_masked": 0.0008036340586841106,
  "val_nrmse_masked": 0.07716301828622818,
  "val_mse_masked": 2.6787804017658345e-05,
  "val_r2_masked": 0.9940438866615295,
  "val_sse_full": 0.000805938383564353,
  "val_nrmse_full": 0.07727357000112534,
  "val_mse_full": 2.6864614483201876e-05,
  "val_r2_full": 0.994026780128479,
  "iteration": 393,
  "p_lo_eff": 0.12967753410339355,
  "p_hi_eff": 1.9451630115509033,
  "f_lo_eff": 0.20659340918064117,
  "f_hi_eff": 1.6527472734451294
}