{
  "tag": "453_4c478f06",
  "lmb1": 0.1,
  "lmb2": 6.941860937746315e-08,
  "nonzero_count": 2,
  "complexity_norm": 0.016129032258064516,
  "train_gen_window": 0.5955914023644211,
  "generalizability": 0.5810421588682076,
  "equation": "0.034996 E^{0.5} n P^{-0.5} + 0.0070209 n E^{0.5} T_{e}^{0.5} T_{i}",
  "coefficients": [
    0.08853770169833225,
    1.5703854146686062e-09,
    5.232774268107064e-09,
    -4.55953754853827e-08,
    6.938549527566092e-09,
    6.75946988503177e-09,
    4.576859574642112e-09,
    6.523076303216887e-09,
    4.081446872585023e-09,
    4.463857773084609e-09,
    -5.38762061815988e-09,
    1.9367197362610547e-09,
    -1.5033617675062245e-10,
    -4.1190011562262066e-09,
    -5.069315455863302e-09,
    -5.27549737871016e-09,
    -4.0214098316058516e-09,
    -4.0617248213180625e-09,
    -5.037421533693023e-09,
    -3.4708354107182645e-09,
    -5.31264374411695e-09,
    -4.540955442038591e-09,
    -5.225957287000459e-09,
    1.8605694291718984e-10,
    -5.754780153505422e-09,
    -4.520449222196885e-09,
    -3.016552424962226e-09,
    2.616995466839879e-09,
    -4.877479907388508e-09,
    1.0745336399705649e-09,
    -1.7256777911550205e-09,
    -2.330089716868645e-09,
    -1.3454588070176056e-10,
    1.37236883894351e-10,
    6.64215063142646e-10,
    7.610784242743409e-10,
    8.850590643157427e-10,
    -2.494363163179652e-09,
    1.3293130379900087e-09,
    6.113346138066854e-11,
    -2.03454900342713e-09,
    9.059892448856257e-10,
    -3.8983642698000344e-09,
    -1.4900247914326357e-09,
    1.1045624575891084e-09,
    -3.292923273222474e-07,
    -4.311502822913736e-07,
    -6.382602864504648e-08,
    -1.4456461911132908e-07,
    -4.5730318075870096e-07,
    -1.0327580759672442e-06,
    -6.854834583950458e-08,
    -7.061941076903161e-08,
    -3.1747839878505085e-07,
    -6.805157179811401e-08,
    -1.4304628529583062e-07,
    -5.580005891837893e-07,
    -7.005380059725753e-07,
    -9.025158408830995e-08,
    -1.0573805473862397e-06,
    -8.520033513603078e-06,
    -7.317114348380529e-08,
    -3.8668966788356933e-07,
    -8.776343291151873e-08,
    -2.0169785120527476e-06,
    -1.878315893282848e-06,
    -3.9666850004811065e-07,
    8.812753083618789e-08,
    1.7314550638855224e-07,
    9.888944598158227e-08,
    3.522475597116808e-07,
    2.824394618360234e-07,
    5.812434824896724e-08,
    1.1157316844154787e-06,
    6.297209452140397e-08,
    6.029836410157807e-07,
    0.004799898950203234,
    2.9906118503137176e-07,
    1.610928250126829e-06,
    1.660979844698264e-07,
    4.0159842519135184e-07,
    6.949230161931079e-08,
    1.159789476596939e-06,
    2.431389381120515e-07,
    9.852141044314547e-07,
    6.163180401860451e-05,
    0.017181335653579655
  ],
  "val_sse_masked": 0.07657948136329651,
  "val_nrmse_masked": 0.7532449960708618,
  "val_mse_masked": 0.0025526494719088078,
  "val_r2_masked": 0.4324328303337097,
  "val_sse_full": 0.07638944685459137,
  "val_nrmse_full": 0.7523097991943359,
  "val_mse_full": 0.0025463150814175606,
  "val_r2_full": 0.4338412284851074,
  "iteration": 453,
  "p_lo_eff": 0.12967753410339355,
  "p_hi_eff": 1.9451630115509033,
  "f_lo_eff": 0.20659340918064117,
  "f_hi_eff": 1.6527472734451294
}