{
  "tag": "42_3ad61631",
  "lmb1": 0.0008591090590779215,
  "lmb2": 4.476957211144448e-07,
  "nonzero_count": 17,
  "complexity_norm": 0.13709677419354838,
  "train_gen_window": 0.060930205439355116,
  "generalizability": 0.062073176752069706,
  "equation": "0.054424 E^{0.5} n P^{-0.5} - 0.0038207 P^{-1} F dT_{e} - 7.6098 \\cdot 10^{-5} P^{-1} F dT_{i} - 0.0022412 P^{-1} F dn + 0.00033007 P dn - 9.8334 \\cdot 10^{-5} T_{e}^{0.5} T_{i}^{0.5} F dn - 0.0023834 T_{e}^{0.5} T_{i}^{0.5} dn - 0.061584 T_{e} dn - 0.0097917 T_{i}^{0.5} P^{-1} dn + 0.00010226 T_{i}^{0.5} P dn + 0.0036305 T_{i} P dn + 0.00024754 n^{-1} P^{-1} dn + 0.0084131 n E^{0.5} T_{e}^{0.5} T_{i} - 0.021428 n E^{0.5} T_{i}^{0.5} P + 0.00090481 n E^{0.5} T_{i} + 0.038627 n E T_{e}^{0.5} T_{i}^{0.5} + 0.00029928 n E T_{i}^{0.5}",
  "coefficients": [
    0.0885377032651819,
    0.0005665419613219798,
    1.314768140136509e-05,
    -9.94983576129717e-06,
    8.538901895247189e-06,
    7.018810194653989e-06,
    5.840969184109339e-06,
    4.860201701353393e-06,
    3.3254824054869764e-06,
    -0.0026980474533510167,
    -3.3160450582459312e-06,
    8.467228093239053e-07,
    -2.4162463513313745e-06,
    -3.7167166745831844e-06,
    -5.25722412630093e-06,
    -9.448745436581662e-06,
    -4.464893562269937e-06,
    -3.341227411904634e-06,
    -4.637943145186866e-06,
    -2.7321182551734036e-06,
    -8.464555385383412e-06,
    -5.65166589941487e-06,
    -2.462212563481055e-06,
    -3.37444327241395e-07,
    -5.641630515726794e-06,
    -5.138658865843562e-06,
    -1.7308184029934477e-06,
    -0.004137937062328262,
    1.3661384599128519e-06,
    1.397515647434177e-06,
    5.581473000561217e-07,
    4.415887990209212e-06,
    2.151476763032083e-06,
    2.3657342132560237e-06,
    8.105414960107779e-06,
    3.6652856973079083e-06,
    8.668580005861148e-06,
    -1.9033643506655514e-06,
    1.276339106664832e-06,
    2.157684764407533e-06,
    4.529735953571125e-06,
    8.66475828636324e-06,
    2.7415677899702242e-06,
    6.3939301722590765e-06,
    8.999574297155316e-06,
    -0.002832832531719168,
    -6.557700669494384e-06,
    0.00038190688205329775,
    -0.010499015917582065,
    -3.517916181991639e-05,
    -4.027742014525339e-05,
    0.000133546912570793,
    -2.4644374485435673e-06,
    -1.7814976448380413e-05,
    0.0054323226899824165,
    -1.3771789552836423e-05,
    -3.2528207284996945e-05,
    -8.981058296728651e-06,
    -2.8343803689421635e-06,
    -0.0018224436407686896,
    -0.0001168029966241346,
    2.5038732789499195e-05,
    -3.0113566631308156e-05,
    -1.0910962630907385e-06,
    -0.039144052993485605,
    -1.1428173800434002e-05,
    -2.8011511738525575e-05,
    -2.1427199486131568e-07,
    1.8610271784248935e-06,
    1.3220222767846855e-06,
    8.909571214324803e-06,
    1.3885222893023016e-06,
    -0.022224892381360998,
    0.0006349857553504778,
    -5.895956353187984e-06,
    1.0586217996838483e-05,
    0.005751680855520744,
    2.0489140517985524e-06,
    9.80417118908687e-06,
    7.091996477303631e-06,
    3.306046207738571e-06,
    -2.6078505728713684e-05,
    0.0001248696634619778,
    1.2808557278451069e-05,
    2.2127468269556526e-05,
    0.015620212415891942,
    0.02671952083290605
  ],
  "val_sse_masked": 0.001017770729959011,
  "val_nrmse_masked": 0.0868370458483696,
  "val_mse_masked": 3.392569487914443e-05,
  "val_r2_masked": 0.9924567937850952,
  "val_sse_full": 0.0009945373749360442,
  "val_nrmse_full": 0.08584018051624298,
  "val_mse_full": 3.315124922664836e-05,
  "val_r2_full": 0.9926289916038513,
  "iteration": 42,
  "p_lo_eff": 0.12967753410339355,
  "p_hi_eff": 1.9451630115509033,
  "f_lo_eff": 0.20659340918064117,
  "f_hi_eff": 1.6527472734451294
}