{
  "tag": "131_cf311c80",
  "lmb1": 2.3185216949118968e-07,
  "lmb2": 0.1,
  "nonzero_count": 81,
  "complexity_norm": 0.6532258064516129,
  "train_gen_window": 0.07977525349040011,
  "generalizability": 0.07192980646039229,
  "equation": "0.014844 E^{0.5} n P^{-0.5} + 0.0013578 F dT_{e} + 0.00014807 F dT_{i} - 0.0022786 F dn - 0.0036979 P^{-1} F dT_{e} - 0.00012209 P^{-1} F dT_{i} - 0.0036675 P^{-1} F dn - 0.00049175 P^{-1} dT_{e} + 5.7208 \\cdot 10^{-5} P F dT_{i} + 0.0033514 P dn + 0.00084421 T_{e}^{0.5} F dT_{e} - 0.0025884 T_{e}^{0.5} F dn - 0.00049139 T_{e}^{0.5} P^{-1} dT_{e} - 0.0049246 T_{e}^{0.5} P^{-1} dn - 8.3734 \\cdot 10^{-5} T_{e}^{0.5} T_{i}^{0.5} F dT_{e} + 1.0621 \\cdot 10^{-6} T_{e}^{0.5} T_{i}^{0.5} F dT_{i} - 0.0022609 T_{e}^{0.5} T_{i}^{0.5} F dn - 6.9187 \\cdot 10^{-7} T_{e}^{0.5} T_{i}^{0.5} P^{-1} dT_{i} - 0.0006211 T_{e}^{0.5} T_{i}^{0.5} P^{-1} dn - 5.6174 \\cdot 10^{-7} T_{e}^{0.5} T_{i}^{0.5} P dT_{i} + 0.0029238 T_{e}^{0.5} T_{i}^{0.5} P dn - 0.0060306 T_{e}^{0.5} T_{i}^{0.5} dn + 1.3354 \\cdot 10^{-5} T_{e}^{0.5} T_{i} dT_{e} - 6.6687 \\cdot 10^{-8} T_{e}^{0.5} T_{i} dT_{i} - 0.0031644 T_{e}^{0.5} T_{i} dn - 0.0081071 T_{e}^{0.5} dn + 4.2593 \\cdot 10^{-5} T_{e} F dT_{i} - 0.0027744 T_{e} F dn - 0.00095188 T_{e} P^{-1} dn - 1.9677 \\cdot 10^{-6} T_{e} P dT_{i} + 0.00013478 T_{e} T_{i}^{0.5} dT_{e} + 1.2924 \\cdot 10^{-5} T_{e} T_{i} dT_{e} - 4.6128 \\cdot 10^{-8} T_{e} T_{i} dT_{i} - 0.0028963 T_{e} T_{i} dn + 0.00060704 T_{e} dT_{e} + 3.1885 \\cdot 10^{-6} T_{e} dT_{i} - 0.0087929 T_{e} dn - 0.0020991 T_{i}^{0.5} F dn - 5.7292 \\cdot 10^{-5} T_{i}^{0.5} P^{-1} dT_{e} - 8.4159 \\cdot 10^{-7} T_{i}^{0.5} P^{-1} dT_{i} - 0.0036089 T_{i}^{0.5} P^{-1} dn - 9.5708 \\cdot 10^{-7} T_{i}^{0.5} P dT_{i} + 0.0029978 T_{i}^{0.5} P dn + 0.00011054 T_{i}^{0.5} dT_{e} - 2.9103 \\cdot 10^{-7} T_{i}^{0.5} dT_{i} - 0.0055 T_{i}^{0.5} dn - 5.3261 \\cdot 10^{-5} T_{i} F dT_{e} - 3.099 \\cdot 10^{-7} T_{i} F dT_{i} - 8.6381 \\cdot 10^{-6} T_{i} P^{-1} dT_{e} + 0.00020385 T_{i} P^{-1} dn + 0.0028727 T_{i} P dn + 1.2963 \\cdot 10^{-5} T_{i} dT_{e} - 0.0030916 T_{i} dn + 0.00028898 dT_{e} + 1.8802 \\cdot 10^{-6} dT_{i} - 0.011954 n^{-1} F dn + 0.0013059 n^{-1} P^{-1} dn + 0.00023144 n^{-1} T_{e}^{0.5} T_{i}^{0.5} dn + 0.00071464 n^{-1} T_{e}^{0.5} dn + 0.00036879 n^{-1} T_{e} dn + 0.00038094 n^{-1} T_{i}^{0.5} dn + 5.5283 \\cdot 10^{-5} n^{-1} T_{i} dn + 0.0011433 n^{-1} dn + 0.0024936 n E^{0.5} + 0.0043717 n E^{0.5} P^{-1} + 0.004378 n E^{0.5} T_{e}^{0.5} T_{i}^{0.5} + 0.0041433 n E^{0.5} T_{e}^{0.5} T_{i} + 0.0034875 n E^{0.5} T_{e} + 0.0043845 n E^{0.5} T_{e} T_{i}^{0.5} + 0.0039387 n E^{0.5} T_{i}^{0.5} - 0.00095891 n E^{0.5} T_{i}^{0.5} F + 0.0020173 n E^{0.5} T_{i}^{0.5} P^{-1} - 0.0070657 n E^{0.5} T_{i}^{0.5} P + 0.0041019 n E^{0.5} T_{i} + 0.001521 n E F + 0.0068597 n E P^{-1} - 0.0073719 n E P + 0.012063 n E T_{e}^{0.5} + 0.009386 n E T_{e}^{0.5} T_{i}^{0.5} + 0.0092456 n E T_{i}^{0.5} + 0.0050184 n E T_{i}",
  "coefficients": [
    0.08853770492290747,
    0.002988787989183228,
    0.0017132153535178093,
    -0.006083787648540617,
    0.0016195051656185538,
    0.0010386998266105202,
    0.0010966195727867764,
    0.001122462080614589,
    0.0006068195897988016,
    -0.004328801019687696,
    0.00011292055991177219,
    0.0023297731167048544,
    0.0008887744730756778,
    -0.0003755015943280454,
    -0.00011075043514036792,
    -0.00040384119352981224,
    -0.00021333866098371956,
    -0.0003837653414267561,
    -3.8088379306688847e-05,
    0.00012788012432452672,
    -0.000275184784429984,
    -0.00021227145600896669,
    0.0002784605553603492,
    0.0010183502340887912,
    -0.00018622172899054185,
    -0.00017685157538801372,
    -0.0008768602217582577,
    -0.00400490356346192,
    0.0003735011561436345,
    0.0005113120857237682,
    -0.0003259540000394093,
    0.0004235791518515872,
    -9.87686311452532e-05,
    -0.00020908409238826545,
    0.0002234586526048618,
    -0.00027407697993932917,
    2.2828804959174748e-05,
    -0.0010059648488969924,
    0.0003510944579745434,
    -0.0001138682224547452,
    -6.78540421645002e-05,
    0.00026819842834666097,
    0.000884997555096495,
    0.0006575686121273044,
    0.00030534662273014324,
    -0.004635722805085424,
    -0.002437747516651413,
    0.0038777720269891625,
    -0.003869582927336572,
    -0.004360094565508926,
    -0.002571331780722122,
    0.003914873955223996,
    0.00031793379375398556,
    -0.002926432441145585,
    0.004298381442489417,
    -0.004439068937689208,
    -0.005345533250745771,
    -0.0026759720077391275,
    -0.0007664126738470382,
    -0.00461119128301217,
    -0.0026855581282470703,
    0.003647225651629983,
    -0.0029298674299409327,
    -0.0009939347077261018,
    -0.005588940960004354,
    -0.0027792457236974766,
    -0.002657761320274052,
    0.0033424564330515744,
    0.0013764448693513107,
    0.0019001361556886393,
    0.0024295567399231777,
    -0.0009527875268460773,
    -0.007328512117952851,
    0.002878670728179461,
    3.4612905486959555e-05,
    0.002610880885135544,
    0.0028326272755980486,
    0.0017933415357233792,
    0.002542543275694552,
    0.003274702746476857,
    0.000868296192863445,
    -0.0044781406305707955,
    0.003857576707998446,
    0.0026086323747460186,
    0.004233030793703352,
    0.00379555296927242,
    0.007287442615113708
  ],
  "val_sse_masked": 0.0013190777972340584,
  "val_nrmse_masked": 0.0988587886095047,
  "val_mse_masked": 4.396926306071691e-05,
  "val_r2_masked": 0.9902237057685852,
  "val_sse_full": 0.001309275277890265,
  "val_nrmse_full": 0.09849076718091965,
  "val_mse_full": 4.3642510718200356e-05,
  "val_r2_full": 0.9902963638305664,
  "iteration": 131,
  "p_lo_eff": 0.12967753410339355,
  "p_hi_eff": 1.9451630115509033,
  "f_lo_eff": 0.20659340918064117,
  "f_hi_eff": 1.6527472734451294
}