{
  "tag": "430_d72b6043",
  "lmb1": 0.001434996656198033,
  "lmb2": 0.03641304334050812,
  "nonzero_count": 36,
  "complexity_norm": 0.2903225806451613,
  "train_gen_window": 0.09509566495222742,
  "generalizability": 0.09595258552098833,
  "equation": "0.035243 E^{0.5} n P^{-0.5} - 0.0039944 P^{-1} F dT_{e} - 7.1519 \\cdot 10^{-5} P^{-1} F dT_{i} - 0.0064946 P^{-1} F dn + 0.0022743 P dn - 0.0001267 T_{e}^{0.5} F dn - 0.0059054 T_{e}^{0.5} P^{-1} dn - 0.0024545 T_{e}^{0.5} T_{i}^{0.5} F dn - 0.0083319 T_{e}^{0.5} T_{i}^{0.5} dn - 0.0019043 T_{e}^{0.5} T_{i} dn - 0.0084226 T_{e}^{0.5} dn - 0.00087223 T_{e} F dn - 0.0013807 T_{e} T_{i} dn - 0.011877 T_{e} dn - 0.0013641 T_{i}^{0.5} F dn - 0.0058608 T_{i}^{0.5} P^{-1} dn + 0.0008648 T_{i}^{0.5} P dn - 0.0054239 T_{i}^{0.5} dn + 0.0011886 T_{i} P dn - 0.0011029 T_{i} dn - 0.00094649 n^{-1} F dn + 0.00060803 n^{-1} P^{-1} dn + 0.00017607 n^{-1} T_{i}^{0.5} dn + 8.2096 \\cdot 10^{-6} n^{-1} T_{i} dn + 0.00016078 n E^{0.5} P^{-1} + 0.0017103 n E^{0.5} T_{e}^{0.5} T_{i}^{0.5} + 0.0061898 n E^{0.5} T_{e}^{0.5} T_{i} + 0.002925 n E^{0.5} T_{e} T_{i}^{0.5} + 0.00020594 n E^{0.5} T_{i}^{0.5} - 0.0085555 n E^{0.5} T_{i}^{0.5} P + 0.0051076 n E^{0.5} T_{i} + 0.00606 n E P^{-1} - 0.0033955 n E P + 0.0090953 n E T_{e}^{0.5} + 0.011053 n E T_{e}^{0.5} T_{i}^{0.5} + 0.0089693 n E T_{i}^{0.5}",
  "coefficients": [
    0.08853770541325218,
    0.0013916078027510254,
    2.0514303070405246e-05,
    -0.00048171062588828054,
    0.000748545607144657,
    0.00015424873743909978,
    7.423462445760864e-06,
    2.726590804677305e-05,
    4.590805213208708e-06,
    -0.002535710490954466,
    -4.609221942202085e-06,
    -5.990830654284235e-08,
    -2.6645428075689516e-06,
    -3.0754612701452678e-06,
    -6.077520510563644e-06,
    -2.9413786086631072e-05,
    -3.35473032850025e-06,
    -2.8542516440664547e-06,
    -5.051839895844442e-06,
    -2.5212689252431676e-06,
    -2.6783381563411662e-05,
    -5.049844195870406e-06,
    -3.5637651856866963e-06,
    -9.974831918210715e-07,
    -2.2433642488371116e-05,
    -4.5038802772365785e-06,
    -3.1971495597785056e-06,
    -0.00432608037284426,
    -2.342889001267481e-07,
    -2.100699808209249e-07,
    -9.542161014377066e-07,
    5.678099253954824e-07,
    -1.1461144699088386e-07,
    1.5031603479519368e-07,
    1.7103453522889684e-06,
    5.571860622970936e-07,
    2.495758871268829e-06,
    -3.4751297238929044e-06,
    -3.3710576107184317e-07,
    -8.632140972779969e-08,
    8.820586601016949e-07,
    1.8594467188067798e-06,
    2.2505763780351063e-07,
    9.925699769746666e-07,
    2.030427182807733e-06,
    -0.008209148235110332,
    -1.901838127640369e-05,
    0.002631505714298554,
    -0.0062841978409736805,
    -0.004299788826196651,
    -0.0016709990355380105,
    0.0011293582515701714,
    -2.652874113019388e-06,
    -0.001044015047877501,
    0.0017785329069372295,
    -0.005323206439424813,
    -0.005553557579651525,
    -0.0001309924520775491,
    -4.735230861101687e-06,
    -0.006370820874920187,
    -0.002915454890876434,
    5.566288305239446e-05,
    -0.0017631744657823835,
    -3.3883206026998663e-06,
    -0.007548992738561722,
    -0.0008737658207548442,
    -0.0012669828992165773,
    0.00012292765348666178,
    3.523162381685012e-06,
    1.434521356231765e-05,
    0.00012703263250115197,
    2.2413143078571604e-06,
    -0.00887373380367616,
    0.003584442802730931,
    1.4426194544222203e-06,
    0.0010199747645063745,
    0.004231693246008588,
    7.0544728845543164e-06,
    0.0016962149328971347,
    0.00289295370016453,
    4.1295059795744414e-06,
    -0.0020626631999068365,
    0.003742273207551064,
    1.703073589879474e-05,
    0.003191617591689245,
    0.0044698701633636845,
    0.017302482921091863
  ],
  "val_sse_masked": 0.001989381853491068,
  "val_nrmse_masked": 0.1214057132601738,
  "val_mse_masked": 6.631273572565988e-05,
  "val_r2_masked": 0.9852557182312012,
  "val_sse_full": 0.001955925952643156,
  "val_nrmse_full": 0.12038052827119827,
  "val_mse_full": 6.519753515021876e-05,
  "val_r2_full": 0.9855036735534668,
  "iteration": 430,
  "p_lo_eff": 0.12967753410339355,
  "p_hi_eff": 1.9451630115509033,
  "f_lo_eff": 0.20659340918064117,
  "f_hi_eff": 1.6527472734451294
}