{
  "tag": "374_39723dbf",
  "lmb1": 0.0006275641667672425,
  "lmb2": 1.0896577372274719e-07,
  "nonzero_count": 14,
  "complexity_norm": 0.11290322580645161,
  "train_gen_window": 0.05295382740597908,
  "generalizability": 0.055142973313858375,
  "equation": "0.050933 E^{0.5} n P^{-0.5} - 0.0038162 P^{-1} F dT_{e} - 8.1137 \\cdot 10^{-5} P^{-1} F dT_{i} - 0.0024064 P^{-1} F dn + 0.00017118 P dn - 0.00015684 T_{e}^{0.5} T_{i}^{0.5} dn - 0.0695 T_{e} dn - 0.008911 T_{i}^{0.5} P^{-1} dn + 0.0054996 T_{i} P dn + 0.00020332 n^{-1} P^{-1} dn + 0.010011 n E^{0.5} T_{e}^{0.5} T_{i} - 0.022614 n E^{0.5} T_{i}^{0.5} P + 0.00050821 n E^{0.5} T_{i} + 0.042303 n E T_{e}^{0.5} T_{i}^{0.5}",
  "coefficients": [
    0.08853770306180492,
    0.0004653508206622015,
    2.7204941031914074e-06,
    -2.8406846315808682e-05,
    1.0731385789637457e-06,
    9.291820649826991e-07,
    1.1582395526673623e-06,
    4.967903759215511e-07,
    3.975418279975437e-07,
    -0.0028767018095412706,
    -5.35570044506107e-07,
    1.5057675129403876e-06,
    -8.141255286603251e-08,
    -1.3397046865696541e-06,
    -1.5150127372897378e-06,
    -2.0904150689612972e-06,
    -1.788288550702604e-06,
    -1.1907303136168317e-06,
    -1.3148322536241099e-06,
    -7.997074346855061e-07,
    -1.8651261763218484e-06,
    -2.1303850096816355e-06,
    -2.5947728352040146e-07,
    5.927377231268309e-07,
    -6.985032157746863e-07,
    -1.91082306114769e-06,
    -2.628856919687981e-07,
    -0.004132990865920903,
    2.0948879449764303e-06,
    1.940540765642822e-06,
    1.0513074496861433e-06,
    8.526068870483751e-06,
    2.6995599765601857e-06,
    2.1875344971658693e-06,
    1.5787849953462975e-05,
    3.5655337860623212e-06,
    5.4652126904204516e-05,
    -3.4794478560189507e-07,
    1.8103049829948653e-06,
    2.5922710555521938e-06,
    1.1312323007552054e-05,
    1.4783840422213729e-05,
    4.5752964239091055e-06,
    1.716882044339183e-05,
    1.308880664075857e-05,
    -0.0030417380455950186,
    -2.173625016138839e-06,
    0.00019806404863071048,
    -0.009554649607225794,
    -1.0552904712135245e-05,
    -6.0586533785309535e-06,
    7.272426955162321e-05,
    -8.731046770972263e-07,
    -6.741355754511524e-06,
    0.008229102339944658,
    -7.007457517040078e-06,
    -1.4930027663296942e-05,
    -2.811850552650799e-06,
    -1.0251488304038878e-06,
    -0.00011992125377250281,
    -9.1563342903568e-06,
    1.2068272713984059e-05,
    -1.1496906917897046e-05,
    -2.50930820151891e-07,
    -0.04417518052546225,
    -3.3280731695773935e-06,
    -1.2530300909001972e-05,
    -3.9084311963531956e-07,
    7.279096468091946e-07,
    4.053478993038072e-07,
    3.836928059504173e-06,
    1.41806675604296e-07,
    -0.023455389588643245,
    0.0003566566969266127,
    -6.878318025945972e-06,
    4.421886325113603e-06,
    0.0068440975167749826,
    7.636610285227287e-07,
    4.009903002868153e-06,
    3.3308665567739933e-06,
    1.0118703335878136e-06,
    -9.980581502424574e-06,
    5.100791126507079e-05,
    5.246476909463698e-06,
    1.1158854580389217e-05,
    0.01710677360969479,
    0.025005678994519484
  ],
  "val_sse_masked": 0.000870666466653347,
  "val_nrmse_masked": 0.08031672239303589,
  "val_mse_masked": 2.902221785916481e-05,
  "val_r2_masked": 0.9935470819473267,
  "val_sse_full": 0.0008617849671281874,
  "val_nrmse_full": 0.07990602403879166,
  "val_mse_full": 2.8726168238790706e-05,
  "val_r2_full": 0.9936128854751587,
  "iteration": 374,
  "p_lo_eff": 0.12967753410339355,
  "p_hi_eff": 1.9451630115509033,
  "f_lo_eff": 0.20659340918064117,
  "f_hi_eff": 1.6527472734451294
}