{
  "tag": "353_496e9c38",
  "lmb1": 3.1037803348612447e-06,
  "lmb2": 5.93360270470655e-08,
  "nonzero_count": 83,
  "complexity_norm": 0.6693548387096774,
  "train_gen_window": 0.019092524783910565,
  "generalizability": 0.013553067115330959,
  "equation": "0.15723 E^{0.5} n P^{-0.5} + 0.020837 F dT_{e} + 0.003092 F dT_{i} - 9.8315 \\cdot 10^{-5} F dn + 5.6301 \\cdot 10^{-5} P^{-1} F dT_{i} + 0.0030177 P^{-1} F dn + 0.0047141 P^{-1} dT_{e} + 7.3094 \\cdot 10^{-5} P F dT_{i} - 0.0017546 P dn - 0.054809 T_{e}^{0.5} F dT_{e} - 0.00057716 T_{e}^{0.5} F dn + 0.00050813 T_{e}^{0.5} P^{-1} dT_{e} - 0.047507 T_{e}^{0.5} P^{-1} dn + 0.014065 T_{e}^{0.5} T_{i}^{0.5} F dT_{e} - 0.024586 T_{e}^{0.5} T_{i}^{0.5} F dn + 2.1898 \\cdot 10^{-6} T_{e}^{0.5} T_{i}^{0.5} P^{-1} dT_{i} + 0.037651 T_{e}^{0.5} T_{i}^{0.5} P^{-1} dn + 0.00143 T_{e}^{0.5} T_{i}^{0.5} P dT_{e} + 4.959 \\cdot 10^{-6} T_{e}^{0.5} T_{i}^{0.5} P dT_{i} + 0.015846 T_{e}^{0.5} T_{i}^{0.5} P dn + 1.0363 \\cdot 10^{-6} T_{e}^{0.5} T_{i}^{0.5} dT_{i} + 0.037614 T_{e}^{0.5} T_{i}^{0.5} dn - 2.9743 \\cdot 10^{-5} T_{e}^{0.5} T_{i} dT_{e} - 4.7724 \\cdot 10^{-7} T_{e}^{0.5} T_{i} dT_{i} + 0.001662 T_{e}^{0.5} T_{i} dn - 0.087556 T_{e}^{0.5} dn - 0.00086673 T_{e} F dT_{i} - 0.0013516 T_{e} F dn + 0.0051319 T_{e} P^{-1} dn + 1.2358 \\cdot 10^{-5} T_{e} P dT_{i} - 0.00077269 T_{e} T_{i}^{0.5} dT_{e} + 2.5088 \\cdot 10^{-5} T_{e} T_{i} dT_{e} - 1.3657 \\cdot 10^{-7} T_{e} T_{i} dT_{i} + 0.0012983 T_{e} T_{i} dn - 0.0029231 T_{e} dT_{e} - 4.6769 \\cdot 10^{-5} T_{e} dT_{i} - 0.0025813 T_{e} dn + 0.0043301 T_{i}^{0.5} F dT_{e} - 0.001349 T_{i}^{0.5} F dn + 0.00027128 T_{i}^{0.5} P^{-1} dT_{e} + 4.7158 \\cdot 10^{-7} T_{i}^{0.5} P^{-1} dT_{i} - 0.00024915 T_{i}^{0.5} P^{-1} dn + 2.2187 \\cdot 10^{-6} T_{i}^{0.5} P dT_{i} + 0.0015278 T_{i}^{0.5} P dn - 0.0029188 T_{i}^{0.5} dT_{e} - 3.1158 \\cdot 10^{-7} T_{i}^{0.5} dT_{i} + 0.0015291 T_{i}^{0.5} dn - 1.0029 \\cdot 10^{-5} T_{i} F dT_{i} - 7.7347 \\cdot 10^{-5} T_{i} P^{-1} dT_{e} - 0.0066333 T_{i} P^{-1} dn + 6.141 \\cdot 10^{-5} T_{i} P dT_{e} + 0.00027321 T_{i} P dn - 0.00056101 T_{i} dT_{e} + 0.0010582 T_{i} dn + 0.0022233 dT_{e} - 0.00053984 dT_{i} + 0.00035967 n^{-1} F dn + 0.0044534 n^{-1} P^{-1} dn - 0.0029323 n^{-1} T_{e}^{0.5} T_{i}^{0.5} dn - 0.00083033 n^{-1} T_{e}^{0.5} dn - 0.0022604 n^{-1} T_{e} dn + 0.0011765 n^{-1} T_{i}^{0.5} dn - 0.00012007 n^{-1} T_{i} dn + 0.00071589 n^{-1} dn - 0.23506 n E^{0.5} - 0.034663 n E^{0.5} P^{-1} - 0.018479 n E^{0.5} T_{e}^{0.5} P^{-1} + 0.0014518 n E^{0.5} T_{e}^{0.5} T_{i}^{0.5} + 0.047329 n E^{0.5} T_{e}^{0.5} T_{i} - 0.0014767 n E^{0.5} T_{e} + 0.0032234 n E^{0.5} T_{e} T_{i}^{0.5} + 0.00097064 n E^{0.5} T_{i}^{0.5} - 0.022011 n E^{0.5} T_{i}^{0.5} F + 0.030588 n E^{0.5} T_{i}^{0.5} P^{-1} + 0.015165 n E^{0.5} T_{i}^{0.5} P + 0.099042 n E^{0.5} T_{i} - 0.011774 n E F + 0.00051812 n E P^{-1} - 0.007992 n E P + 0.38524 n E T_{e}^{0.5} - 0.32533 n E T_{e}^{0.5} T_{i}^{0.5} - 0.0064818 n E T_{i}^{0.5} - 0.0011091 n E T_{i}",
  "coefficients": [
    0.08853771522371862,
    0.010192522306145512,
    0.0010727434758151843,
    0.00018304978273826094,
    0.005001687095932008,
    -0.002255910052511078,
    -0.001274145952017479,
    -0.01422141597992335,
    -0.003719244688262769,
    0.00199612746739107,
    -0.03242248340080707,
    0.04864994565137128,
    0.0011355875284924707,
    0.00021041013827622322,
    -0.00011857184101558252,
    0.0009361766270485888,
    -0.006904315477846585,
    0.0012146464292666108,
    0.00047346568977827547,
    -9.096062791240139e-05,
    0.0024292987586012845,
    -0.0015190962268857894,
    -0.004084546548504239,
    -0.020722589831146356,
    0.0011696110810110376,
    -0.0005235817685016462,
    0.008405941504669362,
    3.317835855799604e-05,
    0.002873570461030304,
    0.007846343382715395,
    0.0015433961253450016,
    -0.011184402182382824,
    0.005176396419209285,
    -0.0018721851741054815,
    -0.009670959841809061,
    3.5941794615510923e-05,
    0.0010882425177828618,
    0.001040245868600307,
    -0.02279414858102411,
    0.0191262015950134,
    0.006298367627351354,
    -0.0005973498866551609,
    -0.004261462330363773,
    -0.0037697982925732855,
    0.000592720058223203,
    0.003814412462232006,
    -0.00010518165156522439,
    -0.002030235049819324,
    -0.00026714822624596395,
    0.0012121806073885836,
    -0.0016525347206847027,
    0.0019952058231872934,
    -0.010345570220150898,
    0.001001662005809848,
    0.0004088054801873924,
    -0.04282378946742883,
    -0.05773116284155443,
    -0.0005966942557928197,
    0.04645936733689959,
    0.02876102065462061,
    -0.02920310712376519,
    0.019766279543067297,
    0.0015388724927022375,
    0.005358672625929118,
    -0.0016407311081718945,
    -0.0013539551014214216,
    0.0011913283419968963,
    -0.026502424817091166,
    -0.12975165813144293,
    0.028810671235828752,
    0.000598733268590412,
    -0.02187061647307421,
    0.015728977859409764,
    0.06950694048958476,
    -0.016355671041911032,
    0.0008658194213458429,
    0.032356950669695336,
    -0.000759379413329794,
    0.0018692243859390295,
    0.0002473442234762099,
    -0.0067214096881845434,
    -0.0048548392695310525,
    -0.002704409481376722,
    -0.0005765105610822983,
    0.13518400274415487,
    -0.13155956063018034,
    0.07719008253577661
  ],
  "val_sse_masked": 0.00017694724374450743,
  "val_nrmse_masked": 0.036207787692546844,
  "val_mse_masked": 5.8982418522646185e-06,
  "val_r2_masked": 0.9986885786056519,
  "val_sse_full": 0.000177862195414491,
  "val_nrmse_full": 0.036301277577877045,
  "val_mse_full": 5.928740392846521e-06,
  "val_r2_full": 0.9986817836761475,
  "iteration": 353,
  "p_lo_eff": 0.12967753410339355,
  "p_hi_eff": 1.9451630115509033,
  "f_lo_eff": 0.20659340918064117,
  "f_hi_eff": 1.6527472734451294
}