{
  "tag": "259_656cc859",
  "lmb1": 4.792118445903578e-05,
  "lmb2": 1.3170266396669661e-05,
  "nonzero_count": 49,
  "complexity_norm": 0.3951612903225806,
  "train_gen_window": 0.029580325541517176,
  "generalizability": 0.027325301538051263,
  "equation": "0.1203 E^{0.5} n P^{-0.5} + 0.00025969 F dT_{i} - 0.0022478 P^{-1} F dT_{e} + 0.00011396 P dn - 0.00010699 T_{e}^{0.5} F dn - 0.0272 T_{e}^{0.5} P^{-1} dn - 0.018141 T_{e}^{0.5} T_{i}^{0.5} F dn - 2.029 \\cdot 10^{-6} T_{e}^{0.5} T_{i}^{0.5} P^{-1} dT_{i} + 0.0090622 T_{e}^{0.5} T_{i}^{0.5} P^{-1} dn + 2.2519 \\cdot 10^{-7} T_{e}^{0.5} T_{i}^{0.5} P dT_{i} + 0.00080777 T_{e}^{0.5} T_{i}^{0.5} P dn - 0.00039629 T_{e}^{0.5} dn - 0.00015695 T_{e} F dn + 0.0027383 T_{e} P^{-1} dn + 2.5503 \\cdot 10^{-6} T_{e} P dT_{i} - 2.5004 \\cdot 10^{-5} T_{e} T_{i} dT_{e} - 0.00040493 T_{e} dT_{e} - 1.4395 \\cdot 10^{-5} T_{e} dT_{i} - 0.048886 T_{e} dn + 0.00012693 T_{i}^{0.5} F dT_{e} - 0.00037708 T_{i}^{0.5} F dn + 0.00052247 T_{i}^{0.5} P^{-1} dT_{e} - 2.3922 \\cdot 10^{-6} T_{i}^{0.5} P^{-1} dT_{i} - 0.0014282 T_{i}^{0.5} P^{-1} dn + 2.478 \\cdot 10^{-7} T_{i}^{0.5} P dT_{i} + 0.001687 T_{i}^{0.5} P dn + 0.0015595 T_{i} P^{-1} dn + 6.7155 \\cdot 10^{-5} T_{i} P dT_{e} + 0.011081 T_{i} P dn - 0.00013293 dT_{e} - 3.369 \\cdot 10^{-6} dT_{i} - 0.015294 n^{-1} F dn + 0.0031233 n^{-1} P^{-1} dn + 0.00012947 n^{-1} T_{e}^{0.5} dn + 0.0011505 n^{-1} T_{e} dn - 2.5479 \\cdot 10^{-5} n^{-1} T_{i}^{0.5} dn - 7.7337 \\cdot 10^{-5} n^{-1} T_{i} dn + 0.00012563 n^{-1} dn - 0.059615 n E^{0.5} - 0.026587 n E^{0.5} T_{e}^{0.5} P^{-1} + 0.019589 n E^{0.5} T_{e}^{0.5} T_{i} - 0.019807 n E^{0.5} T_{i}^{0.5} F - 0.00015534 n E^{0.5} T_{i}^{0.5} P + 0.0013546 n E^{0.5} T_{i} + 0.020346 n E P^{-1} - 0.00060789 n E P + 0.028342 n E T_{e}^{0.5} + 0.00071224 n E T_{e}^{0.5} T_{i}^{0.5} + 0.00056213 n E T_{i}^{0.5}",
  "coefficients": [
    0.08853770755913198,
    0.007148413759765038,
    0.0001882469873773207,
    -0.007783688878480555,
    -0.00010832214851278822,
    -0.0014530783128012621,
    0.00019867872436156773,
    -2.353711694466548e-05,
    0.0018929858607910656,
    -1.0304200108896631e-06,
    -0.00020233661093327587,
    0.004085954026772958,
    7.63026041920584e-05,
    -0.0010673713134920662,
    -4.448607663633714e-05,
    0.00010455853763351481,
    -4.407096436053581e-06,
    -0.0011254307387437914,
    -4.592296465523254e-05,
    -4.607348254727245e-05,
    0.00011031566713508095,
    -1.1090334208452936e-05,
    -0.0012571725452876286,
    3.318372048247629e-06,
    0.00024136756673197893,
    -3.6016751742343466e-06,
    6.134743678935393e-05,
    -0.0024344098938066648,
    -0.00017180533292124653,
    -1.120860008743421e-05,
    0.0029725076261782816,
    5.845286325055451e-05,
    0.00015174089569205347,
    2.1635173016315534e-05,
    1.733135166990215e-05,
    2.4824249687293605e-05,
    0.0011900533216960818,
    1.5879267602820303e-05,
    -4.1324885057264584e-05,
    3.0606439341966295e-05,
    2.3732770509316942e-05,
    -4.4777254985479313e-05,
    -0.0005903458037425468,
    -6.595516421211911e-05,
    -0.0005907465832641704,
    -7.435590873936944e-05,
    -6.264660196995168e-05,
    0.00013185428462384198,
    -0.0015314012028699079,
    -4.3258841444996937e-05,
    -0.00046191479070710977,
    0.002203088644237067,
    0.0024323171566737974,
    -1.4957015900898985e-05,
    0.016580132696857108,
    -0.02451813759412919,
    -0.00026130162953381995,
    -0.00011060783452041571,
    0.01118241686347226,
    -8.219646508580226e-05,
    -0.02154805844817213,
    0.0010076156866729376,
    -2.1068519582186753e-05,
    0.002859259547592303,
    -0.031072684522925352,
    -0.0001572244354847313,
    -1.601309502260274e-06,
    1.859881909041988e-05,
    -0.03290710917354051,
    3.287956166949052e-05,
    2.2009329097896665e-05,
    -0.019679927876537273,
    -0.0001611173091974447,
    0.0009506780484459684,
    -0.02353266934118151,
    5.466483341792934e-05,
    0.013392109579016102,
    -6.464613250611328e-05,
    8.28573287485653e-05,
    0.009712641324374827,
    -3.519833487812483e-05,
    -0.00036926882635478626,
    0.00023453962264944806,
    6.471069158420883e-05,
    0.009945375839304174,
    0.000288020744790138,
    0.059062259130766834
  ],
  "val_sse_masked": 0.000399475684389472,
  "val_nrmse_masked": 0.05440330132842064,
  "val_mse_masked": 1.3315857358975336e-05,
  "val_r2_masked": 0.9970393180847168,
  "val_sse_full": 0.0003951971302740276,
  "val_nrmse_full": 0.05411117151379585,
  "val_mse_full": 1.3173238585295621e-05,
  "val_r2_full": 0.9970710277557373,
  "iteration": 259,
  "p_lo_eff": 0.12967753410339355,
  "p_hi_eff": 1.9451630115509033,
  "f_lo_eff": 0.20659340918064117,
  "f_hi_eff": 1.6527472734451294
}