{
  "tag": "155_bde43d41",
  "lmb1": 2.835429089487478e-07,
  "lmb2": 9.564780187473617e-07,
  "nonzero_count": 86,
  "complexity_norm": 0.6935483870967742,
  "train_gen_window": 0.013049718107542239,
  "generalizability": 0.025791496486043685,
  "equation": "0.18047 E^{0.5} n P^{-0.5} + 0.11486 F dT_{e} + 0.0057592 F dT_{i} + 0.027604 F dn + 0.0014593 P^{-1} F dT_{e} + 2.1842 \\cdot 10^{-5} P^{-1} F dT_{i} + 0.0086098 P^{-1} F dn - 0.005835 P^{-1} dT_{e} - 0.00043389 P F dT_{i} - 0.019371 P dn - 0.17415 T_{e}^{0.5} F dT_{e} + 0.0082533 T_{e}^{0.5} F dn + 0.011209 T_{e}^{0.5} P^{-1} dT_{e} - 0.076325 T_{e}^{0.5} P^{-1} dn + 0.028907 T_{e}^{0.5} T_{i}^{0.5} F dT_{e} - 0.0001537 T_{e}^{0.5} T_{i}^{0.5} F dT_{i} - 0.053238 T_{e}^{0.5} T_{i}^{0.5} F dn + 0.00010876 T_{e}^{0.5} T_{i}^{0.5} P^{-1} dT_{i} + 0.036286 T_{e}^{0.5} T_{i}^{0.5} P^{-1} dn + 0.002608 T_{e}^{0.5} T_{i}^{0.5} P dT_{e} + 8.1899 \\cdot 10^{-6} T_{e}^{0.5} T_{i}^{0.5} P dT_{i} + 0.012664 T_{e}^{0.5} T_{i}^{0.5} P dn + 7.5797 \\cdot 10^{-5} T_{e}^{0.5} T_{i}^{0.5} dT_{i} + 0.17576 T_{e}^{0.5} T_{i}^{0.5} dn - 0.00057224 T_{e}^{0.5} T_{i} dT_{e} + 6.2174 \\cdot 10^{-7} T_{e}^{0.5} T_{i} dT_{i} + 0.0080182 T_{e}^{0.5} T_{i} dn - 0.15339 T_{e}^{0.5} dn - 0.0021025 T_{e} F dT_{i} - 0.035121 T_{e} F dn + 0.011226 T_{e} P^{-1} dn + 0.00012425 T_{e} P dT_{i} - 0.0094721 T_{e} T_{i}^{0.5} dT_{e} + 0.0015241 T_{e} T_{i} dT_{e} - 1.123 \\cdot 10^{-6} T_{e} T_{i} dT_{i} + 0.0098462 T_{e} T_{i} dn + 0.0060898 T_{e} dT_{e} - 0.00019656 T_{e} dT_{i} - 0.00037769 T_{e} dn + 0.0094028 T_{i}^{0.5} F dT_{e} + 0.0055471 T_{i}^{0.5} F dn + 0.0012679 T_{i}^{0.5} P^{-1} dT_{e} - 0.00011888 T_{i}^{0.5} P^{-1} dT_{i} + 0.022174 T_{i}^{0.5} P^{-1} dn - 2.7774 \\cdot 10^{-5} T_{i}^{0.5} P dT_{i} + 0.049076 T_{i}^{0.5} P dn + 0.0044185 T_{i}^{0.5} dT_{e} + 1.1051 \\cdot 10^{-5} T_{i}^{0.5} dT_{i} - 0.0041438 T_{i}^{0.5} dn - 0.0059236 T_{i} F dT_{e} - 2.2332 \\cdot 10^{-5} T_{i} F dT_{i} - 0.0001441 T_{i} P^{-1} dT_{e} - 0.012939 T_{i} P^{-1} dn - 0.0005314 T_{i} P dT_{e} - 0.027003 T_{i} P dn - 0.0003325 T_{i} dT_{e} - 0.052751 T_{i} dn - 0.0090289 dT_{e} - 0.00071796 dT_{i} + 0.0064437 n^{-1} F dn + 0.0053011 n^{-1} P^{-1} dn - 0.017324 n^{-1} T_{e}^{0.5} T_{i}^{0.5} dn - 0.0069069 n^{-1} T_{e}^{0.5} dn + 0.0013565 n^{-1} T_{e} dn + 0.016362 n^{-1} T_{i}^{0.5} dn + 0.00082598 n^{-1} T_{i} dn - 0.0045578 n^{-1} dn - 0.27333 n E^{0.5} - 0.071398 n E^{0.5} P^{-1} - 0.00084381 n E^{0.5} T_{e}^{0.5} P^{-1} - 0.0083913 n E^{0.5} T_{e}^{0.5} T_{i}^{0.5} + 0.039122 n E^{0.5} T_{e}^{0.5} T_{i} - 0.056741 n E^{0.5} T_{e} + 0.00048435 n E^{0.5} T_{e} T_{i}^{0.5} + 0.010292 n E^{0.5} T_{i}^{0.5} - 0.011883 n E^{0.5} T_{i}^{0.5} F + 0.053261 n E^{0.5} T_{i}^{0.5} P^{-1} + 0.018991 n E^{0.5} T_{i}^{0.5} P + 0.15914 n E^{0.5} T_{i} - 0.058642 n E F - 0.029921 n E P^{-1} - 0.011626 n E P + 0.74188 n E T_{e}^{0.5} - 0.48034 n E T_{e}^{0.5} T_{i}^{0.5} - 0.14 n E T_{i}^{0.5} + 0.036265 n E T_{i}",
  "coefficients": [
    0.08853771982567549,
    0.012132770829066074,
    -0.006829722564980251,
    0.003279494412089164,
    0.06956221343185925,
    0.015519195450112048,
    -0.01059874127442836,
    -0.08401923886402286,
    0.0022320567401324497,
    0.0007744194456378133,
    -0.04312000590047302,
    0.09061639117617369,
    -0.006740891077882156,
    -0.053040972097400475,
    0.004205273891474928,
    -0.011719229598272086,
    -0.015373646111889102,
    0.06032618345645392,
    0.034630819556335235,
    -0.018505380631317944,
    0.004012074544943462,
    0.0019790729416720495,
    -0.017166612205252226,
    -0.05026786299242783,
    0.01175937138009081,
    -0.004305571632444147,
    -0.010404701165814944,
    0.001580408097431596,
    -0.011669793125849145,
    0.043250802856129526,
    0.007213768829583046,
    0.016931038117090347,
    0.011240590066270411,
    -0.0034880559043153035,
    -0.005731849304245102,
    -0.03048245576977669,
    -0.0094168907454726,
    0.022947673054064026,
    -0.07242496680158433,
    0.0393092955696031,
    0.011487008854423388,
    -0.011492639440773736,
    0.008878125045033602,
    -0.04621262627890066,
    0.036007581240388525,
    0.010882744066673444,
    0.02953159741119231,
    -0.022413479112972097,
    0.023775476851666828,
    -0.0032849535790006826,
    0.006795072634468595,
    0.06408950643712298,
    -0.02017953941522138,
    -0.04993363401054021,
    -0.040405445614238276,
    -0.0688003000052411,
    -0.10113713318264483,
    0.00853257428131569,
    0.044775477455346956,
    0.1343944772507692,
    -0.06323652184731153,
    0.015797678918315378,
    0.007423917542293148,
    0.011722403958034946,
    -0.00024006886639800148,
    -0.03518229179435629,
    0.009035142181259358,
    -0.05458812366604739,
    -0.15087820707938493,
    0.05016645362310052,
    0.006348609751547494,
    -0.011807226561601684,
    0.019697257979215038,
    0.11168538163377106,
    -0.0007468582199799487,
    -0.00500431155696743,
    0.026745717619257328,
    -0.029177697254761478,
    0.0002808690211042273,
    -0.014283927801519882,
    -0.03347779202704479,
    -0.007062581234176409,
    -0.05841350258290519,
    0.018850868839832793,
    0.26033120360268913,
    -0.19424272106716886,
    0.08860272005498727
  ],
  "val_sse_masked": 0.0001314714754698798,
  "val_nrmse_masked": 0.031210146844387054,
  "val_mse_masked": 4.382382940093521e-06,
  "val_r2_masked": 0.9990255832672119,
  "val_sse_full": 0.0001314714754698798,
  "val_nrmse_full": 0.031210146844387054,
  "val_mse_full": 4.382382940093521e-06,
  "val_r2_full": 0.9990255832672119,
  "iteration": 155,
  "p_lo_eff": 0.12967753410339355,
  "p_hi_eff": 1.9451630115509033,
  "f_lo_eff": 0.20659340918064117,
  "f_hi_eff": 1.6527472734451294
}