{
  "tag": "127_7bae7fcf",
  "lmb1": 0.00012709899201826782,
  "lmb2": 0.00053995361017432,
  "nonzero_count": 35,
  "complexity_norm": 0.28225806451612906,
  "train_gen_window": 0.04650928106827368,
  "generalizability": 0.03763501047323903,
  "equation": "0.064988 E^{0.5} n P^{-0.5} + 0.00016144 F dT_{i} - 0.0039961 P^{-1} F dT_{e} - 7.2287 \\cdot 10^{-5} P^{-1} F dT_{i} - 0.0022649 P^{-1} F dn + 0.00013714 P dn - 0.018897 T_{e}^{0.5} P^{-1} dn - 0.0083758 T_{e}^{0.5} T_{i}^{0.5} F dn + 0.00013614 T_{e}^{0.5} T_{i}^{0.5} P dn - 0.00029473 T_{e}^{0.5} T_{i}^{0.5} dn - 0.0035036 T_{e}^{0.5} dn - 0.04024 T_{e} dn + 0.00015161 T_{i}^{0.5} F dT_{e} - 0.00079909 T_{i}^{0.5} F dn + 0.00019319 T_{i}^{0.5} P^{-1} dT_{e} - 0.0002553 T_{i}^{0.5} P^{-1} dn + 0.0015697 T_{i}^{0.5} P dn + 0.00013931 T_{i}^{0.5} dT_{e} + 5.5311 \\cdot 10^{-6} T_{i} P^{-1} dT_{e} + 0.00049586 T_{i} P^{-1} dn + 0.0082263 T_{i} P dn - 0.019611 n^{-1} F dn + 0.0030451 n^{-1} P^{-1} dn + 8.8508 \\cdot 10^{-5} n^{-1} T_{e}^{0.5} dn + 0.0023167 n^{-1} dn - 0.011737 n E^{0.5} T_{e}^{0.5} P^{-1} + 0.00047998 n E^{0.5} T_{e}^{0.5} T_{i} - 0.0065664 n E^{0.5} T_{i}^{0.5} F - 0.017367 n E^{0.5} T_{i}^{0.5} P + 0.00033145 n E^{0.5} T_{i} + 0.0015697 n E P^{-1} - 0.00024103 n E P + 0.018448 n E T_{e}^{0.5} + 0.028108 n E T_{e}^{0.5} T_{i}^{0.5} + 0.014481 n E T_{i}^{0.5}",
  "coefficients": [
    0.08853770603763783,
    0.006969309560942806,
    0.00347143324463756,
    -0.009980972080496774,
    5.716289853922047e-06,
    -1.5151218713606897e-05,
    0.0001358155650868999,
    4.576561703321478e-06,
    4.946891600781713e-05,
    -0.002562909447576592,
    -3.579574606016513e-06,
    0.002540125703403846,
    2.4665219968701e-05,
    -9.539786256202396e-05,
    -5.364044399829714e-06,
    2.246627448225705e-05,
    -1.5949259305870036e-05,
    -8.968824285579766e-05,
    -5.290693470087542e-06,
    -1.1821262199097345e-05,
    2.4846524006663167e-05,
    -8.502047644740794e-06,
    -3.2494257551982465e-06,
    1.8033491648132686e-05,
    4.278337591117464e-05,
    -8.233176761972e-06,
    4.0636856905489676e-05,
    -0.004327909046714477,
    5.95866604162601e-05,
    9.213044431162605e-05,
    0.0010991283129431924,
    0.0005338315760042325,
    0.00018124191828047679,
    0.00013388048148686314,
    6.417536279609537e-05,
    7.701047704268657e-05,
    2.9981518379508687e-05,
    1.77501784764591e-05,
    3.9982320036882925e-05,
    5.30777532405612e-05,
    2.2659489856159265e-05,
    2.5689694946789674e-05,
    3.6228942669415244e-05,
    3.3771783393498115e-05,
    1.3926150149550123e-05,
    -0.002862854162892495,
    -2.9235613032103003e-05,
    0.0001586752725506182,
    -0.00027374584280055503,
    -5.321691510834686e-05,
    -0.0009788750902700208,
    0.002049864567122641,
    0.0007733741061255679,
    -1.882316184933815e-05,
    0.012309047362250743,
    -0.01703425545603353,
    -0.0023101193216048727,
    -4.869198412368835e-05,
    4.107361227567449e-05,
    -0.0002253594902201142,
    -0.009948926250797721,
    0.00016981905551564453,
    -2.6885169934395254e-05,
    2.6360929656772352e-05,
    -0.025577479935846865,
    -6.723398803884067e-05,
    -2.266886545631292e-05,
    1.016748145989036e-05,
    -4.2091434543700536e-05,
    3.5689984001411193e-06,
    1.3763074826777251e-05,
    -0.006524444310680032,
    -0.01801285825295752,
    0.00023260589451710054,
    -0.010388054141000925,
    2.242873605472165e-05,
    0.0003281426146259766,
    -1.5425552545144278e-05,
    2.484554024566483e-05,
    0.0007493558754803167,
    -9.392878400766438e-06,
    -0.0001464146729542472,
    0.006041941687050932,
    7.563681152995691e-05,
    0.006473697158835489,
    0.011366684619971772,
    0.031905957835317494
  ],
  "val_sse_masked": 0.000653413066174835,
  "val_nrmse_masked": 0.06957832723855972,
  "val_mse_masked": 2.178043723688461e-05,
  "val_r2_masked": 0.9951572418212891,
  "val_sse_full": 0.0006494703702628613,
  "val_nrmse_full": 0.06936808675527573,
  "val_mse_full": 2.1649013433489017e-05,
  "val_r2_full": 0.995186448097229,
  "iteration": 127,
  "p_lo_eff": 0.12967753410339355,
  "p_hi_eff": 1.9451630115509033,
  "f_lo_eff": 0.20659340918064117,
  "f_hi_eff": 1.6527472734451294
}