{
  "tag": "185_b3c1c1fe",
  "lmb1": 0.00010653958131895005,
  "lmb2": 1.3299130053901415e-08,
  "nonzero_count": 32,
  "complexity_norm": 0.25806451612903225,
  "train_gen_window": 0.04045570213710428,
  "generalizability": 0.03478988608926938,
  "equation": "0.080191 E^{0.5} n P^{-0.5} + 0.00012184 F dT_{i} - 0.0041425 P^{-1} F dT_{e} - 4.7607 \\cdot 10^{-5} P^{-1} F dT_{i} - 0.00095805 P^{-1} F dn + 0.00011884 P dn - 0.022209 T_{e}^{0.5} P^{-1} dn - 0.015522 T_{e}^{0.5} T_{i}^{0.5} F dn + 0.00011571 T_{e}^{0.5} T_{i}^{0.5} P^{-1} dn + 0.00014808 T_{e}^{0.5} T_{i}^{0.5} P dn - 0.00017695 T_{e}^{0.5} dn - 0.038319 T_{e} dn + 0.0001802 T_{i}^{0.5} F dT_{e} - 0.00020529 T_{i}^{0.5} F dn + 0.0003604 T_{i}^{0.5} P^{-1} dT_{e} - 0.00011178 T_{i}^{0.5} P^{-1} dn + 0.00066937 T_{i}^{0.5} P dn + 6.7347 \\cdot 10^{-6} T_{i} P^{-1} dT_{e} + 0.001746 T_{i} P^{-1} dn + 0.0092986 T_{i} P dn - 0.019518 n^{-1} F dn + 0.0032507 n^{-1} P^{-1} dn + 9.5446 \\cdot 10^{-5} n^{-1} T_{e}^{0.5} dn + 0.0016681 n^{-1} dn - 0.00046909 n E^{0.5} - 0.01611 n E^{0.5} T_{e}^{0.5} P^{-1} - 0.014458 n E^{0.5} T_{i}^{0.5} F - 0.014419 n E^{0.5} T_{i}^{0.5} P + 0.004191 n E P^{-1} + 0.0034064 n E T_{e}^{0.5} + 0.044816 n E T_{e}^{0.5} T_{i}^{0.5} + 0.0023401 n E T_{i}^{0.5}",
  "coefficients": [
    0.08853770611005296,
    0.007439951301322711,
    0.0024996136646471185,
    -0.00993348167613773,
    -2.1525590867109846e-06,
    -5.344393166116072e-05,
    0.00014646207824087256,
    -4.928142379013918e-07,
    9.924257402305454e-05,
    -0.001687898633835772,
    -5.760063972154667e-06,
    0.0019171033308781951,
    3.247407251804467e-05,
    -5.9146238855330154e-05,
    -1.5061120653817873e-06,
    4.172572276449005e-05,
    -5.816532800454811e-06,
    -5.342025267081719e-05,
    -4.082426775216362e-07,
    -6.7812574095466824e-06,
    5.132772017319112e-05,
    -5.749834267236459e-07,
    -4.731820909375469e-06,
    1.952623093459386e-05,
    8.406779370954539e-05,
    9.361445908144827e-07,
    2.6154929019742893e-05,
    -0.004486457238759209,
    1.0071804011462594e-05,
    3.9452222989814366e-05,
    0.0020504209400303264,
    9.192490032610662e-05,
    0.00021541599818753845,
    0.0001630123853569747,
    4.2584193857964957e-05,
    9.898584792094285e-05,
    3.42523662453258e-05,
    9.341098033421137e-06,
    1.641850531313851e-05,
    4.228610480043898e-05,
    9.068604090347056e-06,
    1.3580540760688576e-05,
    -6.039581236955973e-07,
    8.107162011582178e-06,
    -2.1003855170039e-06,
    -0.001210976444134036,
    -2.6371501605972496e-05,
    0.00013750716358762257,
    -0.00011985343463195778,
    -3.855262922835416e-05,
    -0.0002514778878276399,
    0.0008741451296425339,
    0.0027232120239466103,
    -2.5339714136420198e-05,
    0.013913591748387764,
    -0.020019847861461066,
    -0.0001166720620426514,
    -4.292806395524916e-05,
    0.00014278406443496896,
    -8.191191845107598e-05,
    -0.018436987134779457,
    0.0001847115103116737,
    -3.220764360754851e-05,
    7.081289375828561e-05,
    -0.024355923976051484,
    -5.574516502605758e-05,
    -2.20076050345113e-05,
    1.4444071408989754e-05,
    -0.0002589337512005426,
    2.121716797052092e-06,
    3.959628674118559e-06,
    -0.014365903934033591,
    -0.014954767422770625,
    8.19802694973933e-05,
    -0.014258930927563047,
    1.1496466544048606e-05,
    8.911998116504396e-05,
    -4.285147628051939e-05,
    1.3519002905772218e-05,
    0.0020007260439207815,
    -5.083153319245499e-06,
    -7.143318508039268e-05,
    0.0009763834504952848,
    8.833571037244486e-05,
    0.0011953423507301954,
    0.018122817597090543,
    0.039369742420049224
  ],
  "val_sse_masked": 0.0006080002640374005,
  "val_nrmse_masked": 0.06711690872907639,
  "val_mse_masked": 2.026667607424315e-05,
  "val_r2_masked": 0.9954938292503357,
  "val_sse_full": 0.0005933168577030301,
  "val_nrmse_full": 0.06630150973796844,
  "val_mse_full": 1.9777229681494646e-05,
  "val_r2_full": 0.9956026673316956,
  "iteration": 185,
  "p_lo_eff": 0.12967753410339355,
  "p_hi_eff": 1.9451630115509033,
  "f_lo_eff": 0.20659340918064117,
  "f_hi_eff": 1.6527472734451294
}