{
  "tag": "123_3b22c775",
  "lmb1": 0.0003724931760910112,
  "lmb2": 2.8409323781378802e-08,
  "nonzero_count": 18,
  "complexity_norm": 0.14516129032258066,
  "train_gen_window": 0.05202583629863876,
  "generalizability": 0.05102947305685781,
  "equation": "0.053129 E^{0.5} n P^{-0.5} - 0.0038781 P^{-1} F dT_{e} - 5.9114 \\cdot 10^{-5} P^{-1} F dT_{i} - 0.003105 P^{-1} F dn + 0.0002007 P dn + 6.9379 \\cdot 10^{-5} T_{e} T_{i}^{0.5} dT_{e} - 0.072208 T_{e} dn - 0.0088453 T_{i}^{0.5} P^{-1} dn + 0.0020541 T_{i}^{0.5} P dn + 0.0068497 T_{i} P dn - 0.0031634 n^{-1} F dn + 0.0010193 n^{-1} P^{-1} dn - 0.0022915 n E^{0.5} T_{e}^{0.5} P^{-1} + 0.0016762 n E^{0.5} T_{e}^{0.5} T_{i} - 0.021084 n E^{0.5} T_{i}^{0.5} P + 0.00080875 n E^{0.5} T_{i} + 0.053254 n E T_{e}^{0.5} T_{i}^{0.5} + 0.00050819 n E T_{i}^{0.5}",
  "coefficients": [
    0.08853770250569054,
    0.002332833815444188,
    9.860925831969828e-05,
    -0.0016099690425289707,
    7.444179396556111e-07,
    -5.275385650560969e-06,
    9.543396853918905e-06,
    -2.5927751246347546e-06,
    2.2644972524697635e-06,
    -0.0020958835744668836,
    4.500145745144158e-06,
    9.140219708160633e-05,
    9.938655165675378e-06,
    -1.915604009745481e-06,
    1.873811847943162e-06,
    3.375987402773863e-06,
    -7.726484278300978e-07,
    -1.6711152212026239e-06,
    2.2544808994763836e-06,
    1.8036166316038276e-06,
    3.989268142100301e-06,
    2.4730978338833725e-07,
    6.3930117019887395e-06,
    1.3240519898289518e-05,
    7.771965155299688e-06,
    3.72019404066496e-07,
    3.00758741058115e-06,
    -0.004200034248628516,
    9.418091832830359e-06,
    1.877229327006326e-05,
    1.8653958226042156e-05,
    5.1817355897245324e-05,
    4.810089831506767e-05,
    2.71355636331932e-05,
    2.7084967066699913e-05,
    3.0047614365355985e-05,
    8.922493089601241e-06,
    2.1485583671979477e-06,
    1.7683508446017846e-05,
    3.586846138484865e-05,
    9.468106956338002e-06,
    2.358056038089771e-05,
    2.3772618411370962e-05,
    0.0003384868319695208,
    2.0504991867218362e-05,
    -0.003924732765982073,
    -6.1248824991779054e-06,
    0.00023222796386284056,
    -0.009484297525661864,
    -2.7800547027531072e-05,
    -1.6702972600764514e-05,
    0.0026824996591670973,
    -3.30490326527341e-07,
    -2.371526760396917e-05,
    0.010249340787670723,
    -8.980634451065591e-05,
    -5.380039993971185e-05,
    -8.190396964085754e-06,
    -1.6889622633741695e-06,
    -9.818332046002912e-05,
    -2.2409680102007838e-05,
    6.190563373836635e-05,
    -4.554395205876099e-05,
    1.5742913752135608e-07,
    -0.04589653531634826,
    -9.63058914502243e-06,
    -5.459679742863898e-05,
    -2.022948551271203e-06,
    5.267221400274454e-07,
    1.012327770373546e-06,
    1.2206708399720494e-05,
    -5.128041128244165e-06,
    -0.02186853036421259,
    0.0005675718957531982,
    -0.0020281865422999605,
    1.4223330223519601e-05,
    0.0011459657803555227,
    8.851135995618328e-07,
    1.2855906392865451e-05,
    1.9255908354820216e-05,
    6.213400752589821e-07,
    -4.235386598312628e-05,
    0.00021203497621555975,
    7.150621979696472e-05,
    4.641769991755163e-05,
    0.021534995014130403,
    0.026083632040967974
  ],
  "val_sse_masked": 0.0007906350074335933,
  "val_nrmse_masked": 0.07653640955686569,
  "val_mse_masked": 2.6354502551839687e-05,
  "val_r2_masked": 0.9941402077674866,
  "val_sse_full": 0.0007652011699974537,
  "val_nrmse_full": 0.07529529929161072,
  "val_mse_full": 2.5506707970635034e-05,
  "val_r2_full": 0.9943287372589111,
  "iteration": 123,
  "p_lo_eff": 0.12967753410339355,
  "p_hi_eff": 1.9451630115509033,
  "f_lo_eff": 0.20659340918064117,
  "f_hi_eff": 1.6527472734451294
}