{
  "tag": "399_e50e7c62",
  "lmb1": 0.00019438309259737447,
  "lmb2": 0.03290890271100318,
  "nonzero_count": 59,
  "complexity_norm": 0.47580645161290325,
  "train_gen_window": 0.06662147630230301,
  "generalizability": 0.06015536549819769,
  "equation": "0.023515 E^{0.5} n P^{-0.5} + 0.00017491 F dT_{i} - 0.0018105 F dn - 0.0040681 P^{-1} F dT_{e} - 0.00011506 P^{-1} F dT_{i} - 0.0040664 P^{-1} F dn + 0.0029973 P dn - 0.0023478 T_{e}^{0.5} F dn - 0.0063168 T_{e}^{0.5} P^{-1} dn - 0.0019422 T_{e}^{0.5} T_{i}^{0.5} F dn - 2.0633 \\cdot 10^{-7} T_{e}^{0.5} T_{i}^{0.5} P^{-1} dT_{i} + 5.1676 \\cdot 10^{-5} T_{e}^{0.5} T_{i}^{0.5} P dT_{e} + 0.0028483 T_{e}^{0.5} T_{i}^{0.5} P dn - 0.0075049 T_{e}^{0.5} T_{i}^{0.5} dn - 0.0013865 T_{e}^{0.5} T_{i} dn - 0.012069 T_{e}^{0.5} dn + 1.2877 \\cdot 10^{-5} T_{e} F dT_{i} - 0.0026104 T_{e} F dn + 2.9269 \\cdot 10^{-5} T_{e} T_{i}^{0.5} dT_{e} + 5.9263 \\cdot 10^{-6} T_{e} T_{i} dT_{e} - 0.0010213 T_{e} T_{i} dn + 0.00030234 T_{e} dT_{e} - 0.013542 T_{e} dn - 0.0016755 T_{i}^{0.5} F dn - 2.6161 \\cdot 10^{-7} T_{i}^{0.5} P^{-1} dT_{i} - 0.0039363 T_{i}^{0.5} P^{-1} dn + 0.0031849 T_{i}^{0.5} P dn + 3.5424 \\cdot 10^{-5} T_{i}^{0.5} dT_{e} - 0.0063457 T_{i}^{0.5} dn + 1.2822 \\cdot 10^{-5} T_{i} P dT_{e} + 0.0037305 T_{i} P dn + 8.6202 \\cdot 10^{-6} T_{i} dT_{e} - 0.0011527 T_{i} dn + 8.2695 \\cdot 10^{-5} dT_{e} - 0.015546 n^{-1} F dn + 0.0018103 n^{-1} P^{-1} dn + 7.6708 \\cdot 10^{-5} n^{-1} T_{e}^{0.5} T_{i}^{0.5} dn + 0.00057961 n^{-1} T_{e}^{0.5} dn + 0.00036133 n^{-1} T_{i}^{0.5} dn + 2.2708 \\cdot 10^{-5} n^{-1} T_{i} dn + 0.0017942 n^{-1} dn + 0.00035809 n E^{0.5} + 0.0029239 n E^{0.5} P^{-1} - 0.00012384 n E^{0.5} T_{e}^{0.5} P^{-1} + 0.0039989 n E^{0.5} T_{e}^{0.5} T_{i}^{0.5} + 0.003649 n E^{0.5} T_{e}^{0.5} T_{i} + 0.0012535 n E^{0.5} T_{e} + 0.0038285 n E^{0.5} T_{e} T_{i}^{0.5} + 0.0032296 n E^{0.5} T_{i}^{0.5} - 0.00045612 n E^{0.5} T_{i}^{0.5} F + 0.00016517 n E^{0.5} T_{i}^{0.5} P^{-1} - 0.010152 n E^{0.5} T_{i}^{0.5} P + 0.0036823 n E^{0.5} T_{i} + 0.0063142 n E P^{-1} - 0.0069033 n E P + 0.018221 n E T_{e}^{0.5} + 0.012317 n E T_{e}^{0.5} T_{i}^{0.5} + 0.012203 n E T_{i}^{0.5} + 0.0025745 n E T_{i}",
  "coefficients": [
    0.08853770607790346,
    0.004143363523020854,
    0.0026885869951216884,
    -0.00791182936160363,
    0.001536129076799931,
    0.00042666011526798866,
    0.0008894073104270593,
    0.0003720298043196961,
    2.5637871409719487e-05,
    -0.004079473559067136,
    -4.198431180560216e-06,
    0.002752009381971032,
    8.176662458538085e-05,
    -0.00011672587844019959,
    -4.8672473323572676e-05,
    -5.8516079333207694e-05,
    -8.27243937523582e-05,
    -0.00011444667029354493,
    -2.4180203591849866e-05,
    -2.2463889463924516e-05,
    -5.657541605496651e-05,
    -7.423856992200243e-05,
    -2.8830903148232718e-06,
    0.0003078853670746246,
    -2.4170644404708536e-06,
    -9.131650531029537e-05,
    -3.5178801818835483e-05,
    -0.004405838940810859,
    0.00010688255915933529,
    3.043047211967987e-05,
    -1.658431147558595e-06,
    0.00013574114045827702,
    9.46538996388439e-06,
    1.2589466553623857e-05,
    0.0001486004854913351,
    1.6338080003402115e-05,
    0.00022721900449066315,
    -1.7690262160664435e-05,
    1.6297984865187294e-05,
    1.0020627716488328e-05,
    0.00022760390113184118,
    5.0545207069822557e-05,
    0.0004407725867996153,
    0.00014279972802832554,
    0.00014001304443806085,
    -0.005139927813154609,
    -0.0019369499051616356,
    0.0034680416732844254,
    -0.004220662061738165,
    -0.005030512605105948,
    -0.002052504007857818,
    0.00415924014347456,
    7.935340453207411e-05,
    -0.0010911593866092524,
    0.005581972965069461,
    -0.005694096747920663,
    -0.007957744318872324,
    -0.0024272257038993592,
    -6.1773388100327015e-06,
    -0.005738447676782352,
    -0.002306984718575757,
    0.0035530316829740414,
    -0.0012837574158041443,
    -2.1449600083838344e-05,
    -0.008607767771278961,
    -0.002615008433665185,
    -0.0009371326247126318,
    0.002235485234340262,
    0.0001976650234307264,
    0.0001555788349274904,
    0.0019921318472806548,
    -0.0004532010849325897,
    -0.010529573586395008,
    0.0025841761064163745,
    -0.00010961438436239589,
    0.0023848024848861925,
    0.002494675968826372,
    0.0006445980449635264,
    0.0022200887338709135,
    0.0030143174125634607,
    1.7398207611746735e-05,
    -0.004193476403995972,
    0.005091459063104783,
    0.0013382566299270703,
    0.006393816071475521,
    0.004980776575238267,
    0.011544474657411333
  ],
  "val_sse_masked": 0.0009771735640242696,
  "val_nrmse_masked": 0.08508753031492233,
  "val_mse_masked": 3.257245407439768e-05,
  "val_r2_masked": 0.9927576780319214,
  "val_sse_full": 0.0009691256564110518,
  "val_nrmse_full": 0.0847364142537117,
  "val_mse_full": 3.230418951716274e-05,
  "val_r2_full": 0.9928173422813416,
  "iteration": 399,
  "p_lo_eff": 0.12967753410339355,
  "p_hi_eff": 1.9451630115509033,
  "f_lo_eff": 0.20659340918064117,
  "f_hi_eff": 1.6527472734451294
}