{
  "tag": "215_64283aaf",
  "lmb1": 0.0013710485539674014,
  "lmb2": 2.07712349477919e-08,
  "nonzero_count": 15,
  "complexity_norm": 0.12096774193548387,
  "train_gen_window": 0.07991599769116921,
  "generalizability": 0.08089090440363805,
  "equation": "0.062948 E^{0.5} n P^{-0.5} - 0.0039294 P^{-1} F dT_{e} - 6.3006 \\cdot 10^{-5} P^{-1} F dT_{i} - 0.0018733 P^{-1} F dn - 0.00067326 T_{e}^{0.5} T_{i}^{0.5} F dn - 0.011173 T_{e}^{0.5} T_{i}^{0.5} dn - 0.039591 T_{e} dn - 0.011564 T_{i}^{0.5} P^{-1} dn + 0.00023664 T_{i} P dn + 0.0003173 n^{-1} P^{-1} dn + 2.3876 \\cdot 10^{-5} n^{-1} T_{i}^{0.5} dn + 0.0058789 n E^{0.5} T_{e}^{0.5} T_{i} - 0.018688 n E^{0.5} T_{i}^{0.5} P + 0.00023201 n E^{0.5} T_{i} + 0.031253 n E T_{e}^{0.5} T_{i}^{0.5}",
  "coefficients": [
    0.08853770455239418,
    0.0007262082088072522,
    3.8302446098160704e-05,
    -2.896077784729136e-06,
    0.00010150464409160433,
    2.0217179353644874e-05,
    1.5025053742733495e-05,
    2.4067122760516537e-05,
    8.402378711080503e-06,
    -0.0022338614109452706,
    -4.158597659271658e-06,
    -4.297937787112745e-07,
    -3.493930802322138e-06,
    -2.532386788143824e-06,
    -3.887185498513052e-06,
    -8.000863001307113e-06,
    -2.445916518207078e-06,
    -2.3780040226499186e-06,
    -3.529756662281338e-06,
    -2.1555509408405918e-06,
    -7.256089622618915e-06,
    -3.0813258406831687e-06,
    -3.255940755032555e-06,
    -1.1850949351585606e-06,
    -1.0186268445905628e-05,
    -2.8933970045535265e-06,
    -2.3766851027902343e-06,
    -0.004255590316608058,
    -5.316931343590016e-07,
    -3.0696509192076916e-07,
    -6.798028097472787e-07,
    2.540831774684699e-07,
    -1.0199552794056276e-07,
    2.882928863383258e-07,
    1.176368966775857e-06,
    5.333280170346595e-07,
    1.1171583338765186e-06,
    -2.5048764892957467e-06,
    -3.815786842043745e-07,
    -5.656540357654757e-08,
    3.0866080178393165e-08,
    1.323067140153333e-06,
    -6.458689640065811e-08,
    6.568835057960564e-07,
    1.447254699660865e-06,
    -0.002367796818375197,
    -5.7036886529759616e-06,
    6.575673631477727e-05,
    -0.012399661257975701,
    -1.8934035390587676e-05,
    -5.538538128524371e-05,
    3.3440026022479085e-05,
    -2.0928795523889197e-06,
    -8.079527674392838e-06,
    0.0003540884020378759,
    -8.746438801595676e-06,
    -2.2315013184553793e-05,
    -8.07322912427344e-06,
    -2.4314253982942094e-06,
    -0.008543325848470479,
    -0.0007997058816272402,
    1.1787601307443922e-05,
    -1.127446827347401e-05,
    -1.1422516078731054e-06,
    -0.025164936472631468,
    -1.0937509374465713e-05,
    -1.1084902436545697e-05,
    2.3778790834149176e-07,
    1.4359758761684258e-06,
    1.211680260687157e-06,
    5.66403213161866e-06,
    1.5480220594520938e-06,
    -0.01938283599023878,
    0.00016282469914106663,
    -1.8590360079096149e-06,
    6.844138195895161e-06,
    0.00401912017113188,
    1.6479914913890796e-06,
    6.795194824681572e-06,
    4.9046389196287905e-06,
    2.9724953770795385e-06,
    -1.133580682747471e-05,
    5.7038316277944635e-05,
    7.0881288915575694e-06,
    1.3780917536266881e-05,
    0.012638411328168475,
    0.03090447956633336
  ],
  "val_sse_masked": 0.0015258484054356813,
  "val_nrmse_masked": 0.10632508993148804,
  "val_mse_masked": 5.086161763756536e-05,
  "val_r2_masked": 0.9886912107467651,
  "val_sse_full": 0.0014762933133170009,
  "val_nrmse_full": 0.10458426922559738,
  "val_mse_full": 4.920977880829014e-05,
  "val_r2_full": 0.9890584945678711,
  "iteration": 215,
  "p_lo_eff": 0.12967753410339355,
  "p_hi_eff": 1.9451630115509033,
  "f_lo_eff": 0.20659340918064117,
  "f_hi_eff": 1.6527472734451294
}