{
  "tag": "413_30659841",
  "lmb1": 2.3938855843673285e-05,
  "lmb2": 3.230249690973089e-07,
  "nonzero_count": 63,
  "complexity_norm": 0.5080645161290323,
  "train_gen_window": 0.021828906384688925,
  "generalizability": 0.028884211181257315,
  "equation": "0.1106 E^{0.5} n P^{-0.5} + 0.00085269 F dT_{i} - 0.00026433 F dn - 0.0015129 P^{-1} F dT_{e} + 5.2335 \\cdot 10^{-5} P^{-1} F dT_{i} - 0.00017985 P dn - 0.00087238 T_{e}^{0.5} F dT_{e} - 0.00063197 T_{e}^{0.5} F dn - 0.048244 T_{e}^{0.5} P^{-1} dn - 1.732 \\cdot 10^{-6} T_{e}^{0.5} T_{i}^{0.5} F dT_{i} - 0.015569 T_{e}^{0.5} T_{i}^{0.5} F dn - 5.4096 \\cdot 10^{-6} T_{e}^{0.5} T_{i}^{0.5} P^{-1} dT_{i} + 0.012491 T_{e}^{0.5} T_{i}^{0.5} P^{-1} dn + 5.4001 \\cdot 10^{-5} T_{e}^{0.5} T_{i}^{0.5} P dT_{e} + 1.1672 \\cdot 10^{-6} T_{e}^{0.5} T_{i}^{0.5} P dT_{i} + 0.00013526 T_{e}^{0.5} T_{i}^{0.5} P dn - 7.5643 \\cdot 10^{-6} T_{e}^{0.5} T_{i} dT_{e} + 3.9094 \\cdot 10^{-8} T_{e}^{0.5} T_{i} dT_{i} + 0.00084273 T_{e}^{0.5} T_{i} dn - 0.00063971 T_{e}^{0.5} dn - 0.0012945 T_{e} F dn + 0.021333 T_{e} P^{-1} dn + 3.3686 \\cdot 10^{-6} T_{e} P dT_{i} - 5.4501 \\cdot 10^{-5} T_{e} T_{i}^{0.5} dT_{e} - 0.00019251 T_{e} T_{i} dT_{e} + 3.3911 \\cdot 10^{-8} T_{e} T_{i} dT_{i} + 0.0031055 T_{e} T_{i} dn - 0.0022756 T_{e} dT_{e} - 0.00010904 T_{e} dT_{i} - 0.057898 T_{e} dn + 0.00073043 T_{i}^{0.5} F dT_{e} - 0.00047002 T_{i}^{0.5} F dn + 0.0013327 T_{i}^{0.5} P^{-1} dT_{e} - 5.4545 \\cdot 10^{-6} T_{i}^{0.5} P^{-1} dT_{i} - 0.0021455 T_{i}^{0.5} P^{-1} dn + 7.2807 \\cdot 10^{-7} T_{i}^{0.5} P dT_{i} + 8.4059 \\cdot 10^{-5} T_{i}^{0.5} P dn + 4.027 \\cdot 10^{-5} T_{i}^{0.5} dT_{e} + 2.9883 \\cdot 10^{-5} T_{i} F dT_{e} + 0.001898 T_{i} P^{-1} dn + 0.00016875 T_{i} P dT_{e} + 0.012886 T_{i} P dn + 0.00065572 T_{i} dn - 0.00013165 dT_{e} - 2.9068 \\cdot 10^{-5} dT_{i} - 0.0088808 n^{-1} F dn + 0.0036407 n^{-1} P^{-1} dn - 5.5922 \\cdot 10^{-5} n^{-1} T_{e}^{0.5} T_{i}^{0.5} dn - 0.00032281 n^{-1} T_{i}^{0.5} dn - 0.00015431 n^{-1} T_{i} dn - 9.0704 \\cdot 10^{-5} n^{-1} dn - 0.070579 n E^{0.5} - 0.024575 n E^{0.5} T_{e}^{0.5} P^{-1} + 0.00038266 n E^{0.5} T_{e}^{0.5} T_{i}^{0.5} + 0.038424 n E^{0.5} T_{e}^{0.5} T_{i} + 0.0014788 n E^{0.5} T_{e} T_{i}^{0.5} - 0.020606 n E^{0.5} T_{i}^{0.5} F + 0.0005675 n E^{0.5} T_{i}^{0.5} P^{-1} + 0.00020313 n E^{0.5} T_{i}^{0.5} P + 0.00038301 n E^{0.5} T_{i} + 0.024206 n E P^{-1} + 0.022572 n E T_{e}^{0.5} - 0.004149 n E T_{i}",
  "coefficients": [
    0.0885377087142441,
    0.008332564452347571,
    -0.0001359173671853474,
    -0.004519802026882636,
    -0.001372367824729494,
    -0.002899366233851667,
    -6.940655018810747e-05,
    -0.0002712166611771249,
    6.274423014915111e-05,
    0.0018555368849751373,
    -0.0017457731689538725,
    0.013416349761973425,
    -4.826506370012318e-05,
    -0.0024337119062398066,
    -9.624028114953102e-06,
    0.00030721275333182136,
    -1.551256014112078e-05,
    -0.003000552006958872,
    -1.1615089685403787e-05,
    -0.00020853244020877684,
    0.0005717982090990844,
    0.00012443962740984422,
    -0.009523215360181978,
    7.21907459208331e-07,
    0.0003188111586745351,
    0.0001300116711887547,
    3.320946299014732e-05,
    -0.0016384595821993795,
    -0.00017015276533052624,
    -9.552872940357047e-05,
    0.007582418408803777,
    0.00015430756173351193,
    0.0008731979007492268,
    7.777265015904725e-05,
    1.3160842538058218e-06,
    0.0001537767215872456,
    0.002990476900830087,
    -4.462591427986461e-05,
    -0.00036281111089455265,
    9.036458794769688e-05,
    0.00023784327510060875,
    -0.00015191802099671355,
    -0.00331753061020519,
    -0.00026589744534434833,
    -0.004548333906453147,
    2.2865290309511e-05,
    -0.00028279081102363594,
    -0.0002080964223080581,
    -0.0023004426625720126,
    2.2491498855642584e-05,
    -0.0005757637969818451,
    0.00010977385110462124,
    0.0029601694603807877,
    0.0006206945810133998,
    0.01928131528249812,
    -0.04348789332739248,
    -0.0004217985974745651,
    -0.0006533598049487604,
    0.015413012011469843,
    5.0952356131477575e-06,
    -0.01849261715338029,
    0.00016871807386700382,
    0.0007802726215640626,
    0.02227599861261574,
    -0.03680086310253251,
    -0.0012968006259767146,
    0.00284970256837207,
    -1.9648892721726876e-05,
    -0.038959241868714196,
    0.0005345333238298182,
    6.801650771504269e-05,
    -0.020474192206576723,
    0.00021068008573085892,
    0.00026879370737458824,
    -0.021751031228625956,
    0.00022820768315668838,
    0.026268919223416412,
    -4.3580002734786315e-05,
    0.0008575532039121469,
    0.011555523779071734,
    -8.107174990530156e-05,
    1.137786559733076e-06,
    3.016582770961845e-05,
    -0.0021567103929482495,
    0.007920751790823138,
    3.459826505453206e-05,
    0.05429784314112576
  ],
  "val_sse_masked": 0.0003062243922613561,
  "val_nrmse_masked": 0.0476321242749691,
  "val_mse_masked": 1.0207480045210104e-05,
  "val_r2_masked": 0.9977304339408875,
  "val_sse_full": 0.00030477321706712246,
  "val_nrmse_full": 0.047519128769636154,
  "val_mse_full": 1.015910766000161e-05,
  "val_r2_full": 0.997741162776947,
  "iteration": 413,
  "p_lo_eff": 0.12967753410339355,
  "p_hi_eff": 1.9451630115509033,
  "f_lo_eff": 0.20659340918064117,
  "f_hi_eff": 1.6527472734451294
}