{
  "tag": "186_e82fefe7",
  "lmb1": 0.0006534489205428427,
  "lmb2": 9.552767776818165e-07,
  "nonzero_count": 15,
  "complexity_norm": 0.12096774193548387,
  "train_gen_window": 0.0532638177106163,
  "generalizability": 0.055944430651427214,
  "equation": "0.051348 E^{0.5} n P^{-0.5} - 0.00381 P^{-1} F dT_{e} - 8.0411 \\cdot 10^{-5} P^{-1} F dT_{i} - 0.0023986 P^{-1} F dn + 0.00032767 P dn - 0.00045925 T_{e}^{0.5} T_{i}^{0.5} dn - 0.068779 T_{e} dn - 0.0090121 T_{i}^{0.5} P^{-1} dn + 9.2137 \\cdot 10^{-5} T_{i}^{0.5} P dn + 0.0052412 T_{i} P dn + 0.0002121 n^{-1} P^{-1} dn + 0.0094698 n E^{0.5} T_{e}^{0.5} T_{i} - 0.022365 n E^{0.5} T_{i}^{0.5} P + 0.00068389 n E^{0.5} T_{i} + 0.041977 n E T_{e}^{0.5} T_{i}^{0.5}",
  "coefficients": [
    0.08853770309847198,
    0.00048544641147497193,
    2.804014941184431e-06,
    -1.79224860142144e-05,
    1.2410742105989926e-06,
    1.242641246190521e-06,
    1.1967357291292753e-06,
    6.342208570961242e-07,
    4.378933110542004e-07,
    -0.0028509585845500514,
    -8.246610169309701e-07,
    1.0655021604757145e-06,
    -3.7035294488781786e-07,
    -1.604637675126828e-06,
    -2.0176494121858365e-06,
    -2.9838768503810344e-06,
    -2.2461615224472577e-06,
    -1.411174329053781e-06,
    -1.7491933435975e-06,
    -1.0690645526047458e-06,
    -2.647071886550753e-06,
    -2.7409270426281274e-06,
    -5.041155068026214e-07,
    3.7487636620291355e-07,
    -1.0620136011541226e-06,
    -2.4403594291514195e-06,
    -3.1644289081613784e-07,
    -0.004126289228047325,
    2.0964666412089196e-06,
    1.8178036233951308e-06,
    1.0259948640145309e-06,
    9.486567309615704e-06,
    2.7773505204936567e-06,
    2.4664879641923688e-06,
    1.5705294115755452e-05,
    4.266381851919249e-06,
    2.1847530710135105e-05,
    -3.7937818680102e-07,
    1.7193067219147413e-06,
    2.6915300525134313e-06,
    1.2575989992346904e-05,
    1.5069347906774945e-05,
    4.81762452252892e-06,
    1.6570522992080994e-05,
    1.3894005754605188e-05,
    -0.00303180792190362,
    -2.1617217841851e-06,
    0.00037913406379236185,
    -0.009663131356229308,
    -1.1520653495092632e-05,
    -6.392453226202957e-06,
    0.00012032363356952968,
    -8.915785165064489e-07,
    -7.344642476314671e-06,
    0.007842422772642816,
    -6.564196303539102e-06,
    -1.4430313399219595e-05,
    -2.799625845644068e-06,
    -1.041073289877729e-06,
    -0.00035115847523654273,
    -1.0103647072811072e-05,
    1.253866575160527e-05,
    -1.3680262884258522e-05,
    -2.777617067642803e-07,
    -0.04371727218307122,
    -3.3266165680494638e-06,
    -1.5147536734114804e-05,
    -3.488160056056568e-07,
    7.380662883674927e-07,
    4.20001321616744e-07,
    3.858829738904355e-06,
    2.175980019408051e-07,
    -0.023197211877399655,
    0.0004799448448717472,
    -5.723600565748261e-06,
    4.459505456334798e-06,
    0.0064741168287923145,
    7.757545104460876e-07,
    4.046663179917e-06,
    3.241796792887172e-06,
    1.029914281020814e-06,
    -1.1220614097221299e-05,
    5.0818020698571655e-05,
    4.037797715999277e-06,
    1.061212326374145e-05,
    0.016974772589780786,
    0.02520912600540502
  ],
  "val_sse_masked": 0.0008831807062961161,
  "val_nrmse_masked": 0.08089186251163483,
  "val_mse_masked": 2.943935942312237e-05,
  "val_r2_masked": 0.9934543371200562,
  "val_sse_full": 0.0008737884345464408,
  "val_nrmse_full": 0.08046058565378189,
  "val_mse_full": 2.912628224294167e-05,
  "val_r2_full": 0.9935239553451538,
  "iteration": 186,
  "p_lo_eff": 0.12967753410339355,
  "p_hi_eff": 1.9451630115509033,
  "f_lo_eff": 0.20659340918064117,
  "f_hi_eff": 1.6527472734451294
}