{
  "tag": "265_756b5f6e",
  "lmb1": 0.007945177335935246,
  "lmb2": 7.169648204034647e-05,
  "nonzero_count": 4,
  "complexity_norm": 0.03225806451612903,
  "train_gen_window": 0.14481048204900587,
  "generalizability": 0.15496635001204748,
  "equation": "0.057807 E^{0.5} n P^{-0.5} - 0.014885 P^{-1} F dn - 0.038578 T_{e}^{0.5} T_{i}^{0.5} dn - 0.00063404 T_{i}^{0.5} P^{-1} dn",
  "coefficients": [
    0.08853770590416116,
    3.7199556474338555e-07,
    2.19644143177421e-07,
    -1.0012794842352278e-07,
    2.500913188498221e-07,
    1.445004142058775e-07,
    2.2901853358418022e-07,
    2.2830606444317018e-07,
    2.374418314613188e-07,
    -1.3677175903012468e-07,
    -5.278365993338156e-08,
    3.1562467009167175e-09,
    -2.1123331412477444e-08,
    -4.097090649747752e-08,
    -3.794014690659806e-08,
    -4.5311567917980235e-08,
    -2.4041675664375517e-08,
    -4.365078649720865e-08,
    -3.866732372220712e-08,
    -2.9659724715145755e-08,
    -4.535798831741097e-08,
    -2.8340942503599472e-08,
    -5.560986172094945e-08,
    -2.9614681351843588e-08,
    -6.686101672800754e-08,
    -2.8994550975233936e-08,
    -1.0894507824835477e-06,
    -1.0616135952227805e-06,
    -2.6452310199944585e-07,
    -2.2731292202095173e-07,
    -3.1899317849409466e-07,
    -1.8441762422655708e-07,
    -2.0278901722221791e-07,
    -1.256863275944451e-07,
    -8.124242283612796e-08,
    -1.0689097490159125e-07,
    -6.071062479868021e-08,
    -1.4496544658979883e-06,
    -2.648978543805482e-07,
    -2.070365555388086e-07,
    -1.3221871015306365e-07,
    -7.41967770671236e-08,
    -2.726194094828251e-07,
    -1.586513800503911e-07,
    -6.791770129991387e-08,
    -0.018814183696007913,
    -4.302009573576595e-07,
    2.732800892516808e-09,
    -0.0006798461977668053,
    -2.6492131368674344e-06,
    -1.100146788996986e-06,
    -1.4376174204747099e-08,
    -2.6742283264155747e-07,
    -1.597266608880691e-06,
    -2.0725549628575105e-08,
    -2.015890465276476e-06,
    -1.3424230288172288e-06,
    -5.314351283518595e-07,
    -3.955789651874223e-07,
    -0.029497473387410312,
    -1.7142794697678462e-06,
    -2.281625142458508e-08,
    -1.7106110376970978e-06,
    -3.0440172981966105e-07,
    -3.068245915114532e-06,
    -6.528252933783511e-07,
    -1.2106076552611024e-06,
    3.0737223497605235e-07,
    1.6917445214587586e-07,
    4.593292866579287e-07,
    3.8959609328780587e-07,
    2.02471880428409e-07,
    -3.9433695667373566e-08,
    1.6078094732275919e-06,
    1.5046104261673113e-07,
    4.883403365346367e-07,
    3.3038291524333276e-06,
    2.2342088154397254e-07,
    5.888850040780406e-07,
    1.8659056027255424e-06,
    3.0911681441917314e-07,
    -9.833359768361412e-10,
    3.8143635720071353e-06,
    2.192982200785501e-06,
    8.887637586385416e-07,
    4.905231494759873e-05,
    0.028380567742624777
  ],
  "val_sse_masked": 0.005598141811788082,
  "val_nrmse_masked": 0.20365823805332184,
  "val_mse_masked": 0.00018660473870113492,
  "val_r2_masked": 0.9585095047950745,
  "val_sse_full": 0.005570326931774616,
  "val_nrmse_full": 0.203151673078537,
  "val_mse_full": 0.00018567757797427475,
  "val_r2_full": 0.9587156176567078,
  "iteration": 265,
  "p_lo_eff": 0.12967753410339355,
  "p_hi_eff": 1.9451630115509033,
  "f_lo_eff": 0.20659340918064117,
  "f_hi_eff": 1.6527472734451294
}