{
  "tag": "130_049f94ab",
  "lmb1": 2.546783679489316e-07,
  "lmb2": 0.0006924258415695545,
  "nonzero_count": 83,
  "complexity_norm": 0.6693548387096774,
  "train_gen_window": 0.025151695304108823,
  "generalizability": 0.03132431858908128,
  "equation": "0.066246 E^{0.5} n P^{-0.5} - 0.0037609 F dT_{e} + 0.0015141 F dT_{i} - 0.0016556 F dn - 0.0035772 P^{-1} F dT_{e} + 0.00086057 P^{-1} dT_{e} - 0.00035176 P F dT_{i} - 0.0045881 P dn - 0.01187 T_{e}^{0.5} F dT_{e} - 0.0056018 T_{e}^{0.5} F dn + 0.002103 T_{e}^{0.5} P^{-1} dT_{e} - 0.027218 T_{e}^{0.5} P^{-1} dn + 0.0039813 T_{e}^{0.5} T_{i}^{0.5} F dT_{e} - 2.5797 \\cdot 10^{-5} T_{e}^{0.5} T_{i}^{0.5} F dT_{i} - 0.0089342 T_{e}^{0.5} T_{i}^{0.5} F dn - 1.1031 \\cdot 10^{-5} T_{e}^{0.5} T_{i}^{0.5} P^{-1} dT_{i} + 0.012608 T_{e}^{0.5} T_{i}^{0.5} P^{-1} dn + 0.0012508 T_{e}^{0.5} T_{i}^{0.5} P dT_{e} + 4.4274 \\cdot 10^{-6} T_{e}^{0.5} T_{i}^{0.5} P dT_{i} + 0.0051479 T_{e}^{0.5} T_{i}^{0.5} P dn - 4.0678 \\cdot 10^{-6} T_{e}^{0.5} T_{i}^{0.5} dT_{i} - 0.0041135 T_{e}^{0.5} T_{i}^{0.5} dn - 0.00022306 T_{e}^{0.5} T_{i} dT_{e} + 4.612 \\cdot 10^{-7} T_{e}^{0.5} T_{i} dT_{i} + 0.004378 T_{e}^{0.5} T_{i} dn - 0.017501 T_{e}^{0.5} dn + 0.0001595 T_{e} F dT_{i} - 0.0081205 T_{e} F dn + 0.016289 T_{e} P^{-1} dn + 2.8436 \\cdot 10^{-5} T_{e} P dT_{i} - 0.00057229 T_{e} T_{i}^{0.5} dT_{e} - 0.00017595 T_{e} T_{i} dT_{e} + 9.0108 \\cdot 10^{-7} T_{e} T_{i} dT_{i} + 0.0051994 T_{e} T_{i} dn - 0.0029281 T_{e} dT_{e} - 0.00010598 T_{e} dT_{i} - 0.024268 T_{e} dn + 0.0022595 T_{i}^{0.5} F dT_{e} - 0.0063887 T_{i}^{0.5} F dn + 0.0014525 T_{i}^{0.5} P^{-1} dT_{e} - 1.4151 \\cdot 10^{-5} T_{i}^{0.5} P^{-1} dT_{i} - 0.02033 T_{i}^{0.5} P^{-1} dn - 1.4026 \\cdot 10^{-6} T_{i}^{0.5} P dT_{i} + 0.0039201 T_{i}^{0.5} P dn - 0.0010881 T_{i}^{0.5} dT_{e} - 8.7522 \\cdot 10^{-6} T_{i}^{0.5} dT_{i} + 0.00019989 T_{i} F dT_{e} + 2.3175 \\cdot 10^{-6} T_{i} F dT_{i} + 8.1399 \\cdot 10^{-5} T_{i} P^{-1} dT_{e} + 0.0065855 T_{i} P^{-1} dn + 0.00027043 T_{i} P dT_{e} + 0.0079869 T_{i} P dn - 0.00027838 T_{i} dT_{e} + 0.0060122 T_{i} dn + 0.00042434 dT_{e} - 0.00012712 dT_{i} - 0.022972 n^{-1} F dn + 0.0049168 n^{-1} P^{-1} dn - 0.00033655 n^{-1} T_{e}^{0.5} T_{i}^{0.5} dn + 0.00021747 n^{-1} T_{e}^{0.5} dn + 0.0010077 n^{-1} T_{e} dn + 0.00019547 n^{-1} T_{i}^{0.5} dn - 0.00045613 n^{-1} T_{i} dn + 0.00069652 n^{-1} dn - 0.040114 n E^{0.5} + 0.012581 n E^{0.5} P^{-1} - 0.02383 n E^{0.5} T_{e}^{0.5} P^{-1} + 0.00753 n E^{0.5} T_{e}^{0.5} T_{i}^{0.5} + 0.01835 n E^{0.5} T_{e}^{0.5} T_{i} - 0.01369 n E^{0.5} T_{e} + 0.014712 n E^{0.5} T_{e} T_{i}^{0.5} - 0.0025405 n E^{0.5} T_{i}^{0.5} - 0.01993 n E^{0.5} T_{i}^{0.5} F + 0.006083 n E^{0.5} T_{i}^{0.5} P^{-1} - 0.0039033 n E^{0.5} T_{i}^{0.5} P + 0.014054 n E^{0.5} T_{i} - 0.014747 n E F + 0.015311 n E P^{-1} - 0.0038166 n E P + 0.039949 n E T_{e}^{0.5} + 0.0097785 n E T_{e}^{0.5} T_{i}^{0.5} + 0.0082654 n E T_{i}^{0.5} - 0.0078984 n E T_{i}",
  "coefficients": [
    0.0885377074008395,
    0.01125320201719141,
    0.00104371601777236,
    -0.011691652892227317,
    0.0008310236312034855,
    -0.00857016517159645,
    0.00033371483204590324,
    -0.001632237762296207,
    0.0016580152474623272,
    -7.638956224757798e-05,
    -0.0076345054817103936,
    0.023822830213002508,
    -0.005464864377241224,
    -0.006313803302800347,
    -0.0033306062704217057,
    -0.0005918107139300868,
    0.0015953956087703947,
    -0.006118811260116805,
    -0.0018585576629354117,
    -0.0031059409521916395,
    0.0021688849097445256,
    0.0014680468406436872,
    -0.009255552173562935,
    0.003813508058111051,
    0.002691183572164274,
    0.003454647128658908,
    0.0015345132478457174,
    -0.0038741726499436913,
    0.0005484525550718856,
    -0.0014162169991250653,
    0.008263988659601276,
    -0.004169533064686329,
    0.0027011840170862167,
    0.0019702676022382883,
    -0.004798919380197671,
    0.0010286452172153376,
    0.004792315376386464,
    0.004305176901315599,
    -0.004936474484711073,
    0.005414078854302319,
    0.005508891752681842,
    -0.0044797642635435175,
    -0.004268793421527944,
    -0.002792069155342275,
    -0.004156902025153127,
    -4.6201137791402475e-05,
    -0.0017712064901405922,
    -0.0053087437445337796,
    -0.02179851682458249,
    -4.9093419471943345e-05,
    -0.00782605284491935,
    0.0051193421128820915,
    0.010271001836452728,
    0.005691050783176152,
    0.011950901506902423,
    -0.024535009653776606,
    -0.011539454649114683,
    -0.005791412566147833,
    0.015557944697013028,
    -0.00314531811474842,
    -0.010612152702151545,
    0.006421536046630913,
    0.004053570453244268,
    0.017008657163792143,
    -0.01542501410356812,
    -0.00813478683423939,
    0.004771107941734187,
    0.00961870128397458,
    -0.022142472795044846,
    0.005729614182784344,
    -0.0015670856003770633,
    -0.01980275576267025,
    -0.004048464424568486,
    0.009862860074958006,
    -0.02109201577798863,
    0.004490637422710074,
    0.012545005898482522,
    -0.007039972479696177,
    0.008531332444723608,
    0.007309330227540552,
    -0.008418796589957818,
    -0.0023184198813962845,
    0.0034486146922977426,
    -0.004105702662412551,
    0.014018326314034178,
    0.003954277271229621,
    0.032523489734459524
  ],
  "val_sse_masked": 0.00034599119680933654,
  "val_nrmse_masked": 0.05063054338097572,
  "val_mse_masked": 1.1533040378708392e-05,
  "val_r2_masked": 0.9974356889724731,
  "val_sse_full": 0.0003432269732002169,
  "val_nrmse_full": 0.050427887588739395,
  "val_mse_full": 1.1440899470471777e-05,
  "val_r2_full": 0.9974561929702759,
  "iteration": 130,
  "p_lo_eff": 0.12967753410339355,
  "p_hi_eff": 1.9451630115509033,
  "f_lo_eff": 0.20659340918064117,
  "f_hi_eff": 1.6527472734451294
}