{
  "tag": "55_96174921",
  "lmb1": 0.000248538712732161,
  "lmb2": 0.0018485945684985083,
  "nonzero_count": 30,
  "complexity_norm": 0.24193548387096775,
  "train_gen_window": 0.05099104463701816,
  "generalizability": 0.045507383335951085,
  "equation": "0.050073 E^{0.5} n P^{-0.5} + 8.6608 \\cdot 10^{-5} F dT_{i} - 0.0037763 P^{-1} F dT_{e} - 7.4855 \\cdot 10^{-5} P^{-1} F dT_{i} - 0.0037849 P^{-1} F dn + 0.00035485 P dn - 0.0091712 T_{e}^{0.5} P^{-1} dn - 0.0021719 T_{e}^{0.5} T_{i}^{0.5} F dn + 0.00012008 T_{e}^{0.5} T_{i}^{0.5} P dn - 0.0047701 T_{e}^{0.5} T_{i}^{0.5} dn - 0.015561 T_{e}^{0.5} dn + 3.9178 \\cdot 10^{-5} T_{e} T_{i}^{0.5} dT_{e} + 0.00011137 T_{e} dT_{e} - 0.034324 T_{e} dn - 0.0001657 T_{i}^{0.5} F dn - 0.0038949 T_{i}^{0.5} P^{-1} dn + 0.0028492 T_{i}^{0.5} P dn + 0.00013248 T_{i}^{0.5} dT_{e} + 0.0068881 T_{i} P dn - 0.013773 n^{-1} F dn + 0.002072 n^{-1} P^{-1} dn + 0.0019228 n^{-1} dn - 0.0046623 n E^{0.5} T_{e}^{0.5} P^{-1} + 0.0033864 n E^{0.5} T_{e}^{0.5} T_{i} - 0.019352 n E^{0.5} T_{i}^{0.5} P + 0.0010258 n E^{0.5} T_{i} - 0.00024021 n E P + 0.020827 n E T_{e}^{0.5} + 0.025294 n E T_{e}^{0.5} T_{i}^{0.5} + 0.016834 n E T_{i}^{0.5}",
  "coefficients": [
    0.08853770548511736,
    0.004742329361776742,
    0.002881246981699371,
    -0.007009738331742558,
    5.6264719625351715e-06,
    -1.970468603277031e-06,
    2.5187605704024454e-05,
    9.677016886624181e-07,
    7.1158672884104635e-06,
    -0.0026539735590806377,
    4.129300304094567e-06,
    0.0013626905149448495,
    1.8866974115279093e-05,
    -1.490134615951515e-05,
    -1.6248143218718627e-06,
    4.746404507857479e-06,
    -9.627555167353926e-06,
    -1.4631702246118108e-05,
    -1.4057658894615326e-06,
    -3.0827867157464644e-06,
    5.33369014939501e-06,
    -6.13851219564736e-06,
    5.321587263714006e-06,
    1.8406420616336692e-05,
    1.4074531231228216e-05,
    -6.253853473423925e-06,
    7.421886207514646e-06,
    -0.004089772275608061,
    3.8933230735014226e-05,
    3.821430988543738e-05,
    3.24139263991018e-05,
    0.0005076461614464152,
    6.164439545187698e-05,
    5.806840427978588e-05,
    8.048533181982185e-05,
    5.1493997569490077e-05,
    2.1946697108435802e-05,
    5.2165978564712205e-06,
    3.2641305181107044e-05,
    3.849403611696051e-05,
    3.0819489954390086e-05,
    5.3117737389453466e-05,
    0.00016236257872641633,
    0.0001911410592543243,
    4.171013469859076e-05,
    -0.004784113418553705,
    -2.4517031755601637e-05,
    0.00041058633775570513,
    -0.004176220769608784,
    -9.240076409175342e-05,
    -0.00020298046577585125,
    0.0037207603230252086,
    7.2766906824517456e-06,
    -2.033316641790808e-05,
    0.010306709825533996,
    -0.008267078275567092,
    -0.010260352884579615,
    -3.982487190495629e-05,
    8.432028304824701e-07,
    -0.0036473658387354045,
    -0.002579827965418717,
    0.0001497852150041097,
    -3.064642274599264e-05,
    1.6451928224313909e-06,
    -0.021817105549852712,
    -7.28065161894469e-05,
    -4.4746940808657496e-05,
    6.4494006402097e-07,
    -7.831445475194202e-07,
    2.061059234806958e-06,
    1.960890522509892e-05,
    -1.4667481161344956e-05,
    -0.020071293346963576,
    0.0007199115508066817,
    -0.004126626760626823,
    2.6944336456954347e-05,
    0.002315161347419765,
    2.021851836598417e-06,
    2.791843154117618e-05,
    4.6024674760863156e-05,
    1.6874811227732143e-06,
    -0.0001459213199404168,
    0.0070239139198351825,
    5.317392863716849e-05,
    0.007308510077541202,
    0.010228385394339444,
    0.024583211650240622
  ],
  "val_sse_masked": 0.0007366709178313613,
  "val_nrmse_masked": 0.07387828081846237,
  "val_mse_masked": 2.455569847370498e-05,
  "val_r2_masked": 0.9945401549339294,
  "val_sse_full": 0.0007224282016977668,
  "val_nrmse_full": 0.07316062599420547,
  "val_mse_full": 2.408094223937951e-05,
  "val_r2_full": 0.9946457147598267,
  "iteration": 55,
  "p_lo_eff": 0.12967753410339355,
  "p_hi_eff": 1.9451630115509033,
  "f_lo_eff": 0.20659340918064117,
  "f_hi_eff": 1.6527472734451294
}