{
  "tag": "62_7fcf7ccd",
  "lmb1": 0.1,
  "lmb2": 0.1,
  "nonzero_count": 4,
  "complexity_norm": 0.03225806451612903,
  "train_gen_window": 0.5994305247518857,
  "generalizability": 0.5835409230407563,
  "equation": "0.026843 E^{0.5} n P^{-0.5} - 0.00050192 T_{e}^{0.5} T_{i}^{0.5} F dn + 0.0076273 n E^{0.5} T_{e}^{0.5} T_{i} + 0.0053157 n E T_{e}^{0.5} T_{i}^{0.5}",
  "coefficients": [
    0.08853770154904977,
    6.75372822713492e-10,
    2.208492798802263e-09,
    -1.6114847075314636e-08,
    2.798112766361065e-09,
    2.6855746594984183e-09,
    1.950843889526309e-09,
    2.6283301345210294e-09,
    1.7475363586426366e-09,
    1.69295962679813e-09,
    -2.145104345358256e-09,
    5.91903903683396e-10,
    -2.523507373192018e-10,
    -1.6394031313745074e-09,
    -2.010980048377252e-09,
    -2.087246872279684e-09,
    -1.606386129917257e-09,
    -1.6164881232985307e-09,
    -1.9982773538762716e-09,
    -1.4080219122805604e-09,
    -2.1017774372710194e-09,
    -1.8033871499318517e-09,
    -2.076165577899618e-09,
    -3.7406374716893155e-11,
    -2.282206543688156e-09,
    -1.7956891396854889e-09,
    -1.1692254519658562e-09,
    9.655088236370656e-10,
    -1.8818104247700813e-09,
    3.097103417914321e-10,
    -6.634433362474992e-10,
    -8.829511195325943e-10,
    -8.618560456091625e-11,
    7.039407761835033e-11,
    2.8686374069960464e-10,
    3.02772807497914e-10,
    3.751724199415813e-10,
    -9.691705588400486e-10,
    4.1742900862693375e-10,
    -5.503661911217142e-12,
    -7.636959486585721e-10,
    3.809613356531316e-10,
    -1.5044315180999575e-09,
    -5.575978418383156e-10,
    4.5834846393446053e-10,
    -1.906514405100223e-07,
    -1.7728134373711278e-07,
    -2.2672709953089543e-08,
    -6.013096900869813e-08,
    -1.6305104728471473e-07,
    -4.5071844591557594e-07,
    -2.4194148057723286e-08,
    -2.709297501847516e-08,
    -1.1045362088689975e-07,
    -2.3813802433013014e-08,
    -6.179499367651156e-08,
    -2.1276441561466066e-07,
    -3.21382125469706e-07,
    -3.6031370446091495e-08,
    -3.6762457466234363e-07,
    -0.0005961901984718423,
    -2.5854357565157633e-08,
    -1.3593657620041862e-07,
    -3.583217206830662e-08,
    -8.479327200860914e-07,
    -1.7234952192793085e-06,
    -1.4239722526408274e-07,
    3.7981432137414075e-08,
    6.96786991661889e-08,
    4.2400402963777935e-08,
    1.529664114180512e-07,
    1.2384102645017153e-07,
    2.1097332148167497e-08,
    6.777446594758233e-07,
    2.6158894109703272e-08,
    3.2189418876787727e-07,
    0.0052144581138214635,
    1.3774056402417725e-07,
    4.4905962592850214e-05,
    7.572786950862292e-08,
    1.7163898335646933e-07,
    2.4948066130274313e-08,
    4.781043465400665e-07,
    8.831098789374e-08,
    4.713323458367302e-07,
    0.0021495847760964293,
    0.013178753044505966
  ],
  "val_sse_masked": 0.07929642498493195,
  "val_nrmse_masked": 0.766490638256073,
  "val_mse_masked": 0.0026432143058627844,
  "val_r2_masked": 0.41229623556137085,
  "val_sse_full": 0.07917769253253937,
  "val_nrmse_full": 0.765916645526886,
  "val_mse_full": 0.002639256650581956,
  "val_r2_full": 0.4131762385368347,
  "iteration": 62,
  "p_lo_eff": 0.12967753410339355,
  "p_hi_eff": 1.9451630115509033,
  "f_lo_eff": 0.20659340918064117,
  "f_hi_eff": 1.6527472734451294
}