{
  "tag": "428_f236bab5",
  "lmb1": 3.1887239015573018e-06,
  "lmb2": 2.239340780321863e-08,
  "nonzero_count": 84,
  "complexity_norm": 0.6774193548387096,
  "train_gen_window": 0.018830996850674655,
  "generalizability": 0.013120788996425995,
  "equation": "0.15656 E^{0.5} n P^{-0.5} + 0.018966 F dT_{e} + 0.0030543 F dT_{i} - 0.00013688 F dn + 5.498 \\cdot 10^{-5} P^{-1} F dT_{i} + 0.0029237 P^{-1} F dn + 0.0046498 P^{-1} dT_{e} + 7.0962 \\cdot 10^{-5} P F dT_{i} - 0.0018529 P dn - 0.052233 T_{e}^{0.5} F dT_{e} - 0.00061073 T_{e}^{0.5} F dn + 0.00047572 T_{e}^{0.5} P^{-1} dT_{e} - 0.047495 T_{e}^{0.5} P^{-1} dn + 0.01375 T_{e}^{0.5} T_{i}^{0.5} F dT_{e} - 1.0429 \\cdot 10^{-6} T_{e}^{0.5} T_{i}^{0.5} F dT_{i} - 0.024229 T_{e}^{0.5} T_{i}^{0.5} F dn + 1.8419 \\cdot 10^{-6} T_{e}^{0.5} T_{i}^{0.5} P^{-1} dT_{i} + 0.037318 T_{e}^{0.5} T_{i}^{0.5} P^{-1} dn + 0.0014148 T_{e}^{0.5} T_{i}^{0.5} P dT_{e} + 4.7795 \\cdot 10^{-6} T_{e}^{0.5} T_{i}^{0.5} P dT_{i} + 0.015868 T_{e}^{0.5} T_{i}^{0.5} P dn + 9.3907 \\cdot 10^{-7} T_{e}^{0.5} T_{i}^{0.5} dT_{i} + 0.035955 T_{e}^{0.5} T_{i}^{0.5} dn - 3.1082 \\cdot 10^{-5} T_{e}^{0.5} T_{i} dT_{e} - 4.5171 \\cdot 10^{-7} T_{e}^{0.5} T_{i} dT_{i} + 0.0018432 T_{e}^{0.5} T_{i} dn - 0.086775 T_{e}^{0.5} dn - 0.00084262 T_{e} F dT_{i} - 0.0013849 T_{e} F dn + 0.0054741 T_{e} P^{-1} dn + 1.2805 \\cdot 10^{-5} T_{e} P dT_{i} - 0.00076085 T_{e} T_{i}^{0.5} dT_{e} + 2.1477 \\cdot 10^{-5} T_{e} T_{i} dT_{e} - 1.2815 \\cdot 10^{-7} T_{e} T_{i} dT_{i} + 0.0013822 T_{e} T_{i} dn - 0.0029998 T_{e} dT_{e} - 4.9058 \\cdot 10^{-5} T_{e} dT_{i} - 0.0026309 T_{e} dn + 0.004299 T_{i}^{0.5} F dT_{e} - 0.0013615 T_{i}^{0.5} F dn + 0.00028075 T_{i}^{0.5} P^{-1} dT_{e} + 3.4828 \\cdot 10^{-7} T_{i}^{0.5} P^{-1} dT_{i} - 0.00029006 T_{i}^{0.5} P^{-1} dn + 2.1178 \\cdot 10^{-6} T_{i}^{0.5} P dT_{i} + 0.0015363 T_{i}^{0.5} P dn - 0.0028888 T_{i}^{0.5} dT_{e} - 3.5538 \\cdot 10^{-7} T_{i}^{0.5} dT_{i} + 0.0015744 T_{i}^{0.5} dn - 9.7398 \\cdot 10^{-6} T_{i} F dT_{i} - 7.1706 \\cdot 10^{-5} T_{i} P^{-1} dT_{e} - 0.0065051 T_{i} P^{-1} dn + 6.4524 \\cdot 10^{-5} T_{i} P dT_{e} + 0.00034923 T_{i} P dn - 0.000553 T_{i} dT_{e} + 0.0012341 T_{i} dn + 0.002295 dT_{e} - 0.0005316 dT_{i} + 0.00036716 n^{-1} F dn + 0.0043904 n^{-1} P^{-1} dn - 0.0028183 n^{-1} T_{e}^{0.5} T_{i}^{0.5} dn - 0.00078033 n^{-1} T_{e}^{0.5} dn - 0.0021881 n^{-1} T_{e} dn + 0.0010448 n^{-1} T_{i}^{0.5} dn - 0.0001243 n^{-1} T_{i} dn + 0.00072894 n^{-1} dn - 0.23332 n E^{0.5} - 0.03413 n E^{0.5} P^{-1} - 0.018597 n E^{0.5} T_{e}^{0.5} P^{-1} + 0.0014778 n E^{0.5} T_{e}^{0.5} T_{i}^{0.5} + 0.047904 n E^{0.5} T_{e}^{0.5} T_{i} - 0.0013706 n E^{0.5} T_{e} + 0.0033094 n E^{0.5} T_{e} T_{i}^{0.5} + 0.00097185 n E^{0.5} T_{i}^{0.5} - 0.022137 n E^{0.5} T_{i}^{0.5} F + 0.030243 n E^{0.5} T_{i}^{0.5} P^{-1} + 0.015034 n E^{0.5} T_{i}^{0.5} P + 0.097378 n E^{0.5} T_{i} - 0.011297 n E F + 0.00079359 n E P^{-1} - 0.0079188 n E P + 0.37999 n E T_{e}^{0.5} - 0.32091 n E T_{e}^{0.5} T_{i}^{0.5} - 0.0063956 n E T_{i}^{0.5} - 0.0013468 n E T_{i}",
  "coefficients": [
    0.0885377151714728,
    0.010048287296174598,
    0.0010922880743195883,
    0.00018686492252710236,
    0.004441734534943894,
    -0.002335526432323357,
    -0.0011974208140742028,
    -0.013668411799485601,
    -0.0036002860425974124,
    0.0019493132176283212,
    -0.031927090931308764,
    0.04805698657207353,
    0.0011024585778574628,
    0.00015539412339841193,
    -0.00013523858121870986,
    0.000893622553012999,
    -0.0067049680633861075,
    0.0010216724362316658,
    0.00042905318597081285,
    -0.00012556878990412242,
    0.002341387308486714,
    -0.0014378469843184523,
    -0.004284421625155679,
    -0.02014607419958878,
    0.0012118427284372774,
    -0.0004913098446067554,
    0.008291325285766378,
    -1.9449898124247224e-05,
    0.002966212953047093,
    0.007141902860415716,
    0.001597280298155033,
    -0.011069480390196755,
    0.005139283550346167,
    -0.001735649509457815,
    -0.00953283445237468,
    5.42106981464113e-05,
    0.0011434146092722869,
    0.0009738904115323863,
    -0.02172295470480214,
    0.018698457482448347,
    0.006231448190730964,
    -0.0006242272982274117,
    -0.004373412838335006,
    -0.0037120369582582143,
    0.0005074189619581695,
    0.0036955653693059995,
    -0.000146444973584121,
    -0.0021439697178273496,
    -0.0003110158283722343,
    0.0012480901736724337,
    -0.0016678711731338135,
    0.002006347574533062,
    -0.010145628637779217,
    0.0011682241961767166,
    0.0005225531524427067,
    -0.04281262548197904,
    -0.057216403873313885,
    -0.0006313949749209861,
    0.046048450273915915,
    0.027492202223665378,
    -0.02877926020306661,
    0.01979389391250837,
    0.0017066420272424288,
    0.005715936897212087,
    -0.0016722406517117826,
    -0.0013873112019352012,
    0.0012683815503745023,
    -0.02609475606771757,
    -0.12878941032172653,
    0.028485798863685102,
    0.0005994834264296068,
    -0.021995736051223617,
    0.015593606398491892,
    0.06833925145030945,
    -0.016460083095014538,
    0.0008813126972863759,
    0.03274977184286799,
    -0.0007048218040139499,
    0.0019190997078514184,
    0.00037884664839843494,
    -0.0064494283229900974,
    -0.0048103680035909285,
    -0.0026684419597878405,
    -0.0007000984644666051,
    0.13334106403139018,
    -0.12977206314773312,
    0.07686206052501592
  ],
  "val_sse_masked": 0.00017856794875115156,
  "val_nrmse_masked": 0.03637322783470154,
  "val_mse_masked": 5.9522653828025796e-06,
  "val_r2_masked": 0.9986765384674072,
  "val_sse_full": 0.00017855397891253233,
  "val_nrmse_full": 0.036371804773807526,
  "val_mse_full": 5.951799721515272e-06,
  "val_r2_full": 0.9986766576766968,
  "iteration": 428,
  "p_lo_eff": 0.12967753410339355,
  "p_hi_eff": 1.9451630115509033,
  "f_lo_eff": 0.20659340918064117,
  "f_hi_eff": 1.6527472734451294
}