{
  "tag": "330_f45f255f",
  "lmb1": 0.0002239250389662811,
  "lmb2": 3.2822065965562086e-05,
  "nonzero_count": 27,
  "complexity_norm": 0.21774193548387097,
  "train_gen_window": 0.046454412039655266,
  "generalizability": 0.0449332924240014,
  "equation": "0.057441 E^{0.5} n P^{-0.5} + 7.4654 \\cdot 10^{-5} F dT_{i} - 0.0038266 P^{-1} F dT_{e} - 7.1001 \\cdot 10^{-5} P^{-1} F dT_{i} - 0.0035514 P^{-1} F dn + 0.00026743 P dn - 0.011359 T_{e}^{0.5} P^{-1} dn - 9.3998 \\cdot 10^{-5} T_{e}^{0.5} T_{i}^{0.5} F dn + 9.3493 \\cdot 10^{-5} T_{e}^{0.5} T_{i}^{0.5} P dn - 0.00021744 T_{e}^{0.5} T_{i}^{0.5} dn - 0.063804 T_{e} dn + 0.0001369 T_{i}^{0.5} F dT_{e} - 0.0023519 T_{i}^{0.5} P^{-1} dn + 0.00068141 T_{i}^{0.5} P dn + 0.00020477 T_{i}^{0.5} dT_{e} + 6.9325 \\cdot 10^{-6} T_{i} P^{-1} dT_{e} + 0.0080526 T_{i} P dn - 0.009146 n^{-1} F dn + 0.0016871 n^{-1} P^{-1} dn + 0.0011973 n^{-1} dn - 0.0079602 n E^{0.5} T_{e}^{0.5} P^{-1} + 0.0002934 n E^{0.5} T_{e}^{0.5} T_{i} - 0.020976 n E^{0.5} T_{i}^{0.5} P + 0.00025188 n E^{0.5} T_{i} + 0.00038584 n E T_{e}^{0.5} + 0.059106 n E T_{e}^{0.5} T_{i}^{0.5} + 0.0012751 n E T_{i}^{0.5}",
  "coefficients": [
    0.08853770363101837,
    0.0038612977426286037,
    0.001794111758988771,
    -0.004654787937976209,
    2.379037933625183e-06,
    -6.69845311078514e-06,
    2.540727159377575e-05,
    -1.2107101810475995e-06,
    9.275340709165887e-06,
    -0.0025173362009377268,
    5.831695201554575e-06,
    0.0011746056122478583,
    1.8783599180682195e-05,
    -1.5077642548943823e-05,
    9.117088140846856e-07,
    1.0708485556288764e-05,
    -7.390083262335552e-06,
    -1.5280362935270327e-05,
    8.731986136969661e-07,
    -2.2471366714368164e-06,
    1.1818652195832724e-05,
    -2.9385102257295944e-06,
    6.835481958578269e-06,
    1.844686420033451e-05,
    2.0261060564643722e-05,
    -3.2879884244404563e-06,
    1.0128891523172095e-05,
    -0.004144332318304556,
    1.0401020625881893e-05,
    5.0276880367860126e-05,
    7.761660841815375e-05,
    0.0007846654418931884,
    0.00016365546043505954,
    0.00016780102014473077,
    4.265356770168146e-05,
    8.63929371609472e-05,
    1.049605742034236e-05,
    6.500867490695326e-06,
    3.420957677195077e-05,
    6.541728934222713e-05,
    5.901824828279275e-06,
    3.255338573689907e-05,
    2.800970142418362e-05,
    7.943788707141316e-05,
    2.492516110918854e-05,
    -0.00448901628391715,
    -1.0823659600594734e-05,
    0.00030942882715086933,
    -0.0025218154717668007,
    -3.993109629787589e-05,
    -5.7054289574256134e-05,
    0.0008898635908643746,
    7.393696716630608e-06,
    -2.6659119248016982e-05,
    0.012049148754727889,
    -0.0102392618582122,
    -7.289053039995795e-05,
    -1.543479793113811e-05,
    2.8566874405524377e-06,
    -0.00016625790284494128,
    -0.00011165225104341104,
    0.00011662423426698,
    -4.35563832063601e-05,
    4.339675821996334e-06,
    -0.04055491683820471,
    -1.8726825302464847e-05,
    -4.3475715251005965e-05,
    1.8261097464462167e-07,
    -7.225410600984509e-06,
    1.9908721163489267e-06,
    1.19694432112661e-05,
    -2.983149629439763e-05,
    -0.02175621861033404,
    0.00017676634894565007,
    -0.007045623157220965,
    1.5671530867521217e-05,
    0.00020058179026387669,
    -4.041062993515886e-06,
    1.5226679011565429e-05,
    3.391520822172766e-05,
    -1.915689465344364e-06,
    -6.697726764003318e-05,
    0.0005320040608118069,
    6.812272319445239e-05,
    0.00013539566953638,
    0.023901580323776834,
    0.028200405670119975
  ],
  "val_sse_masked": 0.0007061782525852323,
  "val_nrmse_masked": 0.07233312726020813,
  "val_mse_masked": 2.353927629883401e-05,
  "val_r2_masked": 0.9947661757469177,
  "val_sse_full": 0.0006985056679695845,
  "val_nrmse_full": 0.07193910330533981,
  "val_mse_full": 2.328352456970606e-05,
  "val_r2_full": 0.9948230385780334,
  "iteration": 330,
  "p_lo_eff": 0.12967753410339355,
  "p_hi_eff": 1.9451630115509033,
  "f_lo_eff": 0.20659340918064117,
  "f_hi_eff": 1.6527472734451294
}