{
  "tag": "129_965ffb57",
  "lmb1": 0.0004755736501898354,
  "lmb2": 2.7848021376529817e-05,
  "nonzero_count": 18,
  "complexity_norm": 0.14516129032258066,
  "train_gen_window": 0.053558221567296393,
  "generalizability": 0.05197126321635137,
  "equation": "0.050502 E^{0.5} n P^{-0.5} - 0.0038335 P^{-1} F dT_{e} - 6.997 \\cdot 10^{-5} P^{-1} F dT_{i} - 0.0026724 P^{-1} F dn + 0.00053225 P dn - 0.00030615 T_{e}^{0.5} T_{i}^{0.5} dn - 0.071551 T_{e} dn - 0.0086235 T_{i}^{0.5} P^{-1} dn + 0.00075939 T_{i}^{0.5} P dn + 0.0065918 T_{i} P dn - 0.0016743 n^{-1} F dn + 0.0006218 n^{-1} P^{-1} dn - 0.00060223 n E^{0.5} T_{e}^{0.5} P^{-1} + 0.0057304 n E^{0.5} T_{e}^{0.5} T_{i} - 0.021776 n E^{0.5} T_{i}^{0.5} P + 0.0015618 n E^{0.5} T_{i} + 0.047463 n E T_{e}^{0.5} T_{i}^{0.5} + 0.00052467 n E T_{i}^{0.5}",
  "coefficients": [
    0.08853770256679844,
    0.0014231281862043265,
    1.614131447797143e-05,
    -0.0008521158059715077,
    1.5261972674131177e-06,
    -6.366989169557387e-07,
    4.706527568348449e-06,
    -7.295241881319004e-07,
    8.733237783652536e-07,
    -0.0024807743528325204,
    1.202506936899503e-06,
    1.6195612242869602e-05,
    3.5693039400111276e-06,
    -2.5881743225140125e-06,
    -1.4191038608501946e-06,
    -1.523887840907168e-06,
    -2.9988669910124637e-06,
    -2.2568963722344523e-06,
    -1.021871852842189e-06,
    -3.700108567335147e-07,
    -1.123966815521997e-06,
    -2.9378499019502157e-06,
    2.2978093504575906e-06,
    6.15837033777044e-06,
    1.7540085410074327e-06,
    -2.6409030974194627e-06,
    5.149903225257233e-07,
    -0.0041517537117704015,
    8.959759030710131e-06,
    1.0427620863488508e-05,
    7.431056983669001e-06,
    5.114272117651766e-05,
    1.749122388813203e-05,
    1.7112183026812315e-05,
    3.701556640313981e-05,
    2.2516646123135585e-05,
    1.901991252333304e-05,
    1.363537792206828e-07,
    9.906803820768583e-06,
    1.618211681895884e-05,
    2.6404674014435536e-05,
    3.3321906311088395e-05,
    3.100527521881681e-05,
    8.327199328034838e-05,
    2.9235338730263647e-05,
    -0.00337784774350551,
    -6.467301739889949e-06,
    0.0006158432191925104,
    -0.009246462441104516,
    -3.142254281016939e-05,
    -1.738318995095972e-05,
    0.0009917055331689342,
    -1.788524632650431e-06,
    -2.469580792530232e-05,
    0.009863388969264345,
    -3.347047732428303e-05,
    -5.189857203968573e-05,
    -8.415132821722206e-06,
    -2.362004879047174e-06,
    -0.00023409341515687955,
    -2.4611986722105995e-05,
    5.770585124814309e-05,
    -5.2668384880702075e-05,
    1.1957563309573135e-09,
    -0.04547879386467799,
    -9.818917195833324e-06,
    -6.736248029163738e-05,
    -2.2051115948379407e-06,
    1.736096439119256e-06,
    6.578486742393258e-07,
    1.2311390630038932e-05,
    -1.3399430921807692e-06,
    -0.022585372470896186,
    0.0010960644659256656,
    -0.0005330356069927131,
    1.3910850145842815e-05,
    0.003917606121650767,
    1.777323427093877e-06,
    1.2039401612239946e-05,
    1.1664715759815603e-05,
    2.1915008156279743e-06,
    -3.793895949436053e-05,
    0.0002189109020341841,
    1.948823215998984e-05,
    4.1164516569496265e-05,
    0.01919319014159893,
    0.02479374327065376
  ],
  "val_sse_masked": 0.0008152291993610561,
  "val_nrmse_masked": 0.07771769911050797,
  "val_mse_masked": 2.717430834309198e-05,
  "val_r2_masked": 0.9939579367637634,
  "val_sse_full": 0.0007971060695126653,
  "val_nrmse_full": 0.07684897631406784,
  "val_mse_full": 2.6570203772280365e-05,
  "val_r2_full": 0.9940922856330872,
  "iteration": 129,
  "p_lo_eff": 0.12967753410339355,
  "p_hi_eff": 1.9451630115509033,
  "f_lo_eff": 0.20659340918064117,
  "f_hi_eff": 1.6527472734451294
}