{
  "tag": "23_84a8c7d5",
  "lmb1": 9.384027483054325e-08,
  "lmb2": 6.790487400548223e-07,
  "nonzero_count": 86,
  "complexity_norm": 0.6935483870967742,
  "train_gen_window": 0.013516760538474977,
  "generalizability": 0.02893415428895201,
  "equation": "0.17342 E^{0.5} n P^{-0.5} + 0.17126 F dT_{e} + 0.0064458 F dT_{i} + 0.031975 F dn + 0.001393 P^{-1} F dT_{e} - 0.00011237 P^{-1} F dT_{i} + 0.0091995 P^{-1} F dn - 0.013717 P^{-1} dT_{e} - 0.0008777 P F dT_{i} - 0.029987 P dn - 0.2248 T_{e}^{0.5} F dT_{e} + 0.01783 T_{e}^{0.5} F dn + 0.01874 T_{e}^{0.5} P^{-1} dT_{e} - 0.081984 T_{e}^{0.5} P^{-1} dn + 0.03534 T_{e}^{0.5} T_{i}^{0.5} F dT_{e} - 0.00050935 T_{e}^{0.5} T_{i}^{0.5} F dT_{i} - 0.064122 T_{e}^{0.5} T_{i}^{0.5} F dn + 0.00021787 T_{e}^{0.5} T_{i}^{0.5} P^{-1} dT_{i} + 0.030907 T_{e}^{0.5} T_{i}^{0.5} P^{-1} dn + 0.0023761 T_{e}^{0.5} T_{i}^{0.5} P dT_{e} + 1.2084 \\cdot 10^{-5} T_{e}^{0.5} T_{i}^{0.5} P dT_{i} + 0.0043743 T_{e}^{0.5} T_{i}^{0.5} P dn + 0.00014237 T_{e}^{0.5} T_{i}^{0.5} dT_{i} + 0.19562 T_{e}^{0.5} T_{i}^{0.5} dn - 0.0025508 T_{e}^{0.5} T_{i} dT_{e} + 9.4051 \\cdot 10^{-6} T_{e}^{0.5} T_{i} dT_{i} + 0.018952 T_{e}^{0.5} T_{i} dn - 0.16924 T_{e}^{0.5} dn - 0.0015466 T_{e} F dT_{i} - 0.050228 T_{e} F dn + 0.016417 T_{e} P^{-1} dn + 0.00032366 T_{e} P dT_{i} - 0.011426 T_{e} T_{i}^{0.5} dT_{e} + 0.0023749 T_{e} T_{i} dT_{e} - 8.821 \\cdot 10^{-6} T_{e} T_{i} dT_{i} - 0.0019317 T_{e} T_{i} dn + 0.011085 T_{e} dT_{e} - 0.00059748 T_{e} dT_{i} + 0.010006 T_{e} dn + 0.0050484 T_{i}^{0.5} F dT_{e} + 0.016244 T_{i}^{0.5} F dn + 0.00016226 T_{i}^{0.5} P^{-1} dT_{e} - 0.00023377 T_{i}^{0.5} P^{-1} dT_{i} + 0.027779 T_{i}^{0.5} P^{-1} dn - 8.6218 \\cdot 10^{-5} T_{i}^{0.5} P dT_{i} + 0.074469 T_{i}^{0.5} P dn + 0.007964 T_{i}^{0.5} dT_{e} + 6.4961 \\cdot 10^{-5} T_{i}^{0.5} dT_{i} - 0.012053 T_{i}^{0.5} dn - 0.0090241 T_{i} F dT_{e} - 1.9717 \\cdot 10^{-5} T_{i} F dT_{i} + 0.00022443 T_{i} P^{-1} dT_{e} - 0.012844 T_{i} P^{-1} dn - 0.00073191 T_{i} P dT_{e} - 0.036927 T_{i} P dn + 0.0013472 T_{i} dT_{e} - 0.054657 T_{i} dn - 0.016282 dT_{e} - 0.00061962 dT_{i} + 0.011502 n^{-1} F dn + 0.004056 n^{-1} P^{-1} dn - 0.021133 n^{-1} T_{e}^{0.5} T_{i}^{0.5} dn - 0.013248 n^{-1} T_{e}^{0.5} dn + 0.0085398 n^{-1} T_{e} dn + 0.018952 n^{-1} T_{i}^{0.5} dn + 0.0013006 n^{-1} T_{i} dn - 0.0044804 n^{-1} dn - 0.2859 n E^{0.5} - 0.076169 n E^{0.5} P^{-1} + 0.0028839 n E^{0.5} T_{e}^{0.5} P^{-1} - 0.023403 n E^{0.5} T_{e}^{0.5} T_{i}^{0.5} + 0.013608 n E^{0.5} T_{e}^{0.5} T_{i} - 0.059689 n E^{0.5} T_{e} + 0.0050804 n E^{0.5} T_{e} T_{i}^{0.5} + 0.041991 n E^{0.5} T_{i}^{0.5} - 0.0099496 n E^{0.5} T_{i}^{0.5} F + 0.05836 n E^{0.5} T_{i}^{0.5} P^{-1} + 0.017076 n E^{0.5} T_{i}^{0.5} P + 0.18101 n E^{0.5} T_{i} - 0.065008 n E F - 0.035137 n E P^{-1} - 0.015789 n E P + 0.82561 n E T_{e}^{0.5} - 0.55106 n E T_{e}^{0.5} T_{i}^{0.5} - 0.16427 n E T_{i}^{0.5} + 0.068169 n E T_{i}",
  "coefficients": [
    0.08853772318853415,
    0.009283000247524965,
    -0.006713771411712248,
    0.00585383847950479,
    0.08057277266686241,
    0.02443732768631085,
    -0.02032931451783211,
    -0.10249505333249657,
    0.014051619636637869,
    -0.003983933740334674,
    -0.037213942648218076,
    0.10141800213605832,
    -0.01363588961456345,
    -0.10430406379862264,
    0.0247204494094858,
    -0.03637996814033913,
    -0.01357323757822149,
    0.12084845312968118,
    0.06504906641756172,
    -0.06132431213487511,
    0.005919477178205762,
    0.029937591214036708,
    -0.052180023811142645,
    -0.03697647156680687,
    0.030631294829102207,
    -0.033818928433906,
    -0.024459520374121073,
    0.0015086579534243048,
    -0.02104457288613655,
    0.06448934493335301,
    0.0009231342352614795,
    0.030517018379418753,
    0.006035127068029451,
    0.0054323422853075655,
    0.02322370149681808,
    -0.04643731145521621,
    -0.012970079660397617,
    0.038365156737927945,
    -0.09349004344397002,
    0.048058595412415264,
    0.010465559767008612,
    -0.05122935651336387,
    0.01616107883464093,
    -0.05574652661936905,
    0.05610864428207305,
    0.011628101539317929,
    0.034208245285372446,
    -0.03469655173092152,
    0.02978529409255015,
    -0.009554760183311181,
    0.019898673246268685,
    0.09725032124815812,
    -0.020032838866378664,
    -0.051737552690348465,
    -0.055253605310076954,
    -0.07390122347210507,
    -0.11158957065064419,
    0.018433460682354977,
    0.038137937486962654,
    0.14957970953819416,
    -0.07616523258497787,
    0.005456566517704563,
    0.017547821934644693,
    0.01714192109807678,
    0.006359705419995754,
    -0.05031663562544659,
    -0.0017725362064517428,
    -0.05823617717126938,
    -0.1578170611834862,
    0.054969275670425366,
    0.025901851585492606,
    -0.009885976985478571,
    0.017711372644091485,
    0.12702888350591374,
    0.0025525207483940125,
    -0.01395654986493168,
    0.00930327664717788,
    -0.030693477089012097,
    0.002946069438430482,
    -0.016774001555255467,
    -0.03711228550498616,
    -0.00959146538577486,
    -0.06853992714992227,
    0.035435073768625085,
    0.289713529013777,
    -0.22284197886652152,
    0.08513924688226669
  ],
  "val_sse_masked": 0.00012552984117064625,
  "val_nrmse_masked": 0.03049674816429615,
  "val_mse_masked": 4.184328190603992e-06,
  "val_r2_masked": 0.9990696310997009,
  "val_sse_full": 0.00012552984117064625,
  "val_nrmse_full": 0.03049674816429615,
  "val_mse_full": 4.184328190603992e-06,
  "val_r2_full": 0.9990696310997009,
  "iteration": 23,
  "p_lo_eff": 0.12967753410339355,
  "p_hi_eff": 1.9451630115509033,
  "f_lo_eff": 0.20659340918064117,
  "f_hi_eff": 1.6527472734451294
}