{
  "tag": "361_23df15c0",
  "lmb1": 8.29910629039994e-07,
  "lmb2": 1e-08,
  "nonzero_count": 85,
  "complexity_norm": 0.6854838709677419,
  "train_gen_window": 0.01381596973812214,
  "generalizability": 0.022225003467871523,
  "equation": "0.18024 E^{0.5} n P^{-0.5} + 0.060949 F dT_{e} + 0.0046593 F dT_{i} + 0.016667 F dn + 0.00097048 P^{-1} F dT_{e} + 8.8433 \\cdot 10^{-5} P^{-1} F dT_{i} + 0.0076983 P^{-1} F dn + 0.0017482 P^{-1} dT_{e} - 6.0973 \\cdot 10^{-5} P F dT_{i} + 0.0013896 P dn - 0.11462 T_{e}^{0.5} F dT_{e} + 0.0009967 T_{e}^{0.5} F dn + 0.0044212 T_{e}^{0.5} P^{-1} dT_{e} - 0.061578 T_{e}^{0.5} P^{-1} dn + 0.020108 T_{e}^{0.5} T_{i}^{0.5} F dT_{e} - 7.8429 \\cdot 10^{-6} T_{e}^{0.5} T_{i}^{0.5} F dT_{i} - 0.047364 T_{e}^{0.5} T_{i}^{0.5} F dn + 2.9641 \\cdot 10^{-5} T_{e}^{0.5} T_{i}^{0.5} P^{-1} dT_{i} + 0.039435 T_{e}^{0.5} T_{i}^{0.5} P^{-1} dn + 0.0020834 T_{e}^{0.5} T_{i}^{0.5} P dT_{e} + 8.0395 \\cdot 10^{-6} T_{e}^{0.5} T_{i}^{0.5} P dT_{i} + 0.014702 T_{e}^{0.5} T_{i}^{0.5} P dn + 2.4568 \\cdot 10^{-5} T_{e}^{0.5} T_{i}^{0.5} dT_{i} + 0.17079 T_{e}^{0.5} T_{i}^{0.5} dn - 9.8578 \\cdot 10^{-5} T_{e}^{0.5} T_{i} dT_{e} - 8.7906 \\cdot 10^{-7} T_{e}^{0.5} T_{i} dT_{i} - 0.00024172 T_{e}^{0.5} T_{i} dn - 0.15339 T_{e}^{0.5} dn - 0.0020053 T_{e} F dT_{i} - 0.013667 T_{e} F dn + 0.0038529 T_{e} P^{-1} dn + 4.3489 \\cdot 10^{-5} T_{e} P dT_{i} - 0.0048777 T_{e} T_{i}^{0.5} dT_{e} + 0.00075387 T_{e} T_{i} dT_{e} - 4.76 \\cdot 10^{-7} T_{e} T_{i} dT_{i} - 0.00021692 T_{e} dT_{e} - 1.7717 \\cdot 10^{-5} T_{e} dT_{i} - 0.0015906 T_{e} dn + 0.010838 T_{i}^{0.5} F dT_{e} + 0.0010654 T_{i}^{0.5} F dn + 0.00099429 T_{i}^{0.5} P^{-1} dT_{e} - 4.2303 \\cdot 10^{-6} T_{i}^{0.5} P^{-1} dT_{i} + 0.0096314 T_{i}^{0.5} P^{-1} dn - 6.9689 \\cdot 10^{-7} T_{i}^{0.5} P dT_{i} + 0.011243 T_{i}^{0.5} P dn + 9.7667 \\cdot 10^{-5} T_{i}^{0.5} dT_{e} + 3.2143 \\cdot 10^{-6} T_{i}^{0.5} dT_{i} - 0.0016071 T_{i}^{0.5} dn - 0.0032062 T_{i} F dT_{e} - 2.8004 \\cdot 10^{-5} T_{i} F dT_{i} - 0.00015004 T_{i} P^{-1} dT_{e} - 0.0095935 T_{i} P^{-1} dn - 0.00023666 T_{i} P dT_{e} - 0.010131 T_{i} P dn - 0.00062172 T_{i} dT_{e} - 0.037223 T_{i} dn - 0.0015746 dT_{e} - 0.00075511 dT_{i} + 0.00034558 n^{-1} F dn + 0.0061934 n^{-1} P^{-1} dn - 0.011043 n^{-1} T_{e}^{0.5} T_{i}^{0.5} dn - 0.0042287 n^{-1} T_{e}^{0.5} dn - 0.0028216 n^{-1} T_{e} dn + 0.010406 n^{-1} T_{i}^{0.5} dn + 0.00044731 n^{-1} T_{i} dn - 0.0017263 n^{-1} dn - 0.29015 n E^{0.5} - 0.061406 n E^{0.5} P^{-1} - 0.008184 n E^{0.5} T_{e}^{0.5} P^{-1} - 0.00092365 n E^{0.5} T_{e}^{0.5} T_{i}^{0.5} + 0.049536 n E^{0.5} T_{e}^{0.5} T_{i} - 0.032648 n E^{0.5} T_{e} + 0.0018835 n E^{0.5} T_{e} T_{i}^{0.5} + 0.00059529 n E^{0.5} T_{i}^{0.5} - 0.014422 n E^{0.5} T_{i}^{0.5} F + 0.047719 n E^{0.5} T_{i}^{0.5} P^{-1} + 0.019825 n E^{0.5} T_{i}^{0.5} P + 0.14913 n E^{0.5} T_{i} - 0.045307 n E F - 0.019911 n E P^{-1} - 0.0092177 n E P + 0.68976 n E T_{e}^{0.5} - 0.52379 n E T_{e}^{0.5} T_{i}^{0.5} - 0.066036 n E T_{i}^{0.5} + 0.023925 n E T_{i}",
  "coefficients": [
    0.08853771860813403,
    0.014174908721828701,
    -0.002586756698099918,
    0.00017588237537857375,
    0.04423969285462331,
    0.008404394766258011,
    -0.006488924481879109,
    -0.05355920714093339,
    -0.00464275488585091,
    0.0031353816263293005,
    -0.0453510155870103,
    0.07330905781319663,
    -0.0009472702461042369,
    -0.0018874703534979042,
    0.001223174347084484,
    -0.0002940550852304721,
    -0.01927792330643337,
    0.016440915768987572,
    0.01122482999284383,
    -0.0009442639578977536,
    0.003938359871556686,
    -0.0027981549990468094,
    -0.001547281894651877,
    -0.047943616744163524,
    0.004115817836995396,
    -0.0018249606190859184,
    0.0031172651458282238,
    0.0010510505041898942,
    -0.00203510040713368,
    0.02295113393739574,
    0.005656869521756448,
    0.0003742478464781123,
    0.012956771367359243,
    -0.0036317526982268256,
    -0.010717602151795605,
    -0.016499181736529554,
    -0.004193788019809754,
    0.009051032366372194,
    -0.047668136792650646,
    0.027344579904116966,
    0.009176431768190564,
    -0.001979787159363941,
    -0.0003162483948778512,
    -0.023797167456535213,
    0.017810783539609333,
    0.009730581638200215,
    0.01783066398601109,
    0.0016078522922878973,
    0.010327178950899034,
    -0.0012740002633454578,
    0.0013050528555974112,
    0.01468215258415059,
    -0.014962527794550422,
    -0.035235234109593484,
    -0.015158856955050024,
    -0.05550712218903993,
    -0.10113986382470956,
    0.001030434181543863,
    0.048660949848381596,
    0.1305896526638316,
    -0.05625939318184188,
    0.018339312324407674,
    -0.00022380352169671823,
    0.004023187668385744,
    -0.001010986752259173,
    -0.01369117321374473,
    5.620254478326059e-05,
    -0.04694876539566429,
    -0.16015797984396682,
    0.04494730619180895,
    0.00036720001233953286,
    -0.014329450301643216,
    0.02056190758584357,
    0.1046577414829694,
    -0.007243668455679064,
    -0.0005508374019308382,
    0.03386529141905346,
    -0.01678844373420521,
    0.0010922107452925487,
    -0.009505181221354141,
    -0.025865031309237105,
    -0.005599411037426807,
    -0.02755260600457971,
    0.012436548987504946,
    0.24204238972514772,
    -0.21181436771298673,
    0.08848696697544439
  ],
  "val_sse_masked": 0.0001412276178598404,
  "val_nrmse_masked": 0.032347436994314194,
  "val_mse_masked": 4.707587777375011e-06,
  "val_r2_masked": 0.9989532828330994,
  "val_sse_full": 0.00014086966984905303,
  "val_nrmse_full": 0.03230641782283783,
  "val_mse_full": 4.695656116382452e-06,
  "val_r2_full": 0.9989559650421143,
  "iteration": 361,
  "p_lo_eff": 0.12967753410339355,
  "p_hi_eff": 1.9451630115509033,
  "f_lo_eff": 0.20659340918064117,
  "f_hi_eff": 1.6527472734451294
}