{
  "tag": "425_90be6f26",
  "lmb1": 1.7259783392311993e-07,
  "lmb2": 1.5676330200846884e-06,
  "nonzero_count": 85,
  "complexity_norm": 0.6854838709677419,
  "train_gen_window": 0.012922788963294267,
  "generalizability": 0.02580233679763077,
  "equation": "0.18017 E^{0.5} n P^{-0.5} + 0.12267 F dT_{e} + 0.0059744 F dT_{i} + 0.028126 F dn + 0.0017196 P^{-1} F dT_{e} + 0.0084634 P^{-1} F dn - 0.0073423 P^{-1} dT_{e} - 0.00049733 P F dT_{i} - 0.024969 P dn - 0.18374 T_{e}^{0.5} F dT_{e} + 0.0083508 T_{e}^{0.5} F dn + 0.012481 T_{e}^{0.5} P^{-1} dT_{e} - 0.081238 T_{e}^{0.5} P^{-1} dn + 0.030295 T_{e}^{0.5} T_{i}^{0.5} F dT_{e} - 0.00021649 T_{e}^{0.5} T_{i}^{0.5} F dT_{i} - 0.05267 T_{e}^{0.5} T_{i}^{0.5} F dn + 0.00012859 T_{e}^{0.5} T_{i}^{0.5} P^{-1} dT_{i} + 0.037295 T_{e}^{0.5} T_{i}^{0.5} P^{-1} dn + 0.0027148 T_{e}^{0.5} T_{i}^{0.5} P dT_{e} + 8.8889 \\cdot 10^{-6} T_{e}^{0.5} T_{i}^{0.5} P dT_{i} + 0.014922 T_{e}^{0.5} T_{i}^{0.5} P dn + 9.133 \\cdot 10^{-5} T_{e}^{0.5} T_{i}^{0.5} dT_{i} + 0.15671 T_{e}^{0.5} T_{i}^{0.5} dn - 0.00065913 T_{e}^{0.5} T_{i} dT_{e} + 1.147 \\cdot 10^{-6} T_{e}^{0.5} T_{i} dT_{i} + 0.010573 T_{e}^{0.5} T_{i} dn - 0.141 T_{e}^{0.5} dn - 0.0020543 T_{e} F dT_{i} - 0.03697 T_{e} F dn + 0.013444 T_{e} P^{-1} dn + 0.00014837 T_{e} P dT_{i} - 0.0099918 T_{e} T_{i}^{0.5} dT_{e} + 0.0016162 T_{e} T_{i} dT_{e} - 1.9544 \\cdot 10^{-6} T_{e} T_{i} dT_{i} + 0.014485 T_{e} T_{i} dn + 0.0069059 T_{e} dT_{e} - 0.00026488 T_{e} dT_{i} - 0.0031692 T_{e} dn + 0.009164 T_{i}^{0.5} F dT_{e} + 0.0059455 T_{i}^{0.5} F dn + 0.0013327 T_{i}^{0.5} P^{-1} dT_{e} - 0.00014058 T_{i}^{0.5} P^{-1} dT_{i} + 0.02538 T_{i}^{0.5} P^{-1} dn - 3.5351 \\cdot 10^{-5} T_{i}^{0.5} P dT_{i} + 0.055644 T_{i}^{0.5} P dn + 0.0048257 T_{i}^{0.5} dT_{e} + 1.7977 \\cdot 10^{-5} T_{i}^{0.5} dT_{i} - 0.0009433 T_{i}^{0.5} dn - 0.0061707 T_{i} F dT_{e} - 2.0769 \\cdot 10^{-5} T_{i} F dT_{i} - 0.00017349 T_{i} P^{-1} dT_{e} - 0.01435 T_{i} P^{-1} dn - 0.00059477 T_{i} P dT_{e} - 0.03025 T_{i} P dn - 0.00021583 T_{i} dT_{e} - 0.05415 T_{i} dn - 0.0098107 dT_{e} - 0.00071353 dT_{i} + 0.0076502 n^{-1} F dn + 0.0050443 n^{-1} P^{-1} dn - 0.017978 n^{-1} T_{e}^{0.5} T_{i}^{0.5} dn - 0.008981 n^{-1} T_{e}^{0.5} dn + 0.0028023 n^{-1} T_{e} dn + 0.017214 n^{-1} T_{i}^{0.5} dn + 0.0007941 n^{-1} T_{i} dn - 0.0042488 n^{-1} dn - 0.26128 n E^{0.5} - 0.074494 n E^{0.5} P^{-1} + 0.0013943 n E^{0.5} T_{e}^{0.5} P^{-1} - 0.014068 n E^{0.5} T_{e}^{0.5} T_{i}^{0.5} + 0.044793 n E^{0.5} T_{e}^{0.5} T_{i} - 0.062045 n E^{0.5} T_{e} + 0.0003997 n E^{0.5} T_{e} T_{i}^{0.5} + 0.013519 n E^{0.5} T_{i}^{0.5} - 0.011966 n E^{0.5} T_{i}^{0.5} F + 0.054395 n E^{0.5} T_{i}^{0.5} P^{-1} + 0.018795 n E^{0.5} T_{i}^{0.5} P + 0.14926 n E^{0.5} T_{i} - 0.059276 n E F - 0.031117 n E P^{-1} - 0.01177 n E P + 0.72638 n E T_{e}^{0.5} - 0.45352 n E T_{e}^{0.5} T_{i}^{0.5} - 0.14865 n E T_{i}^{0.5} + 0.035683 n E T_{i}",
  "coefficients": [
    0.08853772028219109,
    0.01154496390896235,
    -0.0063667522977526245,
    0.003893522396761953,
    0.07318296829382541,
    0.014920257032592019,
    -0.013781403340240778,
    -0.08718992491182348,
    0.004610960416000634,
    -7.024137310827384e-05,
    -0.04285360162728183,
    0.09400204007033246,
    -0.0077265481878144755,
    -0.0627261367908026,
    0.006840970073304125,
    -0.01491622851593053,
    -0.014297752511386007,
    0.07132309806365364,
    0.04172781504812021,
    -0.026064387801082972,
    0.004354481402493601,
    0.0036511512469668914,
    -0.023133307430750122,
    -0.0491171487702829,
    0.014041710532472895,
    -0.007493090373698297,
    -0.01309229587791071,
    0.0018623662453858547,
    -0.012680302073816738,
    0.0461929430897514,
    0.00758237480839475,
    0.018491567897338766,
    0.01095511652146729,
    -0.004199310226029516,
    -0.003720667252330242,
    -0.031754119365634256,
    -0.01053981621990794,
    0.025550398088422046,
    -0.07641466774390662,
    0.04119682407613447,
    0.01195723969536933,
    -0.013237692648770845,
    0.01006802717976421,
    -0.048748085423571716,
    0.038183286757356626,
    0.010697709639507865,
    0.030090760626377715,
    -0.028890890366051712,
    0.02721384151335901,
    -0.0007477951748085278,
    0.007283139682709976,
    0.07266604927081333,
    -0.022381506256952885,
    -0.05125792685865398,
    -0.04526357246396479,
    -0.0732293534210101,
    -0.09297166125584289,
    0.008633388927809372,
    0.046019949001502046,
    0.11982335106689994,
    -0.06256223366064126,
    0.018613355070444176,
    0.009789784538055622,
    0.0140377419725306,
    -0.002014389738753463,
    -0.03703546962421595,
    0.01329170059091357,
    -0.056955257383995504,
    -0.14422589348431789,
    0.05123487091612157,
    0.008339331230838368,
    -0.011889244616726472,
    0.019494281625638085,
    0.10474937068790591,
    0.0012341135650142474,
    -0.008389466769750439,
    0.0306227002852289,
    -0.0319052668951679,
    0.00023178222834159025,
    -0.014854837236139156,
    -0.03384016923696796,
    -0.007150074546679389,
    -0.06202212754155969,
    0.018548415952523607,
    0.2548934857938238,
    -0.18339744050382106,
    0.08845231598284342
  ],
  "val_sse_masked": 0.0001324124459642917,
  "val_nrmse_masked": 0.03132163733243942,
  "val_mse_masked": 4.413748683873564e-06,
  "val_r2_masked": 0.9990186095237732,
  "val_sse_full": 0.0001318588329013437,
  "val_nrmse_full": 0.031256090849637985,
  "val_mse_full": 4.39529458162724e-06,
  "val_r2_full": 0.9990227222442627,
  "iteration": 425,
  "p_lo_eff": 0.12967753410339355,
  "p_hi_eff": 1.9451630115509033,
  "f_lo_eff": 0.20659340918064117,
  "f_hi_eff": 1.6527472734451294
}