{
  "tag": "237_cf39f974",
  "lmb1": 0.0001672538647374438,
  "lmb2": 0.011037176859911325,
  "nonzero_count": 49,
  "complexity_norm": 0.3951612903225806,
  "train_gen_window": 0.058098134012895195,
  "generalizability": 0.048278397632871416,
  "equation": "0.035121 E^{0.5} n P^{-0.5} + 0.0002213 F dT_{i} - 0.00091268 F dn - 0.0036573 P^{-1} F dT_{e} - 0.00011713 P^{-1} F dT_{i} - 0.0041269 P^{-1} F dn + 0.0019015 P dn - 0.0018733 T_{e}^{0.5} F dn - 0.0080846 T_{e}^{0.5} P^{-1} dn - 0.0018688 T_{e}^{0.5} T_{i}^{0.5} F dn - 2.5196 \\cdot 10^{-7} T_{e}^{0.5} T_{i}^{0.5} P^{-1} dT_{i} + 5.7183 \\cdot 10^{-5} T_{e}^{0.5} T_{i}^{0.5} P dT_{e} + 0.0025814 T_{e}^{0.5} T_{i}^{0.5} P dn - 0.0075064 T_{e}^{0.5} T_{i}^{0.5} dn - 0.015881 T_{e}^{0.5} dn - 0.0024074 T_{e} F dn + 0.00024717 T_{e} dT_{e} - 0.0191 T_{e} dn - 0.0012955 T_{i}^{0.5} F dn - 3.3393 \\cdot 10^{-7} T_{i}^{0.5} P^{-1} dT_{i} - 0.0038554 T_{i}^{0.5} P^{-1} dn + 0.0033934 T_{i}^{0.5} P dn + 7.3369 \\cdot 10^{-5} T_{i}^{0.5} dT_{e} - 0.0049536 T_{i}^{0.5} dn + 0.00032549 T_{i} P^{-1} dn + 1.188 \\cdot 10^{-5} T_{i} P dT_{e} + 0.0051172 T_{i} P dn + 1.1044 \\cdot 10^{-5} T_{i} dT_{e} + 0.00016794 dT_{e} - 0.018899 n^{-1} F dn + 0.0022334 n^{-1} P^{-1} dn + 0.00072816 n^{-1} T_{e}^{0.5} dn + 9.8649 \\cdot 10^{-5} n^{-1} T_{i}^{0.5} dn + 0.0026731 n^{-1} dn + 0.0002424 n E^{0.5} P^{-1} - 0.0016128 n E^{0.5} T_{e}^{0.5} P^{-1} + 0.0022383 n E^{0.5} T_{e}^{0.5} T_{i}^{0.5} + 0.0029066 n E^{0.5} T_{e}^{0.5} T_{i} + 0.0021901 n E^{0.5} T_{e} T_{i}^{0.5} + 0.0012392 n E^{0.5} T_{i}^{0.5} - 0.0011237 n E^{0.5} T_{i}^{0.5} F - 0.013399 n E^{0.5} T_{i}^{0.5} P + 0.0027437 n E^{0.5} T_{i} + 0.0042345 n E P^{-1} - 0.0047855 n E P + 0.025808 n E T_{e}^{0.5} + 0.015494 n E T_{e}^{0.5} T_{i}^{0.5} + 0.014954 n E T_{i}^{0.5} + 0.0002606 n E T_{i}",
  "coefficients": [
    0.08853770622402035,
    0.005111545168042402,
    0.0040054826354177855,
    -0.009618702707057903,
    0.0004193934017152751,
    6.994103170566241e-05,
    0.0011173698483273845,
    8.216971847263576e-05,
    3.8666428179553525e-05,
    -0.0041529235746365,
    -6.169117695693845e-06,
    0.003481996408263163,
    1.866306069159006e-05,
    -0.0001489933142624087,
    -3.165203816253263e-05,
    -1.4488242548528992e-05,
    -4.041823329198472e-05,
    -0.00013975794801007575,
    -2.3332776555870565e-05,
    -2.033295925404723e-05,
    -1.6191660626491887e-05,
    -3.3901356524652296e-05,
    -3.560962495327159e-06,
    2.1902701061542174e-05,
    4.19729880454038e-06,
    -4.36066969625599e-05,
    1.3984781336995321e-05,
    -0.003960981368588974,
    0.00021705766795900405,
    7.608013452866493e-05,
    2.6449981471361472e-05,
    0.0002811415755173024,
    5.702993025482335e-05,
    4.0084176933259715e-05,
    0.0001903861849827629,
    4.845668053821556e-05,
    0.00021052279033216602,
    1.2389408422376219e-05,
    2.5918291319771445e-05,
    2.4103086961674772e-05,
    0.0002518612110744045,
    3.1817028608633566e-05,
    0.0003603381521896808,
    6.73861589996708e-05,
    9.735990038577287e-05,
    -0.005216359262893146,
    -0.0009764225658773764,
    0.0022001939975547467,
    -0.004133861357933933,
    -0.003926920750169332,
    -0.0015870214386232314,
    0.004431565373509291,
    0.0005076524663050492,
    -1.9253581207206976e-05,
    0.007656921109791717,
    -0.007287542944907659,
    -0.010471585761177097,
    -0.001936702509643504,
    1.0003738922772425e-05,
    -0.005739633462276953,
    -0.002219745868512571,
    0.0032200790722818305,
    -2.989250600446785e-05,
    3.281470092816739e-06,
    -0.012140161397387115,
    -0.002411603561475574,
    -5.18694986072357e-05,
    0.00018532953829351602,
    1.3555522461663544e-05,
    1.171939511422048e-05,
    0.0007644049735216405,
    -0.0011165392346952356,
    -0.013897483866446781,
    0.0019255160867294658,
    -0.001427467406882548,
    0.0013348208856667995,
    0.0019870891806243254,
    3.099639213396981e-05,
    0.0012700190502273883,
    0.0020214770493896914,
    4.900682904093663e-06,
    -0.002907027697630266,
    0.006239449400958525,
    0.00013546502693912818,
    0.009056109996801792,
    0.006265710176159393,
    0.017242583554224086
  ],
  "val_sse_masked": 0.0007784048793837428,
  "val_nrmse_masked": 0.07594214379787445,
  "val_mse_masked": 2.594683064671699e-05,
  "val_r2_masked": 0.9942308664321899,
  "val_sse_full": 0.000776891247369349,
  "val_nrmse_full": 0.07586827129125595,
  "val_mse_full": 2.5896377337630838e-05,
  "val_r2_full": 0.9942420721054077,
  "iteration": 237,
  "p_lo_eff": 0.12967753410339355,
  "p_hi_eff": 1.9451630115509033,
  "f_lo_eff": 0.20659340918064117,
  "f_hi_eff": 1.6527472734451294
}