{
  "tag": "456_19bf367f",
  "lmb1": 0.00014408901473265042,
  "lmb2": 4.906498494518234e-05,
  "nonzero_count": 28,
  "complexity_norm": 0.22580645161290322,
  "train_gen_window": 0.0431055640456506,
  "generalizability": 0.04150043258978622,
  "equation": "0.065488 E^{0.5} n P^{-0.5} + 0.00030142 F dT_{e} + 0.00011707 F dT_{i} - 0.0041021 P^{-1} F dT_{e} - 6.5219 \\cdot 10^{-5} P^{-1} F dT_{i} - 0.002904 P^{-1} F dn + 0.00010803 P dn - 0.017271 T_{e}^{0.5} P^{-1} dn - 0.0047443 T_{e}^{0.5} T_{i}^{0.5} F dn - 0.054177 T_{e} dn + 0.00036225 T_{i}^{0.5} F dT_{e} - 0.00016859 T_{i}^{0.5} F dn + 0.00011145 T_{i}^{0.5} P^{-1} dT_{e} + 0.0003767 T_{i}^{0.5} P dn + 0.00015693 T_{i}^{0.5} dT_{e} + 8.3512 \\cdot 10^{-6} T_{i} P^{-1} dT_{e} + 0.00026882 T_{i} P^{-1} dn + 0.0088068 T_{i} P dn - 0.013624 n^{-1} F dn + 0.0023444 n^{-1} P^{-1} dn + 0.0016224 n^{-1} dn - 0.011636 n E^{0.5} T_{e}^{0.5} P^{-1} - 0.004608 n E^{0.5} T_{i}^{0.5} F - 0.019027 n E^{0.5} T_{i}^{0.5} P + 0.00053291 n E P^{-1} + 0.0015657 n E T_{e}^{0.5} + 0.054312 n E T_{e}^{0.5} T_{i}^{0.5} + 0.0034789 n E T_{i}^{0.5}",
  "coefficients": [
    0.08853770467223343,
    0.00536567228020435,
    0.0024310525940759303,
    -0.006933972862302642,
    4.477407193079061e-06,
    -1.0192761436041978e-05,
    7.176555551393444e-05,
    3.256365079034194e-06,
    3.530468817799968e-05,
    -0.0023123399672209718,
    1.1805808797342183e-06,
    0.0018419771600019276,
    2.4797460136423247e-05,
    -8.143010983406477e-05,
    -3.096738662393664e-06,
    2.5234479345174775e-05,
    -1.8267605338707254e-05,
    -8.552860210838795e-05,
    -3.6504552921237084e-06,
    -1.200781842879786e-05,
    2.7334728572364914e-05,
    -7.899791120900149e-06,
    3.7195507516090215e-07,
    1.5768378551524154e-05,
    4.3712985048703824e-05,
    -8.654653452639874e-06,
    2.7959314571178365e-05,
    -0.004442647690188838,
    2.7041287292877565e-05,
    0.00011350442340967888,
    0.000634085955897226,
    0.0006013469341765372,
    0.0004330585630224304,
    0.0002021405935699988,
    5.1060806964623625e-05,
    8.507457744077437e-05,
    1.710957449691301e-05,
    1.4498248115454342e-05,
    3.910773814226739e-05,
    5.582884519165455e-05,
    1.3014075474990916e-05,
    2.7311768756832714e-05,
    2.9671198731371567e-05,
    3.652637080839577e-05,
    1.6033636416677825e-05,
    -0.003670621705293301,
    -2.073922895246732e-05,
    0.00012499734550860112,
    -8.098446779548155e-05,
    -3.1138390181036764e-05,
    -0.00020652360923841497,
    0.0004919368655644626,
    0.00041926503604486506,
    -1.5499366863773676e-05,
    0.013177685327476195,
    -0.015568438091986355,
    -9.698706456792915e-05,
    -3.220061243159843e-05,
    3.591589637984119e-05,
    -6.987890472925635e-05,
    -0.005635351506017551,
    9.964831422642196e-05,
    -1.993423956942045e-05,
    2.215675529772531e-05,
    -0.03443601993017374,
    -4.133436418741335e-05,
    -1.5241405198025422e-05,
    6.768008678953606e-06,
    -4.448298355860494e-05,
    1.1164736411924025e-06,
    7.328927789402825e-06,
    -0.004578523251188291,
    -0.019734484132544475,
    6.933609888912097e-05,
    -0.010299507271378414,
    1.2348306818314678e-05,
    6.976242326884418e-05,
    -1.9069710117940175e-05,
    1.2961388352554394e-05,
    0.00025440228417075337,
    -4.136259426604069e-06,
    -4.902106729625237e-05,
    0.001451515916088736,
    5.0022502789200556e-05,
    0.0005494337253241,
    0.02196285072914684,
    0.032151196670979064
  ],
  "val_sse_masked": 0.0006645731627941132,
  "val_nrmse_masked": 0.07017000019550323,
  "val_mse_masked": 2.2152440578793176e-05,
  "val_r2_masked": 0.9950745105743408,
  "val_sse_full": 0.0006590378470718861,
  "val_nrmse_full": 0.06987716257572174,
  "val_mse_full": 2.1967929569655098e-05,
  "val_r2_full": 0.9951155781745911,
  "iteration": 456,
  "p_lo_eff": 0.12967753410339355,
  "p_hi_eff": 1.9451630115509033,
  "f_lo_eff": 0.20659340918064117,
  "f_hi_eff": 1.6527472734451294
}