{
  "tag": "266_5e467111",
  "lmb1": 0.0007843363616575299,
  "lmb2": 0.006697274733369078,
  "nonzero_count": 23,
  "complexity_norm": 0.18548387096774194,
  "train_gen_window": 0.06753054174743481,
  "generalizability": 0.06492390361473557,
  "equation": "0.047811 E^{0.5} n P^{-0.5} - 0.0036361 P^{-1} F dT_{e} - 6.6235 \\cdot 10^{-5} P^{-1} F dT_{i} - 0.0049881 P^{-1} F dn + 0.001909 P dn - 0.0026825 T_{e}^{0.5} P^{-1} dn - 0.0010909 T_{e}^{0.5} T_{i}^{0.5} F dn - 0.013496 T_{e}^{0.5} T_{i}^{0.5} dn - 0.013816 T_{e}^{0.5} dn - 0.024643 T_{e} dn - 0.0072851 T_{i}^{0.5} P^{-1} dn + 0.0012109 T_{i}^{0.5} P dn - 0.0036538 T_{i}^{0.5} dn + 0.004275 T_{i} P dn - 0.00083763 n^{-1} F dn + 0.00060956 n^{-1} P^{-1} dn + 0.0062559 n E^{0.5} T_{e}^{0.5} T_{i} - 0.016881 n E^{0.5} T_{i}^{0.5} P + 0.0037821 n E^{0.5} T_{i} - 0.00023357 n E P + 0.011292 n E T_{e}^{0.5} + 0.019659 n E T_{e}^{0.5} T_{i}^{0.5} + 0.013401 n E T_{i}^{0.5}",
  "coefficients": [
    0.08853770543882977,
    0.0013951047365429834,
    4.8444636273240075e-05,
    -0.00042630440652592676,
    1.5067134128055318e-05,
    1.0029856407299833e-05,
    4.010775836097418e-06,
    4.050309137407823e-06,
    1.7404550569034035e-06,
    -0.002348359119821816,
    -2.713214633245215e-06,
    1.640067159383369e-07,
    -1.7232871478171762e-06,
    -2.9664847317135237e-06,
    -5.198378995721794e-06,
    -1.5409088268244664e-05,
    -3.762928765154663e-06,
    -2.542928595473302e-06,
    -4.151573548553059e-06,
    -2.047768772012424e-06,
    -1.4245333276141971e-05,
    -5.467355703849958e-06,
    -1.8687648667719482e-06,
    -3.2683986154536307e-07,
    -6.286464859613842e-06,
    -4.810896519271745e-06,
    -5.864411857177207e-07,
    -0.0039380164470658756,
    7.176141963470605e-07,
    8.180175641623885e-07,
    4.711043345818611e-07,
    2.7130327981479198e-06,
    1.2756944471989886e-06,
    1.5218042321434695e-06,
    7.691073084086974e-06,
    2.388999773267717e-06,
    8.932561422916962e-06,
    -6.062659142324208e-07,
    8.210673783740869e-07,
    1.3291523255144807e-06,
    2.957976954585327e-06,
    7.694369262440376e-06,
    1.657952866265866e-06,
    4.621599060222269e-06,
    9.336239198899955e-06,
    -0.006304972437400251,
    -3.8996789522915775e-06,
    0.002208865656054274,
    -0.007811350402593292,
    -0.002896502738615504,
    -3.495968478894635e-05,
    0.0015812893274149296,
    -9.137478773797665e-07,
    -9.436609380307438e-06,
    0.006396675822479915,
    -0.0024180286001933508,
    -0.009109437968078225,
    -6.151716275511375e-06,
    -1.4592542977666009e-06,
    -0.010319202529244346,
    -0.001295751980614681,
    1.7855854716100485e-05,
    -2.8298895060811325e-05,
    -8.835938369766493e-07,
    -0.015663402316448752,
    -1.1280501437933495e-05,
    -5.6435575750202015e-05,
    7.900634932935658e-07,
    1.033922706823597e-06,
    1.2071533637890533e-06,
    5.326973986883985e-06,
    4.0211785445309836e-07,
    -0.01750899472222642,
    0.0026542244984706603,
    -9.256055193855392e-07,
    8.494679072566205e-06,
    0.00427687774613817,
    1.469005256710789e-06,
    1.1287831863616686e-05,
    9.087137308864595e-06,
    1.364587886576283e-06,
    -0.00014188253201524527,
    0.005591391638611325,
    3.1543832930043018e-06,
    0.0039625766143406,
    0.007950009097473388,
    0.02347296517275267
  ],
  "val_sse_masked": 0.0010566069977357984,
  "val_nrmse_masked": 0.08847831189632416,
  "val_mse_masked": 3.522023689583875e-05,
  "val_r2_masked": 0.9921689629554749,
  "val_sse_full": 0.001034324406646192,
  "val_nrmse_full": 0.08754038065671921,
  "val_mse_full": 3.447748167673126e-05,
  "val_r2_full": 0.9923341274261475,
  "iteration": 266,
  "p_lo_eff": 0.12967753410339355,
  "p_hi_eff": 1.9451630115509033,
  "f_lo_eff": 0.20659340918064117,
  "f_hi_eff": 1.6527472734451294
}