{
  "tag": "79_60138064",
  "lmb1": 0.00012287226705815602,
  "lmb2": 1e-08,
  "nonzero_count": 29,
  "complexity_norm": 0.23387096774193547,
  "train_gen_window": 0.03958764385620586,
  "generalizability": 0.03776759423248619,
  "equation": "0.073797 E^{0.5} n P^{-0.5} + 0.00011697 F dT_{i} - 0.0041825 P^{-1} F dT_{e} - 5.3407 \\cdot 10^{-5} P^{-1} F dT_{i} - 0.0018785 P^{-1} F dn + 0.00013191 P dn - 0.0201 T_{e}^{0.5} P^{-1} dn - 0.010655 T_{e}^{0.5} T_{i}^{0.5} F dn + 0.00011321 T_{e}^{0.5} T_{i}^{0.5} P dn - 0.045649 T_{e} dn + 0.00026884 T_{i}^{0.5} F dT_{e} - 0.00019044 T_{i}^{0.5} F dn + 0.00026758 T_{i}^{0.5} P^{-1} dT_{e} + 0.0005267 T_{i}^{0.5} P dn + 5.2375 \\cdot 10^{-5} T_{i}^{0.5} dT_{e} + 1.9612 \\cdot 10^{-5} T_{i} F dT_{e} + 7.2749 \\cdot 10^{-6} T_{i} P^{-1} dT_{e} + 0.0010919 T_{i} P^{-1} dn + 0.0091081 T_{i} P dn - 0.016561 n^{-1} F dn + 0.0028408 n^{-1} P^{-1} dn + 0.0015741 n^{-1} dn - 0.014087 n E^{0.5} T_{e}^{0.5} P^{-1} - 0.010223 n E^{0.5} T_{i}^{0.5} F - 0.016475 n E^{0.5} T_{i}^{0.5} P + 0.0020374 n E P^{-1} + 0.0020385 n E T_{e}^{0.5} + 0.050407 n E T_{e}^{0.5} T_{i}^{0.5} + 0.0023083 n E T_{i}^{0.5}",
  "coefficients": [
    0.08853770542983236,
    0.0065017481764518366,
    0.0023586767285387338,
    -0.008428621425261941,
    1.8064772838655223e-06,
    -2.2852613937933515e-05,
    9.476897522567751e-05,
    1.98197887902596e-06,
    6.058644528072178e-05,
    -0.0018935445484533318,
    -1.518901480011663e-06,
    0.0018403534552388252,
    2.7742976760474918e-05,
    -6.843391834312454e-05,
    -2.5854936878433692e-06,
    3.2491642500583665e-05,
    -1.1842835688355233e-05,
    -6.645405097066436e-05,
    -2.5105752830768737e-06,
    -9.858070090762207e-06,
    3.721684320717736e-05,
    -4.62373946437257e-06,
    -2.082304484939779e-06,
    1.7214696540970296e-05,
    5.732177738373944e-05,
    -4.3302353451545965e-06,
    2.9083070565068236e-05,
    -0.004529721766390859,
    2.816783996006163e-05,
    7.040211860627238e-05,
    0.0015223656560824713,
    0.0002006936295892524,
    0.0003213887114983008,
    0.00017608846232873367,
    5.0194606465855794e-05,
    0.00010091994163070426,
    2.690737109666471e-05,
    1.2854302913784912e-05,
    2.9933692514823416e-05,
    5.340586066943433e-05,
    1.5013640504526018e-05,
    2.0852478254703584e-05,
    1.645768631767135e-05,
    2.1825003313246438e-05,
    8.412029761558466e-06,
    -0.0023743573170654643,
    -2.349183669896363e-05,
    0.00015262956007577305,
    -9.368083340735357e-05,
    -3.393750774533475e-05,
    -0.00023328903535295775,
    0.000687829925893278,
    0.001702907685852889,
    -1.9437078858863857e-05,
    0.013628506140605817,
    -0.018118380450900827,
    -9.895411725416647e-05,
    -3.7411837008661516e-05,
    6.922959180788141e-05,
    -7.435522571038735e-05,
    -0.012655900456844829,
    0.00014122086791965044,
    -2.4602438269294e-05,
    3.9001852645209443e-05,
    -0.029015152171315634,
    -4.850597777085074e-05,
    -1.7415357343003856e-05,
    1.0160816210895954e-05,
    -9.89482530704505e-05,
    1.5838051078358597e-06,
    5.5391313068181465e-06,
    -0.010157563648854015,
    -0.0170881467641818,
    7.2833783633506e-05,
    -0.01246841358730408,
    1.165468100795327e-05,
    7.388635005434034e-05,
    -2.940646077799628e-05,
    1.2897605090522666e-05,
    0.0009726372251519622,
    -4.359397857092615e-06,
    -5.973843671588483e-05,
    0.0009631002572020569,
    6.214652797000223e-05,
    0.0007153186646037063,
    0.02038392632019935,
    0.03623059562285975
  ],
  "val_sse_masked": 0.0006273202016018331,
  "val_nrmse_masked": 0.06817492842674255,
  "val_mse_masked": 2.0910674720653333e-05,
  "val_r2_masked": 0.9953506588935852,
  "val_sse_full": 0.0006193514564074576,
  "val_nrmse_full": 0.0677405372262001,
  "val_mse_full": 2.0645049517042935e-05,
  "val_r2_full": 0.9954096674919128,
  "iteration": 79,
  "p_lo_eff": 0.12967753410339355,
  "p_hi_eff": 1.9451630115509033,
  "f_lo_eff": 0.20659340918064117,
  "f_hi_eff": 1.6527472734451294
}