{
  "tag": "242_827ab683",
  "lmb1": 6.67912498774808e-05,
  "lmb2": 2.596630203725335e-08,
  "nonzero_count": 45,
  "complexity_norm": 0.3629032258064516,
  "train_gen_window": 0.03235352559579708,
  "generalizability": 0.028032080245804707,
  "equation": "0.11723 E^{0.5} n P^{-0.5} + 0.00010334 F dT_{i} - 0.0034552 P^{-1} F dT_{e} - 3.307 \\cdot 10^{-6} P^{-1} F dT_{i} - 0.00010278 P^{-1} F dn + 9.041 \\cdot 10^{-5} P dn - 0.020179 T_{e}^{0.5} P^{-1} dn - 0.01853 T_{e}^{0.5} T_{i}^{0.5} F dn - 3.2504 \\cdot 10^{-7} T_{e}^{0.5} T_{i}^{0.5} P^{-1} dT_{i} + 0.0020362 T_{e}^{0.5} T_{i}^{0.5} P^{-1} dn + 0.00042575 T_{e}^{0.5} T_{i}^{0.5} P dn - 0.00016963 T_{e}^{0.5} T_{i}^{0.5} dn - 0.00034738 T_{e}^{0.5} dn + 0.00048028 T_{e} P^{-1} dn + 2.0869 \\cdot 10^{-6} T_{e} P dT_{i} - 9.1952 \\cdot 10^{-5} T_{e} dT_{e} - 0.050353 T_{e} dn + 0.00011041 T_{i}^{0.5} F dT_{e} - 0.00030782 T_{i}^{0.5} F dn + 0.00045669 T_{i}^{0.5} P^{-1} dT_{e} - 5.1235 \\cdot 10^{-7} T_{i}^{0.5} P^{-1} dT_{i} - 0.00037351 T_{i}^{0.5} P^{-1} dn + 0.0070765 T_{i}^{0.5} P dn + 5.6819 \\cdot 10^{-6} T_{i} P^{-1} dT_{e} + 0.0022961 T_{i} P^{-1} dn + 1.0593 \\cdot 10^{-5} T_{i} P dT_{e} + 0.0075938 T_{i} P dn - 0.016961 n^{-1} F dn + 0.0032064 n^{-1} P^{-1} dn + 0.00027156 n^{-1} T_{e}^{0.5} dn + 0.00064904 n^{-1} T_{e} dn - 3.3697 \\cdot 10^{-5} n^{-1} T_{i} dn + 0.00052172 n^{-1} dn - 0.047056 n E^{0.5} - 0.024987 n E^{0.5} T_{e}^{0.5} P^{-1} + 0.0065907 n E^{0.5} T_{e}^{0.5} T_{i} - 0.01899 n E^{0.5} T_{i}^{0.5} F - 0.00080039 n E^{0.5} T_{i}^{0.5} P + 0.0015491 n E^{0.5} T_{i} + 0.016467 n E P^{-1} - 0.00057128 n E P + 0.021551 n E T_{e}^{0.5} + 0.010403 n E T_{e}^{0.5} T_{i}^{0.5} + 0.0031912 n E T_{i}^{0.5} + 0.00030664 n E T_{i}",
  "coefficients": [
    0.08853770689594997,
    0.007338591899421037,
    0.0007817751480022398,
    -0.00863231398878349,
    -2.4360612508560053e-05,
    -0.0006331278532000576,
    0.00041671686401022635,
    -1.2669848909393115e-05,
    0.0010679398359245017,
    -0.0001172496541136738,
    -5.407535725488183e-05,
    0.0016259710345284313,
    7.601587761733497e-05,
    -0.00022859958651654715,
    -1.9365741358524458e-05,
    5.3845721341833105e-05,
    -1.3384102118072664e-05,
    -0.0001802899693837127,
    -1.4977896431876364e-05,
    -2.0708632017333663e-05,
    6.879588725885748e-05,
    -1.2498171284858111e-05,
    -7.668663650375654e-05,
    1.9466881076824272e-05,
    0.00019750291669697065,
    -5.892073042209356e-06,
    3.35519579520669e-05,
    -0.003742019957163626,
    -5.3760712090634424e-05,
    4.893385519221529e-06,
    0.002598261783499961,
    3.770552081504916e-05,
    0.00013199276407379232,
    0.00013753151076561132,
    4.179410410688371e-05,
    9.623559679309936e-05,
    0.0001877259991201099,
    5.773425267800013e-06,
    -1.6021959955110873e-05,
    3.288611431870782e-05,
    2.91991320861992e-06,
    3.7801322107109878e-06,
    -0.0001340546879032961,
    -2.597023550370805e-05,
    -1.6331077275398228e-06,
    -0.00012991418562666374,
    -3.227603850753678e-05,
    0.00010461056451110911,
    -0.00040049499028529365,
    -6.446829417646501e-05,
    -0.0003770806406989282,
    0.009241298594953859,
    0.0035810578402778416,
    -4.160158834912662e-05,
    0.01136262353384914,
    -0.018189449570352824,
    -0.0002290483630157819,
    -5.433882782988104e-05,
    0.0025125473570859896,
    -0.00012970727130390142,
    -0.022009722771027918,
    0.00053108082406874,
    -5.244598266393966e-05,
    0.0005015040077772449,
    -0.032005060933522386,
    -7.358353039438931e-05,
    -3.2364543107623426e-05,
    2.053579420305731e-05,
    -0.025974539087621294,
    1.0864676555080903e-05,
    1.522061090774537e-05,
    -0.01886816430737728,
    -0.0008301589731288855,
    0.001087113667271958,
    -0.022116287531751915,
    3.176478694055913e-05,
    0.0045057826509863315,
    -7.132623173451247e-05,
    3.768315435447542e-05,
    0.007861209796402284,
    -2.0287670096269554e-05,
    -0.0003470334209552851,
    0.0013314701489658776,
    0.0001593981220103213,
    0.007562388961053791,
    0.004206651460090754,
    0.05755504599149549
  ],
  "val_sse_masked": 0.000465933233499527,
  "val_nrmse_masked": 0.05875460058450699,
  "val_mse_masked": 1.5531108147115447e-05,
  "val_r2_masked": 0.996546745300293,
  "val_sse_full": 0.00045737027539871633,
  "val_nrmse_full": 0.05821220204234123,
  "val_mse_full": 1.524567687738454e-05,
  "val_r2_full": 0.9966102242469788,
  "iteration": 242,
  "p_lo_eff": 0.12967753410339355,
  "p_hi_eff": 1.9451630115509033,
  "f_lo_eff": 0.20659340918064117,
  "f_hi_eff": 1.6527472734451294
}