{
  "tag": "140_a88d355a",
  "lmb1": 3.73396275847338e-06,
  "lmb2": 1.4152604190878546e-05,
  "nonzero_count": 82,
  "complexity_norm": 0.6612903225806451,
  "train_gen_window": 0.02336927058853596,
  "generalizability": 0.023041920833589052,
  "equation": "0.13319 E^{0.5} n P^{-0.5} + 0.0091216 F dT_{e} + 0.0027271 F dT_{i} - 0.00072313 F dn - 0.00042927 P^{-1} F dT_{e} + 7.4244 \\cdot 10^{-5} P^{-1} F dT_{i} + 0.00177 P^{-1} F dn + 0.0040244 P^{-1} dT_{e} - 0.007617 P dn - 0.041107 T_{e}^{0.5} F dT_{e} - 0.0016439 T_{e}^{0.5} F dn + 0.00041345 T_{e}^{0.5} P^{-1} dT_{e} - 0.053235 T_{e}^{0.5} P^{-1} dn + 0.00965 T_{e}^{0.5} T_{i}^{0.5} F dT_{e} - 5.8316 \\cdot 10^{-6} T_{e}^{0.5} T_{i}^{0.5} F dT_{i} - 0.01609 T_{e}^{0.5} T_{i}^{0.5} F dn + 0.030266 T_{e}^{0.5} T_{i}^{0.5} P^{-1} dn + 0.0015333 T_{e}^{0.5} T_{i}^{0.5} P dT_{e} + 5.0142 \\cdot 10^{-6} T_{e}^{0.5} T_{i}^{0.5} P dT_{i} + 0.019139 T_{e}^{0.5} T_{i}^{0.5} P dn + 5.12 \\cdot 10^{-7} T_{e}^{0.5} T_{i}^{0.5} dT_{i} + 0.0035567 T_{e}^{0.5} T_{i}^{0.5} dn - 6.2671 \\cdot 10^{-5} T_{e}^{0.5} T_{i} dT_{e} - 2.9496 \\cdot 10^{-7} T_{e}^{0.5} T_{i} dT_{i} + 0.0027367 T_{e}^{0.5} T_{i} dn - 0.055107 T_{e}^{0.5} dn - 0.00060798 T_{e} F dT_{i} - 0.0047261 T_{e} F dn + 0.017108 T_{e} P^{-1} dn + 1.0815 \\cdot 10^{-5} T_{e} P dT_{i} - 0.00064263 T_{e} T_{i}^{0.5} dT_{e} + 0.0099256 T_{e} T_{i} dn - 0.0035273 T_{e} dT_{e} - 0.00013382 T_{e} dT_{i} - 0.01488 T_{e} dn + 0.0075121 T_{i}^{0.5} F dT_{e} - 0.003211 T_{i}^{0.5} F dn + 0.00063256 T_{i}^{0.5} P^{-1} dT_{e} - 2.1108 \\cdot 10^{-6} T_{i}^{0.5} P^{-1} dT_{i} - 0.0023289 T_{i}^{0.5} P^{-1} dn + 1.696 \\cdot 10^{-6} T_{i}^{0.5} P dT_{i} + 0.0019032 T_{i}^{0.5} P dn - 0.0027572 T_{i}^{0.5} dT_{e} - 8.7696 \\cdot 10^{-7} T_{i}^{0.5} dT_{i} + 0.00071211 T_{i}^{0.5} dn + 8.6084 \\cdot 10^{-5} T_{i} F dT_{e} - 5.7761 \\cdot 10^{-6} T_{i} F dT_{i} - 2.9499 \\cdot 10^{-5} T_{i} P^{-1} dT_{e} - 0.003374 T_{i} P^{-1} dn + 6.634 \\cdot 10^{-5} T_{i} P dT_{e} + 0.0031108 T_{i} P dn - 0.00053419 T_{i} dT_{e} + 0.0012092 T_{i} dn + 0.0021751 dT_{e} - 0.00038961 dT_{i} - 0.0013208 n^{-1} F dn + 0.0045177 n^{-1} P^{-1} dn - 0.00094596 n^{-1} T_{e}^{0.5} T_{i}^{0.5} dn - 0.00078977 n^{-1} T_{e}^{0.5} dn - 0.0032747 n^{-1} T_{e} dn + 0.00057995 n^{-1} T_{i}^{0.5} dn - 0.00054685 n^{-1} T_{i} dn + 0.00095262 n^{-1} dn - 0.16779 n E^{0.5} - 0.018384 n E^{0.5} P^{-1} - 0.021533 n E^{0.5} T_{e}^{0.5} P^{-1} + 0.001813 n E^{0.5} T_{e}^{0.5} T_{i}^{0.5} + 0.047148 n E^{0.5} T_{e}^{0.5} T_{i} - 0.0015829 n E^{0.5} T_{e} + 0.0089676 n E^{0.5} T_{e} T_{i}^{0.5} + 0.00069977 n E^{0.5} T_{i}^{0.5} - 0.024789 n E^{0.5} T_{i}^{0.5} F + 0.020841 n E^{0.5} T_{i}^{0.5} P^{-1} + 0.010758 n E^{0.5} T_{i}^{0.5} P + 0.053787 n E^{0.5} T_{i} - 0.0053559 n E F + 0.0072586 n E P^{-1} - 0.0040169 n E P + 0.17257 n E T_{e}^{0.5} - 0.10586 n E T_{e}^{0.5} T_{i}^{0.5} - 0.0094357 n E T_{i}^{0.5} - 0.026552 n E T_{i}",
  "coefficients": [
    0.08853771302670066,
    0.010339843753643755,
    0.0014274665220683704,
    -0.0006722129006791237,
    0.002465584210841628,
    -0.010274688780490478,
    -0.0012119040392964654,
    -0.004587840959191123,
    -0.005388228780549256,
    0.0026323239463353736,
    -0.02339958899722238,
    0.04290818093856333,
    8.279563583945757e-05,
    -0.0009418116661047877,
    -0.0003337218745727659,
    0.0007156123978756812,
    -0.003976278967556607,
    -5.038424463113024e-05,
    0.0002339290541522721,
    -0.0007021091932473851,
    0.0024563623581398044,
    -0.0009388878661000308,
    -0.011687052021050703,
    -0.01453620476630854,
    0.0010235520803303002,
    -7.750211457597134e-05,
    0.007176083621585425,
    -0.0004649080408236859,
    0.0028113038919215993,
    0.0034348706540560225,
    0.0035988229124502827,
    -0.010565412767563951,
    0.00898044329141168,
    -0.0007140270167658967,
    -0.009208704568643705,
    0.00044298228194640196,
    0.0011756100920643378,
    0.000846419709516591,
    -0.01709602135932272,
    0.013122775989620897,
    0.006753201189328919,
    -0.0012586528833886958,
    -0.0051424033881207875,
    -0.0031352633670164924,
    7.272866149036399e-06,
    0.0022372243744378582,
    -0.0007736393119208398,
    -0.008813401047608948,
    -0.0024971055786409705,
    0.000564521318764253,
    -0.003933463113859057,
    0.002485421389269634,
    -0.005262296067607454,
    0.0011446332242876288,
    0.0046547551029397765,
    -0.04798677790302228,
    -0.036335428585395124,
    -0.0016994884883746368,
    0.0373469013133447,
    0.0027195184130521916,
    -0.01911188123181071,
    0.023873796304826386,
    0.0025338835967133014,
    0.017863683908454074,
    -0.009457869252560931,
    -0.004734382935854516,
    0.0091080473607694,
    -0.014055964196626552,
    -0.09261705812010503,
    0.019630394365374487,
    0.0004316469242329293,
    -0.02463026216477903,
    0.011157645198703004,
    0.03774699002744271,
    -0.019058807341258283,
    0.0010811950547446065,
    0.0322330031752136,
    -0.0008139641221619584,
    0.005200218758235776,
    0.0034651317581409643,
    -0.0030576412210846747,
    -0.002440111312064106,
    -0.003936873941661305,
    -0.01380212685610076,
    0.06055536350725648,
    -0.042810251374095755,
    0.06538746385330368
  ],
  "val_sse_masked": 0.00020988009055145085,
  "val_nrmse_masked": 0.03943353146314621,
  "val_mse_masked": 6.9960033215465955e-06,
  "val_r2_masked": 0.9984444975852966,
  "val_sse_full": 0.00020977144595235586,
  "val_nrmse_full": 0.039423324167728424,
  "val_mse_full": 6.992382168391487e-06,
  "val_r2_full": 0.9984452724456787,
  "iteration": 140,
  "p_lo_eff": 0.12967753410339355,
  "p_hi_eff": 1.9451630115509033,
  "f_lo_eff": 0.20659340918064117,
  "f_hi_eff": 1.6527472734451294
}