{
  "tag": "499_7514c92c",
  "lmb1": 0.00021812252614649075,
  "lmb2": 0.005667345225371745,
  "nonzero_count": 40,
  "complexity_norm": 0.3225806451612903,
  "train_gen_window": 0.05283226932471161,
  "generalizability": 0.04711109945980343,
  "equation": "0.042315 E^{0.5} n P^{-0.5} + 0.00013023 F dT_{i} - 0.00010234 F dn - 0.0037495 P^{-1} F dT_{e} - 9.278 \\cdot 10^{-5} P^{-1} F dT_{i} - 0.0040547 P^{-1} F dn + 0.0010584 P dn - 0.00041746 T_{e}^{0.5} F dn - 0.008836 T_{e}^{0.5} P^{-1} dn - 0.0023901 T_{e}^{0.5} T_{i}^{0.5} F dn + 3.2593 \\cdot 10^{-5} T_{e}^{0.5} T_{i}^{0.5} P dT_{e} + 0.0014643 T_{e}^{0.5} T_{i}^{0.5} P dn - 0.0072338 T_{e}^{0.5} T_{i}^{0.5} dn - 0.017615 T_{e}^{0.5} dn - 0.0011214 T_{e} F dn + 2.9627 \\cdot 10^{-5} T_{e} T_{i}^{0.5} dT_{e} + 0.00021533 T_{e} dT_{e} - 0.023993 T_{e} dn - 0.0010538 T_{i}^{0.5} F dn - 0.0038298 T_{i}^{0.5} P^{-1} dn + 0.0034357 T_{i}^{0.5} P dn + 8.0864 \\cdot 10^{-5} T_{i}^{0.5} dT_{e} - 0.0020787 T_{i}^{0.5} dn + 0.0060843 T_{i} P dn + 6.0455 \\cdot 10^{-6} T_{i} dT_{e} + 8.468 \\cdot 10^{-5} dT_{e} - 0.017362 n^{-1} F dn + 0.0023237 n^{-1} P^{-1} dn + 0.0027218 n^{-1} dn - 0.0024371 n E^{0.5} T_{e}^{0.5} P^{-1} + 0.00023135 n E^{0.5} T_{e}^{0.5} T_{i}^{0.5} + 0.0029708 n E^{0.5} T_{e}^{0.5} T_{i} + 0.00027471 n E^{0.5} T_{e} T_{i}^{0.5} - 0.015793 n E^{0.5} T_{i}^{0.5} P + 0.0022895 n E^{0.5} T_{i} + 0.00065671 n E P^{-1} - 0.0025082 n E P + 0.027888 n E T_{e}^{0.5} + 0.018119 n E T_{e}^{0.5} T_{i}^{0.5} + 0.016081 n E T_{i}^{0.5}",
  "coefficients": [
    0.08853770602052657,
    0.0053183052300367255,
    0.004078602962230765,
    -0.008836492308341527,
    2.4858693889107405e-05,
    9.205232523427607e-06,
    6.159737997844338e-05,
    1.1575382410018856e-05,
    1.686696101820593e-05,
    -0.0032895158911696405,
    -6.36383933737706e-08,
    0.0020490682158795545,
    1.3318016148572788e-05,
    -3.842359967029188e-05,
    -9.803501620836962e-06,
    -2.2534104159512024e-06,
    -2.710724523144498e-05,
    -3.651976541662996e-05,
    -8.264097496017106e-06,
    -8.768028213351555e-06,
    -1.5686227955805431e-06,
    -2.0824691847274066e-05,
    1.036509209710127e-06,
    1.8184970505830933e-05,
    7.048649614438435e-06,
    -2.1024214285932024e-05,
    6.186325724893595e-06,
    -0.004060788211124552,
    0.00010944774491432946,
    4.567989358635666e-05,
    2.031101856469691e-05,
    0.0003098619925297009,
    3.1329802333095305e-05,
    3.066480039928085e-05,
    0.00010421545276562025,
    2.946234931561169e-05,
    8.812684902380883e-05,
    4.1675889069088095e-06,
    2.8756707140124045e-05,
    2.3944481497177947e-05,
    0.00014355357848017862,
    4.9807924622143064e-05,
    0.0003139280353595621,
    0.0001445420838287161,
    5.709411910816018e-05,
    -0.0051251442278180265,
    -0.00010949156591716522,
    0.0012245904066837982,
    -0.004106416168701131,
    -0.0016478869708239673,
    -0.0012909116128885048,
    0.004486801816588978,
    2.2001584542775e-05,
    -1.4133338971900904e-05,
    0.009104031520661138,
    -0.007964901904410515,
    -0.011614380783720658,
    -0.0004315871397875281,
    2.7661985330014505e-06,
    -0.0055311641067380506,
    -0.0028389949981196326,
    0.0018265870706474737,
    -2.177069697447739e-05,
    1.799941469257149e-06,
    -0.0152502460558151,
    -0.0011233639575883856,
    -2.2654709935839273e-05,
    7.957784031038192e-06,
    3.969152055768085e-06,
    4.42080987657018e-06,
    6.37769154735276e-05,
    -3.28382360827779e-05,
    -0.01638022806724431,
    0.0016067288497503152,
    -0.00215709746009601,
    0.00013796807568234912,
    0.0020310190248149984,
    9.065636574909724e-06,
    0.0001592997981950927,
    0.00031350293725281443,
    3.5604772141294984e-06,
    -0.0015236389931442395,
    0.0067095822530132115,
    3.1183170483295656e-05,
    0.00978615057615662,
    0.00732702184367624,
    0.02077458899374865
  ],
  "val_sse_masked": 0.0007506451802328229,
  "val_nrmse_masked": 0.07457571476697922,
  "val_mse_masked": 2.5021507099154405e-05,
  "val_r2_masked": 0.9944366216659546,
  "val_sse_full": 0.0007471558637917042,
  "val_nrmse_full": 0.07440218329429626,
  "val_mse_full": 2.4905197278712876e-05,
  "val_r2_full": 0.9944624900817871,
  "iteration": 499,
  "p_lo_eff": 0.12967753410339355,
  "p_hi_eff": 1.9451630115509033,
  "f_lo_eff": 0.20659340918064117,
  "f_hi_eff": 1.6527472734451294
}