{
  "tag": "268_6d7825d8",
  "lmb1": 3.3898804682555895e-06,
  "lmb2": 0.0005923753889611558,
  "nonzero_count": 83,
  "complexity_norm": 0.6693548387096774,
  "train_gen_window": 0.023981793570441015,
  "generalizability": 0.03121281832723769,
  "equation": "0.070091 E^{0.5} n P^{-0.5} - 0.0028236 F dT_{e} + 0.0014987 F dT_{i} - 0.0013032 F dn - 0.0030894 P^{-1} F dT_{e} + 1.1183 \\cdot 10^{-5} P^{-1} F dT_{i} + 0.00061585 P^{-1} dT_{e} - 0.00028685 P F dT_{i} - 0.003618 P dn - 0.0097247 T_{e}^{0.5} F dT_{e} - 0.0051525 T_{e}^{0.5} F dn + 0.0016063 T_{e}^{0.5} P^{-1} dT_{e} - 0.028053 T_{e}^{0.5} P^{-1} dn + 0.0032719 T_{e}^{0.5} T_{i}^{0.5} F dT_{e} - 1.8911 \\cdot 10^{-5} T_{e}^{0.5} T_{i}^{0.5} F dT_{i} - 0.0093119 T_{e}^{0.5} T_{i}^{0.5} F dn - 9.9041 \\cdot 10^{-6} T_{e}^{0.5} T_{i}^{0.5} P^{-1} dT_{i} + 0.012951 T_{e}^{0.5} T_{i}^{0.5} P^{-1} dn + 0.0010241 T_{e}^{0.5} T_{i}^{0.5} P dT_{e} + 2.6996 \\cdot 10^{-6} T_{e}^{0.5} T_{i}^{0.5} P dT_{i} + 0.0044809 T_{e}^{0.5} T_{i}^{0.5} P dn - 1.8124 \\cdot 10^{-6} T_{e}^{0.5} T_{i}^{0.5} dT_{i} - 0.0023794 T_{e}^{0.5} T_{i}^{0.5} dn - 0.00019859 T_{e}^{0.5} T_{i} dT_{e} + 3.3511 \\cdot 10^{-7} T_{e}^{0.5} T_{i} dT_{i} + 0.0037317 T_{e}^{0.5} T_{i} dn - 0.017652 T_{e}^{0.5} dn + 7.3815 \\cdot 10^{-5} T_{e} F dT_{i} - 0.0079528 T_{e} F dn + 0.016422 T_{e} P^{-1} dn + 2.4399 \\cdot 10^{-5} T_{e} P dT_{i} - 0.00054433 T_{e} T_{i}^{0.5} dT_{e} - 0.00018608 T_{e} T_{i} dT_{e} + 7.6694 \\cdot 10^{-7} T_{e} T_{i} dT_{i} + 0.0039786 T_{e} T_{i} dn - 0.0027061 T_{e} dT_{e} - 0.00010245 T_{e} dT_{i} - 0.025563 T_{e} dn + 0.0016715 T_{i}^{0.5} F dT_{e} - 0.0062846 T_{i}^{0.5} F dn + 0.0015428 T_{i}^{0.5} P^{-1} dT_{e} - 1.3199 \\cdot 10^{-5} T_{i}^{0.5} P^{-1} dT_{i} - 0.02023 T_{i}^{0.5} P^{-1} dn - 5.8265 \\cdot 10^{-7} T_{i}^{0.5} P dT_{i} + 0.0031206 T_{i}^{0.5} P dn - 0.00070904 T_{i}^{0.5} dT_{e} - 5.5752 \\cdot 10^{-6} T_{i}^{0.5} dT_{i} + 0.00016618 T_{i} F dT_{e} + 1.1218 \\cdot 10^{-6} T_{i} F dT_{i} + 6.8414 \\cdot 10^{-5} T_{i} P^{-1} dT_{e} + 0.0065782 T_{i} P^{-1} dn + 0.00025662 T_{i} P dT_{e} + 0.0086303 T_{i} P dn - 0.00020745 T_{i} dT_{e} + 0.0059363 T_{i} dn - 0.00012775 dT_{i} - 0.021651 n^{-1} F dn + 0.0048491 n^{-1} P^{-1} dn - 0.00015781 n^{-1} T_{e}^{0.5} T_{i}^{0.5} dn + 0.00029026 n^{-1} T_{e}^{0.5} dn + 0.00066858 n^{-1} T_{e} dn + 9.141 \\cdot 10^{-5} n^{-1} T_{i}^{0.5} dn - 0.00042124 n^{-1} T_{i} dn + 0.00054778 n^{-1} dn - 0.042968 n E^{0.5} + 0.011067 n E^{0.5} P^{-1} - 0.023571 n E^{0.5} T_{e}^{0.5} P^{-1} + 0.0056103 n E^{0.5} T_{e}^{0.5} T_{i}^{0.5} + 0.018871 n E^{0.5} T_{e}^{0.5} T_{i} - 0.01151 n E^{0.5} T_{e} + 0.014054 n E^{0.5} T_{e} T_{i}^{0.5} - 0.001015 n E^{0.5} T_{i}^{0.5} - 0.020499 n E^{0.5} T_{i}^{0.5} F + 0.0056872 n E^{0.5} T_{i}^{0.5} P^{-1} - 0.0034107 n E^{0.5} T_{i}^{0.5} P + 0.013377 n E^{0.5} T_{i} - 0.013216 n E F + 0.015912 n E P^{-1} - 0.0035209 n E P + 0.040915 n E T_{e}^{0.5} + 0.007575 n E T_{e}^{0.5} T_{i}^{0.5} + 0.0057035 n E T_{i}^{0.5} - 0.0068018 n E T_{i}",
  "coefficients": [
    0.0885377074617742,
    0.011098283986582991,
    0.0008208223744545284,
    -0.011019078688266421,
    0.0003886202581385172,
    -0.00791456971298592,
    0.00044540936300734284,
    -0.0007653821157424357,
    0.0011000951842081933,
    0.00039650606160097554,
    -0.007672674975028754,
    0.023580957441778384,
    -0.004456465058500061,
    -0.005889029616685234,
    -0.0021216244423099516,
    -0.00024585182486047544,
    0.0007722357373684031,
    -0.00549353466186029,
    -0.000828050447130599,
    -0.002276793195584161,
    0.0013224643421246012,
    0.0010666964221468364,
    -0.008947200411620932,
    0.0017648479681539276,
    0.002309186116158595,
    0.0029403942579959916,
    0.0010981444976565298,
    -0.0033459295068035415,
    1.4835843125831781e-05,
    -0.0010632673417652993,
    0.00877752858847915,
    -0.0027169347686165565,
    0.001998203513317099,
    0.0016559491698516092,
    -0.0035761891797729825,
    0.0008551412570111948,
    0.004547496211494486,
    0.0032885085608234596,
    -0.004044364381945022,
    0.0044493146265863065,
    0.0045107749766448305,
    -0.00398844099466272,
    -0.003945200737983795,
    -0.002655693093568884,
    -0.004396318502492344,
    -5.374209286198087e-05,
    -0.0013942251261024603,
    -0.004186238196844294,
    -0.02169083454835864,
    6.138212146033681e-05,
    -0.00769849475904482,
    0.004075196079428897,
    0.010259610136327134,
    0.00561922231915101,
    0.012913621326649555,
    -0.025287701014206094,
    -0.011638738151847877,
    -0.0053268950634123725,
    0.015981013098388345,
    -0.001819327746113272,
    -0.011060853900991319,
    0.005589481298019771,
    0.003455180868395962,
    0.01714753429626258,
    -0.01624814738445348,
    -0.00796679868273503,
    0.003650828183651024,
    0.008461668983085896,
    -0.023717818860786347,
    0.00535683342803093,
    -0.0006260891977336665,
    -0.020368216426851042,
    -0.003537520049705215,
    0.00938759676939991,
    -0.0208631187248519,
    0.003345815757955111,
    0.012901405059472555,
    -0.005918491938891834,
    0.008149567674880575,
    0.007595930706796619,
    -0.00754495480588919,
    -0.0021388043526703662,
    0.0023796921331205034,
    -0.0035356494412419003,
    0.01435730502479181,
    0.0030632151477023267,
    0.03441130938734686
  ],
  "val_sse_masked": 0.0003386366879567504,
  "val_nrmse_masked": 0.05008954554796219,
  "val_mse_masked": 1.1287890629319008e-05,
  "val_r2_masked": 0.9974902272224426,
  "val_sse_full": 0.0003397160617168993,
  "val_nrmse_full": 0.05016930773854256,
  "val_mse_full": 1.1323869330226444e-05,
  "val_r2_full": 0.997482180595398,
  "iteration": 268,
  "p_lo_eff": 0.12967753410339355,
  "p_hi_eff": 1.9451630115509033,
  "f_lo_eff": 0.20659340918064117,
  "f_hi_eff": 1.6527472734451294
}