{
  "tag": "244_de9e35c5",
  "lmb1": 2.597208229476068e-06,
  "lmb2": 6.892434875202476e-06,
  "nonzero_count": 84,
  "complexity_norm": 0.6774193548387096,
  "train_gen_window": 0.019608099663826897,
  "generalizability": 0.019366965270718142,
  "equation": "0.15014 E^{0.5} n P^{-0.5} + 0.029641 F dT_{e} + 0.0033415 F dT_{i} - 0.00031928 F dn + 0.00031084 P^{-1} F dT_{e} + 8.8839 \\cdot 10^{-5} P^{-1} F dT_{i} + 0.0030048 P^{-1} F dn + 0.005083 P^{-1} dT_{e} + 1.4892 \\cdot 10^{-5} P F dT_{i} - 0.0058732 P dn - 0.072605 T_{e}^{0.5} F dT_{e} - 0.0010647 T_{e}^{0.5} F dn + 0.00091076 T_{e}^{0.5} P^{-1} dT_{e} - 0.053634 T_{e}^{0.5} P^{-1} dn + 0.013562 T_{e}^{0.5} T_{i}^{0.5} F dT_{e} - 1.7896 \\cdot 10^{-6} T_{e}^{0.5} T_{i}^{0.5} F dT_{i} - 0.022518 T_{e}^{0.5} T_{i}^{0.5} F dn + 3.5425 \\cdot 10^{-6} T_{e}^{0.5} T_{i}^{0.5} P^{-1} dT_{i} + 0.039025 T_{e}^{0.5} T_{i}^{0.5} P^{-1} dn + 0.0016831 T_{e}^{0.5} T_{i}^{0.5} P dT_{e} + 6.8783 \\cdot 10^{-6} T_{e}^{0.5} T_{i}^{0.5} P dT_{i} + 0.020928 T_{e}^{0.5} T_{i}^{0.5} P dn + 2.1211 \\cdot 10^{-6} T_{e}^{0.5} T_{i}^{0.5} dT_{i} + 0.018262 T_{e}^{0.5} T_{i}^{0.5} dn - 3.1058 \\cdot 10^{-5} T_{e}^{0.5} T_{i} dT_{e} - 4.6957 \\cdot 10^{-7} T_{e}^{0.5} T_{i} dT_{i} + 0.0025538 T_{e}^{0.5} T_{i} dn - 0.071366 T_{e}^{0.5} dn - 0.0010285 T_{e} F dT_{i} - 0.0029857 T_{e} F dn + 0.0091608 T_{e} P^{-1} dn + 7.4452 \\cdot 10^{-6} T_{e} P dT_{i} - 0.00082391 T_{e} T_{i}^{0.5} dT_{e} + 3.5752 \\cdot 10^{-5} T_{e} T_{i} dT_{e} - 5.6157 \\cdot 10^{-8} T_{e} T_{i} dT_{i} + 0.0079621 T_{e} T_{i} dn - 0.0024834 T_{e} dT_{e} - 5.5431 \\cdot 10^{-5} T_{e} dT_{i} - 0.005917 T_{e} dn + 0.0092932 T_{i}^{0.5} F dT_{e} - 0.0025351 T_{i}^{0.5} F dn + 0.00034689 T_{i}^{0.5} P^{-1} dT_{e} - 0.00057922 T_{i}^{0.5} P^{-1} dn + 2.2574 \\cdot 10^{-6} T_{i}^{0.5} P dT_{i} + 0.0019279 T_{i}^{0.5} P dn - 0.0037051 T_{i}^{0.5} dT_{e} + 0.0010729 T_{i}^{0.5} dn + 4.3655 \\cdot 10^{-5} T_{i} F dT_{e} - 1.1265 \\cdot 10^{-5} T_{i} F dT_{i} - 0.0001038 T_{i} P^{-1} dT_{e} - 0.0067939 T_{i} P^{-1} dn + 5.8374 \\cdot 10^{-5} T_{i} P dT_{e} + 0.00022452 T_{i} P dn - 0.00060177 T_{i} dT_{e} + 0.00039153 T_{i} dn + 0.0020809 dT_{e} - 0.00054485 dT_{i} - 0.00055474 n^{-1} F dn + 0.0052164 n^{-1} P^{-1} dn - 0.0028518 n^{-1} T_{e}^{0.5} T_{i}^{0.5} dn - 0.0013846 n^{-1} T_{e}^{0.5} dn - 0.0038235 n^{-1} T_{e} dn + 0.0020003 n^{-1} T_{i}^{0.5} dn - 0.00030532 n^{-1} T_{i} dn + 0.0010013 n^{-1} dn - 0.20482 n E^{0.5} - 0.032177 n E^{0.5} P^{-1} - 0.018411 n E^{0.5} T_{e}^{0.5} P^{-1} + 0.001785 n E^{0.5} T_{e}^{0.5} T_{i}^{0.5} + 0.049461 n E^{0.5} T_{e}^{0.5} T_{i} - 0.0037401 n E^{0.5} T_{e} + 0.0050018 n E^{0.5} T_{e} T_{i}^{0.5} + 0.0010152 n E^{0.5} T_{i}^{0.5} - 0.02327 n E^{0.5} T_{i}^{0.5} F + 0.029179 n E^{0.5} T_{i}^{0.5} P^{-1} + 0.014456 n E^{0.5} T_{i}^{0.5} P + 0.074433 n E^{0.5} T_{i} - 0.011623 n E F + 0.00076989 n E P^{-1} - 0.0059971 n E P + 0.29685 n E T_{e}^{0.5} - 0.21887 n E T_{e}^{0.5} T_{i}^{0.5} - 0.020128 n E T_{i}^{0.5} - 0.0099171 n E T_{i}",
  "coefficients": [
    0.08853771481115486,
    0.011938906727528365,
    0.0015003783290285008,
    -0.00028233050873518995,
    0.008503956294650986,
    -0.00573653297283061,
    -0.0021246510567332995,
    -0.013830826379518133,
    -0.006291232867046817,
    0.0031497855609896363,
    -0.03272335850233101,
    0.0525756215426846,
    0.00023135669027471548,
    8.112025668733031e-05,
    -8.73361117857763e-05,
    0.000952512650986495,
    -0.007754910988212891,
    0.001964952031471435,
    0.000969132132265921,
    -0.00021546675280622804,
    0.003369530933275138,
    -0.0014946906036444904,
    -0.004841018799729998,
    -0.024590688329637893,
    0.000704625501173139,
    -0.0002152993589754458,
    0.00906374559404731,
    0.0003366482247566668,
    0.0026895150776541565,
    0.011161549440106966,
    0.001973543295900603,
    -0.014197581303993206,
    0.011109566867944795,
    -0.002512565800732705,
    -0.010373577867924404,
    0.0002246438358317214,
    0.0010344327378730847,
    0.0018644998515725485,
    -0.03019532947612245,
    0.018442201637451985,
    0.007413038137761493,
    -0.0006237542776438577,
    -0.0036205229045707605,
    -0.00401971548287388,
    0.0008446708423148149,
    0.003798046760295024,
    -0.0003415825185867202,
    -0.006795641906981458,
    -0.0006210643283786519,
    0.0008505361923089044,
    -0.0031055193867181325,
    0.0025176973161377524,
    -0.010596144551265523,
    0.00037061759801862654,
    0.00033595752752946847,
    -0.04834672966329504,
    -0.04705606292991264,
    -0.0011007361161993632,
    0.0481557162045171,
    0.013963406226471048,
    -0.026747112772939157,
    0.026105422751136465,
    0.0023645229943859993,
    0.009565598464962799,
    -0.003760915622207737,
    -0.002990978653114538,
    0.007306279658118599,
    -0.024601323949057848,
    -0.11306036950699692,
    0.02748420136488765,
    0.0006262279935347637,
    -0.02312096260963617,
    0.014993998403215834,
    0.05223623118334387,
    -0.016295676152515762,
    0.0010645384107181646,
    0.03381461095384061,
    -0.0019232578476881365,
    0.0029005267133916483,
    0.00036753472753337066,
    -0.0066356836431707,
    -0.0036430268094900598,
    -0.008398225136927305,
    -0.005155049334388153,
    0.1041656445112583,
    -0.08850698716001928,
    0.07371091882848962
  ],
  "val_sse_masked": 0.00018780848768074065,
  "val_nrmse_masked": 0.03730247542262077,
  "val_mse_masked": 6.260283498704666e-06,
  "val_r2_masked": 0.9986080527305603,
  "val_sse_full": 0.0001882546639535576,
  "val_nrmse_full": 0.03734675794839859,
  "val_mse_full": 6.275156010815408e-06,
  "val_r2_full": 0.9986047744750977,
  "iteration": 244,
  "p_lo_eff": 0.12967753410339355,
  "p_hi_eff": 1.9451630115509033,
  "f_lo_eff": 0.20659340918064117,
  "f_hi_eff": 1.6527472734451294
}