{
  "tag": "324_a2624ed8",
  "lmb1": 8.594497964134896e-05,
  "lmb2": 7.042531904563294e-07,
  "nonzero_count": 40,
  "complexity_norm": 0.3225806451612903,
  "train_gen_window": 0.03580785937942883,
  "generalizability": 0.03148909783876354,
  "equation": "0.097916 E^{0.5} n P^{-0.5} + 8.656 \\cdot 10^{-5} F dT_{i} - 0.0041389 P^{-1} F dT_{e} - 1.9586 \\cdot 10^{-5} P^{-1} F dT_{i} - 0.00024028 P^{-1} F dn + 9.0906 \\cdot 10^{-5} P dn - 0.021867 T_{e}^{0.5} P^{-1} dn - 0.018482 T_{e}^{0.5} T_{i}^{0.5} F dn + 0.000436 T_{e}^{0.5} T_{i}^{0.5} P^{-1} dn + 0.00022039 T_{e}^{0.5} T_{i}^{0.5} P dn - 0.00022384 T_{e}^{0.5} dn + 0.00017702 T_{e} P^{-1} dn + 3.365 \\cdot 10^{-6} T_{e} P dT_{i} - 0.040611 T_{e} dn + 0.00010594 T_{i}^{0.5} F dT_{e} - 0.00023589 T_{i}^{0.5} F dn + 0.00047162 T_{i}^{0.5} P^{-1} dT_{e} - 0.00017943 T_{i}^{0.5} P^{-1} dn + 0.0031496 T_{i}^{0.5} P dn + 4.3258 \\cdot 10^{-6} T_{i} P^{-1} dT_{e} + 0.0022299 T_{i} P^{-1} dn + 0.0089594 T_{i} P dn - 0.020036 n^{-1} F dn + 0.0034567 n^{-1} P^{-1} dn + 0.00023129 n^{-1} T_{e}^{0.5} dn + 0.00021967 n^{-1} T_{e} dn - 1.1964 \\cdot 10^{-5} n^{-1} T_{i} dn + 0.0012752 n^{-1} dn - 0.017371 n E^{0.5} - 0.020472 n E^{0.5} T_{e}^{0.5} P^{-1} + 0.00028297 n E^{0.5} T_{e}^{0.5} T_{i} - 0.017561 n E^{0.5} T_{i}^{0.5} F - 0.0082218 n E^{0.5} T_{i}^{0.5} P + 0.00022745 n E^{0.5} T_{i} + 0.0095335 n E P^{-1} - 0.00020204 n E P + 0.0043068 n E T_{e}^{0.5} + 0.036347 n E T_{e}^{0.5} T_{i}^{0.5} + 0.0025297 n E T_{i}^{0.5} + 0.00028798 n E T_{i}",
  "coefficients": [
    0.08853770653340126,
    0.007911371655669224,
    0.0019108512034609654,
    -0.010197268372336317,
    -1.0982194817708414e-05,
    -0.0002247859692072391,
    0.0003549187470911759,
    -5.757246833683378e-06,
    0.00036144616303395696,
    -0.0006944235822914816,
    -1.425793616861031e-05,
    0.0013619427960648916,
    4.535668471087374e-05,
    -6.289548633711628e-05,
    -2.7872891554744046e-06,
    4.8460889730512566e-05,
    -7.827866376986278e-07,
    -5.33022451661613e-05,
    -5.874060312651959e-08,
    -5.476242559564366e-06,
    6.1372849981427e-05,
    3.055354560298002e-06,
    -1.2298019265157205e-05,
    2.060553944310073e-05,
    0.0003184651985954378,
    7.113200245442008e-06,
    2.9507182156618826e-05,
    -0.004482525449732815,
    -1.487874122602179e-05,
    1.8255647479248213e-05,
    0.0026831928231209326,
    4.0840045857469333e-05,
    0.0001266429775976707,
    0.00010470598952772408,
    3.548755117351556e-05,
    7.49996667084617e-05,
    5.601339484748238e-05,
    5.2852770466829355e-06,
    6.505232249926281e-07,
    3.172960239627009e-05,
    -3.2997676879789384e-08,
    5.307826169950945e-06,
    -3.987744780972819e-05,
    -1.0290758145887867e-05,
    -1.7896648991040395e-05,
    -0.0003037190314132703,
    -2.9314931120474107e-05,
    0.00010518419164161984,
    -0.00019239447908112064,
    -4.6934304947885725e-05,
    -0.0002889624320478198,
    0.004113165897023626,
    0.0034778372105424603,
    -3.6644256003638844e-05,
    0.013405996516164954,
    -0.019710820122729497,
    -0.00014759244249461955,
    -4.838583239398783e-05,
    0.0005380052263801838,
    -9.240620368858044e-05,
    -0.02195368026666148,
    0.0002749184977774897,
    -4.532541250014539e-05,
    0.00018484044866597677,
    -0.025812940254526816,
    -6.233737725323756e-05,
    -3.016863374758502e-05,
    1.9297349372013577e-05,
    -0.009588861624375007,
    3.975306169890576e-06,
    6.022777354177323e-06,
    -0.017448325922629068,
    -0.008527599148135294,
    0.0001596224303906848,
    -0.01811967838620692,
    1.6476265313408493e-05,
    0.0001934562253869564,
    -5.8717364879174645e-05,
    1.969220636478582e-05,
    0.004551129531660772,
    -9.888142483735342e-06,
    -0.00012273110601458253,
    0.0010554696794302534,
    0.00014969402192433897,
    0.0015112943780129365,
    0.014698075120334445,
    0.0480720445436795
  ],
  "val_sse_masked": 0.000545844784937799,
  "val_nrmse_masked": 0.0635937750339508,
  "val_mse_masked": 1.819482713472098e-05,
  "val_r2_masked": 0.9959544539451599,
  "val_sse_full": 0.0005364265525713563,
  "val_nrmse_full": 0.06304275989532471,
  "val_mse_full": 1.7880885934573598e-05,
  "val_r2_full": 0.9960243105888367,
  "iteration": 324,
  "p_lo_eff": 0.12967753410339355,
  "p_hi_eff": 1.9451630115509033,
  "f_lo_eff": 0.20659340918064117,
  "f_hi_eff": 1.6527472734451294
}