{
  "tag": "378_7a7c169f",
  "lmb1": 2.985330302090809e-05,
  "lmb2": 5.2284008912137524e-05,
  "nonzero_count": 56,
  "complexity_norm": 0.45161290322580644,
  "train_gen_window": 0.024120355676673994,
  "generalizability": 0.029591716285093564,
  "equation": "0.11207 E^{0.5} n P^{-0.5} + 0.0007444 F dT_{i} - 0.00013827 F dn - 0.0017303 P^{-1} F dT_{e} + 1.8545 \\cdot 10^{-5} P^{-1} F dT_{i} - 0.00053536 T_{e}^{0.5} F dT_{e} - 0.0003169 T_{e}^{0.5} F dn - 0.034853 T_{e}^{0.5} P^{-1} dn - 0.017163 T_{e}^{0.5} T_{i}^{0.5} F dn - 4.6024 \\cdot 10^{-6} T_{e}^{0.5} T_{i}^{0.5} P^{-1} dT_{i} + 0.010712 T_{e}^{0.5} T_{i}^{0.5} P^{-1} dn + 3.9727 \\cdot 10^{-5} T_{e}^{0.5} T_{i}^{0.5} P dT_{e} + 8.5732 \\cdot 10^{-7} T_{e}^{0.5} T_{i}^{0.5} P dT_{i} + 0.00015492 T_{e}^{0.5} T_{i}^{0.5} P dn + 0.0001764 T_{e}^{0.5} T_{i} dn - 0.0011432 T_{e}^{0.5} dn - 0.0011208 T_{e} F dn + 0.011848 T_{e} P^{-1} dn + 2.4535 \\cdot 10^{-6} T_{e} P dT_{i} - 2.1289 \\cdot 10^{-5} T_{e} T_{i}^{0.5} dT_{e} - 0.00016975 T_{e} T_{i} dT_{e} + 0.00030925 T_{e} T_{i} dn - 0.0020095 T_{e} dT_{e} - 7.7918 \\cdot 10^{-5} T_{e} dT_{i} - 0.050034 T_{e} dn + 0.00031348 T_{i}^{0.5} F dT_{e} - 0.00063135 T_{i}^{0.5} F dn + 0.0012393 T_{i}^{0.5} P^{-1} dT_{e} - 5.1571 \\cdot 10^{-6} T_{i}^{0.5} P^{-1} dT_{i} - 0.0068798 T_{i}^{0.5} P^{-1} dn + 6.472 \\cdot 10^{-7} T_{i}^{0.5} P dT_{i} + 0.00012527 T_{i}^{0.5} P dn + 3.4138 \\cdot 10^{-5} T_{i}^{0.5} dT_{e} + 0.0040356 T_{i} P^{-1} dn + 0.00016119 T_{i} P dT_{e} + 0.013182 T_{i} P dn + 0.00019641 T_{i} dn - 2.6272 \\cdot 10^{-5} dT_{i} - 0.011574 n^{-1} F dn + 0.0036308 n^{-1} P^{-1} dn + 0.00014909 n^{-1} T_{e} dn - 8.7302 \\cdot 10^{-5} n^{-1} T_{i}^{0.5} dn - 0.00012682 n^{-1} T_{i} dn - 0.059418 n E^{0.5} - 0.024696 n E^{0.5} T_{e}^{0.5} P^{-1} + 0.00022008 n E^{0.5} T_{e}^{0.5} T_{i}^{0.5} + 0.025929 n E^{0.5} T_{e}^{0.5} T_{i} + 0.00072756 n E^{0.5} T_{e} T_{i}^{0.5} - 0.020715 n E^{0.5} T_{i}^{0.5} F + 0.00017904 n E^{0.5} T_{i}^{0.5} P^{-1} + 0.00099301 n E^{0.5} T_{i} - 0.00018655 n E F + 0.022974 n E P^{-1} - 0.0002117 n E P + 0.023915 n E T_{e}^{0.5} - 0.00021654 n E T_{i}",
  "coefficients": [
    0.08853770787602411,
    0.008309928265608354,
    -6.158447304674763e-06,
    -0.005890595426443254,
    -0.0003711526697271714,
    -0.0023827193334236127,
    5.594820800672018e-05,
    -5.3468902655433726e-05,
    0.0002453167714006083,
    0.0006575009686966973,
    -0.0015778850067917141,
    0.011712381514170788,
    -2.0007304471154533e-05,
    -0.0023009937051317675,
    -2.9207199479743508e-05,
    0.00027308661517110884,
    1.2621090550834355e-05,
    -0.002552851654554537,
    -2.5737077772613654e-05,
    -9.280496306258656e-05,
    0.0004199807391391272,
    5.5500155563012796e-05,
    -0.006804873795194992,
    1.0468400322493073e-05,
    0.00023220384062584183,
    6.628899060417254e-05,
    5.34106907748968e-05,
    -0.0018739873095937332,
    -7.535379081437574e-05,
    -4.989393662758783e-05,
    0.007050778150732564,
    0.00013081211470850976,
    0.0003747573573031668,
    6.041701848797732e-05,
    4.478137697823135e-06,
    7.587081786173353e-05,
    0.0028564744001679716,
    6.494117040563841e-06,
    -0.0002226495935701171,
    6.928605831203342e-05,
    0.00017497417404643216,
    -9.986682958886822e-05,
    -0.0029295578871158644,
    -0.00010386251229691434,
    -0.00401056902004445,
    -5.4079382475223485e-05,
    -0.00014793022790318767,
    -4.81918872020428e-05,
    -0.007376738918797692,
    -2.3367148918173333e-06,
    -0.0007733900628927135,
    0.00016359055420163475,
    0.006294164053940231,
    0.00018591949652678458,
    0.01972464935749227,
    -0.03141711211272862,
    -0.000753792605638635,
    -0.00032762266123249076,
    0.0132183324759043,
    -3.260601319304608e-05,
    -0.020386038667229666,
    0.00019324375638291524,
    0.00016333009674363713,
    0.012371443816162972,
    -0.03180249086439929,
    -0.0011227228341945685,
    0.00028377881017427055,
    1.9306161327093023e-05,
    -0.03279852989908542,
    0.0001686411141402347,
    3.7451263330477586e-05,
    -0.02058284882088141,
    -2.9393342350594184e-05,
    0.0006968876613154503,
    -0.021858452622241484,
    0.0001312476360047415,
    0.017726648807958614,
    -6.2991918181831e-05,
    0.00042190451874295925,
    0.010967303011482374,
    -0.00010649759110592416,
    -0.00012860151190035565,
    7.158666238330896e-05,
    -0.00011256023731138774,
    0.008391884361459268,
    8.948888266073786e-05,
    0.055019948716510884
  ],
  "val_sse_masked": 0.00034060279722325504,
  "val_nrmse_masked": 0.05023473873734474,
  "val_mse_masked": 1.1353426998539362e-05,
  "val_r2_masked": 0.9974756240844727,
  "val_sse_full": 0.000336992961820215,
  "val_nrmse_full": 0.049967825412750244,
  "val_mse_full": 1.12330990305054e-05,
  "val_r2_full": 0.9975023865699768,
  "iteration": 378,
  "p_lo_eff": 0.12967753410339355,
  "p_hi_eff": 1.9451630115509033,
  "f_lo_eff": 0.20659340918064117,
  "f_hi_eff": 1.6527472734451294
}