{
  "tag": "181_052e6f2f",
  "lmb1": 4.813677658268422e-07,
  "lmb2": 2.945083184988718e-07,
  "nonzero_count": 86,
  "complexity_norm": 0.6935483870967742,
  "train_gen_window": 0.013401756642193265,
  "generalizability": 0.025038781241278358,
  "equation": "0.18126 E^{0.5} n P^{-0.5} + 0.090095 F dT_{e} + 0.0053046 F dT_{i} + 0.027452 F dn + 0.0010251 P^{-1} F dT_{e} + 6.4408 \\cdot 10^{-5} P^{-1} F dT_{i} + 0.0085546 P^{-1} F dn - 0.0019071 P^{-1} dT_{e} - 0.00027132 P F dT_{i} - 0.0056605 P dn - 0.14722 T_{e}^{0.5} F dT_{e} + 0.0024434 T_{e}^{0.5} F dn + 0.0077578 T_{e}^{0.5} P^{-1} dT_{e} - 0.066231 T_{e}^{0.5} P^{-1} dn + 0.026158 T_{e}^{0.5} T_{i}^{0.5} F dT_{e} - 4.9874 \\cdot 10^{-5} T_{e}^{0.5} T_{i}^{0.5} F dT_{i} - 0.051496 T_{e}^{0.5} T_{i}^{0.5} F dn + 6.1348 \\cdot 10^{-5} T_{e}^{0.5} T_{i}^{0.5} P^{-1} dT_{i} + 0.035116 T_{e}^{0.5} T_{i}^{0.5} P^{-1} dn + 0.0024871 T_{e}^{0.5} T_{i}^{0.5} P dT_{e} + 7.4589 \\cdot 10^{-6} T_{e}^{0.5} T_{i}^{0.5} P dT_{i} + 0.01072 T_{e}^{0.5} T_{i}^{0.5} P dn + 4.7084 \\cdot 10^{-5} T_{e}^{0.5} T_{i}^{0.5} dT_{i} + 0.20723 T_{e}^{0.5} T_{i}^{0.5} dn - 0.00027515 T_{e}^{0.5} T_{i} dT_{e} - 2.3317 \\cdot 10^{-7} T_{e}^{0.5} T_{i} dT_{i} + 0.002026 T_{e}^{0.5} T_{i} dn - 0.17185 T_{e}^{0.5} dn - 0.0021682 T_{e} F dT_{i} - 0.026933 T_{e} F dn + 0.0069674 T_{e} P^{-1} dn + 8.0792 \\cdot 10^{-5} T_{e} P dT_{i} - 0.0077029 T_{e} T_{i}^{0.5} dT_{e} + 0.0011537 T_{e} T_{i} dT_{e} - 4.4481 \\cdot 10^{-7} T_{e} T_{i} dT_{i} + 0.0028735 T_{e} T_{i} dn + 0.0035002 T_{e} dT_{e} - 6.0876 \\cdot 10^{-5} T_{e} dT_{i} - 0.00082303 T_{e} dn + 0.01041 T_{i}^{0.5} F dT_{e} + 0.0028779 T_{i}^{0.5} F dn + 0.0011188 T_{i}^{0.5} P^{-1} dT_{e} - 5.6513 \\cdot 10^{-5} T_{i}^{0.5} P^{-1} dT_{i} + 0.014802 T_{i}^{0.5} P^{-1} dn - 1.2642 \\cdot 10^{-5} T_{i}^{0.5} P dT_{i} + 0.029069 T_{i}^{0.5} P dn + 0.0022507 T_{i}^{0.5} dT_{e} + 5.0694 \\cdot 10^{-6} T_{i}^{0.5} dT_{i} - 0.0069603 T_{i}^{0.5} dn - 0.0054503 T_{i} F dT_{e} - 2.62 \\cdot 10^{-5} T_{i} F dT_{i} - 7.177 \\cdot 10^{-5} T_{i} P^{-1} dT_{e} - 0.0098931 T_{i} P^{-1} dn - 0.00040192 T_{i} P dT_{e} - 0.01789 T_{i} P dn - 0.00041355 T_{i} dT_{e} - 0.051021 T_{i} dn - 0.0057684 dT_{e} - 0.00077575 dT_{i} + 0.0034553 n^{-1} F dn + 0.0058249 n^{-1} P^{-1} dn - 0.014668 n^{-1} T_{e}^{0.5} T_{i}^{0.5} dn - 0.0054788 n^{-1} T_{e}^{0.5} dn - 0.00080471 n^{-1} T_{e} dn + 0.013773 n^{-1} T_{i}^{0.5} dn + 0.00073895 n^{-1} T_{i} dn - 0.0034126 n^{-1} dn - 0.2887 n E^{0.5} - 0.065879 n E^{0.5} P^{-1} - 0.004695 n E^{0.5} T_{e}^{0.5} P^{-1} - 0.0027421 n E^{0.5} T_{e}^{0.5} T_{i}^{0.5} + 0.036185 n E^{0.5} T_{e}^{0.5} T_{i} - 0.046876 n E^{0.5} T_{e} + 0.0017258 n E^{0.5} T_{e} T_{i}^{0.5} + 0.0028476 n E^{0.5} T_{i}^{0.5} - 0.012323 n E^{0.5} T_{i}^{0.5} F + 0.050556 n E^{0.5} T_{i}^{0.5} P^{-1} + 0.019466 n E^{0.5} T_{i}^{0.5} P + 0.16911 n E^{0.5} T_{i} - 0.055016 n E F - 0.0263 n E P^{-1} - 0.010129 n E P + 0.74374 n E T_{e}^{0.5} - 0.51146 n E T_{e}^{0.5} T_{i}^{0.5} - 0.1176 n E T_{i}^{0.5} + 0.032043 n E T_{i}",
  "coefficients": [
    0.08853771869870697,
    0.013331502800544778,
    -0.005113607160307802,
    0.0017585420655261558,
    0.05855338302728087,
    0.013883982213889604,
    -0.008407255517105795,
    -0.07114131917701594,
    -0.0013240954460809065,
    0.0022835922152255024,
    -0.04659082898114493,
    0.0834629979557105,
    -0.004215197466910805,
    -0.025215176265390892,
    0.0019291525366926425,
    -0.0053341160225006045,
    -0.01803616931927596,
    0.03402826388531649,
    0.021512047060023028,
    -0.006004669194075158,
    0.003653976833142107,
    -0.0007422218158898378,
    -0.005316548384638693,
    -0.051840532051366864,
    0.007646216350846719,
    -0.0017053642372102298,
    -0.003400664438450907,
    0.0011102134172431303,
    -0.007455618041793688,
    0.03392652106531361,
    0.006365435642938673,
    0.008624278503521921,
    0.01244464849173835,
    -0.0017371830696039725,
    -0.007129047709976703,
    -0.02804698739804289,
    -0.007122342954141422,
    0.015881778163474736,
    -0.06122732140576203,
    0.035571834966379556,
    0.010954426082766698,
    -0.005525917144881177,
    0.005102836735034701,
    -0.037580883095702185,
    0.02725636905911718,
    0.010812950530014931,
    0.02936956142564658,
    -0.0065495721153862735,
    0.015871622471758558,
    -0.005517748341215536,
    0.0035253609174631627,
    0.037961841862811284,
    -0.015429822221970922,
    -0.04829595742372232,
    -0.026769657866021028,
    -0.059701707684053536,
    -0.11331338351105964,
    0.002526105923025608,
    0.043331650056821554,
    0.15845461767731298,
    -0.06116781338176367,
    0.013372610347728521,
    0.001875820622098334,
    0.0072752890342019875,
    -0.0005231292276155694,
    -0.026980062978254712,
    0.0026367794202193243,
    -0.050368383708453875,
    -0.15936206603653452,
    0.047618746536671454,
    0.0017565495321658648,
    -0.012244314135540578,
    0.020190127296698383,
    0.11868071337792702,
    -0.0041555647092812766,
    -0.0016353103093605138,
    0.024738157028627045,
    -0.024104778008110048,
    0.0010008047456163517,
    -0.0125553155799902,
    -0.03140794957093161,
    -0.0061527173950587325,
    -0.04906699062464531,
    0.016656352137745845,
    0.2609834683517686,
    -0.20682607882869417,
    0.08898939469154556
  ],
  "val_sse_masked": 0.00013329916691873223,
  "val_nrmse_masked": 0.031426336616277695,
  "val_mse_masked": 4.4433058974391315e-06,
  "val_r2_masked": 0.9990120530128479,
  "val_sse_full": 0.00013329916691873223,
  "val_nrmse_full": 0.031426336616277695,
  "val_mse_full": 4.4433058974391315e-06,
  "val_r2_full": 0.9990120530128479,
  "iteration": 181,
  "p_lo_eff": 0.12967753410339355,
  "p_hi_eff": 1.9451630115509033,
  "f_lo_eff": 0.20659340918064117,
  "f_hi_eff": 1.6527472734451294
}