{
  "tag": "429_6c49423d",
  "lmb1": 5.483687826600852e-05,
  "lmb2": 0.02199229500999738,
  "nonzero_count": 68,
  "complexity_norm": 0.5483870967741935,
  "train_gen_window": 0.060167544414784675,
  "generalizability": 0.047179265022967855,
  "equation": "0.025573 E^{0.5} n P^{-0.5} + 0.00066712 F dT_{e} + 0.00027156 F dT_{i} - 0.0023817 F dn - 0.00346 P^{-1} F dT_{e} - 0.00014419 P^{-1} F dT_{i} - 0.0042679 P^{-1} F dn + 3.4305 \\cdot 10^{-5} P F dT_{i} + 0.002708 P dn + 0.00035433 T_{e}^{0.5} F dT_{e} - 0.0029506 T_{e}^{0.5} F dn - 0.0073787 T_{e}^{0.5} P^{-1} dn - 0.0020317 T_{e}^{0.5} T_{i}^{0.5} F dn - 7.6064 \\cdot 10^{-7} T_{e}^{0.5} T_{i}^{0.5} P^{-1} dT_{i} + 0.00013643 T_{e}^{0.5} T_{i}^{0.5} P^{-1} dn + 5.0314 \\cdot 10^{-5} T_{e}^{0.5} T_{i}^{0.5} P dT_{e} + 0.0033538 T_{e}^{0.5} T_{i}^{0.5} P dn - 0.0073144 T_{e}^{0.5} T_{i}^{0.5} dn - 4.8807 \\cdot 10^{-8} T_{e}^{0.5} T_{i} dT_{i} - 0.00076587 T_{e}^{0.5} T_{i} dn - 0.013246 T_{e}^{0.5} dn + 6.2725 \\cdot 10^{-5} T_{e} F dT_{i} - 0.00321 T_{e} F dn + 3.4633 \\cdot 10^{-5} T_{e} T_{i}^{0.5} dT_{e} - 2.666 \\cdot 10^{-8} T_{e} T_{i} dT_{i} - 0.00051564 T_{e} T_{i} dn + 0.00028296 T_{e} dT_{e} - 0.014794 T_{e} dn - 0.0017562 T_{i}^{0.5} F dn + 1.7778 \\cdot 10^{-5} T_{i}^{0.5} P^{-1} dT_{e} - 1.1077 \\cdot 10^{-6} T_{i}^{0.5} P^{-1} dT_{i} - 0.0045596 T_{i}^{0.5} P^{-1} dn + 0.0035304 T_{i}^{0.5} P dn + 0.00013162 T_{i}^{0.5} dT_{e} - 0.0061389 T_{i}^{0.5} dn - 2.1251 \\cdot 10^{-7} T_{i} F dT_{i} + 0.0015256 T_{i} P^{-1} dn + 3.7455 \\cdot 10^{-5} T_{i} P dT_{e} + 0.0044413 T_{i} P dn + 1.4552 \\cdot 10^{-5} T_{i} dT_{e} - 0.00048441 T_{i} dn + 0.00014273 dT_{e} - 0.019235 n^{-1} F dn + 0.0019052 n^{-1} P^{-1} dn + 0.00015882 n^{-1} T_{e}^{0.5} T_{i}^{0.5} dn + 0.0012005 n^{-1} T_{e}^{0.5} dn + 0.0005483 n^{-1} T_{e} dn + 0.00036852 n^{-1} T_{i}^{0.5} dn + 7.9928 \\cdot 10^{-6} n^{-1} T_{i} dn + 0.00198 n^{-1} dn + 0.00068679 n E^{0.5} + 0.004011 n E^{0.5} P^{-1} - 0.0031367 n E^{0.5} T_{e}^{0.5} P^{-1} + 0.004404 n E^{0.5} T_{e}^{0.5} T_{i}^{0.5} + 0.0034663 n E^{0.5} T_{e}^{0.5} T_{i} + 0.0022998 n E^{0.5} T_{e} + 0.00427 n E^{0.5} T_{e} T_{i}^{0.5} + 0.0035138 n E^{0.5} T_{i}^{0.5} - 0.004295 n E^{0.5} T_{i}^{0.5} F + 0.00035007 n E^{0.5} T_{i}^{0.5} P^{-1} - 0.010943 n E^{0.5} T_{i}^{0.5} P + 0.0034039 n E^{0.5} T_{i} + 0.0072477 n E P^{-1} - 0.0068483 n E P + 0.02111 n E T_{e}^{0.5} + 0.012938 n E T_{e}^{0.5} T_{i}^{0.5} + 0.012832 n E T_{i}^{0.5} + 0.0027713 n E T_{i}",
  "coefficients": [
    0.08853770629626662,
    0.004360530619935037,
    0.0029669791742941857,
    -0.009789484801420542,
    0.0015667082887350213,
    0.00015017600087069901,
    0.0018421810479780352,
    0.0007702578622158665,
    0.0009021853894407318,
    -0.005112154217396448,
    -2.2515194375404183e-05,
    0.0042727871375049815,
    0.0005329566242781882,
    -0.0004942132903930091,
    -9.550971003196073e-05,
    -5.0161560993619786e-05,
    -0.00014629006126905562,
    -0.0004219097124899635,
    -4.7115463270430236e-05,
    -1.571619237027595e-05,
    -1.6968635601259007e-05,
    -0.00015535810372541454,
    1.3646532861485667e-05,
    0.0014996860953677242,
    9.014351892857918e-05,
    -0.0001022120203175153,
    -6.82225740405665e-06,
    -0.0037472579325745436,
    0.0001844751372535601,
    0.00025121233513870255,
    0.00010114702779629971,
    0.0005043379763475248,
    5.7048228736255726e-05,
    4.7427193954693355e-05,
    0.00025084712476068286,
    1.3140385041087094e-05,
    0.0006637390998028962,
    -1.4298031334201263e-05,
    0.00014736023933761562,
    2.569882914527129e-05,
    0.00022160526197894016,
    7.821471689760101e-05,
    0.00041252452923706335,
    0.00016896622228149477,
    3.8365818932370596e-05,
    -0.005394606074191464,
    -0.002548037836208015,
    0.003133345330018296,
    -0.004888964331638591,
    -0.004866603811828055,
    -0.0021512974881087374,
    0.004610440708910516,
    0.0023793715162383875,
    -0.0004585337800581481,
    0.006645552762656053,
    -0.006651262999769007,
    -0.008733774417160374,
    -0.003050440560172779,
    0.000168351554608618,
    -0.0055927722084080705,
    -0.00241332644492252,
    0.00418357997191489,
    -0.0007091139860347668,
    3.268270483060817e-05,
    -0.009403403158330933,
    -0.003215681853088406,
    -0.0004731632580051745,
    0.003066647453248343,
    0.0003791033121617012,
    0.0003297316217487674,
    0.002167474806890236,
    -0.004267596718924917,
    -0.011349918899828802,
    0.002388802977691209,
    -0.002776289858084138,
    0.0026263758128838213,
    0.002369735752599118,
    0.0011826424708044113,
    0.0024761362448793827,
    0.0034599171821403235,
    4.0088646984848115e-06,
    -0.004160103281948814,
    0.005353944258530361,
    0.0014405456978453543,
    0.007407706189470502,
    0.005232139105239382,
    0.012555104925294432
  ],
  "val_sse_masked": 0.0008036952931433916,
  "val_nrmse_masked": 0.07716596126556396,
  "val_mse_masked": 2.6789844923769124e-05,
  "val_r2_masked": 0.9940434098243713,
  "val_sse_full": 0.0008059281390160322,
  "val_nrmse_full": 0.07727307826280594,
  "val_mse_full": 2.686427251319401e-05,
  "val_r2_full": 0.9940268993377686,
  "iteration": 429,
  "p_lo_eff": 0.12967753410339355,
  "p_hi_eff": 1.9451630115509033,
  "f_lo_eff": 0.20659340918064117,
  "f_hi_eff": 1.6527472734451294
}