{
  "tag": "167_fac96c8f",
  "lmb1": 5.73005755247338e-06,
  "lmb2": 0.00026859792981022505,
  "nonzero_count": 82,
  "complexity_norm": 0.6612903225806451,
  "train_gen_window": 0.024167600761809658,
  "generalizability": 0.031203663056930793,
  "equation": "0.085186 E^{0.5} n P^{-0.5} - 0.00098123 F dT_{e} + 0.0016604 F dT_{i} - 0.00067429 F dn - 0.0020792 P^{-1} F dT_{e} + 4.228 \\cdot 10^{-5} P^{-1} F dT_{i} + 0.00048697 P^{-1} F dn + 0.00047851 P^{-1} dT_{e} - 0.00018284 P F dT_{i} - 0.0037627 P dn - 0.012244 T_{e}^{0.5} F dT_{e} - 0.0035631 T_{e}^{0.5} F dn + 0.0012775 T_{e}^{0.5} P^{-1} dT_{e} - 0.034476 T_{e}^{0.5} P^{-1} dn + 0.0034437 T_{e}^{0.5} T_{i}^{0.5} F dT_{e} - 1.811 \\cdot 10^{-5} T_{e}^{0.5} T_{i}^{0.5} F dT_{i} - 0.01063 T_{e}^{0.5} T_{i}^{0.5} F dn - 8.1888 \\cdot 10^{-6} T_{e}^{0.5} T_{i}^{0.5} P^{-1} dT_{i} + 0.017532 T_{e}^{0.5} T_{i}^{0.5} P^{-1} dn + 0.000963 T_{e}^{0.5} T_{i}^{0.5} P dT_{e} + 1.8876 \\cdot 10^{-6} T_{e}^{0.5} T_{i}^{0.5} P dT_{i} + 0.0044394 T_{e}^{0.5} T_{i}^{0.5} P dn - 0.00044992 T_{e}^{0.5} T_{i}^{0.5} dn - 0.0002232 T_{e}^{0.5} T_{i} dT_{e} + 2.4829 \\cdot 10^{-7} T_{e}^{0.5} T_{i} dT_{i} + 0.0032465 T_{e}^{0.5} T_{i} dn - 0.01976 T_{e}^{0.5} dn - 9.9064 \\cdot 10^{-6} T_{e} F dT_{i} - 0.0077362 T_{e} F dn + 0.018953 T_{e} P^{-1} dn + 1.8041 \\cdot 10^{-5} T_{e} P dT_{i} - 0.00058519 T_{e} T_{i}^{0.5} dT_{e} - 0.00013985 T_{e} T_{i} dT_{e} + 5.9402 \\cdot 10^{-7} T_{e} T_{i} dT_{i} + 0.0037472 T_{e} T_{i} dn - 0.0029353 T_{e} dT_{e} - 0.00012957 T_{e} dT_{i} - 0.02922 T_{e} dn + 0.0020192 T_{i}^{0.5} F dT_{e} - 0.0060285 T_{i}^{0.5} F dn + 0.0017334 T_{i}^{0.5} P^{-1} dT_{e} - 1.2714 \\cdot 10^{-5} T_{i}^{0.5} P^{-1} dT_{i} - 0.020417 T_{i}^{0.5} P^{-1} dn + 0.0022936 T_{i}^{0.5} P dn - 0.00070188 T_{i}^{0.5} dT_{e} - 2.381 \\cdot 10^{-6} T_{i}^{0.5} dT_{i} + 0.00019446 T_{i} F dT_{e} + 1.944 \\cdot 10^{-7} T_{i} F dT_{i} + 2.4079 \\cdot 10^{-5} T_{i} P^{-1} dT_{e} + 0.0058191 T_{i} P^{-1} dn + 0.00022429 T_{i} P dT_{e} + 0.0097668 T_{i} P dn - 0.00020747 T_{i} dT_{e} + 0.004903 T_{i} dn + 0.00012212 dT_{e} - 0.0001602 dT_{i} - 0.015738 n^{-1} F dn + 0.0048121 n^{-1} P^{-1} dn - 0.00015455 n^{-1} T_{e}^{0.5} T_{i}^{0.5} dn - 9.728 \\cdot 10^{-5} n^{-1} T_{e}^{0.5} dn - 0.00016355 n^{-1} T_{e} dn + 5.7706 \\cdot 10^{-5} n^{-1} T_{i}^{0.5} dn - 0.00045427 n^{-1} T_{i} dn + 0.00030142 n^{-1} dn - 0.063742 n E^{0.5} + 0.0052882 n E^{0.5} P^{-1} - 0.023386 n E^{0.5} T_{e}^{0.5} P^{-1} + 0.0031606 n E^{0.5} T_{e}^{0.5} T_{i}^{0.5} + 0.024542 n E^{0.5} T_{e}^{0.5} T_{i} - 0.01051 n E^{0.5} T_{e} + 0.015547 n E^{0.5} T_{e} T_{i}^{0.5} - 0.022235 n E^{0.5} T_{i}^{0.5} F + 0.0074192 n E^{0.5} T_{i}^{0.5} P^{-1} - 0.00014005 n E^{0.5} T_{i}^{0.5} P + 0.016283 n E^{0.5} T_{i} - 0.010187 n E F + 0.016566 n E P^{-1} - 0.0036504 n E P + 0.049246 n E T_{e}^{0.5} + 0.0010842 n E T_{e}^{0.5} T_{i}^{0.5} + 0.00080684 n E T_{i}^{0.5} - 0.011909 n E T_{i}",
  "coefficients": [
    0.08853770817225409,
    0.01101350863577938,
    0.0004516638982986908,
    -0.008009794889078542,
    0.0002453299697444069,
    -0.008535171294234149,
    -0.00014927657045624165,
    -0.0007495576214580724,
    -0.0002691119442181777,
    0.0014990175195762428,
    -0.009621596074733814,
    0.02612510310485624,
    -0.0028406089418499987,
    -0.00567277361619341,
    -0.0009060825891411279,
    4.269783410065114e-06,
    0.00013382584261945437,
    -0.004542136440058246,
    4.967663606735793e-05,
    -0.0021804640070125537,
    0.0009247020059517882,
    0.0007903504087875242,
    -0.011316190448335825,
    -0.0002368526921017269,
    0.001707377811939119,
    0.002277433986153903,
    0.0008532476339049406,
    -0.0022518033097604436,
    0.0001578387824125064,
    -0.00036949559716703377,
    0.00986189574888811,
    -0.0026895015948674335,
    0.0024138088043519808,
    0.0005828213968575959,
    -0.0035764928458832954,
    0.0010006825778553503,
    0.003974628053107012,
    0.00261523487325071,
    -0.005092086429500621,
    0.004683048943798939,
    0.004241504110846927,
    -0.004482550907437415,
    -0.004279250856439228,
    -0.0028550448443284957,
    -0.003304050604630983,
    0.0006155334264026598,
    -0.000721383222846147,
    -0.0043536561313782226,
    -0.02189148471200921,
    1.012982872621482e-05,
    -0.007384844497057526,
    0.0029953157383764348,
    0.00907580753026966,
    0.004641133496821551,
    0.014614108012189394,
    -0.03107706113000662,
    -0.013029134729658587,
    -0.0036837120767528935,
    0.021634003328415908,
    -0.0003440213874712975,
    -0.012627003433175677,
    0.005537675514779715,
    0.00300586107302793,
    0.019790729621010954,
    -0.01857296883737819,
    -0.007749794448459066,
    0.0034385137211148027,
    0.004043172299987615,
    -0.03518481576836945,
    0.006988227724460867,
    2.2087560024378766e-05,
    -0.02209312343436551,
    -0.00014525783462433393,
    0.011427426131878278,
    -0.020699230668574004,
    0.001884871666246861,
    0.01677851180332038,
    -0.005404456290758034,
    0.00901529860256914,
    0.007908409418995682,
    -0.005815832325611176,
    -0.002217465702926574,
    0.0003366394263264953,
    -0.00619065601312118,
    0.017280934626268923,
    0.0004384429112191234,
    0.041821912353394074
  ],
  "val_sse_masked": 0.0003008460917044431,
  "val_nrmse_masked": 0.047211986035108566,
  "val_mse_masked": 1.0028204087575432e-05,
  "val_r2_masked": 0.9977703094482422,
  "val_sse_full": 0.0003007659106515348,
  "val_nrmse_full": 0.047205690294504166,
  "val_mse_full": 1.0025531082646921e-05,
  "val_r2_full": 0.9977709054946899,
  "iteration": 167,
  "p_lo_eff": 0.12967753410339355,
  "p_hi_eff": 1.9451630115509033,
  "f_lo_eff": 0.20659340918064117,
  "f_hi_eff": 1.6527472734451294
}