{
  "tag": "372_ef78a01a",
  "lmb1": 0.0003676393884075637,
  "lmb2": 4.650757455071764e-08,
  "nonzero_count": 24,
  "complexity_norm": 0.1935483870967742,
  "train_gen_window": 0.05172486848319239,
  "generalizability": 0.0495433633520949,
  "equation": "0.053266 E^{0.5} n P^{-0.5} + 1.0617 \\cdot 10^{-5} F dT_{i} - 0.0038777 P^{-1} F dT_{e} - 5.9748 \\cdot 10^{-5} P^{-1} F dT_{i} - 0.0031875 P^{-1} F dn + 0.0006502 P dn + 0.00010566 T_{e}^{0.5} T_{i}^{0.5} P dn - 0.00030244 T_{e}^{0.5} T_{i}^{0.5} dn + 3.1853 \\cdot 10^{-5} T_{e} T_{i}^{0.5} dT_{e} - 0.072092 T_{e} dn - 0.0088609 T_{i}^{0.5} P^{-1} dn + 0.0014077 T_{i}^{0.5} P dn + 2.7888 \\cdot 10^{-5} T_{i}^{0.5} dT_{e} + 0.0071505 T_{i} P dn - 0.0033051 n^{-1} F dn + 0.00104 n^{-1} P^{-1} dn + 0.00010539 n^{-1} dn - 0.0023249 n E^{0.5} T_{e}^{0.5} P^{-1} + 0.0011246 n E^{0.5} T_{e}^{0.5} T_{i} - 0.020874 n E^{0.5} T_{i}^{0.5} P + 0.00086151 n E^{0.5} T_{i} + 0.053358 n E T_{e}^{0.5} T_{i}^{0.5} + 0.00047375 n E T_{i}^{0.5} + 0.00020216 n E T_{i}",
  "coefficients": [
    0.08853770247974108,
    0.002380168055068658,
    0.0001579237417931156,
    -0.0016821168265270946,
    7.192329674277098e-07,
    -4.762689403630219e-06,
    9.131709381607527e-06,
    -2.6207196247749295e-06,
    1.901375559225798e-06,
    -0.0021183738201402294,
    5.26725241056645e-06,
    0.00016704546138125227,
    1.1276753064188555e-05,
    -1.971225228336445e-06,
    1.9728495423294894e-06,
    3.818841249442456e-06,
    -7.650005387843681e-07,
    -1.8095573806811326e-06,
    2.2345603722656943e-06,
    1.6157221808683316e-06,
    4.455652859355944e-06,
    1.871771237860794e-07,
    7.5300537393559285e-06,
    1.6755846922664067e-05,
    8.359446997455755e-06,
    2.4993543252854996e-07,
    3.32649277426496e-06,
    -0.004199654321939482,
    1.3206148166600015e-05,
    2.3550193321165374e-05,
    2.385642114674804e-05,
    0.00010686437918642583,
    5.0162534275356777e-05,
    6.545391674430181e-05,
    4.145852181212165e-05,
    5.4373721522845034e-05,
    1.0594160958215994e-05,
    2.4609437620637525e-06,
    2.167638874469518e-05,
    4.1432412519032665e-05,
    1.499210601970365e-05,
    3.464547910562888e-05,
    6.39662912383096e-05,
    0.00015540626567319996,
    2.8622646095741e-05,
    -0.00402904465646999,
    -5.923290409177537e-06,
    0.0007523168818395238,
    -0.009501009560031515,
    -3.713561964447177e-05,
    -1.6025942522351724e-05,
    0.0018383045150328903,
    -9.420178448569589e-08,
    -3.532643118777835e-05,
    0.010699379537957368,
    -1.111696367000828e-05,
    -5.342802748821106e-05,
    -7.892433238416367e-06,
    -1.6220406089685583e-06,
    -0.0002312513663842653,
    -2.085650218555518e-05,
    0.00013180579319993965,
    -7.67364048552768e-05,
    1.1452942761763487e-07,
    -0.04582318209638292,
    -9.26622003238968e-06,
    -9.590303239304877e-05,
    -2.139026356515604e-06,
    5.041518128369239e-07,
    1.044451422822143e-06,
    1.4029351794002655e-05,
    -5.395175398051326e-06,
    -0.021650373195019185,
    0.0006045993533003876,
    -0.0020578063878149413,
    1.688186538365511e-05,
    0.0007688443751531111,
    8.736889745990986e-07,
    1.4808232180779288e-05,
    1.5636875559162313e-05,
    4.2552478920350773e-07,
    -7.72729651278586e-05,
    0.00019766385043051916,
    0.00010508492955542327,
    5.874676090054139e-05,
    0.021577399999836874,
    0.026150910428918706
  ],
  "val_sse_masked": 0.0007793991826474667,
  "val_nrmse_masked": 0.07599062472581863,
  "val_mse_masked": 2.5979974452639e-05,
  "val_r2_masked": 0.9942234754562378,
  "val_sse_full": 0.0007645547157153487,
  "val_nrmse_full": 0.07526349276304245,
  "val_mse_full": 2.5485158403171226e-05,
  "val_r2_full": 0.9943335056304932,
  "iteration": 372,
  "p_lo_eff": 0.12967753410339355,
  "p_hi_eff": 1.9451630115509033,
  "f_lo_eff": 0.20659340918064117,
  "f_hi_eff": 1.6527472734451294
}