{
  "tag": "3_a468de65",
  "lmb1": 4.0612246771745913e-07,
  "lmb2": 0.007443616668437036,
  "nonzero_count": 82,
  "complexity_norm": 0.6612903225806451,
  "train_gen_window": 0.04635929096785913,
  "generalizability": 0.03512458972541927,
  "equation": "0.034776 E^{0.5} n P^{-0.5} - 0.00053498 F dT_{e} + 0.00053021 F dT_{i} - 0.0030009 F dn - 0.0033095 P^{-1} F dT_{e} - 0.00013905 P^{-1} F dT_{i} - 0.0045237 P^{-1} F dn + 0.00011963 P^{-1} dT_{e} - 2.0982 \\cdot 10^{-5} P F dT_{i} + 0.0010934 P dn - 0.0040783 T_{e}^{0.5} F dn + 0.00032766 T_{e}^{0.5} P^{-1} dT_{e} - 0.011378 T_{e}^{0.5} P^{-1} dn + 0.00039245 T_{e}^{0.5} T_{i}^{0.5} F dT_{e} - 0.0031874 T_{e}^{0.5} T_{i}^{0.5} F dn - 3.812 \\cdot 10^{-6} T_{e}^{0.5} T_{i}^{0.5} P^{-1} dT_{i} + 0.0026025 T_{e}^{0.5} T_{i}^{0.5} P^{-1} dn + 0.00023509 T_{e}^{0.5} T_{i}^{0.5} P dT_{e} + 1.2976 \\cdot 10^{-6} T_{e}^{0.5} T_{i}^{0.5} P dT_{i} + 0.0035564 T_{e}^{0.5} T_{i}^{0.5} P dn - 1.1275 \\cdot 10^{-6} T_{e}^{0.5} T_{i}^{0.5} dT_{i} - 0.0067798 T_{e}^{0.5} T_{i}^{0.5} dn - 4.7915 \\cdot 10^{-5} T_{e}^{0.5} T_{i} dT_{e} + 0.0015979 T_{e}^{0.5} T_{i} dn - 0.015212 T_{e}^{0.5} dn + 0.00015039 T_{e} F dT_{i} - 0.0046988 T_{e} F dn + 0.003313 T_{e} P^{-1} dn + 1.2608 \\cdot 10^{-5} T_{e} P dT_{i} - 0.00010236 T_{e} T_{i}^{0.5} dT_{e} - 8.3555 \\cdot 10^{-5} T_{e} T_{i} dT_{e} + 1.3539 \\cdot 10^{-7} T_{e} T_{i} dT_{i} + 0.0013376 T_{e} T_{i} dn - 0.00037966 T_{e} dT_{e} - 1.7218 \\cdot 10^{-5} T_{e} dT_{i} - 0.018072 T_{e} dn + 0.00045428 T_{i}^{0.5} F dT_{e} - 0.0024965 T_{i}^{0.5} F dn + 0.00043807 T_{i}^{0.5} P^{-1} dT_{e} - 5.0171 \\cdot 10^{-6} T_{i}^{0.5} P^{-1} dT_{i} - 0.0079298 T_{i}^{0.5} P^{-1} dn + 0.0036433 T_{i}^{0.5} P dn + 0.00026075 T_{i}^{0.5} dT_{e} - 2.4782 \\cdot 10^{-6} T_{i}^{0.5} dT_{i} - 0.004596 T_{i}^{0.5} dn - 5.5787 \\cdot 10^{-5} T_{i} F dT_{e} + 4.5498 \\cdot 10^{-7} T_{i} F dT_{i} + 3.1098 \\cdot 10^{-5} T_{i} P^{-1} dT_{e} + 0.003327 T_{i} P^{-1} dn + 0.00012992 T_{i} P dT_{e} + 0.0057621 T_{i} P dn + 6.7927 \\cdot 10^{-6} T_{i} dT_{e} + 0.0027238 T_{i} dn - 0.0002922 dT_{e} - 3.2019 \\cdot 10^{-5} dT_{i} - 0.024889 n^{-1} F dn + 0.0024627 n^{-1} P^{-1} dn + 0.00016458 n^{-1} T_{e}^{0.5} T_{i}^{0.5} dn + 0.0017077 n^{-1} T_{e}^{0.5} dn + 0.0015771 n^{-1} T_{e} dn + 0.00019249 n^{-1} T_{i}^{0.5} dn - 9.6008 \\cdot 10^{-5} n^{-1} T_{i} dn + 0.0017233 n^{-1} dn - 0.0036247 n E^{0.5} + 0.0061262 n E^{0.5} P^{-1} - 0.009816 n E^{0.5} T_{e}^{0.5} P^{-1} + 0.0051125 n E^{0.5} T_{e}^{0.5} T_{i}^{0.5} + 0.0050313 n E^{0.5} T_{e}^{0.5} T_{i} + 0.0011875 n E^{0.5} T_{e} + 0.0059686 n E^{0.5} T_{e} T_{i}^{0.5} + 0.0028021 n E^{0.5} T_{i}^{0.5} - 0.010541 n E^{0.5} T_{i}^{0.5} F + 0.0015064 n E^{0.5} T_{i}^{0.5} P^{-1} - 0.011806 n E^{0.5} T_{i}^{0.5} P + 0.0039921 n E^{0.5} T_{i} - 0.0045686 n E F + 0.0098069 n E P^{-1} - 0.0051325 n E P + 0.026994 n E T_{e}^{0.5} + 0.015197 n E T_{e}^{0.5} T_{i}^{0.5} + 0.014085 n E T_{i}^{0.5} + 0.0019061 n E T_{i}",
  "coefficients": [
    0.08853770649378861,
    0.005636466331718579,
    0.0025823212100991658,
    -0.012667295081845734,
    0.0008183337388074016,
    -0.0018038779967277617,
    0.0026204000806086813,
    0.0007982176043445505,
    0.002594941098276869,
    -0.004929957444877557,
    -0.001923043548515975,
    0.008342422091099158,
    -0.0003259668161468138,
    -0.002238528607630387,
    -0.0009430489187701452,
    -8.479904434585683e-05,
    0.00031320793984589146,
    -0.0021144318239793777,
    -0.0005151431558726507,
    -2.2254031786732298e-05,
    0.0006356443473467532,
    4.384079600008861e-05,
    -0.0015037557084672873,
    0.0035956813413428636,
    0.001193245330715336,
    0.0005190560468779082,
    0.00021332340488506435,
    -0.0035842851245653715,
    -0.00037767017896208135,
    -0.00020145449883847422,
    0.002492306060896364,
    0.0009991512082998047,
    0.0005430744711782676,
    0.0007527303229846322,
    0.0001170961781183158,
    -0.0002870785976625337,
    0.0023023448650853484,
    0.0006707767192405262,
    -5.224153727480252e-06,
    0.0005336829740976989,
    0.0010354357367592035,
    -0.0009623084305972057,
    -0.000553497794703206,
    -0.0004993713125358706,
    -0.0019740607140788305,
    -0.005717987603416599,
    -0.0032104786685806033,
    0.0012650879678073462,
    -0.008502605145890824,
    -0.003643478584860152,
    -0.003058188225110052,
    0.0047578964132088675,
    0.005188938456471469,
    0.0025782881379025555,
    0.008621913315390271,
    -0.010256571419796613,
    -0.010030293136850887,
    -0.0042163097594584975,
    0.0032113984312078514,
    -0.005184026614325661,
    -0.0037859824903219014,
    0.004436279291796755,
    0.0014794432810604566,
    0.003459359927708086,
    -0.011486817198305667,
    -0.004707044200523779,
    0.0012273921734581653,
    0.004683903009559523,
    -0.0020008113592645815,
    0.0014188496127881117,
    0.0017284521488827934,
    -0.01047363343205926,
    -0.012244752745361812,
    0.002801630314709244,
    -0.008688210591281581,
    0.003048932456759544,
    0.003439669502952214,
    0.0006106577769383337,
    0.0034611389535195852,
    0.004681635714302308,
    -0.0026081641799372973,
    -0.003117804752991192,
    0.005876764683370679,
    0.000990806429057807,
    0.009472504893956478,
    0.006145559708814131,
    0.017073360797859774
  ],
  "val_sse_masked": 0.0005982796428725123,
  "val_nrmse_masked": 0.0665782168507576,
  "val_mse_masked": 1.994265585381072e-05,
  "val_r2_masked": 0.9955658912658691,
  "val_sse_full": 0.000598487036768347,
  "val_nrmse_full": 0.06658975780010223,
  "val_mse_full": 1.9949569832533598e-05,
  "val_r2_full": 0.995564341545105,
  "iteration": 3,
  "p_lo_eff": 0.12967753410339355,
  "p_hi_eff": 1.9451630115509033,
  "f_lo_eff": 0.20659340918064117,
  "f_hi_eff": 1.6527472734451294
}