{
  "tag": "211_166555f1",
  "lmb1": 0.009009333974281834,
  "lmb2": 0.00031820268831252315,
  "nonzero_count": 5,
  "complexity_norm": 0.04032258064516129,
  "train_gen_window": 0.14785513088106514,
  "generalizability": 0.1580592331580568,
  "equation": "0.05756 E^{0.5} n P^{-0.5} - 0.014892 P^{-1} F dn - 0.038125 T_{e}^{0.5} T_{i}^{0.5} dn - 0.0003462 T_{i}^{0.5} P^{-1} dn + 0.00026412 n E T_{e}^{0.5} T_{i}^{0.5}",
  "coefficients": [
    0.0885377058538867,
    2.047885363810318e-07,
    1.4632853618552954e-07,
    -1.0411626270142145e-07,
    1.6783877675709002e-07,
    1.0773135150457904e-07,
    1.498462657095698e-07,
    1.5611671701663128e-07,
    1.53415758233222e-07,
    -8.893460533324578e-08,
    -4.2781265009011424e-08,
    4.611839692092291e-09,
    -1.6066874898000323e-08,
    -3.314138619827264e-08,
    -3.1687551379773414e-08,
    -3.744116798719561e-08,
    -2.0564215668367133e-08,
    -3.510319837767703e-08,
    -3.220673921165826e-08,
    -2.4273696785985144e-08,
    -3.748786612916039e-08,
    -2.4151981039740854e-08,
    -4.4763363638710496e-08,
    -2.1253023848764854e-08,
    -5.3758982901811375e-08,
    -2.4628709667154415e-08,
    -3.3519419341920914e-07,
    -3.399868631342804e-07,
    -1.632427009283061e-07,
    -1.354871738980997e-07,
    -1.7931610646137234e-07,
    -1.2079817664216328e-07,
    -1.2654474714212843e-07,
    -8.594991968008616e-08,
    -5.750309941334461e-08,
    -7.372629572744761e-08,
    -4.3809521138830714e-08,
    -3.678997275117316e-07,
    -1.513202676732864e-07,
    -1.28537881698447e-07,
    -9.277051374735836e-08,
    -5.257915736816647e-08,
    -1.6409943312967175e-07,
    -1.0601646038877795e-07,
    -4.8154708296713785e-08,
    -0.018824047305687996,
    -4.2635971422792157e-07,
    -1.5061401887980138e-08,
    -0.0003712083325559024,
    -2.4661547361720916e-06,
    -1.0973767037209501e-06,
    -2.931352450759266e-08,
    -2.6686973809805053e-07,
    -1.5685536064413977e-06,
    -3.4715313208264385e-08,
    -1.873640718761275e-06,
    -1.2918557289899217e-06,
    -5.316869260137167e-07,
    -3.9003869667341316e-07,
    -0.029151355801019876,
    -1.8020799378054894e-06,
    -3.6663981584305245e-08,
    -1.779118036381265e-06,
    -2.98793870843513e-07,
    -3.189489173747296e-06,
    -6.649020442433316e-07,
    -1.2966044836384937e-06,
    2.8800871172923007e-07,
    1.7112448474340267e-07,
    4.298641298528042e-07,
    3.848247245177675e-07,
    2.0693106896599176e-07,
    -1.3241891693798767e-08,
    1.608099266894711e-06,
    1.4710479288307452e-07,
    4.887200347013703e-07,
    3.8440352326531326e-06,
    2.2684912214101263e-07,
    6.029112897909539e-07,
    1.6767525537355377e-06,
    3.110943182152253e-07,
    1.6989191137422862e-08,
    3.6839060164516687e-06,
    1.831513880225467e-06,
    8.856601387903045e-07,
    0.00010680456734637331,
    0.02825892527791201
  ],
  "val_sse_masked": 0.0058576688170433044,
  "val_nrmse_masked": 0.20832550525665283,
  "val_mse_masked": 0.0001952556340256706,
  "val_r2_masked": 0.9565860033035278,
  "val_sse_full": 0.0058450642973184586,
  "val_nrmse_full": 0.2081012725830078,
  "val_mse_full": 0.00019483549112919718,
  "val_r2_full": 0.9566794037818909,
  "iteration": 211,
  "p_lo_eff": 0.12967753410339355,
  "p_hi_eff": 1.9451630115509033,
  "f_lo_eff": 0.20659340918064117,
  "f_hi_eff": 1.6527472734451294
}