{
  "tag": "261_d08ac1c6",
  "lmb1": 2.012109527138047e-05,
  "lmb2": 1.0939088138861215e-05,
  "nonzero_count": 62,
  "complexity_norm": 0.5,
  "train_gen_window": 0.02128675336567161,
  "generalizability": 0.02815630074915969,
  "equation": "0.10946 E^{0.5} n P^{-0.5} + 0.0009737 F dT_{i} - 0.0002565 F dn - 0.001444 P^{-1} F dT_{e} + 6.0803 \\cdot 10^{-5} P^{-1} F dT_{i} - 0.00033977 P dn - 0.00059552 T_{e}^{0.5} F dT_{e} - 0.00055648 T_{e}^{0.5} F dn - 0.050121 T_{e}^{0.5} P^{-1} dn + 0.00017496 T_{e}^{0.5} T_{i}^{0.5} F dT_{e} - 1.5218 \\cdot 10^{-6} T_{e}^{0.5} T_{i}^{0.5} F dT_{i} - 0.01532 T_{e}^{0.5} T_{i}^{0.5} F dn - 4.7807 \\cdot 10^{-6} T_{e}^{0.5} T_{i}^{0.5} P^{-1} dT_{i} + 0.015529 T_{e}^{0.5} T_{i}^{0.5} P^{-1} dn + 8.9957 \\cdot 10^{-5} T_{e}^{0.5} T_{i}^{0.5} P dT_{e} + 1.2936 \\cdot 10^{-6} T_{e}^{0.5} T_{i}^{0.5} P dT_{i} + 0.00014035 T_{e}^{0.5} T_{i}^{0.5} P dn - 9.8947 \\cdot 10^{-6} T_{e}^{0.5} T_{i} dT_{e} + 0.00065853 T_{e}^{0.5} T_{i} dn - 0.0020859 T_{e}^{0.5} dn - 0.0013662 T_{e} F dn + 0.022218 T_{e} P^{-1} dn + 4.6211 \\cdot 10^{-6} T_{e} P dT_{i} - 3.2216 \\cdot 10^{-5} T_{e} T_{i}^{0.5} dT_{e} - 0.00019369 T_{e} T_{i} dT_{e} + 3.1173 \\cdot 10^{-8} T_{e} T_{i} dT_{i} + 0.0056005 T_{e} T_{i} dn - 0.0026483 T_{e} dT_{e} - 0.00014683 T_{e} dT_{i} - 0.05875 T_{e} dn + 0.00067869 T_{i}^{0.5} F dT_{e} - 0.00070776 T_{i}^{0.5} F dn + 0.0013891 T_{i}^{0.5} P^{-1} dT_{e} - 5.9521 \\cdot 10^{-6} T_{i}^{0.5} P^{-1} dT_{i} - 0.0028002 T_{i}^{0.5} P^{-1} dn + 7.7407 \\cdot 10^{-7} T_{i}^{0.5} P dT_{i} + 2.6884 \\cdot 10^{-5} T_{i} F dT_{e} + 0.00081489 T_{i} P^{-1} dn + 0.00015995 T_{i} P dT_{e} + 0.012685 T_{i} P dn + 0.00062042 T_{i} dn - 0.00015042 dT_{e} - 1.9294 \\cdot 10^{-5} dT_{i} - 0.0078589 n^{-1} F dn + 0.0037039 n^{-1} P^{-1} dn - 5.6426 \\cdot 10^{-5} n^{-1} T_{e}^{0.5} T_{i}^{0.5} dn - 0.00042442 n^{-1} T_{i}^{0.5} dn - 0.0002206 n^{-1} T_{i} dn - 8.9164 \\cdot 10^{-5} n^{-1} dn - 0.076881 n E^{0.5} - 0.02422 n E^{0.5} T_{e}^{0.5} P^{-1} + 0.00037517 n E^{0.5} T_{e}^{0.5} T_{i}^{0.5} + 0.045251 n E^{0.5} T_{e}^{0.5} T_{i} + 0.0011672 n E^{0.5} T_{e} T_{i}^{0.5} - 0.020946 n E^{0.5} T_{i}^{0.5} F + 0.00089547 n E^{0.5} T_{i}^{0.5} P^{-1} + 0.00025599 n E^{0.5} T_{i}^{0.5} P + 0.0018287 n E^{0.5} T_{i} - 0.00025395 n E F + 0.023657 n E P^{-1} + 0.027277 n E T_{e}^{0.5} - 0.0098842 n E T_{i}",
  "coefficients": [
    0.08853770900470825,
    0.00847718569994751,
    -0.0001336097257035806,
    -0.003999729212171493,
    -0.0018043610770449455,
    -0.004144902581384348,
    -6.0749711709024394e-05,
    -0.00027366046606363084,
    3.641051146506199e-05,
    0.002155749393142106,
    -0.0011587823189384016,
    0.0153202693604136,
    -3.333876340717474e-05,
    -0.002655724379366247,
    -3.533253404757913e-05,
    0.00032662021167223694,
    -1.980041331883946e-05,
    -0.0026517467165580164,
    -2.1143439954453603e-05,
    -0.00018321911498295988,
    0.0006337194084215449,
    8.312647000761791e-05,
    -0.012823458471486006,
    -3.02200425887499e-05,
    0.00043734638517612957,
    0.00011951307697967211,
    7.364620374816837e-05,
    -0.0015639338672837548,
    -0.00019441155382061032,
    -8.030204303753292e-05,
    0.007903072488987249,
    7.233278679220414e-05,
    0.0008113450045815879,
    6.848530666359745e-05,
    -5.7539097696008746e-05,
    0.00013834500433825675,
    0.0028345263954158376,
    4.346469166291153e-05,
    -0.00024766836148339404,
    0.00023792172255109105,
    0.0003962124548097628,
    -0.0001987200623184218,
    -0.0038609569170313346,
    -0.00015717529974607888,
    -0.004576146456781399,
    -3.269517831048683e-05,
    -0.0002744132924057968,
    -0.00039313826097177405,
    -0.0030024887458849694,
    1.433943271122201e-05,
    -0.0008669967793456043,
    9.784454718938989e-05,
    0.0012709435915003197,
    0.0005872808366411875,
    0.01898074808976757,
    -0.0451796415884017,
    -0.0013753881573620522,
    -0.0005753162711906192,
    0.019161944625879043,
    -2.6164450396338242e-06,
    -0.018197693892403496,
    0.0001750744966502169,
    0.0006097227971251881,
    0.023200082846910025,
    -0.03734228746741181,
    -0.0013685554039178742,
    0.005139172558940765,
    -1.9460247381538086e-05,
    -0.04243772115298561,
    0.000843454331813328,
    8.275804147526767e-05,
    -0.020812507063139585,
    0.0002655085272658785,
    0.001283369355470302,
    -0.021437181242505994,
    0.0002237376676542368,
    0.030936477826782157,
    -8.851189238729105e-05,
    0.0006768237166351446,
    0.01129346178456101,
    -0.0001449741515868735,
    -5.080061375219963e-05,
    3.0498989084788713e-05,
    -0.005137949954684744,
    0.009571562487504655,
    2.6198840639094463e-05,
    0.05373779463362925
  ],
  "val_sse_masked": 0.0002878647646866739,
  "val_nrmse_masked": 0.046182166785001755,
  "val_mse_masked": 9.595492883818224e-06,
  "val_r2_masked": 0.9978665113449097,
  "val_sse_full": 0.00029073288897052407,
  "val_nrmse_full": 0.0464116670191288,
  "val_mse_full": 9.69109714787919e-06,
  "val_r2_full": 0.9978452324867249,
  "iteration": 261,
  "p_lo_eff": 0.12967753410339355,
  "p_hi_eff": 1.9451630115509033,
  "f_lo_eff": 0.20659340918064117,
  "f_hi_eff": 1.6527472734451294
}