{
  "tag": "65_31fff6af",
  "lmb1": 6.032416976239615e-07,
  "lmb2": 0.00021632880773969518,
  "nonzero_count": 85,
  "complexity_norm": 0.6854838709677419,
  "train_gen_window": 0.025881822939958242,
  "generalizability": 0.031572625050028315,
  "equation": "0.08598 E^{0.5} n P^{-0.5} + 0.0046572 F dT_{e} + 0.0021227 F dT_{i} + 0.00068299 F dn - 0.0031593 P^{-1} F dT_{e} + 7.4633 \\cdot 10^{-5} P^{-1} F dT_{i} + 0.0020518 P^{-1} F dn + 0.0025744 P^{-1} dT_{e} - 0.00035731 P F dT_{i} - 0.007843 P dn - 0.033695 T_{e}^{0.5} F dT_{e} - 0.0050997 T_{e}^{0.5} F dn + 0.0025521 T_{e}^{0.5} P^{-1} dT_{e} - 0.037272 T_{e}^{0.5} P^{-1} dn + 0.0067916 T_{e}^{0.5} T_{i}^{0.5} F dT_{e} - 3.9953 \\cdot 10^{-5} T_{e}^{0.5} T_{i}^{0.5} F dT_{i} - 0.011314 T_{e}^{0.5} T_{i}^{0.5} F dn - 6.2077 \\cdot 10^{-6} T_{e}^{0.5} T_{i}^{0.5} P^{-1} dT_{i} + 0.020386 T_{e}^{0.5} T_{i}^{0.5} P^{-1} dn + 0.0019282 T_{e}^{0.5} T_{i}^{0.5} P dT_{e} + 8.223 \\cdot 10^{-6} T_{e}^{0.5} T_{i}^{0.5} P dT_{i} + 0.0094767 T_{e}^{0.5} T_{i}^{0.5} P dn + 0.0010096 T_{e}^{0.5} T_{i}^{0.5} dn - 0.00026037 T_{e}^{0.5} T_{i} dT_{e} - 1.0523 \\cdot 10^{-7} T_{e}^{0.5} T_{i} dT_{i} + 0.0042731 T_{e}^{0.5} T_{i} dn - 0.022969 T_{e}^{0.5} dn - 0.00010446 T_{e} F dT_{i} - 0.0094681 T_{e} F dn + 0.019819 T_{e} P^{-1} dn + 1.6099 \\cdot 10^{-5} T_{e} P dT_{i} - 0.00065119 T_{e} T_{i}^{0.5} dT_{e} - 4.166 \\cdot 10^{-5} T_{e} T_{i} dT_{e} + 1.0187 \\cdot 10^{-6} T_{e} T_{i} dT_{i} + 0.0097689 T_{e} T_{i} dn - 0.0051292 T_{e} dT_{e} - 0.00015587 T_{e} dT_{i} - 0.02812 T_{e} dn + 0.0059014 T_{i}^{0.5} F dT_{e} - 0.0073905 T_{i}^{0.5} F dn + 0.0017187 T_{i}^{0.5} P^{-1} dT_{e} - 1.227 \\cdot 10^{-5} T_{i}^{0.5} P^{-1} dT_{i} - 0.021622 T_{i}^{0.5} P^{-1} dn - 1.6023 \\cdot 10^{-6} T_{i}^{0.5} P dT_{i} + 0.0052153 T_{i}^{0.5} P dn - 0.0025702 T_{i}^{0.5} dT_{e} - 1.0049 \\cdot 10^{-5} T_{i}^{0.5} dT_{i} + 0.00041107 T_{i}^{0.5} dn + 0.0005943 T_{i} F dT_{e} - 8.0835 \\cdot 10^{-7} T_{i} F dT_{i} - 6.0541 \\cdot 10^{-5} T_{i} P^{-1} dT_{e} + 0.0052381 T_{i} P^{-1} dn + 0.00019486 T_{i} P dT_{e} + 0.0066428 T_{i} P dn - 0.00052613 T_{i} dT_{e} + 0.0013489 T_{i} dn + 0.0020886 dT_{e} - 0.00019453 dT_{i} - 0.016016 n^{-1} F dn + 0.0061323 n^{-1} P^{-1} dn - 0.00085958 n^{-1} T_{e}^{0.5} T_{i}^{0.5} dn - 0.0021652 n^{-1} T_{e}^{0.5} dn - 0.001762 n^{-1} T_{e} dn + 0.0013337 n^{-1} T_{i}^{0.5} dn - 0.0006698 n^{-1} T_{i} dn + 0.0016152 n^{-1} dn - 0.072623 n E^{0.5} + 0.008069 n E^{0.5} P^{-1} - 0.026025 n E^{0.5} T_{e}^{0.5} P^{-1} + 0.0087792 n E^{0.5} T_{e}^{0.5} T_{i}^{0.5} + 0.027361 n E^{0.5} T_{e}^{0.5} T_{i} - 0.022384 n E^{0.5} T_{e} + 0.02257 n E^{0.5} T_{e} T_{i}^{0.5} - 0.0054882 n E^{0.5} T_{i}^{0.5} - 0.022673 n E^{0.5} T_{i}^{0.5} F + 0.010454 n E^{0.5} T_{i}^{0.5} P^{-1} + 0.0022792 n E^{0.5} T_{i}^{0.5} P + 0.022161 n E^{0.5} T_{i} - 0.013643 n E F + 0.013663 n E P^{-1} - 0.0046305 n E P + 0.068264 n E T_{e}^{0.5} - 0.0068868 n E T_{e}^{0.5} T_{i}^{0.5} - 0.0010602 n E T_{i}^{0.5} - 0.017202 n E T_{i}",
  "coefficients": [
    0.08853770839565911,
    0.01403506429901364,
    0.0024202715279945178,
    -0.008151324353976176,
    0.005670039182197775,
    -0.01258469049944086,
    -0.0033225493307200904,
    -0.004168914798471455,
    -0.002899254791020307,
    0.002646104906026207,
    -0.0116832334579394,
    0.033399404801630235,
    -0.005551075236370785,
    -0.005474561152731138,
    -0.0038240774040689306,
    -0.0006760954664331202,
    -0.0005564717413485487,
    -0.0034432522674782695,
    -9.569952731730211e-05,
    -0.004810198108293962,
    0.0040282934068136865,
    -0.0003349447095154024,
    -0.013612475984062976,
    -0.0024976356719499083,
    0.0015236457903659338,
    0.0039057385410358656,
    0.004590508588632978,
    -0.003421570000316859,
    0.0026994990506219777,
    0.0017537220814141767,
    0.009778179797007625,
    -0.00984860026580885,
    0.007054847001127674,
    -0.0014653911881547677,
    -0.00906972717283347,
    0.003058224334106326,
    0.003453105750176412,
    0.005224674816392494,
    -0.014013220171352564,
    0.009235692629911096,
    0.008492558081514357,
    -0.00522920991254474,
    -0.007477714801412438,
    -0.0031770323840572753,
    -0.0009842629236710295,
    0.0025934738973588866,
    0.000730690942628686,
    -0.009074875457364826,
    -0.023183899471738323,
    0.0003258749407118013,
    -0.009053216444227087,
    0.006810704509178665,
    0.008169570600300897,
    0.0012768875943721175,
    0.009939691089734979,
    -0.033597516459546076,
    -0.015145010303118506,
    -0.005272332246531356,
    0.02515549029438547,
    0.000772000745528217,
    -0.01343933211290506,
    0.011821262161305746,
    0.003956396561777209,
    0.020695209750386172,
    -0.017873661347706165,
    -0.009484764294698482,
    0.00896419686873298,
    0.006169275659745547,
    -0.04008737485234653,
    0.009846755869865241,
    -0.0033853752392688993,
    -0.022528176762367895,
    0.0023639709688705783,
    0.015552144110756647,
    -0.023034762214178817,
    0.00523562709286291,
    0.018705474111155015,
    -0.011510634232018068,
    0.013088046971213367,
    0.006522441530593786,
    -0.007788481235431246,
    -0.0028128790625425943,
    -0.00044234223245307857,
    -0.008941704624081396,
    0.02395446346486617,
    -0.0027849075192146367,
    0.04221190473483984
  ],
  "val_sse_masked": 0.00027762746321968734,
  "val_nrmse_masked": 0.04535354673862457,
  "val_mse_masked": 9.25424956221832e-06,
  "val_r2_masked": 0.9979423880577087,
  "val_sse_full": 0.000277980521786958,
  "val_nrmse_full": 0.04538238048553467,
  "val_mse_full": 9.266018423659261e-06,
  "val_r2_full": 0.9979397654533386,
  "iteration": 65,
  "p_lo_eff": 0.12967753410339355,
  "p_hi_eff": 1.9451630115509033,
  "f_lo_eff": 0.20659340918064117,
  "f_hi_eff": 1.6527472734451294
}