{
  "tag": "69_240c609a",
  "lmb1": 3.757968168814916e-05,
  "lmb2": 1.2159805561501832e-06,
  "nonzero_count": 48,
  "complexity_norm": 0.3870967741935484,
  "train_gen_window": 0.025893842370645355,
  "generalizability": 0.02957852863703389,
  "equation": "0.11812 E^{0.5} n P^{-0.5} + 0.00053709 F dT_{i} - 0.0018157 P^{-1} F dT_{e} + 4.5393 \\cdot 10^{-6} P^{-1} F dT_{i} - 0.0001618 T_{e}^{0.5} F dn - 0.033772 T_{e}^{0.5} P^{-1} dn - 0.017373 T_{e}^{0.5} T_{i}^{0.5} F dn - 3.7054 \\cdot 10^{-6} T_{e}^{0.5} T_{i}^{0.5} P^{-1} dT_{i} + 0.010876 T_{e}^{0.5} T_{i}^{0.5} P^{-1} dn + 4.8063 \\cdot 10^{-7} T_{e}^{0.5} T_{i}^{0.5} P dT_{i} + 0.00026215 T_{e}^{0.5} T_{i}^{0.5} P dn - 0.00049731 T_{e}^{0.5} dn - 0.00025149 T_{e} F dn + 0.0076747 T_{e} P^{-1} dn + 2.3171 \\cdot 10^{-6} T_{e} P dT_{i} - 0.00010304 T_{e} T_{i} dT_{e} - 0.0013556 T_{e} dT_{e} - 5.4032 \\cdot 10^{-5} T_{e} dT_{i} - 0.051098 T_{e} dn + 0.00023842 T_{i}^{0.5} F dT_{e} - 0.00038236 T_{i}^{0.5} F dn + 0.00087957 T_{i}^{0.5} P^{-1} dT_{e} - 3.6891 \\cdot 10^{-6} T_{i}^{0.5} P^{-1} dT_{i} - 0.002163 T_{i}^{0.5} P^{-1} dn + 4.4456 \\cdot 10^{-7} T_{i}^{0.5} P dT_{i} + 0.00023051 T_{i}^{0.5} P dn + 3.2228 \\cdot 10^{-5} T_{i}^{0.5} dT_{e} + 0.0020876 T_{i} P^{-1} dn + 0.00012181 T_{i} P dT_{e} + 0.012731 T_{i} P dn - 9.7488 \\cdot 10^{-6} dT_{i} - 0.011922 n^{-1} F dn + 0.0032638 n^{-1} P^{-1} dn + 6.5294 \\cdot 10^{-5} n^{-1} T_{e}^{0.5} dn + 0.00043432 n^{-1} T_{e} dn - 6.503 \\cdot 10^{-5} n^{-1} T_{i}^{0.5} dn - 9.6141 \\cdot 10^{-5} n^{-1} T_{i} dn - 0.062675 n E^{0.5} - 0.026467 n E^{0.5} T_{e}^{0.5} P^{-1} + 0.024797 n E^{0.5} T_{e}^{0.5} T_{i} + 0.00027141 n E^{0.5} T_{e} T_{i}^{0.5} - 0.019851 n E^{0.5} T_{i}^{0.5} F + 0.00098447 n E^{0.5} T_{i} + 0.022408 n E P^{-1} - 0.00023424 n E P + 0.024699 n E T_{e}^{0.5} + 0.00029401 n E T_{e}^{0.5} T_{i}^{0.5} + 0.00025402 n E T_{i}^{0.5}",
  "coefficients": [
    0.08853770784321402,
    0.00746983050159063,
    3.8734139986105314e-05,
    -0.006067390063353995,
    -0.0002764664872495656,
    -0.0018063856323361418,
    0.00010019441866668648,
    -3.620208123205141e-05,
    0.0007146354051782005,
    0.00016093976030102128,
    -0.0005855038104509109,
    0.008450533337305659,
    2.2804813514519103e-05,
    -0.0016460063882120656,
    -3.910928507325932e-05,
    0.00018758108543877398,
    -2.520811195407785e-06,
    -0.002055275553751706,
    -3.928938792439143e-05,
    -6.457786305133594e-05,
    0.00023545246643137934,
    8.555331596563903e-06,
    -0.0047188133182278855,
    1.1691039788381324e-05,
    0.00021929556848778684,
    1.5866785950970525e-05,
    6.937634948819493e-05,
    -0.001966443481332065,
    -9.642973151946006e-05,
    -1.3155918290112623e-05,
    0.005004138617532751,
    0.00012349398857044197,
    0.00028502210857565873,
    2.405895143079048e-05,
    1.691845606424414e-05,
    3.6468854636546845e-05,
    0.002158667444636356,
    8.280537573211716e-06,
    -7.785341218389619e-05,
    4.0581676670580954e-05,
    5.983115122378339e-05,
    -7.285749462200976e-05,
    -0.0019762464534978444,
    -9.502684943982929e-05,
    -0.0024342981311622127,
    -5.6519231717358075e-05,
    -9.158370932300464e-05,
    2.5241184414354248e-05,
    -0.0023192479810346415,
    -2.604359050153382e-05,
    -0.00046838709304254737,
    0.0003010320239370259,
    0.0032559027970243694,
    2.961559575958505e-05,
    0.01904993267086657,
    -0.030442670956857446,
    -0.0003279098306725679,
    -0.00016727955813506784,
    0.013420263865925618,
    -5.0164983523943944e-05,
    -0.020636371530278946,
    0.0003270122603463546,
    3.495872039545151e-05,
    0.008013835548272657,
    -0.03247886933550216,
    -0.0002519345191725676,
    7.483947779424992e-05,
    1.089044178892303e-05,
    -0.03459611959879456,
    7.125569538746259e-05,
    3.280336887155494e-05,
    -0.019724278436733262,
    -4.7003136981559705e-05,
    0.0006908913843798075,
    -0.02342637896479712,
    8.625839231256839e-05,
    0.016952702195924232,
    -5.8436545412309664e-05,
    0.0001573880271071392,
    0.010697034601401095,
    -5.3928107633687996e-05,
    -0.0001422904265201536,
    0.00010598515340292549,
    -7.118238470764195e-06,
    0.008667181472629251,
    0.0001188928947091929,
    0.05799258873185825
  ],
  "val_sse_masked": 0.00035659322747960687,
  "val_nrmse_masked": 0.05140041187405586,
  "val_mse_masked": 1.1886441825481597e-05,
  "val_r2_masked": 0.9973571300506592,
  "val_sse_full": 0.0003546339285094291,
  "val_nrmse_full": 0.051259007304906845,
  "val_mse_full": 1.1821131920441985e-05,
  "val_r2_full": 0.9973716139793396,
  "iteration": 69,
  "p_lo_eff": 0.12967753410339355,
  "p_hi_eff": 1.9451630115509033,
  "f_lo_eff": 0.20659340918064117,
  "f_hi_eff": 1.6527472734451294
}