{
  "tag": "427_9514510c",
  "lmb1": 0.0003400948277186994,
  "lmb2": 2.3031562493220036e-05,
  "nonzero_count": 21,
  "complexity_norm": 0.1693548387096774,
  "train_gen_window": 0.05076947702662205,
  "generalizability": 0.04948829451491369,
  "equation": "0.053816 E^{0.5} n P^{-0.5} + 1.2672 \\cdot 10^{-5} F dT_{i} - 0.0039222 P^{-1} F dT_{e} - 5.768 \\cdot 10^{-5} P^{-1} F dT_{i} - 0.0033587 P^{-1} F dn + 0.00021143 P dn - 0.00022423 T_{e}^{0.5} P^{-1} dn + 8.0352 \\cdot 10^{-5} T_{e} T_{i}^{0.5} dT_{e} - 0.071879 T_{e} dn - 0.0087672 T_{i}^{0.5} P^{-1} dn + 0.0021725 T_{i}^{0.5} P dn + 0.0070108 T_{i} P dn - 0.0040947 n^{-1} F dn + 0.0011458 n^{-1} P^{-1} dn + 0.00021513 n^{-1} dn - 0.0028568 n E^{0.5} T_{e}^{0.5} P^{-1} + 0.00075301 n E^{0.5} T_{e}^{0.5} T_{i} - 0.020835 n E^{0.5} T_{i}^{0.5} P + 0.00051173 n E^{0.5} T_{i} + 0.054581 n E T_{e}^{0.5} T_{i}^{0.5} + 0.00060097 n E T_{i}^{0.5}",
  "coefficients": [
    0.08853770252953203,
    0.0026224005495618717,
    0.0003223704994720151,
    -0.0020839645119068583,
    6.923405542351936e-07,
    -6.774570243301453e-06,
    1.1931643384352122e-05,
    -2.93587830438801e-06,
    3.0193755888659406e-06,
    -0.002045046336353469,
    5.5905452324274e-06,
    0.00019937626120868383,
    1.3497671243611753e-05,
    -2.563769739912089e-06,
    2.7307350233582658e-06,
    5.69842682715429e-06,
    -6.990313604141668e-07,
    -2.379357987857463e-06,
    3.045085678246465e-06,
    1.947667728793381e-06,
    6.438653337344728e-06,
    8.420953464502012e-07,
    7.529756814940439e-06,
    1.5190374270402046e-05,
    1.1406823890940725e-05,
    8.661297446618685e-07,
    4.2665082121207686e-06,
    -0.004247830492953682,
    1.1402713759550918e-05,
    2.4876955577095168e-05,
    2.6043680895957185e-05,
    6.259466821981049e-05,
    7.48725447800609e-05,
    3.8571459245574546e-05,
    2.6306409936247296e-05,
    3.7079201831004006e-05,
    7.717843397865953e-06,
    3.0432719706273134e-06,
    2.239182208696975e-05,
    4.763068662523922e-05,
    9.075533680603311e-06,
    2.2722955529113448e-05,
    2.9205273834134674e-05,
    0.00039202177726034646,
    1.97685263909492e-05,
    -0.004245393846984606,
    -6.277248254613969e-06,
    0.00024463268110019165,
    -0.009400466607784427,
    -2.7803164647815968e-05,
    -1.7589492985706325e-05,
    0.0028370599484619837,
    7.451651006659654e-07,
    -2.2770195517712474e-05,
    0.010490407724017353,
    -0.0002021222646522423,
    -5.8579102572171916e-05,
    -8.507790791201058e-06,
    -1.3023378500446751e-06,
    -9.055151066646408e-05,
    -2.354532022156981e-05,
    6.85861950846356e-05,
    -4.0956885287306745e-05,
    1.2044911710966612e-07,
    -0.04568748009708095,
    -1.0052872202222745e-05,
    -4.6597873463186614e-05,
    -1.8240484908059901e-06,
    -1.3862079256517751e-07,
    1.2115815920287065e-06,
    1.2259957787484187e-05,
    -7.445636310505691e-06,
    -0.021610156934273036,
    0.00035913131050868495,
    -0.0025285793704356786,
    1.446545364515388e-05,
    0.0005147972252965544,
    4.1822782206497335e-07,
    1.3212347479097635e-05,
    2.4723900630243113e-05,
    4.5688481870487584e-08,
    -4.539399023383016e-05,
    0.0002507438166481642,
    8.234083108680307e-05,
    5.34541462032977e-05,
    0.022071602411901106,
    0.026420997091481525
  ],
  "val_sse_masked": 0.0007726750336587429,
  "val_nrmse_masked": 0.07566212117671967,
  "val_mse_masked": 2.5755836759344675e-05,
  "val_r2_masked": 0.9942733645439148,
  "val_sse_full": 0.0007562208920717239,
  "val_nrmse_full": 0.07485216856002808,
  "val_mse_full": 2.5207364160451107e-05,
  "val_r2_full": 0.9943952560424805,
  "iteration": 427,
  "p_lo_eff": 0.12967753410339355,
  "p_hi_eff": 1.9451630115509033,
  "f_lo_eff": 0.20659340918064117,
  "f_hi_eff": 1.6527472734451294
}