{
  "tag": "360_788dbfbf",
  "lmb1": 2.1715932034717077e-06,
  "lmb2": 2.56269155944834e-05,
  "nonzero_count": 84,
  "complexity_norm": 0.6774193548387096,
  "train_gen_window": 0.022487536283971613,
  "generalizability": 0.026669941373982972,
  "equation": "0.13068 E^{0.5} n P^{-0.5} + 0.026472 F dT_{e} + 0.0030976 F dT_{i} - 0.00050084 F dn - 0.00051446 P^{-1} F dT_{e} + 0.00011092 P^{-1} F dT_{i} + 0.0029568 P^{-1} F dn + 0.0045825 P^{-1} dT_{e} - 8.2218 \\cdot 10^{-5} P F dT_{i} - 0.010251 P dn - 0.073538 T_{e}^{0.5} F dT_{e} - 0.0015206 T_{e}^{0.5} F dn + 0.0019271 T_{e}^{0.5} P^{-1} dT_{e} - 0.053708 T_{e}^{0.5} P^{-1} dn + 0.011571 T_{e}^{0.5} T_{i}^{0.5} F dT_{e} - 8.8008 \\cdot 10^{-6} T_{e}^{0.5} T_{i}^{0.5} F dT_{i} - 0.015707 T_{e}^{0.5} T_{i}^{0.5} F dn + 2.642 \\cdot 10^{-6} T_{e}^{0.5} T_{i}^{0.5} P^{-1} dT_{i} + 0.034253 T_{e}^{0.5} T_{i}^{0.5} P^{-1} dn + 0.0019545 T_{e}^{0.5} T_{i}^{0.5} P dT_{e} + 7.664 \\cdot 10^{-6} T_{e}^{0.5} T_{i}^{0.5} P dT_{i} + 0.020352 T_{e}^{0.5} T_{i}^{0.5} P dn + 7.321 \\cdot 10^{-6} T_{e}^{0.5} T_{i}^{0.5} dT_{i} + 0.0081397 T_{e}^{0.5} T_{i}^{0.5} dn - 0.00010635 T_{e}^{0.5} T_{i} dT_{e} - 8.7878 \\cdot 10^{-7} T_{e}^{0.5} T_{i} dT_{i} + 0.0019938 T_{e}^{0.5} T_{i} dn - 0.046492 T_{e}^{0.5} dn - 0.00085411 T_{e} F dT_{i} - 0.0078659 T_{e} F dn + 0.015277 T_{e} P^{-1} dn - 0.00076038 T_{e} T_{i}^{0.5} dT_{e} + 6.3084 \\cdot 10^{-5} T_{e} T_{i} dT_{e} + 0.014419 T_{e} T_{i} dn - 0.003785 T_{e} dT_{e} - 0.0001301 T_{e} dT_{i} - 0.019071 T_{e} dn + 0.012232 T_{i}^{0.5} F dT_{e} - 0.0057926 T_{i}^{0.5} F dn + 0.00074475 T_{i}^{0.5} P^{-1} dT_{e} - 2.8634 \\cdot 10^{-6} T_{i}^{0.5} P^{-1} dT_{i} - 0.005612 T_{i}^{0.5} P^{-1} dn + 1.6312 \\cdot 10^{-6} T_{i}^{0.5} P dT_{i} + 0.0055237 T_{i}^{0.5} P dn - 0.0038475 T_{i}^{0.5} dT_{e} - 1.1693 \\cdot 10^{-6} T_{i}^{0.5} dT_{i} - 0.00071417 T_{i}^{0.5} dn + 0.0002224 T_{i} F dT_{e} - 8.8274 \\cdot 10^{-6} T_{i} F dT_{i} - 0.00013957 T_{i} P^{-1} dT_{e} - 0.0040072 T_{i} P^{-1} dn + 6.1394 \\cdot 10^{-5} T_{i} P dT_{e} + 0.00096683 T_{i} P dn - 0.0006378 T_{i} dT_{e} - 0.0012254 T_{i} dn + 0.0026003 dT_{e} - 0.0004179 dT_{i} - 0.0046245 n^{-1} F dn + 0.0059857 n^{-1} P^{-1} dn - 0.0020839 n^{-1} T_{e}^{0.5} T_{i}^{0.5} dn - 0.0021136 n^{-1} T_{e}^{0.5} dn - 0.0051044 n^{-1} T_{e} dn + 0.0026609 n^{-1} T_{i}^{0.5} dn - 0.00062801 n^{-1} T_{i} dn + 0.0014669 n^{-1} dn - 0.1582 n E^{0.5} - 0.017909 n E^{0.5} P^{-1} - 0.021328 n E^{0.5} T_{e}^{0.5} P^{-1} + 0.0029843 n E^{0.5} T_{e}^{0.5} T_{i}^{0.5} + 0.044074 n E^{0.5} T_{e}^{0.5} T_{i} - 0.017494 n E^{0.5} T_{e} + 0.018937 n E^{0.5} T_{e} T_{i}^{0.5} + 0.0015011 n E^{0.5} T_{i}^{0.5} - 0.024245 n E^{0.5} T_{i}^{0.5} F + 0.022347 n E^{0.5} T_{i}^{0.5} P^{-1} + 0.011165 n E^{0.5} T_{i}^{0.5} P + 0.050054 n E^{0.5} T_{i} - 0.011629 n E F + 0.0040289 n E P^{-1} - 0.0046575 n E P + 0.18496 n E T_{e}^{0.5} - 0.097953 n E T_{e}^{0.5} T_{i}^{0.5} - 0.021058 n E T_{i}^{0.5} - 0.023263 n E T_{i}",
  "coefficients": [
    0.08853771281551004,
    0.013699628263855684,
    0.0021980694145377626,
    -0.0023535866055845243,
    0.011312676078058916,
    -0.01179953945238435,
    -0.003243372541262451,
    -0.01010693741335631,
    -0.008398911134593037,
    0.003932707116367967,
    -0.025098409378775634,
    0.04873735082362537,
    -0.0012773382725569582,
    -0.0012776140648697695,
    -0.0004449818476054794,
    0.0006882968442558028,
    -0.006076800348021178,
    0.0014654218762383169,
    0.0033448822563386465,
    -0.0010595993502862478,
    0.003754434878054532,
    -0.0027972469997495607,
    -0.011362213202542654,
    -0.020420982771537765,
    -3.118512157471729e-05,
    9.700495277789904e-05,
    0.008171236443471808,
    -0.0005571677186221036,
    0.0033608050652508053,
    0.009968489316722161,
    0.004237116355930234,
    -0.01474299448238401,
    0.014623025316067517,
    -0.0033783254821522827,
    -0.010994749950719232,
    0.0011444453415586262,
    0.0010879638879356273,
    0.003945164440207371,
    -0.030583619376734792,
    0.015734703183914463,
    0.00860834839299,
    -0.0021358467024727794,
    -0.005518071996929594,
    -0.0037097623912169765,
    0.0014904115101228822,
    0.003737392557020163,
    -0.0005358202872590909,
    -0.01186140525653834,
    -0.006017353385593169,
    -0.0005661559713302554,
    -0.0070958558588109805,
    0.00721355455205246,
    -0.006249810323965984,
    -0.0011599276998562466,
    0.0014466818045113707,
    -0.04841317554731037,
    -0.03065526517096807,
    -0.0015720151175411582,
    0.042266504458527164,
    0.006223832639115315,
    -0.018657499634757532,
    0.02538759935385575,
    0.0018460793862595673,
    0.015952444507489512,
    -0.012121620664707192,
    -0.007879692272745563,
    0.01323124456585756,
    -0.013692345699461173,
    -0.08732556467463508,
    0.02104845057172327,
    0.0009259201021626939,
    -0.024089924392753887,
    0.011580676468567905,
    0.03512739352502691,
    -0.018877309104846637,
    0.0017797334428592629,
    0.0301316581351733,
    -0.008996063180934844,
    0.010981252881224616,
    0.0019233140592198673,
    -0.006638695656159267,
    -0.0028292861097674368,
    -0.008786232233287882,
    -0.012092372644451392,
    0.06490493849306463,
    -0.03961091693051212,
    0.06415746927008226
  ],
  "val_sse_masked": 0.00021115661365911365,
  "val_nrmse_masked": 0.03955327346920967,
  "val_mse_masked": 7.038554031169042e-06,
  "val_r2_masked": 0.9984350204467773,
  "val_sse_full": 0.00021092289534863085,
  "val_nrmse_full": 0.03953137621283531,
  "val_mse_full": 7.030763754301006e-06,
  "val_r2_full": 0.9984367489814758,
  "iteration": 360,
  "p_lo_eff": 0.12967753410339355,
  "p_hi_eff": 1.9451630115509033,
  "f_lo_eff": 0.20659340918064117,
  "f_hi_eff": 1.6527472734451294
}