{
  "tag": "227_72f05737",
  "lmb1": 0.00014719355905721325,
  "lmb2": 4.268152458499659e-08,
  "nonzero_count": 29,
  "complexity_norm": 0.23387096774193547,
  "train_gen_window": 0.04348145050154788,
  "generalizability": 0.042316315200626946,
  "equation": "0.064543 E^{0.5} n P^{-0.5} + 0.0003257 F dT_{e} + 0.000114 F dT_{i} - 0.0040945 P^{-1} F dT_{e} - 6.5753 \\cdot 10^{-5} P^{-1} F dT_{i} - 0.0031295 P^{-1} F dn + 0.00012682 P dn - 0.016779 T_{e}^{0.5} P^{-1} dn - 0.0036321 T_{e}^{0.5} T_{i}^{0.5} F dn + 8.0275 \\cdot 10^{-5} T_{e}^{0.5} T_{i}^{0.5} P dn - 0.05625 T_{e} dn + 0.00044271 T_{i}^{0.5} F dT_{e} - 0.0001702 T_{i}^{0.5} F dn + 7.8699 \\cdot 10^{-5} T_{i}^{0.5} P^{-1} dT_{e} + 0.0003527 T_{i}^{0.5} P dn + 0.00016122 T_{i}^{0.5} dT_{e} + 9.3376 \\cdot 10^{-6} T_{i} P^{-1} dT_{e} + 0.00019386 T_{i} P^{-1} dn + 0.0087436 T_{i} P dn - 0.012608 n^{-1} F dn + 0.0022059 n^{-1} P^{-1} dn + 0.0015543 n^{-1} dn - 0.011436 n E^{0.5} T_{e}^{0.5} P^{-1} - 0.0038703 n E^{0.5} T_{i}^{0.5} F - 0.019471 n E^{0.5} T_{i}^{0.5} P + 0.00040139 n E P^{-1} + 0.0011468 n E T_{e}^{0.5} + 0.057243 n E T_{e}^{0.5} T_{i}^{0.5} + 0.0017582 n E T_{i}^{0.5}",
  "coefficients": [
    0.08853770445884546,
    0.005048786740044487,
    0.002329015165620224,
    -0.0064169151952262315,
    4.720471009038117e-06,
    -8.870511402252565e-06,
    6.480529466978841e-05,
    3.4737064333158046e-06,
    3.385666475326929e-05,
    -0.0023312656218648425,
    1.4798087354385393e-06,
    0.0017936946405459125,
    2.3499958299831652e-05,
    -8.23647762535725e-05,
    -3.0797769050723444e-06,
    2.4452889486222656e-05,
    -1.9191805926199274e-05,
    -8.730997793364675e-05,
    -3.7389302248561015e-06,
    -1.231036749110631e-05,
    2.6479928455509464e-05,
    -8.158755401032627e-06,
    5.559291917675158e-07,
    1.546517791779183e-05,
    4.0092620657075175e-05,
    -9.047747647599387e-06,
    2.7943851066611235e-05,
    -0.004434424788835888,
    2.811036422410817e-05,
    0.0001226461157076813,
    0.00044774403864879735,
    0.0006177587695773147,
    0.0005292400996109812,
    0.00022601752885297792,
    4.888214761987535e-05,
    8.734677906273186e-05,
    1.4956858393849662e-05,
    1.4611792614995945e-05,
    4.242891300111698e-05,
    5.923178810338221e-05,
    1.1024292692174093e-05,
    2.7143180417968245e-05,
    3.251700269099351e-05,
    3.7566338562433174e-05,
    1.6233926337993405e-05,
    -0.003955721326914907,
    -1.9395595853724542e-05,
    0.00014673505672068874,
    -7.698050135066058e-05,
    -3.046284972792002e-05,
    -0.00020849412424455194,
    0.0004605971406333335,
    0.00030235827295888593,
    -1.5933417088942958e-05,
    0.013083131861552617,
    -0.015124716138830008,
    -8.198495651564495e-05,
    -2.996126582739346e-05,
    3.301394099643357e-05,
    -7.082705875034804e-05,
    -0.004314215332188944,
    0.00010013554028436991,
    -2.0576036608427702e-05,
    2.119330218290121e-05,
    -0.035753646965691645,
    -3.832638634689763e-05,
    -1.5619640202179874e-05,
    6.422335705857814e-06,
    -4.384186909096231e-05,
    1.1130817095484776e-06,
    6.9533413607520036e-06,
    -0.003845577163295123,
    -0.02019542180964553,
    7.06045212905322e-05,
    -0.010122415743714884,
    1.1771042261391323e-05,
    6.990564912667853e-05,
    -1.9190272223368644e-05,
    1.2297599053920135e-05,
    0.00019161886818666905,
    -4.387709514469027e-06,
    -5.043255995130994e-05,
    0.0007335712883953455,
    4.735555945954766e-05,
    0.0004024286496237844,
    0.023148339376677367,
    0.03168759105548507
  ],
  "val_sse_masked": 0.0006707345601171255,
  "val_nrmse_masked": 0.07049452513456345,
  "val_mse_masked": 2.2357820853358135e-05,
  "val_r2_masked": 0.9950288534164429,
  "val_sse_full": 0.0006634326418861747,
  "val_nrmse_full": 0.0701097622513771,
  "val_mse_full": 2.2114423700259067e-05,
  "val_r2_full": 0.9950829744338989,
  "iteration": 227,
  "p_lo_eff": 0.12967753410339355,
  "p_hi_eff": 1.9451630115509033,
  "f_lo_eff": 0.20659340918064117,
  "f_hi_eff": 1.6527472734451294
}