{
  "tag": "291_89c10667",
  "lmb1": 4.3899737802637265e-08,
  "lmb2": 0.1,
  "nonzero_count": 81,
  "complexity_norm": 0.6532258064516129,
  "train_gen_window": 0.07977668290724305,
  "generalizability": 0.07192948117021923,
  "equation": "0.014843 E^{0.5} n P^{-0.5} + 0.0013578 F dT_{e} + 0.00014806 F dT_{i} - 0.0022787 F dn - 0.003698 P^{-1} F dT_{e} - 0.00012209 P^{-1} F dT_{i} - 0.0036677 P^{-1} F dn - 0.00049147 P^{-1} dT_{e} + 5.7207 \\cdot 10^{-5} P F dT_{i} + 0.0033511 P dn + 0.00084521 T_{e}^{0.5} F dT_{e} - 0.0025886 T_{e}^{0.5} F dn - 0.00049145 T_{e}^{0.5} P^{-1} dT_{e} - 0.0049246 T_{e}^{0.5} P^{-1} dn - 8.3824 \\cdot 10^{-5} T_{e}^{0.5} T_{i}^{0.5} F dT_{e} + 1.0619 \\cdot 10^{-6} T_{e}^{0.5} T_{i}^{0.5} F dT_{i} - 0.002261 T_{e}^{0.5} T_{i}^{0.5} F dn - 6.9136 \\cdot 10^{-7} T_{e}^{0.5} T_{i}^{0.5} P^{-1} dT_{i} - 0.00062117 T_{e}^{0.5} T_{i}^{0.5} P^{-1} dn - 5.6128 \\cdot 10^{-7} T_{e}^{0.5} T_{i}^{0.5} P dT_{i} + 0.0029239 T_{e}^{0.5} T_{i}^{0.5} P dn - 0.0060303 T_{e}^{0.5} T_{i}^{0.5} dn + 1.3373 \\cdot 10^{-5} T_{e}^{0.5} T_{i} dT_{e} - 6.6746 \\cdot 10^{-8} T_{e}^{0.5} T_{i} dT_{i} - 0.0031644 T_{e}^{0.5} T_{i} dn - 0.0081069 T_{e}^{0.5} dn + 4.2592 \\cdot 10^{-5} T_{e} F dT_{i} - 0.0027739 T_{e} F dn - 0.00095164 T_{e} P^{-1} dn - 1.9651 \\cdot 10^{-6} T_{e} P dT_{i} + 0.00013481 T_{e} T_{i}^{0.5} dT_{e} + 1.2924 \\cdot 10^{-5} T_{e} T_{i} dT_{e} - 4.6133 \\cdot 10^{-8} T_{e} T_{i} dT_{i} - 0.002896 T_{e} T_{i} dn + 0.00060699 T_{e} dT_{e} + 3.189 \\cdot 10^{-6} T_{e} dT_{i} - 0.008793 T_{e} dn - 0.0020992 T_{i}^{0.5} F dn - 5.7303 \\cdot 10^{-5} T_{i}^{0.5} P^{-1} dT_{e} - 8.4089 \\cdot 10^{-7} T_{i}^{0.5} P^{-1} dT_{i} - 0.003609 T_{i}^{0.5} P^{-1} dn - 9.5707 \\cdot 10^{-7} T_{i}^{0.5} P dT_{i} + 0.0029975 T_{i}^{0.5} P dn + 0.00011052 T_{i}^{0.5} dT_{e} - 2.9115 \\cdot 10^{-7} T_{i}^{0.5} dT_{i} - 0.0054994 T_{i}^{0.5} dn - 5.3281 \\cdot 10^{-5} T_{i} F dT_{e} - 3.1007 \\cdot 10^{-7} T_{i} F dT_{i} - 8.6409 \\cdot 10^{-6} T_{i} P^{-1} dT_{e} + 0.00020384 T_{i} P^{-1} dn + 0.0028728 T_{i} P dn + 1.2959 \\cdot 10^{-5} T_{i} dT_{e} - 0.0030919 T_{i} dn + 0.00028887 dT_{e} + 1.8802 \\cdot 10^{-6} dT_{i} - 0.011955 n^{-1} F dn + 0.0013061 n^{-1} P^{-1} dn + 0.00023145 n^{-1} T_{e}^{0.5} T_{i}^{0.5} dn + 0.0007146 n^{-1} T_{e}^{0.5} dn + 0.00036897 n^{-1} T_{e} dn + 0.00038094 n^{-1} T_{i}^{0.5} dn + 5.5276 \\cdot 10^{-5} n^{-1} T_{i} dn + 0.0011433 n^{-1} dn + 0.0024935 n E^{0.5} + 0.0043717 n E^{0.5} P^{-1} + 0.0043782 n E^{0.5} T_{e}^{0.5} T_{i}^{0.5} + 0.0041439 n E^{0.5} T_{e}^{0.5} T_{i} + 0.0034877 n E^{0.5} T_{e} + 0.0043843 n E^{0.5} T_{e} T_{i}^{0.5} + 0.0039382 n E^{0.5} T_{i}^{0.5} - 0.00095895 n E^{0.5} T_{i}^{0.5} F + 0.0020173 n E^{0.5} T_{i}^{0.5} P^{-1} - 0.007066 n E^{0.5} T_{i}^{0.5} P + 0.0041019 n E^{0.5} T_{i} + 0.0015212 n E F + 0.0068596 n E P^{-1} - 0.007372 n E P + 0.012063 n E T_{e}^{0.5} + 0.0093855 n E T_{e}^{0.5} T_{i}^{0.5} + 0.0092457 n E T_{i}^{0.5} + 0.0050183 n E T_{i}",
  "coefficients": [
    0.08853770617362344,
    0.002989386671793222,
    0.001713258777655241,
    -0.006084319595589693,
    0.0016195018081302387,
    0.001038575944547343,
    0.00109655869048058,
    0.0011224987281268917,
    0.0006071069493826659,
    -0.004328707328424351,
    0.00011292420520872537,
    0.0023296635704506408,
    0.0008887550365274249,
    -0.0003751902644559685,
    -0.0001107974942400336,
    -0.00040383840684369426,
    -0.00021345198316805036,
    -0.00038347953478815033,
    -3.849625145116442e-05,
    0.00012785525860996294,
    -0.0002749610027878366,
    -0.00021246182107054895,
    0.00027850792439096383,
    0.001018320635306224,
    -0.00018597794614393093,
    -0.00017687038000969296,
    -0.0008763570778844432,
    -0.004005010760378208,
    0.00037336035391506706,
    0.0005112978962849429,
    -0.00032601798878669624,
    0.0004234992442922747,
    -9.889689021247428e-05,
    -0.00020915301044256013,
    0.00022339568603862991,
    -0.00027418133907974873,
    2.2804863429735228e-05,
    -0.0010060912684875384,
    0.0003515125718212275,
    -0.00011399065059749386,
    -6.791408906022672e-05,
    0.0002685843428031076,
    0.0008849236475309621,
    0.0006576953633895127,
    0.0003053466710790792,
    -0.004635964897350478,
    -0.002437813833884049,
    0.0038774347496233486,
    -0.003869715801798179,
    -0.00435964440521279,
    -0.0025714649136099887,
    0.0039145088119726945,
    0.00031791113880804897,
    -0.002926731633935656,
    0.004298584889563362,
    -0.004439125426208029,
    -0.005345381874852895,
    -0.002676249963802585,
    -0.0007664998824229233,
    -0.004610958272753776,
    -0.0026856302787067465,
    0.0036473049281938452,
    -0.002929925853905932,
    -0.0009936853743038737,
    -0.00558899476726106,
    -0.0027788087426408037,
    -0.0026574092951521106,
    0.0033424560049479246,
    0.0013764173131029372,
    0.0019000776952626391,
    0.002429229081515563,
    -0.0009528207285917495,
    -0.007328751565897476,
    0.0028786892951150472,
    3.459139681116774e-05,
    0.0026110069678315917,
    0.002832993975264264,
    0.0017934691718345663,
    0.002542396774037489,
    0.00327464497937293,
    0.0008684104343188309,
    -0.004478213855613963,
    0.003857627340957945,
    0.0026085691146592385,
    0.004233115734251482,
    0.0037953784237176255,
    0.007287408759211279
  ],
  "val_sse_masked": 0.0013190852478146553,
  "val_nrmse_masked": 0.09885906428098679,
  "val_mse_masked": 4.3969510443275794e-05,
  "val_r2_masked": 0.9902236461639404,
  "val_sse_full": 0.0013092660810798407,
  "val_nrmse_full": 0.09849043190479279,
  "val_mse_full": 4.364220512798056e-05,
  "val_r2_full": 0.9902964234352112,
  "iteration": 291,
  "p_lo_eff": 0.12967753410339355,
  "p_hi_eff": 1.9451630115509033,
  "f_lo_eff": 0.20659340918064117,
  "f_hi_eff": 1.6527472734451294
}