{
  "tag": "269_9d6e0fcf",
  "lmb1": 6.255318307723443e-05,
  "lmb2": 1.1683705816066872e-06,
  "nonzero_count": 43,
  "complexity_norm": 0.3467741935483871,
  "train_gen_window": 0.032020624249227,
  "generalizability": 0.027498941391375847,
  "equation": "0.11888 E^{0.5} n P^{-0.5} + 0.0001156 F dT_{i} - 0.0031923 P^{-1} F dT_{e} - 9.5031 \\cdot 10^{-5} P^{-1} F dn - 0.021298 T_{e}^{0.5} P^{-1} dn - 0.018472 T_{e}^{0.5} T_{i}^{0.5} F dn - 5.0046 \\cdot 10^{-7} T_{e}^{0.5} T_{i}^{0.5} P^{-1} dT_{i} + 0.0035576 T_{e}^{0.5} T_{i}^{0.5} P^{-1} dn + 0.00046151 T_{e}^{0.5} T_{i}^{0.5} P dn - 0.00015166 T_{e}^{0.5} T_{i}^{0.5} dn - 0.00036286 T_{e}^{0.5} dn + 0.0006746 T_{e} P^{-1} dn + 2.2256 \\cdot 10^{-6} T_{e} P dT_{i} - 0.00011657 T_{e} dT_{e} - 0.050413 T_{e} dn + 0.00010189 T_{i}^{0.5} F dT_{e} - 0.00031849 T_{i}^{0.5} F dn + 0.00044856 T_{i}^{0.5} P^{-1} dT_{e} - 7.6849 \\cdot 10^{-7} T_{i}^{0.5} P^{-1} dT_{i} - 0.00045819 T_{i}^{0.5} P^{-1} dn + 0.0066347 T_{i}^{0.5} P dn + 4.3648 \\cdot 10^{-6} T_{i} P^{-1} dT_{e} + 0.0020433 T_{i} P^{-1} dn + 1.6723 \\cdot 10^{-5} T_{i} P dT_{e} + 0.0078356 T_{i} P dn - 0.016442 n^{-1} F dn + 0.0031509 n^{-1} P^{-1} dn + 0.00024579 n^{-1} T_{e}^{0.5} dn + 0.00074651 n^{-1} T_{e} dn - 3.7948 \\cdot 10^{-5} n^{-1} T_{i} dn + 0.00041699 n^{-1} dn - 0.051728 n E^{0.5} - 0.025582 n E^{0.5} T_{e}^{0.5} P^{-1} + 0.010469 n E^{0.5} T_{e}^{0.5} T_{i} - 0.019292 n E^{0.5} T_{i}^{0.5} F - 0.00041971 n E^{0.5} T_{i}^{0.5} P + 0.0016373 n E^{0.5} T_{i} + 0.017455 n E P^{-1} - 0.00052177 n E P + 0.02758 n E T_{e}^{0.5} + 0.0040759 n E T_{e}^{0.5} T_{i}^{0.5} + 0.0021639 n E T_{i}^{0.5} + 0.00026729 n E T_{i}",
  "coefficients": [
    0.08853770710470155,
    0.007211404010423123,
    0.000624844845412711,
    -0.008368047728805596,
    -3.097707350188642e-05,
    -0.0007130083466100401,
    0.00037717010176662824,
    -1.4640940128438452e-05,
    0.0012283312204992881,
    -7.196672084007385e-05,
    -7.709577056653576e-05,
    0.0018188971809393116,
    8.008341505923951e-05,
    -0.00034288622484547393,
    -2.853032083636373e-05,
    5.148927086833203e-05,
    -1.6088192706585958e-05,
    -0.00027759498620860836,
    -2.4292583947618725e-05,
    -2.7548734075434263e-05,
    6.329944640620926e-05,
    -1.8177088455584944e-05,
    -9.64671598306095e-05,
    1.6176043664534813e-05,
    0.0002106314639730869,
    -1.0801304208193386e-05,
    3.7322685357995826e-05,
    -0.0034573632611834253,
    -7.254227406521464e-05,
    9.533675412722202e-07,
    0.0025520126899283915,
    3.830037836033198e-05,
    0.00012180351278684762,
    0.00010564933428748119,
    3.960184767392262e-05,
    7.851310456281084e-05,
    0.0002963488343073758,
    7.661060375610863e-06,
    -2.0198207849989443e-05,
    3.165154877240959e-05,
    4.299144615619258e-06,
    7.64623555226125e-07,
    -0.0001699492508496199,
    -3.069914015975443e-05,
    7.063518464608024e-06,
    -0.0001201189213159294,
    -3.668650522204892e-05,
    9.104785774165548e-05,
    -0.0004912858263537913,
    -6.036970980839109e-05,
    -0.00039014269716792615,
    0.008664333521255107,
    0.0031867602893384376,
    -3.661568025659812e-05,
    0.01172448690694248,
    -0.019198617636336623,
    -0.0002392562155348095,
    -6.144658944081543e-05,
    0.004389879581394486,
    -0.00011596621474786778,
    -0.021941512456721296,
    0.0005756922733294342,
    -4.525767708912362e-05,
    0.0007044096484853288,
    -0.03204347967773927,
    -8.161986048737038e-05,
    -2.670740939388472e-05,
    2.070926765085397e-05,
    -0.028553439106882964,
    1.3972417736466249e-05,
    1.641242668627868e-05,
    -0.01916918063816069,
    -0.00043531436810899247,
    0.0011490185976050608,
    -0.022643073040704897,
    3.467390791908426e-05,
    0.007157516623514607,
    -7.212755758998477e-05,
    4.257090827604647e-05,
    0.008332951387031521,
    -2.241538505718901e-05,
    -0.000316958067454315,
    0.000902858485846304,
    0.0001389386021397416,
    0.009677985467930094,
    0.001648238573436702,
    0.05836373650734452
  ],
  "val_sse_masked": 0.0004485762328840792,
  "val_nrmse_masked": 0.057649850845336914,
  "val_mse_masked": 1.4952542187529616e-05,
  "val_r2_masked": 0.9966753721237183,
  "val_sse_full": 0.00044190994231030345,
  "val_nrmse_full": 0.05721988156437874,
  "val_mse_full": 1.473033262300305e-05,
  "val_r2_full": 0.9967247843742371,
  "iteration": 269,
  "p_lo_eff": 0.12967753410339355,
  "p_hi_eff": 1.9451630115509033,
  "f_lo_eff": 0.20659340918064117,
  "f_hi_eff": 1.6527472734451294
}