{
  "tag": "210_133be640",
  "lmb1": 0.000163245295596502,
  "lmb2": 2.4824644718385824e-06,
  "nonzero_count": 27,
  "complexity_norm": 0.21774193548387097,
  "train_gen_window": 0.04491686441158545,
  "generalizability": 0.04482585377158575,
  "equation": "0.060124 E^{0.5} n P^{-0.5} + 0.00029372 F dT_{e} + 0.00011262 F dT_{i} - 0.0039335 P^{-1} F dT_{e} - 7.3366 \\cdot 10^{-5} P^{-1} F dT_{i} - 0.0034436 P^{-1} F dn + 0.00014568 P dn - 0.015822 T_{e}^{0.5} P^{-1} dn - 0.00079114 T_{e}^{0.5} T_{i}^{0.5} F dn - 0.060011 T_{e} dn + 0.00021735 T_{i}^{0.5} F dT_{e} - 0.00014298 T_{i}^{0.5} F dn + 4.0619 \\cdot 10^{-5} T_{i}^{0.5} P^{-1} dT_{e} - 0.0001266 T_{i}^{0.5} P^{-1} dn + 0.00034399 T_{i}^{0.5} P dn + 0.00023994 T_{i}^{0.5} dT_{e} + 9.8676 \\cdot 10^{-6} T_{i} P^{-1} dT_{e} + 0.00845 T_{i} P dn - 0.011524 n^{-1} F dn + 0.0020006 n^{-1} P^{-1} dn + 0.0016162 n^{-1} dn - 0.010352 n E^{0.5} T_{e}^{0.5} P^{-1} - 0.00077905 n E^{0.5} T_{i}^{0.5} F - 0.020767 n E^{0.5} T_{i}^{0.5} P + 0.00088924 n E T_{e}^{0.5} + 0.059557 n E T_{e}^{0.5} T_{i}^{0.5} + 0.0015991 n E T_{i}^{0.5}",
  "coefficients": [
    0.08853770413680934,
    0.004578749623963056,
    0.002421767490013659,
    -0.005864960879180157,
    4.8211877649409365e-06,
    -6.4981568865573184e-06,
    5.355974379066453e-05,
    2.802112260197267e-06,
    2.5138637215812338e-05,
    -0.0026011763095983576,
    2.6645810408857717e-06,
    0.0017719877587762604,
    2.0032118164974242e-05,
    -6.100959333833581e-05,
    -2.644066715289523e-06,
    1.7946235070328668e-05,
    -1.8924445166755703e-05,
    -6.371783585199542e-05,
    -3.132893214904113e-06,
    -1.0177171754466685e-05,
    1.9575987356719667e-05,
    -8.226558530602435e-06,
    2.334334850879309e-06,
    1.6612855945699033e-05,
    2.980687583842478e-05,
    -9.052394021283932e-06,
    2.2126560752109465e-05,
    -0.004260111903988794,
    3.160809910612575e-05,
    0.00011060341462888126,
    0.0002310929017206861,
    0.0009194162197544537,
    0.0002598383816530001,
    0.00023884602229661724,
    4.7715562663684674e-05,
    9.694775214643005e-05,
    1.2057110840013154e-05,
    1.2083056155539379e-05,
    4.412287658013021e-05,
    6.29990220712069e-05,
    7.480533632696367e-06,
    2.8737873390455478e-05,
    3.48192860623661e-05,
    4.173483305117289e-05,
    1.8497536315653464e-05,
    -0.004352747183990774,
    -1.6376985890289566e-05,
    0.0001685589300111537,
    -0.00013574405645478993,
    -3.293271430695601e-05,
    -0.00017515423501416873,
    0.00044922147141040493,
    4.5956865599271315e-05,
    -1.8535663382046728e-05,
    0.012643881811529126,
    -0.01426188403390624,
    -7.698027431486752e-05,
    -2.4700054470872922e-05,
    1.82745016859588e-05,
    -9.18645425499579e-05,
    -0.0009397281661331657,
    9.571008469771709e-05,
    -2.556394312285809e-05,
    1.52026628660398e-05,
    -0.0381440391309809,
    -3.100581909237987e-05,
    -2.0936597449984146e-05,
    4.6677016250116176e-06,
    -2.910299124821317e-05,
    1.5902603967355767e-06,
    7.943467654215888e-06,
    -0.0007740676052942549,
    -0.021539521783532033,
    8.310498713381299e-05,
    -0.009162978216078714,
    1.2263948172862163e-05,
    8.401075934845041e-05,
    -1.468621181531764e-05,
    1.2440123703564571e-05,
    9.204827986459406e-05,
    -4.7817884754706855e-06,
    -5.1282104269123054e-05,
    0.0006671919991318795,
    4.659807843485766e-05,
    0.0003120432273115131,
    0.024083924261801,
    0.029518078823133613
  ],
  "val_sse_masked": 0.000692480243742466,
  "val_nrmse_masked": 0.0716281458735466,
  "val_mse_masked": 2.3082675397745334e-05,
  "val_r2_masked": 0.9948676824569702,
  "val_sse_full": 0.0006824127049185336,
  "val_nrmse_full": 0.07110556215047836,
  "val_mse_full": 2.2747091861674562e-05,
  "val_r2_full": 0.994942307472229,
  "iteration": 210,
  "p_lo_eff": 0.12967753410339355,
  "p_hi_eff": 1.9451630115509033,
  "f_lo_eff": 0.20659340918064117,
  "f_hi_eff": 1.6527472734451294
}