{
  "tag": "323_e009ae02",
  "lmb1": 0.018449505929062783,
  "lmb2": 0.011238661779944367,
  "nonzero_count": 6,
  "complexity_norm": 0.04838709677419355,
  "train_gen_window": 0.19051878825477075,
  "generalizability": 0.20057964396959474,
  "equation": "0.0518 E^{0.5} n P^{-0.5} - 0.013107 P^{-1} F dn - 0.021873 T_{e}^{0.5} T_{i}^{0.5} dn - 0.0048295 T_{e} dn + 0.00026502 n E^{0.5} T_{e}^{0.5} T_{i} + 0.020444 n E T_{e}^{0.5} T_{i}^{0.5}",
  "coefficients": [
    0.08853770496869073,
    2.4713072927926156e-08,
    2.5780390783193935e-08,
    -9.090641827042412e-08,
    3.516539611555514e-08,
    3.2181252568189294e-08,
    2.5926799640201468e-08,
    3.426176345027915e-08,
    2.643637277947356e-08,
    -1.2008715923959841e-08,
    -2.1045480600564513e-08,
    -1.075494826952979e-09,
    -8.379286228024807e-09,
    -1.7942207762888614e-08,
    -1.9234281975067204e-08,
    -2.022141837881398e-08,
    -1.5427533655823833e-08,
    -1.8179915261679716e-08,
    -1.931346384331297e-08,
    -1.5332123097819286e-08,
    -2.0395623731970088e-08,
    -1.6960489152865626e-08,
    -2.1449732995405794e-08,
    -8.829590864483959e-09,
    -2.3476220822798827e-08,
    -1.7014362916269406e-08,
    -3.21568912799157e-08,
    -2.5308365219863195e-08,
    -2.5162041244346917e-08,
    -1.3634254156110352e-08,
    -2.1537887328239552e-08,
    -1.6217971405095116e-08,
    -1.4009421029971885e-08,
    -8.928916244391994e-09,
    -3.3053561055097556e-09,
    -5.9538019600421055e-09,
    -1.118692343857941e-09,
    -3.2787161771876656e-08,
    -1.5005859986621542e-08,
    -1.412270847253967e-08,
    -1.3048239650685316e-08,
    -2.2692814610854344e-09,
    -2.3847432140295477e-08,
    -1.3571217071572315e-08,
    -1.365382305471231e-09,
    -0.016567811241870418,
    -3.9823823095741975e-07,
    -4.8225882810635816e-08,
    -1.0318829341909006e-05,
    -3.0957976930103165e-06,
    -1.240719420135043e-06,
    -5.632065916441634e-08,
    -1.9346111367869915e-07,
    -1.681729721146306e-06,
    -5.913860813746109e-08,
    -1.1509725846090247e-06,
    -1.403847052859372e-06,
    -5.494945995431955e-07,
    -2.8183733481353253e-07,
    -0.01672442585131374,
    -5.1920357770435045e-06,
    -6.085940966177611e-08,
    -3.084791047811697e-06,
    -2.2624504449687845e-07,
    -0.003069731362659665,
    -8.340823112212629e-07,
    -2.1624543572731935e-06,
    2.025860935720846e-07,
    1.5839214691647264e-07,
    2.8491553409016945e-07,
    3.500591703444358e-07,
    2.083078262028264e-07,
    3.49805101114822e-08,
    1.8006499074436823e-06,
    1.1560141003076062e-07,
    5.012273067152858e-07,
    0.00018118312349451465,
    2.2782693352706367e-07,
    7.675865285332931e-07,
    1.0045107878209049e-06,
    2.913197161747815e-07,
    4.863979051866232e-08,
    2.954023129914329e-06,
    5.518646451136299e-07,
    8.815364422067368e-07,
    0.008267264030704673,
    0.025431134268084347
  ],
  "val_sse_masked": 0.009221786633133888,
  "val_nrmse_masked": 0.2613891661167145,
  "val_mse_masked": 0.000307392911054194,
  "val_r2_masked": 0.9316529035568237,
  "val_sse_full": 0.009197520092129707,
  "val_nrmse_full": 0.26104503870010376,
  "val_mse_full": 0.00030658402829431,
  "val_r2_full": 0.9318327903747559,
  "iteration": 323,
  "p_lo_eff": 0.12967753410339355,
  "p_hi_eff": 1.9451630115509033,
  "f_lo_eff": 0.20659340918064117,
  "f_hi_eff": 1.6527472734451294
}