{
  "tag": "460_ef6b9d0e",
  "lmb1": 6.867802712974886e-05,
  "lmb2": 1.4261999952222142e-07,
  "nonzero_count": 46,
  "complexity_norm": 0.3709677419354839,
  "train_gen_window": 0.03233615572717368,
  "generalizability": 0.02877475221968783,
  "equation": "0.11603 E^{0.5} n P^{-0.5} + 9.9214 \\cdot 10^{-5} F dT_{i} - 0.0035551 P^{-1} F dT_{e} - 3.9811 \\cdot 10^{-6} P^{-1} F dT_{i} - 0.00010646 P^{-1} F dn + 9.3652 \\cdot 10^{-5} P dn - 0.020018 T_{e}^{0.5} P^{-1} dn - 0.018536 T_{e}^{0.5} T_{i}^{0.5} F dn - 2.781 \\cdot 10^{-7} T_{e}^{0.5} T_{i}^{0.5} P^{-1} dT_{i} + 0.0016342 T_{e}^{0.5} T_{i}^{0.5} P^{-1} dn + 0.00040072 T_{e}^{0.5} T_{i}^{0.5} P dn - 0.00017305 T_{e}^{0.5} T_{i}^{0.5} dn - 0.00033651 T_{e}^{0.5} dn + 0.00041582 T_{e} P^{-1} dn + 2.0573 \\cdot 10^{-6} T_{e} P dT_{i} - 8.2446 \\cdot 10^{-5} T_{e} dT_{e} - 0.050026 T_{e} dn + 0.00011576 T_{i}^{0.5} F dT_{e} - 0.00030162 T_{i}^{0.5} F dn + 0.00045954 T_{i}^{0.5} P^{-1} dT_{e} - 4.3702 \\cdot 10^{-7} T_{i}^{0.5} P^{-1} dT_{i} - 0.0003487 T_{i}^{0.5} P^{-1} dn + 0.0070276 T_{i}^{0.5} P dn + 1.9745 \\cdot 10^{-5} T_{i} F dT_{e} + 6.0809 \\cdot 10^{-6} T_{i} P^{-1} dT_{e} + 0.0023397 T_{i} P^{-1} dn + 8.6245 \\cdot 10^{-6} T_{i} P dT_{e} + 0.0076356 T_{i} P dn - 0.017256 n^{-1} F dn + 0.0032413 n^{-1} P^{-1} dn + 0.00027895 n^{-1} T_{e}^{0.5} dn + 0.00060909 n^{-1} T_{e} dn - 3.1458 \\cdot 10^{-5} n^{-1} T_{i} dn + 0.00057389 n^{-1} dn - 0.044189 n E^{0.5} - 0.024656 n E^{0.5} T_{e}^{0.5} P^{-1} + 0.0048177 n E^{0.5} T_{e}^{0.5} T_{i} - 0.018823 n E^{0.5} T_{i}^{0.5} F - 0.0011636 n E^{0.5} T_{i}^{0.5} P + 0.0013847 n E^{0.5} T_{i} + 0.015948 n E P^{-1} - 0.00056591 n E P + 0.01753 n E T_{e}^{0.5} + 0.014896 n E T_{e}^{0.5} T_{i}^{0.5} + 0.0033917 n E T_{i}^{0.5} + 0.00030208 n E T_{i}",
  "coefficients": [
    0.08853770679733886,
    0.00741842048416865,
    0.0008599596187631834,
    -0.008782536457462785,
    -2.2438352620876913e-05,
    -0.0005910527547189401,
    0.0004280564211670309,
    -1.1818242432899162e-05,
    0.0010022168032400778,
    -0.00014115000869410356,
    -4.611999877715891e-05,
    0.0015610406221214415,
    7.343893107418129e-05,
    -0.00019498764480683055,
    -1.5096613776095933e-05,
    5.738108439837147e-05,
    -1.1347793599014674e-05,
    -0.00015425740138239822,
    -1.0982655979250842e-05,
    -1.8068706935187103e-05,
    7.411199710354659e-05,
    -8.853453490802912e-06,
    -6.522377015128766e-05,
    2.0455613250357227e-05,
    0.00019470520601657236,
    -2.676004042068044e-06,
    3.2805498213794705e-05,
    -0.003850295444272815,
    -4.694999793456833e-05,
    6.8361143373124996e-06,
    0.0026144574287960357,
    3.874701480889358e-05,
    0.00013838256454344256,
    0.00014718716127987993,
    4.195257190078626e-05,
    0.00010160911261860773,
    0.0001528332024002489,
    5.0870227735502784e-06,
    -1.4153229700704825e-05,
    3.315338810168309e-05,
    2.663687153207468e-06,
    4.156690060870335e-06,
    -0.00012019664282387785,
    -2.4344295144634606e-05,
    -6.115882016653414e-06,
    -0.0001345628717105558,
    -3.0924639800954035e-05,
    0.00010836133150582403,
    -0.0003738914390174692,
    -6.480574173176618e-05,
    -0.0003694793663309506,
    0.009177438228052956,
    0.00364904689028142,
    -4.2686473124303194e-05,
    0.011425212151811165,
    -0.01804435954739535,
    -0.0002218818264513701,
    -5.219462483530406e-05,
    0.002016561509670669,
    -0.00013232208776661823,
    -0.022017707579312016,
    0.000499858935993605,
    -5.387491797206089e-05,
    0.0004341886042196294,
    -0.031797436492722576,
    -7.12570077008936e-05,
    -3.3286490937426325e-05,
    2.034956416010488e-05,
    -0.024391929430483482,
    9.849977017229456e-06,
    1.4522479538911551e-05,
    -0.018702763555390512,
    -0.0012068413127229124,
    0.0009718024130609213,
    -0.021822918826295792,
    3.052071101769971e-05,
    0.0032936192607501795,
    -6.992059694023111e-05,
    3.605324965205046e-05,
    0.007613509932082103,
    -1.9425348940184552e-05,
    -0.000343769919472485,
    0.001415135543369104,
    0.00015702585532651194,
    0.006151255465122123,
    0.0060236475767936355,
    0.0569630481919327
  ],
  "val_sse_masked": 0.00047499622451141477,
  "val_nrmse_masked": 0.0593232735991478,
  "val_mse_masked": 1.5833207726245746e-05,
  "val_r2_masked": 0.9964795708656311,
  "val_sse_full": 0.00046503994963131845,
  "val_nrmse_full": 0.05869825556874275,
  "val_mse_full": 1.5501333109568805e-05,
  "val_r2_full": 0.996553361415863,
  "iteration": 460,
  "p_lo_eff": 0.12967753410339355,
  "p_hi_eff": 1.9451630115509033,
  "f_lo_eff": 0.20659340918064117,
  "f_hi_eff": 1.6527472734451294
}