{
  "tag": "474_92826ea0",
  "lmb1": 8.965445951645052e-05,
  "lmb2": 0.0017813789431030498,
  "nonzero_count": 42,
  "complexity_norm": 0.3387096774193548,
  "train_gen_window": 0.04853175370930148,
  "generalizability": 0.035592503388252546,
  "equation": "0.058581 E^{0.5} n P^{-0.5} + 0.00027749 F dT_{i} - 0.0032824 P^{-1} F dT_{e} - 9.4733 \\cdot 10^{-5} P^{-1} F dT_{i} - 0.0029978 P^{-1} F dn + 0.00015337 P dn - 0.00036279 T_{e}^{0.5} F dn - 0.014439 T_{e}^{0.5} P^{-1} dn - 0.0065639 T_{e}^{0.5} T_{i}^{0.5} F dn - 3.7837 \\cdot 10^{-7} T_{e}^{0.5} T_{i}^{0.5} P^{-1} dT_{i} + 0.00011257 T_{e}^{0.5} T_{i}^{0.5} P^{-1} dn + 0.00094608 T_{e}^{0.5} T_{i}^{0.5} P dn - 0.0010557 T_{e}^{0.5} T_{i}^{0.5} dn - 0.01343 T_{e}^{0.5} dn - 0.0017193 T_{e} F dn - 0.026064 T_{e} dn + 0.00018855 T_{i}^{0.5} F dT_{e} - 0.0034614 T_{i}^{0.5} F dn + 0.00021867 T_{i}^{0.5} P^{-1} dT_{e} - 7.6198 \\cdot 10^{-7} T_{i}^{0.5} P^{-1} dT_{i} - 0.0049527 T_{i}^{0.5} P^{-1} dn + 0.0034942 T_{i}^{0.5} P dn + 0.00015663 T_{i}^{0.5} dT_{e} + 5.6021 \\cdot 10^{-6} T_{i} P^{-1} dT_{e} + 0.0027524 T_{i} P^{-1} dn + 2.0726 \\cdot 10^{-5} T_{i} P dT_{e} + 0.0071423 T_{i} P dn - 0.022638 n^{-1} F dn + 0.0030631 n^{-1} P^{-1} dn + 0.00089074 n^{-1} T_{e}^{0.5} dn + 0.00037873 n^{-1} T_{e} dn + 0.0022601 n^{-1} dn - 0.01014 n E^{0.5} T_{e}^{0.5} P^{-1} + 0.0045173 n E^{0.5} T_{e}^{0.5} T_{i} - 0.0089633 n E^{0.5} T_{i}^{0.5} F - 0.015303 n E^{0.5} T_{i}^{0.5} P + 0.0012742 n E^{0.5} T_{i} + 0.0046669 n E P^{-1} - 0.00093954 n E P + 0.029047 n E T_{e}^{0.5} + 0.018126 n E T_{e}^{0.5} T_{i}^{0.5} + 0.012012 n E T_{i}^{0.5}",
  "coefficients": [
    0.0885377065519623,
    0.007010687501318311,
    0.0033867296398905457,
    -0.011521333379350537,
    9.622858009528911e-06,
    -3.3230826136851534e-05,
    0.0013668486086390644,
    1.2257954969224007e-05,
    0.0006231759495990799,
    -0.0033587398585351856,
    -3.305162756211205e-05,
    0.0043659904546603946,
    1.5909354103911696e-05,
    -0.000339981209444421,
    -2.613863043329005e-05,
    1.0086753106491033e-05,
    -2.3744164705130155e-05,
    -0.0002098698990107872,
    -2.0789750686573725e-05,
    -2.204205189360294e-05,
    1.5545303831102907e-05,
    -2.0892253999858875e-05,
    -2.7532073601454992e-05,
    2.6786118033427708e-05,
    4.5104005634247226e-05,
    -1.504314316919188e-05,
    4.258795596631711e-05,
    -0.003554880134290237,
    6.756235818670565e-05,
    7.35348120917095e-05,
    0.0012440617767174584,
    0.0006001837851862756,
    0.00022540036049476574,
    0.000135598113612793,
    9.089809997552773e-05,
    9.269121819111918e-05,
    0.0003672838930697532,
    1.4897434465009653e-05,
    2.986668333525813e-05,
    4.805557283026406e-05,
    7.015515748477454e-05,
    2.2308867389644475e-05,
    1.6211302619093502e-05,
    1.5263761482052994e-05,
    -2.815455234047113e-07,
    -0.0037892016858673094,
    -9.083135275378914e-05,
    0.00017746289458778712,
    -0.005310499740387231,
    -7.098292551531158e-05,
    -0.004240178469010661,
    0.004563186185673174,
    0.004292832909837264,
    -9.847255991370048e-06,
    0.01068704769087293,
    -0.013015296265555545,
    -0.008855311215738829,
    -0.0003750690688984993,
    0.00013890914338793482,
    -0.0008071837630230383,
    -0.00779674050238522,
    0.001180140420677929,
    -2.4187660333181802e-05,
    7.93330675407992e-05,
    -0.01656691373864515,
    -0.0017223693090095942,
    -2.5172997595056803e-05,
    4.565382328370887e-05,
    -6.932695512062374e-05,
    1.1809231360148713e-05,
    2.5469048534924892e-05,
    -0.008906010139249064,
    -0.01587167288641029,
    0.0008942513792221859,
    -0.008975157182714216,
    5.8863309294721794e-05,
    0.003088275523612767,
    -1.0408517309566517e-05,
    8.56500574773175e-05,
    0.0022279166138515607,
    -1.9295405752938966e-05,
    -0.00057073423344289,
    0.00501166661640294,
    9.085278920384761e-05,
    0.01019277738897145,
    0.007329928901450612,
    0.028760516534541973
  ],
  "val_sse_masked": 0.000628356181550771,
  "val_nrmse_masked": 0.06823120266199112,
  "val_mse_masked": 2.094520823447965e-05,
  "val_r2_masked": 0.9953429698944092,
  "val_sse_full": 0.0006234971806406975,
  "val_nrmse_full": 0.06796687841415405,
  "val_mse_full": 2.0783239961019717e-05,
  "val_r2_full": 0.9953789710998535,
  "iteration": 474,
  "p_lo_eff": 0.12967753410339355,
  "p_hi_eff": 1.9451630115509033,
  "f_lo_eff": 0.20659340918064117,
  "f_hi_eff": 1.6527472734451294
}