{
  "tag": "10_9188f1dd",
  "lmb1": 0.0012659243367339464,
  "lmb2": 2.2131869439197117e-07,
  "nonzero_count": 14,
  "complexity_norm": 0.11290322580645161,
  "train_gen_window": 0.07704642698055975,
  "generalizability": 0.07714380446636449,
  "equation": "0.061119 E^{0.5} n P^{-0.5} - 0.0038855 P^{-1} F dT_{e} - 6.7026 \\cdot 10^{-5} P^{-1} F dT_{i} - 0.0019193 P^{-1} F dn - 0.00044031 T_{e}^{0.5} T_{i}^{0.5} F dn - 0.0086592 T_{e}^{0.5} T_{i}^{0.5} dn - 0.044931 T_{e} dn - 0.011257 T_{i}^{0.5} P^{-1} dn + 0.00089624 T_{i} P dn + 0.00030748 n^{-1} P^{-1} dn + 0.0068329 n E^{0.5} T_{e}^{0.5} T_{i} - 0.019401 n E^{0.5} T_{i}^{0.5} P + 0.00019316 n E^{0.5} T_{i} + 0.032837 n E T_{e}^{0.5} T_{i}^{0.5}",
  "coefficients": [
    0.08853770426684399,
    0.0007037334679116762,
    2.6933814111085174e-05,
    -3.3455282768690694e-06,
    6.742312077975459e-05,
    1.2984635887003702e-05,
    1.0355214411376134e-05,
    1.3379725301994524e-05,
    6.152831207326814e-06,
    -0.002376392279582146,
    -3.7450899242690696e-06,
    -3.418346270458408e-07,
    -3.1558495872401863e-06,
    -2.6039722191128757e-06,
    -3.8088919323108255e-06,
    -7.391896534727422e-06,
    -2.60775614071398e-06,
    -2.444928173842654e-06,
    -3.4588489505042045e-06,
    -2.192781386524644e-06,
    -6.646503635806376e-06,
    -3.234873112006163e-06,
    -2.9613158503850544e-06,
    -1.1127662196523063e-06,
    -7.818033201323632e-06,
    -3.0287320182380436e-06,
    -2.2804553490853946e-06,
    -0.004208076821529617,
    -3.7578473783113803e-07,
    -1.712030246172722e-07,
    -5.778702103891265e-07,
    5.241205008982016e-07,
    7.213055643637698e-08,
    4.62466018323567e-07,
    1.575359950519341e-06,
    7.693223277759292e-07,
    1.5645347696047267e-06,
    -2.420992961663683e-06,
    -2.4817734215713116e-07,
    1.161438319903919e-07,
    3.227306661115023e-07,
    1.7334082886407057e-06,
    1.447726988263731e-07,
    9.80460217672641e-07,
    1.8631027757463036e-06,
    -0.0024259809364886678,
    -5.691620124975695e-06,
    4.292370110816495e-05,
    -0.01207057252716109,
    -2.0090529042421883e-05,
    -3.2007759787830484e-05,
    2.6043342545461686e-05,
    -2.1813480580215445e-06,
    -8.638427771721373e-06,
    0.001341051891991692,
    -9.357841278229641e-06,
    -2.384681402697653e-05,
    -7.74914374745189e-06,
    -2.51779855817257e-06,
    -0.006621030972671023,
    -0.0005230019557135099,
    1.1592890178485397e-05,
    -1.1491891358753469e-05,
    -1.152925757480195e-06,
    -0.02855910739815599,
    -9.968424874213716e-06,
    -1.094636275509999e-05,
    1.914491846049055e-07,
    1.5154479121892897e-06,
    1.235741875698978e-06,
    5.980287376362059e-06,
    1.5506706317356129e-06,
    -0.020122747421349486,
    0.0001355545423205208,
    -2.2070622619814226e-06,
    7.170617618922787e-06,
    0.004671352204065663,
    1.7291457593935783e-06,
    7.103529521677667e-06,
    5.166839986780449e-06,
    3.0229759332289453e-06,
    -1.1846387860838417e-05,
    6.098496356357407e-05,
    7.496578998345462e-06,
    1.4786194482899597e-05,
    0.013278674288635696,
    0.03000645665675074
  ],
  "val_sse_masked": 0.0014097752282395959,
  "val_nrmse_masked": 0.1022009626030922,
  "val_mse_masked": 4.6992510760901496e-05,
  "val_r2_masked": 0.9895514845848083,
  "val_sse_full": 0.0013614053605124354,
  "val_nrmse_full": 0.1004323810338974,
  "val_mse_full": 4.538018038147129e-05,
  "val_r2_full": 0.9899099469184875,
  "iteration": 10,
  "p_lo_eff": 0.12967753410339355,
  "p_hi_eff": 1.9451630115509033,
  "f_lo_eff": 0.20659340918064117,
  "f_hi_eff": 1.6527472734451294
}