{
  "tag": "470_87edd001",
  "lmb1": 0.00010061343173150517,
  "lmb2": 5.897783611134002e-06,
  "nonzero_count": 36,
  "complexity_norm": 0.2903225806451613,
  "train_gen_window": 0.03994445139177757,
  "generalizability": 0.03307739527667352,
  "equation": "0.082838 E^{0.5} n P^{-0.5} + 0.00012245 F dT_{i} - 0.0041246 P^{-1} F dT_{e} - 4.4727 \\cdot 10^{-5} P^{-1} F dT_{i} - 0.00066483 P^{-1} F dn + 0.0001173 P dn - 0.022771 T_{e}^{0.5} P^{-1} dn - 0.017053 T_{e}^{0.5} T_{i}^{0.5} F dn + 0.00017055 T_{e}^{0.5} T_{i}^{0.5} P^{-1} dn + 0.00016837 T_{e}^{0.5} T_{i}^{0.5} P dn - 0.0001909 T_{e}^{0.5} dn + 1.0593 \\cdot 10^{-6} T_{e} P dT_{i} - 0.036294 T_{e} dn + 0.0001536 T_{i}^{0.5} F dT_{e} - 0.00021921 T_{i}^{0.5} F dn + 0.00038895 T_{i}^{0.5} P^{-1} dT_{e} - 0.00012812 T_{i}^{0.5} P^{-1} dn + 0.00081827 T_{i}^{0.5} P dn + 6.5897 \\cdot 10^{-6} T_{i} P^{-1} dT_{e} + 0.0019486 T_{i} P^{-1} dn + 0.009338 T_{i} P dn - 0.020447 n^{-1} F dn + 0.0033789 n^{-1} P^{-1} dn + 0.0001185 n^{-1} T_{e}^{0.5} dn + 7.9262 \\cdot 10^{-5} n^{-1} T_{e} dn + 0.0016844 n^{-1} dn - 0.0014026 n E^{0.5} - 0.016918 n E^{0.5} T_{e}^{0.5} P^{-1} + 0.00014694 n E^{0.5} T_{e}^{0.5} T_{i} - 0.015796 n E^{0.5} T_{i}^{0.5} F - 0.013527 n E^{0.5} T_{i}^{0.5} P + 0.0051963 n E P^{-1} + 0.0041282 n E T_{e}^{0.5} + 0.042374 n E T_{e}^{0.5} T_{i}^{0.5} + 0.0024921 n E T_{i}^{0.5} + 0.00020129 n E T_{i}",
  "coefficients": [
    0.08853770633317443,
    0.007733309086046242,
    0.002524065266689892,
    -0.010406229699288042,
    -4.214568686881532e-06,
    -7.851274499316928e-05,
    0.00018183663779472757,
    -1.6854761234798163e-06,
    0.0001304190436901554,
    -0.0015857810456669102,
    -8.708964512596739e-06,
    0.001926649843329852,
    3.546310733055035e-05,
    -5.987216774768449e-05,
    -1.3950649047887267e-06,
    4.634864167728028e-05,
    -3.833057976100614e-06,
    -5.262375951228454e-05,
    1.9070243057214308e-07,
    -5.898324259394363e-06,
    5.8530539992968604e-05,
    8.502730332077137e-07,
    -6.5067135616564025e-06,
    2.030052905818771e-05,
    0.0001002568999605724,
    2.9579102594190477e-06,
    2.491323864133742e-05,
    -0.0044669808394007205,
    3.943887325360255e-06,
    3.179694147876038e-05,
    0.002212888972245667,
    7.080036517626282e-05,
    0.00018362368429480916,
    0.0001595045476831264,
    4.05181976190837e-05,
    9.853192332069118e-05,
    3.8383215260110425e-05,
    7.784038783411702e-06,
    1.1808995922406131e-05,
    3.834795709394972e-05,
    6.800691082797741e-06,
    1.0845578262637568e-05,
    -7.948409502745436e-06,
    3.079342138711326e-06,
    -7.410161617093269e-06,
    -0.000840348723307578,
    -2.751196929747052e-05,
    0.0001357289327106927,
    -0.00013737130594941252,
    -4.1002730500347913e-05,
    -0.0002685335090601999,
    0.0010685930340477317,
    0.0030391176584665448,
    -2.8256419049698213e-05,
    0.013972606193616363,
    -0.02052614581556663,
    -0.00012587365526030202,
    -4.521754842767719e-05,
    0.00021045683575587014,
    -8.689905306769573e-05,
    -0.020255623795049835,
    0.0002100255582867037,
    -3.62026918751311e-05,
    9.29104095246548e-05,
    -0.023069380295690754,
    -5.888845437678951e-05,
    -2.4523401415330716e-05,
    1.6495000075684224e-05,
    -0.0007742089051473361,
    2.4258763520549137e-06,
    3.5005716264605557e-06,
    -0.01569480062901486,
    -0.014030589034768092,
    8.942418002240055e-05,
    -0.014974016667533946,
    1.1777534457133934e-05,
    0.00010045582568100925,
    -4.972363699929103e-05,
    1.4227732590019096e-05,
    0.002480646919294006,
    -5.764866162308531e-06,
    -7.90254398401683e-05,
    0.0010397799333229777,
    0.00010463182049161086,
    0.0014486194858950232,
    0.017135288361984906,
    0.04066941063530298
  ],
  "val_sse_masked": 0.000593986245803535,
  "val_nrmse_masked": 0.0663389042019844,
  "val_mse_masked": 1.9799543224507943e-05,
  "val_r2_masked": 0.9955976605415344,
  "val_sse_full": 0.0005837989738211036,
  "val_nrmse_full": 0.0657675638794899,
  "val_mse_full": 1.9459967006696388e-05,
  "val_r2_full": 0.9956731796264648,
  "iteration": 470,
  "p_lo_eff": 0.12967753410339355,
  "p_hi_eff": 1.9451630115509033,
  "f_lo_eff": 0.20659340918064117,
  "f_hi_eff": 1.6527472734451294
}