{
  "tag": "424_bf2f6499",
  "lmb1": 1.8095884266594073e-05,
  "lmb2": 0.0018552761719310008,
  "nonzero_count": 75,
  "complexity_norm": 0.6048387096774194,
  "train_gen_window": 0.03404079885416053,
  "generalizability": 0.031611408647531494,
  "equation": "0.05602 E^{0.5} n P^{-0.5} - 0.00074912 F dT_{e} + 0.0007867 F dT_{i} - 0.0013231 F dn - 0.0027161 P^{-1} F dT_{e} - 5.7648 \\cdot 10^{-5} P^{-1} F dT_{i} - 0.0028526 P^{-1} F dn - 3.4029 \\cdot 10^{-5} P F dT_{i} - 0.00097658 T_{e}^{0.5} F dT_{e} - 0.0041955 T_{e}^{0.5} F dn + 6.8197 \\cdot 10^{-5} T_{e}^{0.5} P^{-1} dT_{e} - 0.018319 T_{e}^{0.5} P^{-1} dn + 0.00013266 T_{e}^{0.5} T_{i}^{0.5} F dT_{e} - 0.006336 T_{e}^{0.5} T_{i}^{0.5} F dn - 5.1238 \\cdot 10^{-6} T_{e}^{0.5} T_{i}^{0.5} P^{-1} dT_{i} + 0.0055098 T_{e}^{0.5} T_{i}^{0.5} P^{-1} dn + 0.00014336 T_{e}^{0.5} T_{i}^{0.5} P dT_{e} + 5.4713 \\cdot 10^{-7} T_{e}^{0.5} T_{i}^{0.5} P dT_{i} + 0.0024879 T_{e}^{0.5} T_{i}^{0.5} P dn - 0.0023216 T_{e}^{0.5} T_{i}^{0.5} dn - 3.4003 \\cdot 10^{-5} T_{e}^{0.5} T_{i} dT_{e} + 7.3091 \\cdot 10^{-8} T_{e}^{0.5} T_{i} dT_{i} + 0.00098279 T_{e}^{0.5} T_{i} dn - 0.015232 T_{e}^{0.5} dn + 2.864 \\cdot 10^{-5} T_{e} F dT_{i} - 0.0060248 T_{e} F dn + 0.0075827 T_{e} P^{-1} dn + 5.5192 \\cdot 10^{-6} T_{e} P dT_{i} - 5.4486 \\cdot 10^{-5} T_{e} T_{i}^{0.5} dT_{e} - 0.00014973 T_{e} T_{i} dT_{e} + 1.1863 \\cdot 10^{-7} T_{e} T_{i} dT_{i} + 0.00033501 T_{e} T_{i} dn - 0.00051819 T_{e} dT_{e} - 3.2438 \\cdot 10^{-5} T_{e} dT_{i} - 0.022659 T_{e} dn + 0.00038689 T_{i}^{0.5} F dT_{e} - 0.0041738 T_{i}^{0.5} F dn + 0.0009901 T_{i}^{0.5} P^{-1} dT_{e} - 7.1411 \\cdot 10^{-6} T_{i}^{0.5} P^{-1} dT_{i} - 0.01269 T_{i}^{0.5} P^{-1} dn + 0.0027334 T_{i}^{0.5} P dn + 3.1132 \\cdot 10^{-5} T_{i}^{0.5} dT_{e} - 0.00015889 T_{i}^{0.5} dn + 2.1483 \\cdot 10^{-5} T_{i} F dT_{e} + 2.1301 \\cdot 10^{-7} T_{i} F dT_{i} + 2.0008 \\cdot 10^{-5} T_{i} P^{-1} dT_{e} + 0.0051942 T_{i} P^{-1} dn + 0.00017444 T_{i} P dT_{e} + 0.0079371 T_{i} P dn + 0.003903 T_{i} dn - 0.00027041 dT_{e} - 5.6286 \\cdot 10^{-5} dT_{i} - 0.024566 n^{-1} F dn + 0.0035056 n^{-1} P^{-1} dn + 0.0013294 n^{-1} T_{e}^{0.5} dn + 0.0018557 n^{-1} T_{e} dn - 0.00015483 n^{-1} T_{i} dn + 0.00093036 n^{-1} dn - 0.01451 n E^{0.5} + 0.0070503 n E^{0.5} P^{-1} - 0.016362 n E^{0.5} T_{e}^{0.5} P^{-1} + 0.0024394 n E^{0.5} T_{e}^{0.5} T_{i}^{0.5} + 0.0098623 n E^{0.5} T_{e}^{0.5} T_{i} - 0.00035808 n E^{0.5} T_{e} + 0.0066899 n E^{0.5} T_{e} T_{i}^{0.5} - 0.016136 n E^{0.5} T_{i}^{0.5} F + 0.0011454 n E^{0.5} T_{i}^{0.5} P^{-1} - 0.0099608 n E^{0.5} T_{i}^{0.5} P + 0.0058006 n E^{0.5} T_{i} - 0.0063352 n E F + 0.012983 n E P^{-1} - 0.0019976 n E P + 0.030771 n E T_{e}^{0.5} + 0.013019 n E T_{e}^{0.5} T_{i}^{0.5} + 0.0091286 n E T_{i}^{0.5}",
  "coefficients": [
    0.08853770716213222,
    0.008023262045573708,
    0.0013941139114571242,
    -0.012502885761014135,
    -1.424854713203143e-05,
    -0.0029091585695806676,
    0.002039914677556262,
    2.1305845559379757e-05,
    0.0030534629119549983,
    -0.00204388825626273,
    -0.0033804522647017934,
    0.012378023447450105,
    -0.000528666838740125,
    -0.0031862275246446526,
    -4.546477004154349e-06,
    8.433218738215144e-05,
    0.00014663400827009528,
    -0.002842053632519221,
    2.671308223428553e-06,
    -5.35365640052667e-05,
    0.00026802547236953663,
    0.00023265720098024904,
    -0.0028329662519575092,
    0.0006847472537971401,
    0.0005223468688133953,
    0.00045480956649150684,
    5.0319752027246605e-05,
    -0.0029416487344065606,
    -0.0003495076251211372,
    -0.00028209184149097135,
    0.005633001916687233,
    0.00011929471406641358,
    0.0004625108217600704,
    0.0004842961962223593,
    2.35023268587319e-06,
    0.00011054825940026792,
    0.00309122639804674,
    0.00013961172628227465,
    -0.00040614810781231924,
    0.00018039632591752733,
    0.0006314064992452418,
    -0.0006828901048662279,
    -0.0007554560139290119,
    -0.0002658242602465553,
    -0.0035375985988308403,
    -0.003605705769697368,
    -0.0014154882722452122,
    2.144061166374732e-05,
    -0.013606348826309702,
    -0.00012595704609455005,
    -0.005112892241018319,
    0.0035695974647393528,
    0.008101193423395013,
    0.003694563943401457,
    0.011876354744907058,
    -0.016513176614274802,
    -0.010043562831575766,
    -0.004337441035836538,
    0.006798806184821669,
    -0.0017751399176719799,
    -0.007525974911288395,
    0.003103415342284457,
    0.0009099576475801179,
    0.007917766717618357,
    -0.014402291675767762,
    -0.006035354815952337,
    0.0003074102570489388,
    0.005390393293170389,
    -0.008009452265399909,
    0.0010788901989480066,
    9.155872644589227e-05,
    -0.016032847574841996,
    -0.010331268293627072,
    0.004070788603779038,
    -0.014482273624584966,
    0.0014548021265980767,
    0.006742422655055644,
    -0.00018413497196098465,
    0.003879400718667265,
    0.006197929768587341,
    -0.0036166955376994514,
    -0.0012134759657353442,
    0.0038087734351850895,
    -1.825796307553509e-05,
    0.010797756623016637,
    0.005264640967400541,
    0.02750305987394832
  ],
  "val_sse_masked": 0.0004738891148008406,
  "val_nrmse_masked": 0.05925409868359566,
  "val_mse_masked": 1.5796304069226608e-05,
  "val_r2_masked": 0.9964877963066101,
  "val_sse_full": 0.0004745155747514218,
  "val_nrmse_full": 0.05929325520992279,
  "val_mse_full": 1.5817186067579314e-05,
  "val_r2_full": 0.9964831471443176,
  "iteration": 424,
  "p_lo_eff": 0.12967753410339355,
  "p_hi_eff": 1.9451630115509033,
  "f_lo_eff": 0.20659340918064117,
  "f_hi_eff": 1.6527472734451294
}