{
  "tag": "459_0df6dd8c",
  "lmb1": 0.0006045954156992429,
  "lmb2": 1.749548274592158e-05,
  "nonzero_count": 14,
  "complexity_norm": 0.11290322580645161,
  "train_gen_window": 0.052747209033801354,
  "generalizability": 0.054381424029266066,
  "equation": "0.050619 E^{0.5} n P^{-0.5} - 0.0038203 P^{-1} F dT_{e} - 8.07 \\cdot 10^{-5} P^{-1} F dT_{i} - 0.0024342 P^{-1} F dn + 0.00018388 P dn - 0.00015265 T_{e}^{0.5} T_{i}^{0.5} dn - 0.069912 T_{e} dn - 0.0088252 T_{i}^{0.5} P^{-1} dn + 0.0056851 T_{i} P dn + 0.00021818 n^{-1} P^{-1} dn + 0.0098523 n E^{0.5} T_{e}^{0.5} T_{i} - 0.022655 n E^{0.5} T_{i}^{0.5} P + 0.00068509 n E^{0.5} T_{i} + 0.042755 n E T_{e}^{0.5} T_{i}^{0.5}",
  "coefficients": [
    0.08853770302012515,
    0.0004993522091430322,
    2.720332740695363e-06,
    -5.603398724737907e-05,
    9.56433712743416e-07,
    7.910084969088715e-07,
    1.1151167332668443e-06,
    3.789698848430573e-07,
    3.239572049155509e-07,
    -0.0028612042628202656,
    -4.2133578830620845e-07,
    1.806119641083666e-06,
    6.602637491536674e-08,
    -1.3118033648579455e-06,
    -1.40567423411998e-06,
    -1.870025794407839e-06,
    -1.7435535456899747e-06,
    -1.1660586082036658e-06,
    -1.2176250108870613e-06,
    -7.396348983754059e-07,
    -1.6684412800696693e-06,
    -2.037820152250141e-06,
    -1.4595394576527952e-07,
    7.407640089953542e-07,
    -5.418492675496284e-07,
    -1.8341010430219763e-06,
    -2.1385538397252894e-07,
    -0.0041374985907631145,
    2.3434114988705443e-06,
    2.188090367825839e-06,
    1.1861994694760197e-06,
    1.044743350878652e-05,
    3.0469758810443806e-06,
    2.3936391004380158e-06,
    1.8152560396382295e-05,
    3.9044908530517065e-06,
    6.533302877461966e-05,
    -3.0360543923250533e-07,
    2.040336597151848e-06,
    2.9085175118799815e-06,
    1.356456293297981e-05,
    1.6614653753313255e-05,
    5.377560256799818e-06,
    2.4061608367042512e-05,
    1.4397371234411136e-05,
    -0.003076762800874791,
    -2.179275497440601e-06,
    0.00021275928994008168,
    -0.009462662606709681,
    -1.0760964226844895e-05,
    -5.9689866633213714e-06,
    9.006975169112598e-05,
    -8.549604526676572e-07,
    -6.956786160059473e-06,
    0.008506702084762164,
    -7.379759182568894e-06,
    -1.5808576695548268e-05,
    -2.8187179559358476e-06,
    -1.0128578172771139e-06,
    -0.00011672199266842779,
    -8.867682333985666e-06,
    1.2815873488685876e-05,
    -1.2018402544468884e-05,
    -2.2195804443826904e-07,
    -0.044437221471102004,
    -3.3278144013030868e-06,
    -1.3194665558752312e-05,
    -4.464666582710093e-07,
    7.300659733566243e-07,
    3.8295653470076905e-07,
    3.940731840810617e-06,
    7.837974442826003e-08,
    -0.023497376183585626,
    0.000480787447761766,
    -8.503412341342318e-06,
    4.528650355932598e-06,
    0.006735620566499309,
    7.599359726104081e-07,
    4.081586177761918e-06,
    3.418585022222223e-06,
    9.867604767574076e-07,
    -1.036879555135367e-05,
    5.570886574473585e-05,
    5.607728880314138e-06,
    1.1758074824252554e-05,
    0.017289424684474343,
    0.024851357403812988
  ],
  "val_sse_masked": 0.000860503176227212,
  "val_nrmse_masked": 0.0798465758562088,
  "val_mse_masked": 2.8683440177701414e-05,
  "val_r2_masked": 0.9936224222183228,
  "val_sse_full": 0.0008514016517437994,
  "val_nrmse_full": 0.07942318916320801,
  "val_mse_full": 2.838005639205221e-05,
  "val_r2_full": 0.9936898350715637,
  "iteration": 459,
  "p_lo_eff": 0.12967753410339355,
  "p_hi_eff": 1.9451630115509033,
  "f_lo_eff": 0.20659340918064117,
  "f_hi_eff": 1.6527472734451294
}