{
  "tag": "217_f6296cd5",
  "lmb1": 1.8701422220838332e-05,
  "lmb2": 5.879730762648896e-05,
  "nonzero_count": 67,
  "complexity_norm": 0.5403225806451613,
  "train_gen_window": 0.021552057777150736,
  "generalizability": 0.029172335845187986,
  "equation": "0.10648 E^{0.5} n P^{-0.5} - 0.00048974 F dT_{e} + 0.0010657 F dT_{i} - 0.00036275 F dn - 0.0011442 P^{-1} F dT_{e} + 5.0389 \\cdot 10^{-5} P^{-1} F dT_{i} - 0.00033309 P dn - 0.0023308 T_{e}^{0.5} F dT_{e} - 0.00062931 T_{e}^{0.5} F dn - 5.4093 \\cdot 10^{-5} T_{e}^{0.5} P^{-1} dT_{e} - 0.041276 T_{e}^{0.5} P^{-1} dn + 0.0002309 T_{e}^{0.5} T_{i}^{0.5} F dT_{e} - 2.2442 \\cdot 10^{-6} T_{e}^{0.5} T_{i}^{0.5} F dT_{i} - 0.014071 T_{e}^{0.5} T_{i}^{0.5} F dn - 6.0385 \\cdot 10^{-6} T_{e}^{0.5} T_{i}^{0.5} P^{-1} dT_{i} + 0.016916 T_{e}^{0.5} T_{i}^{0.5} P^{-1} dn + 0.00014078 T_{e}^{0.5} T_{i}^{0.5} P dT_{e} + 1.0734 \\cdot 10^{-6} T_{e}^{0.5} T_{i}^{0.5} P dT_{i} + 0.00022087 T_{e}^{0.5} T_{i}^{0.5} P dn - 2.8188 \\cdot 10^{-5} T_{e}^{0.5} T_{i} dT_{e} + 1.1073 \\cdot 10^{-7} T_{e}^{0.5} T_{i} dT_{i} + 0.0015088 T_{e}^{0.5} T_{i} dn - 0.010764 T_{e}^{0.5} dn - 0.0043122 T_{e} F dn + 0.017901 T_{e} P^{-1} dn + 5.3156 \\cdot 10^{-6} T_{e} P dT_{i} - 5.5751 \\cdot 10^{-5} T_{e} T_{i}^{0.5} dT_{e} - 0.00022026 T_{e} T_{i} dT_{e} + 9.7665 \\cdot 10^{-8} T_{e} T_{i} dT_{i} + 0.0022453 T_{e} T_{i} dn - 0.0023993 T_{e} dT_{e} - 0.00012895 T_{e} dT_{i} - 0.044923 T_{e} dn + 0.00086116 T_{i}^{0.5} F dT_{e} - 0.0014276 T_{i}^{0.5} F dn + 0.0015177 T_{i}^{0.5} P^{-1} dT_{e} - 7.1122 \\cdot 10^{-6} T_{i}^{0.5} P^{-1} dT_{i} - 0.010595 T_{i}^{0.5} P^{-1} dn + 6.9907 \\cdot 10^{-7} T_{i}^{0.5} P dT_{i} + 0.00016363 T_{i}^{0.5} P dn + 4.1327 \\cdot 10^{-5} T_{i} F dT_{e} + 4.555 \\cdot 10^{-6} T_{i} P^{-1} dT_{e} + 0.0030049 T_{i} P^{-1} dn + 0.00017505 T_{i} P dT_{e} + 0.012702 T_{i} P dn + 0.0023569 T_{i} dn - 0.00017943 dT_{e} - 5.5717 \\cdot 10^{-5} dT_{i} - 0.010043 n^{-1} F dn + 0.0038983 n^{-1} P^{-1} dn - 7.7201 \\cdot 10^{-5} n^{-1} T_{e}^{0.5} T_{i}^{0.5} dn - 0.00022902 n^{-1} T_{i}^{0.5} dn - 0.00023189 n^{-1} T_{i} dn - 0.072301 n E^{0.5} - 0.023599 n E^{0.5} T_{e}^{0.5} P^{-1} + 0.00050891 n E^{0.5} T_{e}^{0.5} T_{i}^{0.5} + 0.03649 n E^{0.5} T_{e}^{0.5} T_{i} + 0.0044638 n E^{0.5} T_{e} T_{i}^{0.5} - 0.022285 n E^{0.5} T_{i}^{0.5} F + 0.0017734 n E^{0.5} T_{i}^{0.5} P^{-1} + 0.00017911 n E^{0.5} T_{i}^{0.5} P + 0.0057653 n E^{0.5} T_{i} - 0.00048514 n E F + 0.022761 n E P^{-1} - 0.00031225 n E P + 0.026857 n E T_{e}^{0.5} - 0.0077509 n E T_{i}",
  "coefficients": [
    0.08853770858323512,
    0.008922128979577535,
    -8.895156531743643e-05,
    -0.005111140566471023,
    -0.0009736339166453709,
    -0.004356860557625376,
    -6.47776656747321e-05,
    -0.0003744195066270403,
    -1.5832893117279426e-05,
    0.0017865289225230813,
    -0.00334630512873397,
    0.016767674842718187,
    -7.200606688606345e-05,
    -0.003173307094080677,
    3.7267655180521443e-06,
    0.0002949740526742466,
    1.2490629296416122e-05,
    -0.0033493823266620287,
    2.5624765215134988e-05,
    -0.00027020205082011373,
    0.0005258245029946447,
    0.00035245401783150264,
    -0.011261438868790554,
    -4.357212852702878e-05,
    0.0005030790935277918,
    0.0003744379071611116,
    1.1094940553945369e-05,
    -0.0012391589022479966,
    -0.0002319101620258929,
    -0.0001844177664132684,
    0.008634799464042256,
    7.378826472214173e-05,
    0.0010294775858043807,
    0.00011025491332767555,
    -8.404870917234401e-05,
    0.00021266741886138518,
    0.0031020028434755823,
    -0.00011073973550185258,
    -0.0009693500388636687,
    0.0003139991316988829,
    0.0006200576132290147,
    -0.0005661219752837222,
    -0.0034978962047200425,
    -0.00027199652224158336,
    -0.005203890505586637,
    -4.263792852982225e-06,
    -0.00038808679971535443,
    -0.0003854082208177605,
    -0.01136009396355742,
    3.481361201585219e-05,
    -0.0017488384527772985,
    0.0002136919272903413,
    0.00468659413299239,
    0.0022310136739288333,
    0.019006774377960008,
    -0.037206868086704266,
    -0.007097535915529377,
    -0.0006506113530238988,
    0.020873471694959404,
    2.9146958375685203e-06,
    -0.01671361813582231,
    0.00027551000505807974,
    0.0013970116509744556,
    0.018691660737753194,
    -0.028553809220522273,
    -0.004319753993542814,
    0.002060315735548933,
    1.4072705862758499e-05,
    -0.03990944558504021,
    0.0016703704986980872,
    9.856444727952444e-05,
    -0.02214248367931354,
    0.000185767603416402,
    0.004046073792935797,
    -0.020887739021536476,
    0.000303495569359542,
    0.024946297112223927,
    -8.365186314301633e-05,
    0.002588544140332485,
    0.010865827058307945,
    -0.00027696037381224595,
    -0.00018967978313739618,
    2.4160799643807725e-05,
    -0.004029026596317457,
    0.009424243739258813,
    3.080422053633424e-05,
    0.05227636560350737
  ],
  "val_sse_masked": 0.0002973718219436705,
  "val_nrmse_masked": 0.04693858325481415,
  "val_mse_masked": 9.912394489219878e-06,
  "val_r2_masked": 0.9977960586547852,
  "val_sse_full": 0.00029886828269809484,
  "val_nrmse_full": 0.04705653712153435,
  "val_mse_full": 9.962276635633316e-06,
  "val_r2_full": 0.9977849721908569,
  "iteration": 217,
  "p_lo_eff": 0.12967753410339355,
  "p_hi_eff": 1.9451630115509033,
  "f_lo_eff": 0.20659340918064117,
  "f_hi_eff": 1.6527472734451294
}