{
  "tag": "314_5021e2e4",
  "lmb1": 8.419210955949292e-05,
  "lmb2": 1.4700707893932547e-06,
  "nonzero_count": 41,
  "complexity_norm": 0.33064516129032256,
  "train_gen_window": 0.03582192969108205,
  "generalizability": 0.03126748972402277,
  "equation": "0.099691 E^{0.5} n P^{-0.5} + 9.2365 \\cdot 10^{-5} F dT_{i} - 0.0040469 P^{-1} F dT_{e} - 1.9051 \\cdot 10^{-5} P^{-1} F dT_{i} - 0.00020704 P^{-1} F dn + 0.00012286 P dn - 0.021762 T_{e}^{0.5} P^{-1} dn - 0.018506 T_{e}^{0.5} T_{i}^{0.5} F dn + 0.00052579 T_{e}^{0.5} T_{i}^{0.5} P^{-1} dn + 0.00028384 T_{e}^{0.5} T_{i}^{0.5} P dn - 0.00014363 T_{e}^{0.5} T_{i}^{0.5} dn - 0.00024779 T_{e}^{0.5} dn + 0.00018498 T_{e} P^{-1} dn + 2.1684 \\cdot 10^{-6} T_{e} P dT_{i} - 0.041432 T_{e} dn + 0.00010179 T_{i}^{0.5} F dT_{e} - 0.00025633 T_{i}^{0.5} F dn + 0.00046255 T_{i}^{0.5} P^{-1} dT_{e} - 0.00019619 T_{i}^{0.5} P^{-1} dn + 0.0034447 T_{i}^{0.5} P dn + 6.0572 \\cdot 10^{-6} T_{i} P^{-1} dT_{e} + 0.0022631 T_{i} P^{-1} dn + 0.0088638 T_{i} P dn - 0.019749 n^{-1} F dn + 0.0034519 n^{-1} P^{-1} dn + 0.00023082 n^{-1} T_{e}^{0.5} dn + 0.00023672 n^{-1} T_{e} dn - 1.4915 \\cdot 10^{-5} n^{-1} T_{i} dn + 0.0012093 n^{-1} dn - 0.019627 n E^{0.5} - 0.020886 n E^{0.5} T_{e}^{0.5} P^{-1} + 0.00032144 n E^{0.5} T_{e}^{0.5} T_{i} - 0.017677 n E^{0.5} T_{i}^{0.5} F - 0.0074985 n E^{0.5} T_{i}^{0.5} P + 0.00028683 n E^{0.5} T_{i} + 0.010117 n E P^{-1} - 0.00026181 n E P + 0.0046021 n E T_{e}^{0.5} + 0.035116 n E T_{e}^{0.5} T_{i}^{0.5} + 0.002859 n E T_{i}^{0.5} + 0.0002892 n E T_{i}",
  "coefficients": [
    0.08853770655264637,
    0.007900349083673675,
    0.0018121147831344595,
    -0.010051292676116607,
    -1.2698449488900347e-05,
    -0.0002802291254107151,
    0.0003541877592669825,
    -6.625380679026084e-06,
    0.0003895036370079951,
    -0.0006754374687782444,
    -1.9945350929552124e-05,
    0.0014532796574505597,
    5.5316739301191254e-05,
    -8.286480420934204e-05,
    -2.377460392297756e-06,
    6.427180994292377e-05,
    -1.9740641811861006e-06,
    -6.968755473057393e-05,
    1.3870373144272562e-07,
    -7.00580098097797e-06,
    8.437720797936646e-05,
    2.9462449567744404e-06,
    -1.7540288218578694e-05,
    2.0470082525796017e-05,
    0.000205217797229201,
    6.578584435916034e-06,
    2.492858570493899e-05,
    -0.004382836385572446,
    -1.630464316965228e-05,
    1.794486400697617e-05,
    0.002631579716118877,
    3.77826358196036e-05,
    0.00012169146091260932,
    0.00014661347471910856,
    3.5806863100826624e-05,
    9.374108310717286e-05,
    5.7662423227663085e-05,
    3.8658145118958315e-06,
    -9.507917690725056e-07,
    3.054441283367982e-05,
    7.725652815890129e-07,
    4.071795791867972e-06,
    -4.641950609166398e-05,
    -1.2497713320849297e-05,
    -2.0933940971444078e-05,
    -0.00026169271705468614,
    -2.9342482185707586e-05,
    0.000142157207810639,
    -0.00021035898100259056,
    -5.280839026076692e-05,
    -0.00031400120785083556,
    0.004498472542084826,
    0.003529666776901024,
    -3.9645347856354945e-05,
    0.013263002331819033,
    -0.01961642804748627,
    -0.00016338174532570194,
    -4.849821207276131e-05,
    0.0006487990239149883,
    -0.00010982713643636544,
    -0.021981679074560907,
    0.00035406594088128475,
    -4.957019517888848e-05,
    0.00019315603443964053,
    -0.02633457478608998,
    -6.309499959003317e-05,
    -3.1595215602647096e-05,
    1.958318614622472e-05,
    -0.01083416751555286,
    4.142220295194001e-06,
    6.782359961575582e-06,
    -0.017564051754499325,
    -0.007777406109296862,
    0.00020129326032870606,
    -0.018486597428964545,
    1.7546081652853737e-05,
    0.0002197555687797197,
    -6.186230834116153e-05,
    2.0801044079111075e-05,
    0.004829526155905051,
    -1.078561163617319e-05,
    -0.00015904114405355843,
    0.0011928684670010953,
    0.00015032808278468704,
    0.001614924493706282,
    0.0142006102787273,
    0.04894344385379173
  ],
  "val_sse_masked": 0.000538682215847075,
  "val_nrmse_masked": 0.06317516416311264,
  "val_mse_masked": 1.795607568055857e-05,
  "val_r2_masked": 0.9960075616836548,
  "val_sse_full": 0.0005292922141961753,
  "val_nrmse_full": 0.06262212246656418,
  "val_mse_full": 1.764307489793282e-05,
  "val_r2_full": 0.9960771799087524,
  "iteration": 314,
  "p_lo_eff": 0.12967753410339355,
  "p_hi_eff": 1.9451630115509033,
  "f_lo_eff": 0.20659340918064117,
  "f_hi_eff": 1.6527472734451294
}