{
  "tag": "288_bf9b3ce7",
  "lmb1": 0.0004299010347310649,
  "lmb2": 0.00024538836832500426,
  "nonzero_count": 20,
  "complexity_norm": 0.16129032258064516,
  "train_gen_window": 0.053047659799183126,
  "generalizability": 0.05141234043139233,
  "equation": "0.051511 E^{0.5} n P^{-0.5} - 0.0038387 P^{-1} F dT_{e} - 6.4839 \\cdot 10^{-5} P^{-1} F dT_{i} - 0.0029698 P^{-1} F dn + 0.00043586 P dn - 0.00085177 T_{e}^{0.5} T_{i}^{0.5} dn - 0.00015206 T_{e}^{0.5} dn + 2.2418 \\cdot 10^{-5} T_{e} T_{i}^{0.5} dT_{e} - 0.069531 T_{e} dn - 0.0086817 T_{i}^{0.5} P^{-1} dn + 0.00092912 T_{i}^{0.5} P dn + 0.0068779 T_{i} P dn - 0.0025779 n^{-1} F dn + 0.00082744 n^{-1} P^{-1} dn - 0.001254 n E^{0.5} T_{e}^{0.5} P^{-1} + 0.0042846 n E^{0.5} T_{e}^{0.5} T_{i} - 0.021451 n E^{0.5} T_{i}^{0.5} P + 0.0015662 n E^{0.5} T_{i} + 0.047432 n E T_{e}^{0.5} T_{i}^{0.5} + 0.0032901 n E T_{i}^{0.5}",
  "coefficients": [
    0.08853770268373229,
    0.0018937788677717484,
    4.575287535422354e-05,
    -0.0013120126242070398,
    2.229818223122298e-06,
    -1.054553710839464e-06,
    7.436973148768142e-06,
    -5.538167800354983e-07,
    1.813414823083328e-06,
    -0.0022988543721752055,
    1.54306814654997e-06,
    2.2956354125690118e-05,
    4.445212019115272e-06,
    -3.1703619141397e-06,
    -1.2050492906130504e-06,
    -9.02875777889122e-07,
    -3.2191742900501233e-06,
    -2.788796281404542e-06,
    -8.172523180384068e-07,
    -3.5170211343205784e-07,
    -4.7528853094875825e-07,
    -2.8494631993125954e-06,
    2.885833962197267e-06,
    7.726300212919027e-06,
    2.6038872482284466e-06,
    -2.5742809350643627e-06,
    1.243624316454943e-06,
    -0.004157429066152484,
    9.187892727125647e-06,
    1.213579075551243e-05,
    1.112014209090288e-05,
    6.390277947340787e-05,
    2.533608450309064e-05,
    2.815004841313763e-05,
    4.441146166410485e-05,
    3.3733454475417664e-05,
    1.6992800495380793e-05,
    8.105037523540964e-07,
    1.2332352713320304e-05,
    2.2564958609844152e-05,
    2.1897587684459623e-05,
    3.805396281641546e-05,
    3.6785505079342006e-05,
    0.00010937251036619406,
    3.07366732350232e-05,
    -0.003753829412509165,
    -7.344561896414002e-06,
    0.00050432227498981,
    -0.00930878762060058,
    -4.565707976274813e-05,
    -2.047504697617122e-05,
    0.001213361227235058,
    -1.0964621661579604e-06,
    -2.7288725826907838e-05,
    0.010291461413875512,
    -5.8113075984128675e-05,
    -0.00010026417999107169,
    -9.609530008821874e-06,
    -2.136881902802298e-06,
    -0.0006512828676329615,
    -2.924132566029913e-05,
    6.531183806237076e-05,
    -5.7585422778953534e-05,
    -6.601401586862932e-09,
    -0.044194843121559205,
    -1.1137606648379875e-05,
    -8.047766439075482e-05,
    -2.1639117283601355e-06,
    1.532494986636538e-06,
    6.328439786002552e-07,
    1.3252363453365678e-05,
    -2.4434957835933153e-06,
    -0.022248304388991006,
    0.0010991587012243672,
    -0.0011099145974704477,
    1.4804150879934143e-05,
    0.00292918682365104,
    1.6759178692599847e-06,
    1.2577644083282138e-05,
    1.3452872799202895e-05,
    1.993854520076576e-06,
    -4.34971814344008e-05,
    0.0013727436115475325,
    2.6136398006983913e-05,
    6.047904643514872e-05,
    0.019181022155059055,
    0.025289386255306717
  ],
  "val_sse_masked": 0.0008037741645239294,
  "val_nrmse_masked": 0.0771697461605072,
  "val_mse_masked": 2.6792473363457248e-05,
  "val_r2_masked": 0.9940428733825684,
  "val_sse_full": 0.0007846903754398227,
  "val_nrmse_full": 0.07624813169240952,
  "val_mse_full": 2.6156347303185612e-05,
  "val_r2_full": 0.9941842555999756,
  "iteration": 288,
  "p_lo_eff": 0.12967753410339355,
  "p_hi_eff": 1.9451630115509033,
  "f_lo_eff": 0.20659340918064117,
  "f_hi_eff": 1.6527472734451294
}