{
  "tag": "150_5d43bf79",
  "lmb1": 4.367798258873015e-05,
  "lmb2": 5.575257777183618e-08,
  "nonzero_count": 47,
  "complexity_norm": 0.3790322580645161,
  "train_gen_window": 0.02716317143296207,
  "generalizability": 0.0278205721792272,
  "equation": "0.1206 E^{0.5} n P^{-0.5} + 0.00036377 F dT_{i} - 0.0020153 P^{-1} F dT_{e} - 0.00012226 T_{e}^{0.5} F dn - 0.029666 T_{e}^{0.5} P^{-1} dn - 0.017717 T_{e}^{0.5} T_{i}^{0.5} F dn - 2.7424 \\cdot 10^{-6} T_{e}^{0.5} T_{i}^{0.5} P^{-1} dT_{i} + 0.010563 T_{e}^{0.5} T_{i}^{0.5} P^{-1} dn + 3.0595 \\cdot 10^{-7} T_{e}^{0.5} T_{i}^{0.5} P dT_{i} + 0.00055276 T_{e}^{0.5} T_{i}^{0.5} P dn - 0.00041269 T_{e}^{0.5} dn - 0.00017983 T_{e} F dn + 0.0039834 T_{e} P^{-1} dn + 2.5698 \\cdot 10^{-6} T_{e} P dT_{i} - 5.2445 \\cdot 10^{-5} T_{e} T_{i} dT_{e} - 0.00074153 T_{e} dT_{e} - 2.9707 \\cdot 10^{-5} T_{e} dT_{i} - 0.049899 T_{e} dn + 0.00016496 T_{i}^{0.5} F dT_{e} - 0.00036255 T_{i}^{0.5} F dn + 0.00063601 T_{i}^{0.5} P^{-1} dT_{e} - 2.8988 \\cdot 10^{-6} T_{i}^{0.5} P^{-1} dT_{i} - 0.0016097 T_{i}^{0.5} P^{-1} dn + 3.2254 \\cdot 10^{-7} T_{i}^{0.5} P dT_{i} + 0.00071118 T_{i}^{0.5} P dn + 0.0014963 T_{i} P^{-1} dn + 8.914 \\cdot 10^{-5} T_{i} P dT_{e} + 0.012015 T_{i} P dn - 0.00011764 dT_{e} - 4.8815 \\cdot 10^{-6} dT_{i} - 0.013764 n^{-1} F dn + 0.0031345 n^{-1} P^{-1} dn + 9.6894 \\cdot 10^{-5} n^{-1} T_{e}^{0.5} dn + 0.00089084 n^{-1} T_{e} dn - 3.9142 \\cdot 10^{-5} n^{-1} T_{i}^{0.5} dn - 8.6095 \\cdot 10^{-5} n^{-1} T_{i} dn - 0.062194 n E^{0.5} - 0.026914 n E^{0.5} T_{e}^{0.5} P^{-1} + 0.022276 n E^{0.5} T_{e}^{0.5} T_{i} + 0.00017768 n E^{0.5} T_{e} T_{i}^{0.5} - 0.019752 n E^{0.5} T_{i}^{0.5} F + 0.0012345 n E^{0.5} T_{i} + 0.021363 n E P^{-1} - 0.00040965 n E P + 0.026578 n E T_{e}^{0.5} + 0.00045443 n E T_{e}^{0.5} T_{i}^{0.5} + 0.00039022 n E T_{i}^{0.5}",
  "coefficients": [
    0.0885377076626992,
    0.007174073806546934,
    9.720004593115954e-05,
    -0.007005037354621568,
    -0.0001664074634575119,
    -0.0016176207473729473,
    0.00014868461762194372,
    -2.851121649024498e-05,
    0.0014658039970199285,
    3.179394525992145e-05,
    -0.0002931808482075414,
    0.005723543744950705,
    5.792170202915722e-05,
    -0.0012933960356588286,
    -4.361357703730942e-05,
    0.00013609587137814586,
    -4.520206776404617e-06,
    -0.001521129035717976,
    -4.5283769903883085e-05,
    -5.2133737421503435e-05,
    0.00014988018630676057,
    -6.553407487768141e-06,
    -0.002594437487734473,
    5.505061045393311e-06,
    0.00024321367806858066,
    3.1966800895327595e-07,
    6.793428867344134e-05,
    -0.002182598440363377,
    -0.00015204784164981526,
    -1.1310777897644884e-05,
    0.0036184838570795697,
    7.987146529034523e-05,
    0.00019720087372096187,
    1.8405949333639183e-05,
    1.6444418461309387e-05,
    2.546285905662711e-05,
    0.0015796405697518189,
    1.4546478702761674e-05,
    -5.3119524342985e-05,
    3.290142287055601e-05,
    3.198279600230275e-05,
    -5.702836874475517e-05,
    -0.0010810660780998416,
    -8.060100028810902e-05,
    -0.0012390650128346176,
    -6.344687783501479e-05,
    -7.173590281374037e-05,
    8.753527199810581e-05,
    -0.0017260124273482886,
    -3.81148181430751e-05,
    -0.00044411593829307624,
    0.0009287501790488308,
    0.002333703490251083,
    -4.031799134666761e-06,
    0.01797867711173127,
    -0.026741363255686636,
    -0.0002721141483015898,
    -0.00012639452379701173,
    0.013034882101853456,
    -6.88513920581512e-05,
    -0.021043966421076376,
    0.0006895129522645156,
    -5.117795802687283e-06,
    0.004159398023144768,
    -0.03171669316689954,
    -0.00018014812556732844,
    1.8471086403834845e-05,
    1.5052641443574191e-05,
    -0.0343303238845486,
    4.316337167169947e-05,
    2.6509312033579327e-05,
    -0.01962577462740365,
    -9.488006374868931e-05,
    0.0008663807946244262,
    -0.023821307533930906,
    6.507824608559636e-05,
    0.015229196147582096,
    -6.206937353772326e-05,
    0.00010303642435883211,
    0.01019843323220115,
    -4.023320642284732e-05,
    -0.00024884745031851995,
    0.00016281162669384996,
    3.5533875489185515e-05,
    0.009326375878563872,
    0.00018376715106433874,
    0.059206174808081484
  ],
  "val_sse_masked": 0.00037389073986560106,
  "val_nrmse_masked": 0.05263230577111244,
  "val_mse_masked": 1.2463025086617563e-05,
  "val_r2_masked": 0.9972289204597473,
  "val_sse_full": 0.00037688715383410454,
  "val_nrmse_full": 0.05284278839826584,
  "val_mse_full": 1.2562905794766266e-05,
  "val_r2_full": 0.9972066879272461,
  "iteration": 150,
  "p_lo_eff": 0.12967753410339355,
  "p_hi_eff": 1.9451630115509033,
  "f_lo_eff": 0.20659340918064117,
  "f_hi_eff": 1.6527472734451294
}