{
  "tag": "34_1b454380",
  "lmb1": 8.459489580032522e-07,
  "lmb2": 8.024550758917453e-07,
  "nonzero_count": 85,
  "complexity_norm": 0.6854838709677419,
  "train_gen_window": 0.01391084632813586,
  "generalizability": 0.02043207036512649,
  "equation": "0.179 E^{0.5} n P^{-0.5} + 0.0603 F dT_{e} + 0.004655 F dT_{i} + 0.012267 F dn + 0.0012981 P^{-1} F dT_{e} + 9.6906 \\cdot 10^{-5} P^{-1} F dT_{i} + 0.007214 P^{-1} F dn + 0.0019223 P^{-1} dT_{e} - 2.8628 \\cdot 10^{-5} P F dT_{i} - 0.0021509 P dn - 0.11651 T_{e}^{0.5} F dT_{e} + 0.00099298 T_{e}^{0.5} F dn + 0.0043553 T_{e}^{0.5} P^{-1} dT_{e} - 0.063725 T_{e}^{0.5} P^{-1} dn + 0.019105 T_{e}^{0.5} T_{i}^{0.5} F dT_{e} - 8.02 \\cdot 10^{-6} T_{e}^{0.5} T_{i}^{0.5} F dT_{i} - 0.04415 T_{e}^{0.5} T_{i}^{0.5} F dn + 3.1315 \\cdot 10^{-5} T_{e}^{0.5} T_{i}^{0.5} P^{-1} dT_{i} + 0.044007 T_{e}^{0.5} T_{i}^{0.5} P^{-1} dn + 0.0020694 T_{e}^{0.5} T_{i}^{0.5} P dT_{e} + 8.5246 \\cdot 10^{-6} T_{e}^{0.5} T_{i}^{0.5} P dT_{i} + 0.02009 T_{e}^{0.5} T_{i}^{0.5} P dn + 2.5746 \\cdot 10^{-5} T_{e}^{0.5} T_{i}^{0.5} dT_{i} + 0.13676 T_{e}^{0.5} T_{i}^{0.5} dn - 8.3553 \\cdot 10^{-5} T_{e}^{0.5} T_{i} dT_{e} - 1.2137 \\cdot 10^{-6} T_{e}^{0.5} T_{i} dT_{i} + 0.00081323 T_{e}^{0.5} T_{i} dn - 0.13091 T_{e}^{0.5} dn - 0.0020274 T_{e} F dT_{i} - 0.011502 T_{e} F dn + 0.0035983 T_{e} P^{-1} dn + 3.3328 \\cdot 10^{-5} T_{e} P dT_{i} - 0.0045317 T_{e} T_{i}^{0.5} dT_{e} + 0.00072737 T_{e} T_{i} dT_{e} - 4.757 \\cdot 10^{-7} T_{e} T_{i} dT_{i} + 0.003148 T_{e} T_{i} dn - 0.00036497 T_{e} dT_{e} - 2.5247 \\cdot 10^{-5} T_{e} dT_{i} - 0.0023486 T_{e} dn + 0.011762 T_{i}^{0.5} F dT_{e} + 0.00029066 T_{i}^{0.5} F dn + 0.0010378 T_{i}^{0.5} P^{-1} dT_{e} - 5.3917 \\cdot 10^{-6} T_{i}^{0.5} P^{-1} dT_{i} + 0.0092296 T_{i}^{0.5} P^{-1} dn + 5.6845 \\cdot 10^{-7} T_{i}^{0.5} P dT_{i} + 0.010689 T_{i}^{0.5} P dn - 0.00023531 T_{i}^{0.5} dT_{e} + 2.4988 \\cdot 10^{-6} T_{i}^{0.5} dT_{i} - 0.0014363 T_{i}^{0.5} dn - 0.0025255 T_{i} F dT_{e} - 2.7185 \\cdot 10^{-5} T_{i} F dT_{i} - 0.00022323 T_{i} P^{-1} dT_{e} - 0.011062 T_{i} P^{-1} dn - 0.00022613 T_{i} P dT_{e} - 0.010677 T_{i} P dn - 0.00069514 T_{i} dT_{e} - 0.030496 T_{i} dn - 0.0011401 dT_{e} - 0.00074234 dT_{i} + 0.0063003 n^{-1} P^{-1} dn - 0.010047 n^{-1} T_{e}^{0.5} T_{i}^{0.5} dn - 0.0046922 n^{-1} T_{e}^{0.5} dn - 0.0034379 n^{-1} T_{e} dn + 0.0099475 n^{-1} T_{i}^{0.5} dn + 0.00026236 n^{-1} T_{i} dn - 0.0010646 n^{-1} dn - 0.27505 n E^{0.5} - 0.061516 n E^{0.5} P^{-1} - 0.0079842 n E^{0.5} T_{e}^{0.5} P^{-1} - 0.00081317 n E^{0.5} T_{e}^{0.5} T_{i}^{0.5} + 0.052009 n E^{0.5} T_{e}^{0.5} T_{i} - 0.034027 n E^{0.5} T_{e} + 0.002085 n E^{0.5} T_{e} T_{i}^{0.5} + 0.00066206 n E^{0.5} T_{i}^{0.5} - 0.015436 n E^{0.5} T_{i}^{0.5} F + 0.047599 n E^{0.5} T_{i}^{0.5} P^{-1} + 0.019781 n E^{0.5} T_{i}^{0.5} P + 0.13487 n E^{0.5} T_{i} - 0.043299 n E F - 0.019408 n E P^{-1} - 0.0085285 n E P + 0.64251 n E T_{e}^{0.5} - 0.46604 n E T_{e}^{0.5} T_{i}^{0.5} - 0.07441 n E T_{i}^{0.5} + 0.017361 n E T_{i}",
  "coefficients": [
    0.08853771818047551,
    0.014419573337715676,
    -0.0015951932758892363,
    -1.628476714205223e-05,
    0.04229068344104229,
    0.004929513699304609,
    -0.007200261005134294,
    -0.04872781041798603,
    -0.005656856235254635,
    0.0034358022711264754,
    -0.04458408272754841,
    0.07324187826567057,
    -0.00044475862161405576,
    -0.002405650584769564,
    0.0009508887347776194,
    0.0002398605506433978,
    -0.018714453737029287,
    0.01736981455996,
    0.011763005116588381,
    -0.0009655865416209439,
    0.00417604659047946,
    -0.003863502380719707,
    -0.0022049505649638884,
    -0.04847202448153801,
    0.003154214780693656,
    -0.0018237773618970136,
    0.0034277823369316595,
    0.0014059018538738555,
    -0.0014735631519066199,
    0.022706677366544165,
    0.005904618054301457,
    -0.0009016960766651733,
    0.01406092017783662,
    -0.005403291464143705,
    -0.011983131835161864,
    -0.012995902645995554,
    -0.004007277852222721,
    0.008916127223169496,
    -0.0484553059506291,
    0.025980097009171282,
    0.009114600627708459,
    -0.0016780399069282245,
    -0.0005320806980430169,
    -0.022109462738808695,
    0.01718467410239557,
    0.009118487407473333,
    0.013123634083671445,
    -0.002488730910584136,
    0.009896348645208226,
    -0.0011386582401344218,
    0.00035604928640333875,
    0.013958975627222496,
    -0.017252586974558812,
    -0.028867516119608704,
    -0.015976597784761515,
    -0.05744240972915045,
    -0.08631743578046652,
    0.0010265830194076827,
    0.05430284620507106,
    0.1045730671553646,
    -0.05244186189795203,
    0.025059960670817574,
    0.0007529605723225474,
    0.0037572736268599045,
    -0.0014928341754112482,
    -0.011522224156260715,
    0.002888715671509584,
    -0.04703296697782926,
    -0.15182578384991494,
    0.0448342078020837,
    0.0004083863513654035,
    -0.01533691864066194,
    0.0205165798873491,
    0.09465103638540286,
    -0.007066828602667629,
    -0.00048494605052342137,
    0.03555631239239345,
    -0.017497591020501937,
    0.0012090771244190218,
    -0.009265055645664553,
    -0.024718618179809707,
    -0.005180759605334382,
    -0.03104643542703841,
    0.009024223084239778,
    0.22546308993845005,
    -0.1884612182497002,
    0.08787963263437254
  ],
  "val_sse_masked": 0.00014514058420900255,
  "val_nrmse_masked": 0.03279249742627144,
  "val_mse_masked": 4.838019776798319e-06,
  "val_r2_masked": 0.9989243149757385,
  "val_sse_full": 0.00014527305029332638,
  "val_nrmse_full": 0.03280745819211006,
  "val_mse_full": 4.842435373575427e-06,
  "val_r2_full": 0.9989233016967773,
  "iteration": 34,
  "p_lo_eff": 0.12967753410339355,
  "p_hi_eff": 1.9451630115509033,
  "f_lo_eff": 0.20659340918064117,
  "f_hi_eff": 1.6527472734451294
}