{
  "tag": "363_521da8a9",
  "lmb1": 0.00015958252568517453,
  "lmb2": 0.003616498700726743,
  "nonzero_count": 39,
  "complexity_norm": 0.31451612903225806,
  "train_gen_window": 0.05461926749896064,
  "generalizability": 0.04361525342334408,
  "equation": "0.046809 E^{0.5} n P^{-0.5} + 0.00018352 F dT_{i} - 0.0036323 P^{-1} F dT_{e} - 9.809 \\cdot 10^{-5} P^{-1} F dT_{i} - 0.0037892 P^{-1} F dn + 0.00041432 P dn - 0.00019502 T_{e}^{0.5} F dn - 0.011292 T_{e}^{0.5} P^{-1} dn - 0.0030955 T_{e}^{0.5} T_{i}^{0.5} F dn - 2.0088 \\cdot 10^{-7} T_{e}^{0.5} T_{i}^{0.5} P^{-1} dT_{i} + 0.0011421 T_{e}^{0.5} T_{i}^{0.5} P dn - 0.0053978 T_{e}^{0.5} T_{i}^{0.5} dn - 0.017685 T_{e}^{0.5} dn - 0.0006861 T_{e} F dn + 9.6841 \\cdot 10^{-5} T_{e} dT_{e} - 0.026143 T_{e} dn - 0.0013704 T_{i}^{0.5} F dn - 2.4985 \\cdot 10^{-7} T_{i}^{0.5} P^{-1} dT_{i} - 0.0030441 T_{i}^{0.5} P^{-1} dn + 0.0034688 T_{i}^{0.5} P dn + 0.00025264 T_{i}^{0.5} dT_{e} - 0.00033065 T_{i}^{0.5} dn + 0.00017908 T_{i} P^{-1} dn + 0.0065899 T_{i} P dn + 0.00011341 dT_{e} - 0.01936 n^{-1} F dn + 0.0026009 n^{-1} P^{-1} dn + 0.00011791 n^{-1} T_{e}^{0.5} dn + 0.0030038 n^{-1} dn - 0.0050671 n E^{0.5} T_{e}^{0.5} P^{-1} + 0.002207 n E^{0.5} T_{e}^{0.5} T_{i} - 0.00071628 n E^{0.5} T_{i}^{0.5} F - 0.016791 n E^{0.5} T_{i}^{0.5} P + 0.0012892 n E^{0.5} T_{i} + 0.0013128 n E P^{-1} - 0.00185 n E P + 0.029664 n E T_{e}^{0.5} + 0.018887 n E T_{e}^{0.5} T_{i}^{0.5} + 0.016032 n E T_{i}^{0.5}",
  "coefficients": [
    0.08853770612086675,
    0.005952774599346173,
    0.0045011623257708005,
    -0.00985325883966641,
    2.763260818350492e-05,
    6.498393572957586e-06,
    0.00018093219048070054,
    1.737884028787109e-05,
    3.939442237144206e-05,
    -0.0034777674797736562,
    -2.6737106989042966e-06,
    0.0028875566947821666,
    1.986500784427024e-05,
    -0.00011147802564879776,
    -1.2314799326288057e-05,
    3.927809674903429e-06,
    -3.52783098460139e-05,
    -0.00011142263301051731,
    -1.2216230444448025e-05,
    -1.6019932021258382e-05,
    4.788768507538142e-06,
    -2.3043250828816196e-05,
    -2.4196920470026694e-06,
    1.9272274498844002e-05,
    1.7656267194207828e-05,
    -2.332533407644615e-05,
    1.634220844070433e-05,
    -0.003933843552030341,
    0.00014657897668692214,
    6.18675137673948e-05,
    4.692342769138122e-05,
    0.000968100673579988,
    4.401835845485492e-05,
    5.667245356671161e-05,
    8.578704696945756e-05,
    3.8791019448721186e-05,
    4.9131525163460713e-05,
    9.76814112637798e-06,
    3.8019537501988654e-05,
    3.073660425462994e-05,
    6.480917707843305e-05,
    4.972846388559792e-05,
    0.0001411829143121849,
    8.562552880743531e-05,
    3.424139189329979e-05,
    -0.0047895596566327175,
    -6.530640880618808e-05,
    0.0004793985299476451,
    -0.0032639624612671365,
    -0.0002621220018415042,
    -0.0016787024544031746,
    0.004529987296786072,
    0.0002793097221247603,
    -1.1086545276659202e-05,
    0.009860494777861334,
    -0.010178764005684788,
    -0.011660645255193605,
    -0.00020162137435075986,
    1.4049216439026607e-05,
    -0.0041272693832486084,
    -0.003676936439152549,
    0.0014247208926504345,
    -1.7399691756773754e-05,
    7.75863717566009e-06,
    -0.01661713323494532,
    -0.0006873026372113917,
    -1.6079941889016488e-05,
    1.2867156294965406e-05,
    -3.778225757580358e-06,
    4.83414117117987e-06,
    3.392026588432478e-05,
    -0.0007117038971787159,
    -0.017415503207988556,
    0.0009047579698738453,
    -0.004484932819351864,
    6.20206484754831e-05,
    0.001508829387246132,
    4.294952014083548e-06,
    6.787435712370999e-05,
    0.0006267079207865834,
    -2.0525801363544015e-06,
    -0.0011238212349890665,
    0.00668927687037332,
    4.866595828174756e-05,
    0.010409175345267788,
    0.007637661174703886,
    0.02298074465871666
  ],
  "val_sse_masked": 0.0007186789298430085,
  "val_nrmse_masked": 0.07297053188085556,
  "val_mse_masked": 2.395596675341949e-05,
  "val_r2_masked": 0.9946735501289368,
  "val_sse_full": 0.0007134868064895272,
  "val_nrmse_full": 0.07270646840333939,
  "val_mse_full": 2.378289536864031e-05,
  "val_r2_full": 0.9947119951248169,
  "iteration": 363,
  "p_lo_eff": 0.12967753410339355,
  "p_hi_eff": 1.9451630115509033,
  "f_lo_eff": 0.20659340918064117,
  "f_hi_eff": 1.6527472734451294
}