{
  "tag": "348_0f6dc268",
  "lmb1": 0.0007652543086589655,
  "lmb2": 1.2898526116256463e-08,
  "nonzero_count": 16,
  "complexity_norm": 0.12903225806451613,
  "train_gen_window": 0.057414540002497724,
  "generalizability": 0.05963011292186031,
  "equation": "0.053033 E^{0.5} n P^{-0.5} - 0.0038204 P^{-1} F dT_{e} - 7.6706 \\cdot 10^{-5} P^{-1} F dT_{i} - 0.0023294 P^{-1} F dn + 0.00042565 P dn - 0.0016482 T_{e}^{0.5} T_{i}^{0.5} dn - 0.064715 T_{e} dn - 0.0094258 T_{i}^{0.5} P^{-1} dn + 0.00016405 T_{i}^{0.5} P dn + 0.004312 T_{i} P dn + 0.00025092 n^{-1} P^{-1} dn + 0.0084204 n E^{0.5} T_{e}^{0.5} T_{i} - 0.021727 n E^{0.5} T_{i}^{0.5} P + 0.0010684 n E^{0.5} T_{i} + 0.040033 n E T_{e}^{0.5} T_{i}^{0.5} + 0.00033028 n E T_{i}^{0.5}",
  "coefficients": [
    0.08853770306001191,
    0.0005742937870030534,
    9.704408675722568e-06,
    -1.7109989355649348e-05,
    5.420571543749004e-06,
    4.855019731329921e-06,
    4.511294452097229e-06,
    3.2632445708785867e-06,
    2.431059312052062e-06,
    -0.0027195914595467096,
    -2.6435753021486958e-06,
    1.6610675700866082e-06,
    -1.6878131679970096e-06,
    -3.7165088451044935e-06,
    -4.83921841310255e-06,
    -7.924237435798428e-06,
    -4.6165007252245965e-06,
    -3.3173279613838614e-06,
    -4.261508205633059e-06,
    -2.5457892694442165e-06,
    -7.135206964284234e-06,
    -5.681477410859891e-06,
    -1.8658594469061523e-06,
    2.2418065784403439e-07,
    -4.135394858192755e-06,
    -5.164088320146676e-06,
    -1.3961299425111425e-06,
    -0.004137620725511931,
    2.5417910900416076e-06,
    2.4210889498733118e-06,
    1.1954045692878815e-06,
    8.194206445717273e-06,
    3.6282962214350118e-06,
    3.5368581556105243e-06,
    1.2967750156531189e-05,
    5.578784508557178e-06,
    1.2853668440348734e-05,
    -1.5986118564913418e-06,
    2.2553054258126624e-06,
    3.5784658360131983e-06,
    8.077293845962093e-06,
    1.3731052697881541e-05,
    5.077313347100897e-06,
    1.2432192619440372e-05,
    1.4082315787959106e-05,
    -0.0029443883474134236,
    -6.424996394694224e-06,
    0.0004925017385885277,
    -0.01010671140505473,
    -3.760175557786411e-05,
    -3.191193100596366e-05,
    0.0002142350546888144,
    -2.4955898161927036e-06,
    -2.1931463721283704e-05,
    0.006452137823172532,
    -1.5550883781087696e-05,
    -3.5507703601718294e-05,
    -8.612808299324762e-06,
    -2.8712201422386775e-06,
    -0.0012602232992804745,
    -7.677390294231607e-05,
    3.192538539407638e-05,
    -4.1499929674967926e-05,
    -9.977345395172286e-07,
    -0.041133624535044495,
    -1.0680967577708305e-05,
    -4.2181330517992676e-05,
    -4.516746631702599e-07,
    1.9364044661280787e-06,
    1.2937062038493603e-06,
    9.81360075265569e-06,
    1.1381497121827102e-06,
    -0.022534800527347534,
    0.000749802958592104,
    -8.50873832053807e-06,
    1.1561148115446843e-05,
    0.0057566604916152765,
    2.1015285875006064e-06,
    1.0507726116849197e-05,
    7.869252522425466e-06,
    3.1954458953495875e-06,
    -3.13370967435314e-05,
    0.00013780344292779157,
    1.512925652720431e-05,
    2.500509458245695e-05,
    0.016188704244429256,
    0.026036337918179157
  ],
  "val_sse_masked": 0.00095990055706352,
  "val_nrmse_masked": 0.08433215320110321,
  "val_mse_masked": 3.1996685720514506e-05,
  "val_r2_masked": 0.9928857088088989,
  "val_sse_full": 0.0009333363850601017,
  "val_nrmse_full": 0.08315706998109818,
  "val_mse_full": 3.111121623078361e-05,
  "val_r2_full": 0.993082582950592,
  "iteration": 348,
  "p_lo_eff": 0.12967753410339355,
  "p_hi_eff": 1.9451630115509033,
  "f_lo_eff": 0.20659340918064117,
  "f_hi_eff": 1.6527472734451294
}