{
  "tag": "107_d8cb41e0",
  "lmb1": 2.3988942461882978e-05,
  "lmb2": 0.005261505983580851,
  "nonzero_count": 77,
  "complexity_norm": 0.6209677419354839,
  "train_gen_window": 0.046421953168198915,
  "generalizability": 0.0354274211201567,
  "equation": "0.04048 E^{0.5} n P^{-0.5} + 0.00051475 F dT_{i} - 0.0022841 F dn - 0.002976 P^{-1} F dT_{e} - 0.00012414 P^{-1} F dT_{i} - 0.0042844 P^{-1} F dn + 0.00010058 P^{-1} dT_{e} + 0.00060863 P dn - 0.0037467 T_{e}^{0.5} F dn + 0.0001186 T_{e}^{0.5} P^{-1} dT_{e} - 0.012244 T_{e}^{0.5} P^{-1} dn + 0.00013757 T_{e}^{0.5} T_{i}^{0.5} F dT_{e} - 0.0034048 T_{e}^{0.5} T_{i}^{0.5} F dn - 2.8179 \\cdot 10^{-6} T_{e}^{0.5} T_{i}^{0.5} P^{-1} dT_{i} + 0.0023735 T_{e}^{0.5} T_{i}^{0.5} P^{-1} dn + 0.00012025 T_{e}^{0.5} T_{i}^{0.5} P dT_{e} + 5.0898 \\cdot 10^{-7} T_{e}^{0.5} T_{i}^{0.5} P dT_{i} + 0.0032553 T_{e}^{0.5} T_{i}^{0.5} P dn - 2.5836 \\cdot 10^{-7} T_{e}^{0.5} T_{i}^{0.5} dT_{i} - 0.0053603 T_{e}^{0.5} T_{i}^{0.5} dn - 1.9832 \\cdot 10^{-5} T_{e}^{0.5} T_{i} dT_{e} + 0.00062375 T_{e}^{0.5} T_{i} dn - 0.015287 T_{e}^{0.5} dn + 8.1042 \\cdot 10^{-5} T_{e} F dT_{i} - 0.0045887 T_{e} F dn + 0.0028519 T_{e} P^{-1} dn + 6.2578 \\cdot 10^{-6} T_{e} P dT_{i} - 4.0784 \\cdot 10^{-5} T_{e} T_{i}^{0.5} dT_{e} - 6.0348 \\cdot 10^{-5} T_{e} T_{i} dT_{e} + 4.0889 \\cdot 10^{-8} T_{e} T_{i} dT_{i} + 0.00036132 T_{e} T_{i} dn - 0.00012408 T_{e} dT_{e} - 1.1987 \\cdot 10^{-5} T_{e} dT_{i} - 0.019331 T_{e} dn + 0.00032145 T_{i}^{0.5} F dT_{e} - 0.0024293 T_{i}^{0.5} F dn + 0.0003912 T_{i}^{0.5} P^{-1} dT_{e} - 3.9444 \\cdot 10^{-6} T_{i}^{0.5} P^{-1} dT_{i} - 0.0079572 T_{i}^{0.5} P^{-1} dn + 0.0035325 T_{i}^{0.5} P dn + 0.000161 T_{i}^{0.5} dT_{e} - 9.1502 \\cdot 10^{-7} T_{i}^{0.5} dT_{i} - 0.0024619 T_{i}^{0.5} dn + 1.2698 \\cdot 10^{-5} T_{i} P^{-1} dT_{e} + 0.0035701 T_{i} P^{-1} dn + 0.00010587 T_{i} P dT_{e} + 0.00626 T_{i} P dn + 6.8813 \\cdot 10^{-6} T_{i} dT_{e} + 0.0018086 T_{i} dn - 2.4201 \\cdot 10^{-5} dT_{i} - 0.024483 n^{-1} F dn + 0.0026406 n^{-1} P^{-1} dn + 6.8206 \\cdot 10^{-5} n^{-1} T_{e}^{0.5} T_{i}^{0.5} dn + 0.0017197 n^{-1} T_{e}^{0.5} dn + 0.001653 n^{-1} T_{e} dn + 5.9166 \\cdot 10^{-5} n^{-1} T_{i}^{0.5} dn - 5.7226 \\cdot 10^{-5} n^{-1} T_{i} dn + 0.0017211 n^{-1} dn - 0.00243 n E^{0.5} + 0.0052022 n E^{0.5} P^{-1} - 0.010299 n E^{0.5} T_{e}^{0.5} P^{-1} + 0.0039796 n E^{0.5} T_{e}^{0.5} T_{i}^{0.5} + 0.005213 n E^{0.5} T_{e}^{0.5} T_{i} + 0.00020426 n E^{0.5} T_{e} + 0.0053457 n E^{0.5} T_{e} T_{i}^{0.5} + 0.0013573 n E^{0.5} T_{i}^{0.5} - 0.010949 n E^{0.5} T_{i}^{0.5} F + 0.00072962 n E^{0.5} T_{i}^{0.5} P^{-1} - 0.012357 n E^{0.5} T_{i}^{0.5} P + 0.0036173 n E^{0.5} T_{i} - 0.0026883 n E F + 0.0094397 n E P^{-1} - 0.0041208 n E P + 0.028188 n E T_{e}^{0.5} + 0.014988 n E T_{e}^{0.5} T_{i}^{0.5} + 0.013196 n E T_{i}^{0.5} + 0.00094949 n E T_{i}",
  "coefficients": [
    0.08853770653829873,
    0.006043639167587234,
    0.00257905157639962,
    -0.012460568159673837,
    0.0002515366330996923,
    -0.0010752184175143288,
    0.0026389078488581125,
    0.0003307961434040811,
    0.0027198107734458647,
    -0.004401401772567273,
    -0.0014534711389326222,
    0.008099073358278383,
    -4.633472539102601e-05,
    -0.001759892105820348,
    -0.00034820441364851655,
    8.60493250038562e-05,
    9.3821933948976e-05,
    -0.0015630137762344786,
    -0.00011804352714697648,
    -8.642177390776425e-05,
    0.00024933871919037445,
    3.0307296746985525e-05,
    -0.0010468949568336605,
    0.0019376378406592814,
    0.0005922486841486423,
    0.00015676374825356076,
    0.0001793441448528488,
    -0.0032231234790063585,
    -2.2764664151964586e-05,
    2.057981569897387e-05,
    0.00222567968990269,
    0.0006169124462928067,
    0.00038427897413656107,
    0.0003073639186897181,
    0.00011862323614623014,
    7.047038902683223e-05,
    0.0018761550919851968,
    0.00024280247914806874,
    -6.822072277193485e-05,
    0.00018707841354972327,
    0.0005296250084536727,
    -0.00039829900196463523,
    -0.00018089977634319404,
    -0.000198977951582287,
    -0.0014257692773880753,
    -0.005415429208174148,
    -0.0024436540143834506,
    0.0007042277634535843,
    -0.008532024963281126,
    -0.0019516734756727442,
    -0.002975805468227837,
    0.0046131155117890375,
    0.005568072181495288,
    0.0017120274614320656,
    0.009366919494835792,
    -0.011036819138654516,
    -0.010079603657235037,
    -0.0038734839379484303,
    0.0029287487673820994,
    -0.004098658677779434,
    -0.004044245752837145,
    0.004060647453652826,
    0.0005775225781933852,
    0.0029778914504836845,
    -0.012286977447598157,
    -0.004596724242233895,
    0.0003315547406222691,
    0.003977437917624194,
    -0.0013413139657377697,
    0.0006872341490853192,
    0.0008372229236706663,
    -0.010878915003054195,
    -0.012816244959812866,
    0.002538617093054894,
    -0.009115815766158247,
    0.002373330250567517,
    0.003563912927045888,
    0.00010503749102146545,
    0.0030999434201939135,
    0.004506338582278042,
    -0.0015347303081069085,
    -0.0025032159575500137,
    0.005505633201830979,
    0.0004935555789205643,
    0.009891457631774719,
    0.006061116701350867,
    0.019873807555912757
  ],
  "val_sse_masked": 0.0005978434346616268,
  "val_nrmse_masked": 0.06655394285917282,
  "val_mse_masked": 1.9928114852518775e-05,
  "val_r2_masked": 0.995569109916687,
  "val_sse_full": 0.0005954708904027939,
  "val_nrmse_full": 0.0664217546582222,
  "val_mse_full": 1.984903065022081e-05,
  "val_r2_full": 0.9955866932868958,
  "iteration": 107,
  "p_lo_eff": 0.12967753410339355,
  "p_hi_eff": 1.9451630115509033,
  "f_lo_eff": 0.20659340918064117,
  "f_hi_eff": 1.6527472734451294
}