{
  "tag": "236_a1b42c9f",
  "lmb1": 0.0005542640320953764,
  "lmb2": 0.009253375623740694,
  "nonzero_count": 29,
  "complexity_norm": 0.23387096774193547,
  "train_gen_window": 0.06468465732324298,
  "generalizability": 0.0603282993874521,
  "equation": "0.042219 E^{0.5} n P^{-0.5} - 0.0038753 P^{-1} F dT_{e} - 6.5189 \\cdot 10^{-5} P^{-1} F dT_{i} - 0.0048568 P^{-1} F dn + 0.0022148 P dn - 0.0052667 T_{e}^{0.5} P^{-1} dn - 0.0021642 T_{e}^{0.5} T_{i}^{0.5} F dn + 0.00035561 T_{e}^{0.5} T_{i}^{0.5} P dn - 0.01032 T_{e}^{0.5} T_{i}^{0.5} dn - 0.014973 T_{e}^{0.5} dn - 0.00040619 T_{e} F dn - 0.00023301 T_{e} T_{i} dn - 0.02151 T_{e} dn - 0.00053745 T_{i}^{0.5} F dn - 0.0054078 T_{i}^{0.5} P^{-1} dn + 0.0026266 T_{i}^{0.5} P dn - 0.0044284 T_{i}^{0.5} dn + 0.0046734 T_{i} P dn - 0.0083425 n^{-1} F dn + 0.0013446 n^{-1} P^{-1} dn + 0.0010029 n^{-1} dn + 0.0055581 n E^{0.5} T_{e}^{0.5} T_{i} + 0.00026724 n E^{0.5} T_{e} T_{i}^{0.5} - 0.014952 n E^{0.5} T_{i}^{0.5} P + 0.004223 n E^{0.5} T_{i} - 0.0022573 n E P + 0.019196 n E T_{e}^{0.5} + 0.017968 n E T_{e}^{0.5} T_{i}^{0.5} + 0.014721 n E T_{i}^{0.5}",
  "coefficients": [
    0.08853770567333602,
    0.003077397198568057,
    0.0015027528835470567,
    -0.004245841109864958,
    1.7131465345388182e-05,
    9.78516575758066e-06,
    1.2436174151120094e-05,
    6.408758889585914e-06,
    4.609792968917974e-06,
    -0.0023112762374783596,
    -3.03047308822977e-06,
    8.210411961385695e-06,
    -1.0474552670870913e-06,
    -5.616225461853381e-06,
    -6.7297675569501626e-06,
    -1.2163879070876781e-05,
    -6.320527493067142e-06,
    -4.923559120566578e-06,
    -4.759407416226967e-06,
    -2.951852960071555e-06,
    -1.232793514837939e-05,
    -7.639475774524591e-06,
    -1.6776345958455676e-06,
    2.2225414015561517e-06,
    -5.518167458402241e-06,
    -7.388036927398928e-06,
    -8.35501566970321e-07,
    -0.00419707027240254,
    7.112132385843714e-06,
    5.83777700916757e-06,
    2.7993838130380863e-06,
    2.298359656702437e-05,
    7.704660036116717e-06,
    5.933912956167458e-06,
    3.420065224872813e-05,
    9.465230205405379e-06,
    2.9997250546197813e-05,
    -1.0398203699988757e-06,
    5.156838146560516e-06,
    6.914482618778059e-06,
    2.4459909692751057e-05,
    1.8155726950927736e-05,
    2.6061441754408888e-05,
    3.382831561081708e-05,
    3.758530225571108e-05,
    -0.0061389841557309525,
    -3.278997313152736e-05,
    0.0025626289536080436,
    -0.005798483630934075,
    -0.0035106281677881102,
    -0.0006583687734191208,
    0.00343012359309999,
    -1.749258731919947e-06,
    -2.658113144024849e-05,
    0.006992839859378754,
    -0.004747480879323476,
    -0.00987288151434369,
    -7.133189642098181e-05,
    -3.987541013726011e-06,
    -0.007891012731641172,
    -0.002570609331534983,
    0.0004435869492222103,
    -8.52870724264058e-05,
    -2.5813244563698637e-06,
    -0.013672126684711922,
    -0.0004068999028851989,
    -0.0002138142950281442,
    4.411104730263174e-06,
    4.595864246820221e-06,
    4.743326354420776e-06,
    4.77504620018976e-05,
    4.0162503124293366e-07,
    -0.015507813117033819,
    0.0029636534815960444,
    -4.842046466905831e-06,
    7.85952020522784e-05,
    0.003799827227356992,
    6.808244095902062e-06,
    0.00015497165042953985,
    7.672364506127595e-05,
    5.281399073630372e-06,
    -0.0013712236452900223,
    0.006141899789853191,
    1.1143680590989609e-05,
    0.006736036637040008,
    0.00726600645606981,
    0.020727637184915146
  ],
  "val_sse_masked": 0.0009496606653556228,
  "val_nrmse_masked": 0.08388113230466843,
  "val_mse_masked": 3.165535599691793e-05,
  "val_r2_masked": 0.992961585521698,
  "val_sse_full": 0.0009150286205112934,
  "val_nrmse_full": 0.08233744651079178,
  "val_mse_full": 3.0500956199830398e-05,
  "val_r2_full": 0.9932183027267456,
  "iteration": 236,
  "p_lo_eff": 0.12967753410339355,
  "p_hi_eff": 1.9451630115509033,
  "f_lo_eff": 0.20659340918064117,
  "f_hi_eff": 1.6527472734451294
}