{
  "tag": "208_5c0d6dbf",
  "lmb1": 0.00017524071425660596,
  "lmb2": 7.539846677599237e-05,
  "nonzero_count": 26,
  "complexity_norm": 0.20967741935483872,
  "train_gen_window": 0.04591079710418342,
  "generalizability": 0.04446828979948696,
  "equation": "0.058888 E^{0.5} n P^{-0.5} + 0.00010951 F dT_{i} - 0.0038472 P^{-1} F dT_{e} - 7.6009 \\cdot 10^{-5} P^{-1} F dT_{i} - 0.0034072 P^{-1} F dn + 0.00013658 P dn - 0.01555 T_{e}^{0.5} P^{-1} dn - 0.00052446 T_{e}^{0.5} T_{i}^{0.5} F dn - 0.00015016 T_{e}^{0.5} T_{i}^{0.5} dn - 0.059797 T_{e} dn + 0.00017585 T_{i}^{0.5} F dT_{e} - 0.00011912 T_{i}^{0.5} F dn + 3.0083 \\cdot 10^{-5} T_{i}^{0.5} P^{-1} dT_{e} - 0.00026478 T_{i}^{0.5} P^{-1} dn + 0.00039239 T_{i}^{0.5} P dn + 0.00024829 T_{i}^{0.5} dT_{e} + 8.812 \\cdot 10^{-6} T_{i} P^{-1} dT_{e} + 0.0083407 T_{i} P dn - 0.011794 n^{-1} F dn + 0.0020049 n^{-1} P^{-1} dn + 0.0016657 n^{-1} dn - 0.0098518 n E^{0.5} T_{e}^{0.5} P^{-1} - 0.020917 n E^{0.5} T_{i}^{0.5} P + 0.0010388 n E T_{e}^{0.5} + 0.057391 n E T_{e}^{0.5} T_{i}^{0.5} + 0.0038176 n E T_{i}^{0.5}",
  "coefficients": [
    0.08853770418296564,
    0.004588678085903241,
    0.002495954039026608,
    -0.006002587148316671,
    4.483634347016168e-06,
    -6.143275801251927e-06,
    4.5319907347587944e-05,
    1.8145628708798713e-06,
    2.000017218484656e-05,
    -0.002694881713505904,
    3.2124287937763757e-06,
    0.001723049151704927,
    1.9104829824384153e-05,
    -4.179543807039771e-05,
    -2.1390312292426934e-06,
    1.4200029134979708e-05,
    -1.5866297977836447e-05,
    -4.2923780656750786e-05,
    -2.3605150946568516e-06,
    -7.708793428468964e-06,
    1.5529096887572855e-05,
    -7.4038014804513614e-06,
    3.4320491929064947e-06,
    1.7027936355166544e-05,
    2.661133957783027e-05,
    -7.995808401420705e-06,
    1.829935992401361e-05,
    -0.004166568546596497,
    2.728480577514232e-05,
    8.624146349832002e-05,
    0.00017115352954726222,
    0.0009513949933949174,
    0.0002102225767997038,
    0.00021329323993626176,
    5.101684119782027e-05,
    9.680140773635095e-05,
    1.2832993137879354e-05,
    1.036287492573563e-05,
    4.057595156369777e-05,
    6.29203373658298e-05,
    9.413074004890665e-06,
    3.1508197098882304e-05,
    3.428081654355146e-05,
    4.797834480420294e-05,
    2.108317253392065e-05,
    -0.00430664531472048,
    -1.605186055548719e-05,
    0.00015802797653210253,
    -0.0002839022949094912,
    -3.617960894236233e-05,
    -0.00014591601930391082,
    0.0005124283643204223,
    2.5774172015535057e-05,
    -1.985725859372766e-05,
    0.012480347379341441,
    -0.014017353033020409,
    -9.290162415201238e-05,
    -2.3881628496179132e-05,
    1.1864572360579313e-05,
    -0.00011481896775047235,
    -0.0006229611673123477,
    8.976174699633676e-05,
    -2.8197248471807187e-05,
    1.1465537970204945e-05,
    -0.03800803973402446,
    -2.9736350144109278e-05,
    -2.475466814709289e-05,
    3.3342595531753635e-06,
    -1.9984679412691197e-05,
    1.9218444107812192e-06,
    9.431662168817216e-06,
    -7.338667875661274e-05,
    -0.02169457204141984,
    9.447003964763596e-05,
    -0.008719860088797172,
    1.3555523262037149e-05,
    9.731421149575255e-05,
    -1.0628381080960184e-05,
    1.3657790856122936e-05,
    7.859841752354483e-05,
    -3.8073193973814654e-06,
    -5.084734361942033e-05,
    0.0015928334742093724,
    4.8679464704358516e-05,
    0.000364509756757739,
    0.023208079733599674,
    0.02891089847923724
  ],
  "val_sse_masked": 0.0006940308958292007,
  "val_nrmse_masked": 0.0717083066701889,
  "val_mse_masked": 2.3134363800636493e-05,
  "val_r2_masked": 0.9948561787605286,
  "val_sse_full": 0.000687260995618999,
  "val_nrmse_full": 0.07135771214962006,
  "val_mse_full": 2.2908701794221997e-05,
  "val_r2_full": 0.9949063658714294,
  "iteration": 208,
  "p_lo_eff": 0.12967753410339355,
  "p_hi_eff": 1.9451630115509033,
  "f_lo_eff": 0.20659340918064117,
  "f_hi_eff": 1.6527472734451294
}