{
  "tag": "178_a65400ab",
  "lmb1": 0.00035282384951363104,
  "lmb2": 0.021221153910709528,
  "nonzero_count": 44,
  "complexity_norm": 0.3548387096774194,
  "train_gen_window": 0.06574465124025966,
  "generalizability": 0.05949845968062727,
  "equation": "0.030742 E^{0.5} n P^{-0.5} + 5.1417 \\cdot 10^{-5} F dT_{i} - 0.00075987 F dn - 0.0041433 P^{-1} F dT_{e} - 8.598 \\cdot 10^{-5} P^{-1} F dT_{i} - 0.0044626 P^{-1} F dn + 0.0027241 P dn - 0.0016269 T_{e}^{0.5} F dn - 0.0066039 T_{e}^{0.5} P^{-1} dn - 0.0020104 T_{e}^{0.5} T_{i}^{0.5} F dn + 4.0056 \\cdot 10^{-5} T_{e}^{0.5} T_{i}^{0.5} P dT_{e} + 0.0021474 T_{e}^{0.5} T_{i}^{0.5} P dn - 0.0083882 T_{e}^{0.5} T_{i}^{0.5} dn - 0.00056411 T_{e}^{0.5} T_{i} dn - 0.013417 T_{e}^{0.5} dn - 0.0021127 T_{e} F dn - 0.00047948 T_{e} T_{i} dn + 0.00011935 T_{e} dT_{e} - 0.015958 T_{e} dn - 0.0014827 T_{i}^{0.5} F dn - 0.0042292 T_{i}^{0.5} P^{-1} dn + 0.0029707 T_{i}^{0.5} P dn - 0.0062639 T_{i}^{0.5} dn + 6.996 \\cdot 10^{-6} T_{i} P dT_{e} + 0.0039148 T_{i} P dn - 0.00015545 T_{i} dn - 0.01439 n^{-1} F dn + 0.0017981 n^{-1} P^{-1} dn + 7.6447 \\cdot 10^{-5} n^{-1} T_{e}^{0.5} dn + 0.00010985 n^{-1} T_{i}^{0.5} dn + 0.0020455 n^{-1} dn + 0.00062635 n E^{0.5} P^{-1} + 0.0029583 n E^{0.5} T_{e}^{0.5} T_{i}^{0.5} + 0.0040755 n E^{0.5} T_{e}^{0.5} T_{i} + 0.0029499 n E^{0.5} T_{e} T_{i}^{0.5} + 0.0016307 n E^{0.5} T_{i}^{0.5} - 0.011679 n E^{0.5} T_{i}^{0.5} P + 0.0038441 n E^{0.5} T_{i} + 0.0049056 n E P^{-1} - 0.005721 n E P + 0.020027 n E T_{e}^{0.5} + 0.014248 n E T_{e}^{0.5} T_{i}^{0.5} + 0.013596 n E T_{i}^{0.5} + 0.00082941 n E T_{i}",
  "coefficients": [
    0.08853770599279404,
    0.004115417617199596,
    0.003065185831623385,
    -0.00732363032240046,
    0.0004670204946950976,
    4.0205952282760526e-05,
    0.00011730861290949594,
    2.1413600341890735e-05,
    1.0503089400779093e-05,
    -0.0030484150494558214,
    -1.8926005648311937e-06,
    0.0008090053136597463,
    3.7090440132188486e-06,
    -6.679273631929638e-06,
    -9.59607533878381e-06,
    -2.1107859507776238e-05,
    -1.0212390296438065e-05,
    -5.639211701344942e-06,
    -6.578016111494044e-06,
    -2.7901884973171953e-06,
    -2.1233065232596656e-05,
    -1.3214133654503163e-05,
    1.5554020502414772e-07,
    1.3125279996861861e-05,
    -6.401174177735771e-06,
    -1.2616107506447418e-05,
    -2.457448901032546e-06,
    -0.004487242042262204,
    2.6720494420033697e-05,
    1.08670131264183e-05,
    1.7778055068906048e-06,
    4.878510781287263e-05,
    7.455528771599543e-06,
    4.9523811671372365e-06,
    5.299785764684285e-05,
    7.839020806498669e-06,
    0.00012397499059528544,
    -2.7484439742447445e-06,
    8.486881391823362e-06,
    6.232977142811137e-06,
    0.00017642421692401803,
    2.8056949849485267e-05,
    0.00017400334535581097,
    7.402116769298907e-05,
    5.686869119560518e-05,
    -0.005640659778105456,
    -0.000812940965557529,
    0.003151999871650047,
    -0.004534655026265941,
    -0.004965720844712211,
    -0.0018162378259131712,
    0.003879545172842794,
    2.4657827024665503e-06,
    -0.00014715081189463572,
    0.005857688812013585,
    -0.005952849882003165,
    -0.008846545501579796,
    -0.001681980732359796,
    -4.286963995540728e-06,
    -0.006413820456256816,
    -0.0023880284121385697,
    0.0026786774551847588,
    -0.0005223060238433785,
    -4.579283662672288e-06,
    -0.010142910324989126,
    -0.0021164493460115235,
    -0.0004399854621295935,
    0.0004788856256702747,
    1.335443947352603e-05,
    1.7459690913645798e-05,
    0.0010058930660521263,
    -4.988775095697544e-06,
    -0.012113834662146676,
    0.0026977703046600064,
    -5.498744138122074e-06,
    0.0017642346288617296,
    0.0027862511881103567,
    2.9965825719125353e-05,
    0.0017106161307904922,
    0.0023418653472588986,
    8.571617105050858e-06,
    -0.0034752866526405993,
    0.005672651677744253,
    0.0004311399132874239,
    0.007027802119745024,
    0.005761792526548346,
    0.01509286543683419
  ],
  "val_sse_masked": 0.0009474133839830756,
  "val_nrmse_masked": 0.08378182351589203,
  "val_mse_masked": 3.158044637530111e-05,
  "val_r2_masked": 0.9929782748222351,
  "val_sse_full": 0.0009377848473377526,
  "val_nrmse_full": 0.08335499465465546,
  "val_mse_full": 3.125949660898186e-05,
  "val_r2_full": 0.9930496215820312,
  "iteration": 178,
  "p_lo_eff": 0.12967753410339355,
  "p_hi_eff": 1.9451630115509033,
  "f_lo_eff": 0.20659340918064117,
  "f_hi_eff": 1.6527472734451294
}