{
  "tag": "28_572487f5",
  "lmb1": 6.371441796879055e-05,
  "lmb2": 6.9059037140038175e-06,
  "nonzero_count": 43,
  "complexity_norm": 0.3467741935483871,
  "train_gen_window": 0.032157396110434715,
  "generalizability": 0.027754669335465974,
  "equation": "0.11795 E^{0.5} n P^{-0.5} + 0.00011318 F dT_{i} - 0.003281 P^{-1} F dT_{e} - 9.8423 \\cdot 10^{-5} P^{-1} F dn - 0.021065 T_{e}^{0.5} P^{-1} dn - 0.018573 T_{e}^{0.5} T_{i}^{0.5} F dn - 4.4796 \\cdot 10^{-7} T_{e}^{0.5} T_{i}^{0.5} P^{-1} dT_{i} + 0.0031102 T_{e}^{0.5} T_{i}^{0.5} P^{-1} dn + 0.00046793 T_{e}^{0.5} T_{i}^{0.5} P dn - 0.00016114 T_{e}^{0.5} T_{i}^{0.5} dn - 0.00037294 T_{e}^{0.5} dn + 0.00063972 T_{e} P^{-1} dn + 2.2009 \\cdot 10^{-6} T_{e} P dT_{i} - 0.00010784 T_{e} dT_{e} - 0.049978 T_{e} dn + 0.00010215 T_{i}^{0.5} F dT_{e} - 0.00032936 T_{i}^{0.5} F dn + 0.00045429 T_{i}^{0.5} P^{-1} dT_{e} - 6.9909 \\cdot 10^{-7} T_{i}^{0.5} P^{-1} dT_{i} - 0.00046419 T_{i}^{0.5} P^{-1} dn + 0.0067224 T_{i}^{0.5} P dn + 4.605 \\cdot 10^{-6} T_{i} P^{-1} dT_{e} + 0.0021236 T_{i} P^{-1} dn + 1.4869 \\cdot 10^{-5} T_{i} P dT_{e} + 0.0077648 T_{i} P dn - 0.016773 n^{-1} F dn + 0.0031884 n^{-1} P^{-1} dn + 0.00025733 n^{-1} T_{e}^{0.5} dn + 0.00072079 n^{-1} T_{e} dn - 3.6777 \\cdot 10^{-5} n^{-1} T_{i} dn + 0.0004639 n^{-1} dn - 0.049831 n E^{0.5} - 0.025304 n E^{0.5} T_{e}^{0.5} P^{-1} + 0.0092869 n E^{0.5} T_{e}^{0.5} T_{i} - 0.019252 n E^{0.5} T_{i}^{0.5} F - 0.00060348 n E^{0.5} T_{i}^{0.5} P + 0.0016071 n E^{0.5} T_{i} + 0.017017 n E P^{-1} - 0.0005714 n E P + 0.026261 n E T_{e}^{0.5} + 0.0057003 n E T_{e}^{0.5} T_{i}^{0.5} + 0.0025131 n E T_{i}^{0.5} + 0.00028445 n E T_{i}",
  "coefficients": [
    0.08853770706465136,
    0.00729740635928408,
    0.000695142735815017,
    -0.008536566684370962,
    -2.8447912620764537e-05,
    -0.0006910025540625574,
    0.000394872014790756,
    -1.3920760067343647e-05,
    0.0011860067190547856,
    -8.883628709898906e-05,
    -7.18265021396398e-05,
    0.0017808413597561479,
    7.891662493258965e-05,
    -0.0003119216821690047,
    -2.5971266191725108e-05,
    5.1870128704281346e-05,
    -1.5288374506337746e-05,
    -0.0002484709640729188,
    -2.1649706832815642e-05,
    -2.5588968559475488e-05,
    6.432470659668556e-05,
    -1.6680302816462785e-05,
    -9.1727689647369e-05,
    1.676705504393335e-05,
    0.00020830072029041945,
    -9.518960467062572e-06,
    3.6349915108937846e-05,
    -0.0035533934466101297,
    -6.71133828355728e-05,
    1.7862419569128653e-06,
    0.002584575878289449,
    3.768656448402673e-05,
    0.00012211504254773376,
    0.00011146348140963758,
    4.0430923819185935e-05,
    8.25425723123906e-05,
    0.000263487964720993,
    7.210893683764145e-06,
    -1.9354605931615075e-05,
    3.1704855490042894e-05,
    4.0354334360254585e-06,
    1.8712204810949728e-06,
    -0.00015721095614379486,
    -2.9332258411264158e-05,
    2.386242036685213e-06,
    -0.00012440594096041143,
    -3.577901665006826e-05,
    9.919119670459297e-05,
    -0.0004977172056146782,
    -6.301785666577789e-05,
    -0.0004034595167992969,
    0.008778952259861195,
    0.0033120637872937064,
    -3.822018966424302e-05,
    0.011618604897777362,
    -0.018988409099037828,
    -0.0002459043006769944,
    -6.0056167322473784e-05,
    0.0038378917561715407,
    -0.00012321531686009028,
    -0.022061533552463063,
    0.0005836966177040153,
    -4.7900953326736406e-05,
    0.000667981371974423,
    -0.03176681137800103,
    -7.992137545120699e-05,
    -2.8972630184989038e-05,
    2.125014994478489e-05,
    -0.0275062571061461,
    1.3241974985797573e-05,
    1.5880089167182444e-05,
    -0.01912863203053321,
    -0.0006259280187601361,
    0.0011278389312889521,
    -0.0223968785126058,
    3.3650015911492154e-05,
    0.0063490468600610785,
    -7.273800256052724e-05,
    4.092091183572306e-05,
    0.008123735091296819,
    -2.201768763975162e-05,
    -0.0003471059461213034,
    0.0010485405066757263,
    0.0001478586091861972,
    0.009215030749857352,
    0.002305111089090439,
    0.05790566109346864
  ],
  "val_sse_masked": 0.00045461751869879663,
  "val_nrmse_masked": 0.05803675577044487,
  "val_mse_masked": 1.5153917956922669e-05,
  "val_r2_masked": 0.9966306090354919,
  "val_sse_full": 0.0004473805893212557,
  "val_nrmse_full": 0.05757296830415726,
  "val_mse_full": 1.4912687220203225e-05,
  "val_r2_full": 0.9966842532157898,
  "iteration": 28,
  "p_lo_eff": 0.12967753410339355,
  "p_hi_eff": 1.9451630115509033,
  "f_lo_eff": 0.20659340918064117,
  "f_hi_eff": 1.6527472734451294
}