{
  "tag": "388_e4a97b15",
  "lmb1": 0.0007627069745139615,
  "lmb2": 2.084794869971777e-07,
  "nonzero_count": 16,
  "complexity_norm": 0.12903225806451613,
  "train_gen_window": 0.057312474924535645,
  "generalizability": 0.059550411217176316,
  "equation": "0.052996 E^{0.5} n P^{-0.5} - 0.0038207 P^{-1} F dT_{e} - 7.6707 \\cdot 10^{-5} P^{-1} F dT_{i} - 0.002332 P^{-1} F dn + 0.00042832 P dn - 0.0016331 T_{e}^{0.5} T_{i}^{0.5} dn - 0.064794 T_{e} dn - 0.0094158 T_{i}^{0.5} P^{-1} dn + 0.00016637 T_{i}^{0.5} P dn + 0.0043306 T_{i} P dn + 0.0002512 n^{-1} P^{-1} dn + 0.008418 n E^{0.5} T_{e}^{0.5} T_{i} - 0.021734 n E^{0.5} T_{i}^{0.5} P + 0.0010733 n E^{0.5} T_{i} + 0.040071 n E T_{e}^{0.5} T_{i}^{0.5} + 0.00033126 n E T_{i}^{0.5}",
  "coefficients": [
    0.08853770305463449,
    0.0005749228805047887,
    9.627589294213598e-06,
    -1.732516544756155e-05,
    5.358270810915673e-06,
    4.8052600441808575e-06,
    4.480092566864355e-06,
    3.226068297909136e-06,
    2.407833379086615e-06,
    -0.002719619946914485,
    -2.6240142123292587e-06,
    1.6891013004649454e-06,
    -1.6653547371393274e-06,
    -3.7162821706432883e-06,
    -4.82644093106849e-06,
    -7.881841224690445e-06,
    -4.620016191480084e-06,
    -3.316385293675548e-06,
    -4.249992637207686e-06,
    -2.5394583561286488e-06,
    -7.098191128552689e-06,
    -5.680695165209959e-06,
    -1.8479384157271687e-06,
    2.43162524209152e-07,
    -4.096695786052632e-06,
    -5.16355382708254e-06,
    -1.38593594790356e-06,
    -0.004137854982316199,
    2.586017835786395e-06,
    2.4585553499865293e-06,
    1.2167543452190891e-06,
    8.348180726312198e-06,
    3.6836485848064857e-06,
    3.5788497081357547e-06,
    1.3141594342755541e-05,
    5.648470462860652e-06,
    1.2990557607742214e-05,
    -1.589430209112088e-06,
    2.290621414552166e-06,
    3.6311690150820737e-06,
    8.211152142429072e-06,
    1.3909964224500007e-05,
    5.1767788515218136e-06,
    1.2682878051991458e-05,
    1.4259886884088586e-05,
    -0.0029476069518138658,
    -6.421578409541934e-06,
    0.0004955980340215079,
    -0.01009596547690884,
    -3.7690296986079846e-05,
    -3.1713468252742915e-05,
    0.00021726213319846001,
    -2.495677836780593e-06,
    -2.2065213058409202e-05,
    0.006479981921444309,
    -1.5607252632211478e-05,
    -3.56065533401461e-05,
    -8.603644972002945e-06,
    -2.8716760212062e-06,
    -0.0012487248796120257,
    -7.591829329114617e-05,
    3.216572479557763e-05,
    -4.1872765443049556e-05,
    -9.942815088986475e-07,
    -0.0411840364436822,
    -1.0662459902246637e-05,
    -4.2663870414596256e-05,
    -4.5973751951175556e-07,
    1.938348539570189e-06,
    1.2922165138452133e-06,
    9.842007304924198e-06,
    1.129657818147266e-06,
    -0.022541830355467134,
    0.000753238563513913,
    -8.60912496681537e-06,
    1.1591667163834543e-05,
    0.005755020203482792,
    2.1026566471181905e-06,
    1.0529327363059248e-05,
    7.892662228326072e-06,
    3.1916214157255442e-06,
    -3.151776870818141e-05,
    0.0001382117992285219,
    1.5212494718720182e-05,
    2.5095132732478745e-05,
    0.016204316522023005,
    0.026018149116370806
  ],
  "val_sse_masked": 0.0009582522325217724,
  "val_nrmse_masked": 0.08425971120595932,
  "val_mse_masked": 3.1941741326591e-05,
  "val_r2_masked": 0.9928979277610779,
  "val_sse_full": 0.0009318010997958481,
  "val_nrmse_full": 0.08308863639831543,
  "val_mse_full": 3.1060037144925445e-05,
  "val_r2_full": 0.9930939674377441,
  "iteration": 388,
  "p_lo_eff": 0.12967753410339355,
  "p_hi_eff": 1.9451630115509033,
  "f_lo_eff": 0.20659340918064117,
  "f_hi_eff": 1.6527472734451294
}