{
  "tag": "367_ae2cd343",
  "lmb1": 0.002494600841639906,
  "lmb2": 1.0601076104052658e-08,
  "nonzero_count": 10,
  "complexity_norm": 0.08064516129032258,
  "train_gen_window": 0.10507251169951454,
  "generalizability": 0.11397899079963807,
  "equation": "0.067158 E^{0.5} n P^{-0.5} - 0.0041911 P^{-1} F dT_{e} - 1.9407 \\cdot 10^{-5} P^{-1} F dT_{i} - 0.0060059 P^{-1} F dn - 0.00017952 T_{e}^{0.5} T_{i}^{0.5} F dn - 0.040912 T_{e}^{0.5} T_{i}^{0.5} dn - 0.010557 T_{i}^{0.5} P^{-1} dn + 0.00039332 n^{-1} P^{-1} dn - 0.0075409 n E^{0.5} T_{i}^{0.5} P + 0.011349 n E T_{e}^{0.5} T_{i}^{0.5}",
  "coefficients": [
    0.08853770619202483,
    0.0009001967534814966,
    1.715634042359085e-05,
    -1.0245946332876206e-06,
    9.306928863992193e-05,
    6.4289766727046694e-06,
    1.1398963326545297e-05,
    2.1893697505053232e-05,
    8.346188315664706e-06,
    -0.0006880691394581653,
    -1.8133606339039679e-06,
    -4.827021453826218e-07,
    -1.1388032831490144e-06,
    -1.4443858102322993e-06,
    -1.287973112793534e-06,
    -1.4035041359567602e-06,
    -9.539956044379862e-07,
    -1.4712610694802034e-06,
    -1.2988452957612821e-06,
    -1.1318489789905948e-06,
    -1.4083291498388624e-06,
    -9.825999847328288e-07,
    -1.7878374693726226e-06,
    -1.0362034338427645e-06,
    -2.425523713220568e-06,
    -1.0069552038124669e-06,
    -2.2398492390433348e-06,
    -0.004539081042142694,
    -9.595503206612721e-07,
    -6.852757785186402e-07,
    -7.703711777262378e-07,
    -4.7446282825712036e-07,
    -4.852225809138295e-07,
    -1.0791255625981981e-07,
    3.09597554887213e-08,
    -6.287548889426338e-08,
    -1.5879858238156008e-07,
    -2.4256513199695766e-06,
    -7.55719126390915e-07,
    -4.5587661249005104e-07,
    -7.170261525784867e-07,
    1.0908181855542444e-07,
    -7.246081349778052e-07,
    -2.5431700177012563e-07,
    1.7888644528643134e-07,
    -0.007591484453082166,
    -3.1435567345574216e-06,
    4.2441861860405776e-06,
    -0.01132001763280593,
    -1.217535516839438e-05,
    -1.9815832047732307e-05,
    2.8853899386279293e-06,
    -1.4551795602202561e-06,
    -6.506899358977251e-06,
    2.9515469395267966e-06,
    -7.157011945336587e-06,
    -9.647021225240601e-06,
    -4.258436848684138e-06,
    -1.8174692998118358e-06,
    -0.03128214971383824,
    -0.0002132332483441963,
    2.1561705682959188e-06,
    -8.353633839804146e-06,
    -1.1171649098407701e-06,
    -4.0200984082694613e-05,
    -5.62305125807746e-06,
    -7.2013102478479626e-06,
    8.386446285170489e-07,
    6.227137353855579e-07,
    1.369384752063383e-06,
    2.0903173994994426e-06,
    8.3680686650556e-07,
    -0.007821370743665493,
    8.53716417613319e-06,
    -1.750896430080295e-08,
    2.5686141265671212e-06,
    1.2102742801221651e-05,
    8.625683520204484e-07,
    2.8462610382574973e-06,
    4.785234538058643e-06,
    1.8388011743540707e-06,
    -3.0758368912057654e-06,
    2.6356078916528948e-05,
    7.342741077383581e-06,
    6.4550383388802205e-06,
    0.00458920060994088,
    0.03297130579236571
  ],
  "val_sse_masked": 0.002726853359490633,
  "val_nrmse_masked": 0.14213824272155762,
  "val_mse_masked": 9.089511877391487e-05,
  "val_r2_masked": 0.9797899723052979,
  "val_sse_full": 0.002657094970345497,
  "val_nrmse_full": 0.14030838012695312,
  "val_mse_full": 8.856983913574368e-05,
  "val_r2_full": 0.9803069829940796,
  "iteration": 367,
  "p_lo_eff": 0.12967753410339355,
  "p_hi_eff": 1.9451630115509033,
  "f_lo_eff": 0.20659340918064117,
  "f_hi_eff": 1.6527472734451294
}