{
  "tag": "483_0845fe39",
  "lmb1": 0.0008524759948786483,
  "lmb2": 3.0006851119349447e-07,
  "nonzero_count": 17,
  "complexity_norm": 0.13709677419354838,
  "train_gen_window": 0.06062833470537053,
  "generalizability": 0.06185463007713977,
  "equation": "0.054324 E^{0.5} n P^{-0.5} - 0.0038201 P^{-1} F dT_{e} - 7.619 \\cdot 10^{-5} P^{-1} F dT_{i} - 0.0022473 P^{-1} F dn + 0.00033489 P dn - 9.482 \\cdot 10^{-5} T_{e}^{0.5} T_{i}^{0.5} F dn - 0.0023224 T_{e}^{0.5} T_{i}^{0.5} dn - 0.061817 T_{e} dn - 0.009766 T_{i}^{0.5} P^{-1} dn + 0.00010483 T_{i}^{0.5} P dn + 0.0036798 T_{i} P dn + 0.00024726 n^{-1} P^{-1} dn + 0.0084195 n E^{0.5} T_{e}^{0.5} T_{i} - 0.021453 n E^{0.5} T_{i}^{0.5} P + 0.00091517 n E^{0.5} T_{i} + 0.038729 n E T_{e}^{0.5} T_{i}^{0.5} + 0.0003003 n E T_{i}^{0.5}",
  "coefficients": [
    0.0885377032502146,
    0.0005659140130866281,
    1.277816761964881e-05,
    -1.0248409045423234e-05,
    8.206017537666952e-06,
    6.799306155122964e-06,
    5.709831300991999e-06,
    4.708212812476417e-06,
    3.2491708556645228e-06,
    -0.002701316254408352,
    -3.2584984526466975e-06,
    8.946483444251122e-07,
    -2.3601943616722825e-06,
    -3.70216622404519e-06,
    -5.20783097307018e-06,
    -9.300545492514153e-06,
    -4.4567332593772326e-06,
    -3.327435066202094e-06,
    -4.5937575824605365e-06,
    -2.7109683430828995e-06,
    -8.333254590322185e-06,
    -5.631848372444861e-06,
    -2.4141385488600717e-06,
    -3.0258882169576416e-07,
    -5.499037713384079e-06,
    -5.1197170305158046e-06,
    -1.7068481698905578e-06,
    -0.004137250445361574,
    1.4300165327326463e-06,
    1.4558322857383317e-06,
    5.944856215729198e-07,
    4.575151273439138e-06,
    2.223894894015644e-06,
    2.4209784917329247e-06,
    8.32066388373514e-06,
    3.7507541627010003e-06,
    8.881169316413778e-06,
    -1.8818044983794114e-06,
    1.3315272108716923e-06,
    2.227359504213052e-06,
    4.690016132130539e-06,
    8.888097173701498e-06,
    2.8488914637380965e-06,
    6.633200587858609e-06,
    9.222855890036371e-06,
    -0.002840580663333222,
    -6.531674232570499e-06,
    0.0003874902859056076,
    -0.010471496388961323,
    -3.512475353284294e-05,
    -3.9309107144573066e-05,
    0.00013690589215129933,
    -2.4685588246590836e-06,
    -1.7976066420793675e-05,
    0.005506142226574541,
    -1.3881490742834414e-05,
    -3.271565509017738e-05,
    -8.922456023127441e-06,
    -2.8383726087731953e-06,
    -0.001775776180833093,
    -0.00011262844840490733,
    2.5325569777170753e-05,
    -3.062020564541823e-05,
    -1.0866461797688419e-06,
    -0.039291716981825875,
    -1.1323874705108891e-05,
    -2.866402652070702e-05,
    -2.2762842895618113e-07,
    1.8662214613801093e-06,
    1.3218331487694364e-06,
    8.94716840981823e-06,
    1.3702710205889646e-06,
    -0.02225037020991013,
    0.0006422605828761508,
    -6.029079363248761e-06,
    1.0622154425995375e-05,
    0.005756069233813995,
    2.05308946763034e-06,
    9.830077484401125e-06,
    7.146553702977116e-06,
    3.293960271689483e-06,
    -2.6230019111219173e-05,
    0.0001252946655125828,
    1.2907491148118182e-05,
    2.230837009203281e-05,
    0.015661429449116276,
    0.02667058092651264
  ],
  "val_sse_masked": 0.0010128323920071125,
  "val_nrmse_masked": 0.08662611991167068,
  "val_mse_masked": 3.3761083614081144e-05,
  "val_r2_masked": 0.9924933910369873,
  "val_sse_full": 0.000989915686659515,
  "val_nrmse_full": 0.08564049005508423,
  "val_mse_full": 3.299719173810445e-05,
  "val_r2_full": 0.9926632642745972,
  "iteration": 483,
  "p_lo_eff": 0.12967753410339355,
  "p_hi_eff": 1.9451630115509033,
  "f_lo_eff": 0.20659340918064117,
  "f_hi_eff": 1.6527472734451294
}