{
  "tag": "332_e54f8386",
  "lmb1": 1.9996996974962564e-06,
  "lmb2": 1.0003203912825168e-07,
  "nonzero_count": 83,
  "complexity_norm": 0.6693548387096774,
  "train_gen_window": 0.016679795290933018,
  "generalizability": 0.01332662617641542,
  "equation": "0.16802 E^{0.5} n P^{-0.5} + 0.043698 F dT_{e} + 0.0036719 F dT_{i} + 0.0010753 F dn + 0.00099321 P^{-1} F dT_{e} + 8.0863 \\cdot 10^{-5} P^{-1} F dT_{i} + 0.0047061 P^{-1} F dn + 0.003984 P^{-1} dT_{e} + 0.0001054 P F dT_{i} - 0.001318 P dn - 0.087542 T_{e}^{0.5} F dT_{e} + 0.0019643 T_{e}^{0.5} P^{-1} dT_{e} - 0.052442 T_{e}^{0.5} P^{-1} dn + 0.015538 T_{e}^{0.5} T_{i}^{0.5} F dT_{e} + 2.5408 \\cdot 10^{-6} T_{e}^{0.5} T_{i}^{0.5} F dT_{i} - 0.031682 T_{e}^{0.5} T_{i}^{0.5} F dn + 1.6528 \\cdot 10^{-5} T_{e}^{0.5} T_{i}^{0.5} P^{-1} dT_{i} + 0.044053 T_{e}^{0.5} T_{i}^{0.5} P^{-1} dn + 0.0013862 T_{e}^{0.5} T_{i}^{0.5} P dT_{e} + 9.3695 \\cdot 10^{-6} T_{e}^{0.5} T_{i}^{0.5} P dT_{i} + 0.018406 T_{e}^{0.5} T_{i}^{0.5} P dn + 2.8811 \\cdot 10^{-6} T_{e}^{0.5} T_{i}^{0.5} dT_{i} + 0.056957 T_{e}^{0.5} T_{i}^{0.5} dn - 1.4763 \\cdot 10^{-5} T_{e}^{0.5} T_{i} dT_{e} - 9.5695 \\cdot 10^{-7} T_{e}^{0.5} T_{i} dT_{i} - 0.092294 T_{e}^{0.5} dn - 0.0013488 T_{e} F dT_{i} - 0.0014913 T_{e} F dn + 0.0019381 T_{e} P^{-1} dn + 9.175 \\cdot 10^{-6} T_{e} P dT_{i} - 0.0014537 T_{e} T_{i}^{0.5} dT_{e} + 0.00021023 T_{e} T_{i} dT_{e} - 3.0256 \\cdot 10^{-7} T_{e} T_{i} dT_{i} - 0.00027554 T_{e} T_{i} dn - 0.0021951 T_{e} dT_{e} - 4.4897 \\cdot 10^{-5} T_{e} dT_{i} - 0.0018887 T_{e} dn + 0.00723 T_{i}^{0.5} F dT_{e} - 0.00094135 T_{i}^{0.5} F dn + 0.00029349 T_{i}^{0.5} P^{-1} dT_{e} + 1.4472 \\cdot 10^{-6} T_{i}^{0.5} P^{-1} dT_{i} + 0.0014309 T_{i}^{0.5} P^{-1} dn + 3.3881 \\cdot 10^{-6} T_{i}^{0.5} P dT_{i} + 0.0017228 T_{i}^{0.5} P dn - 0.0019798 T_{i}^{0.5} dT_{e} + 6.5504 \\cdot 10^{-7} T_{i}^{0.5} dT_{i} + 0.00092731 T_{i}^{0.5} dn - 8.5664 \\cdot 10^{-5} T_{i} F dT_{e} - 1.7795 \\cdot 10^{-5} T_{i} F dT_{i} - 0.00017048 T_{i} P^{-1} dT_{e} - 0.0090873 T_{i} P^{-1} dn + 1.8357 \\cdot 10^{-5} T_{i} P dT_{e} - 0.0025826 T_{i} P dn - 0.00081858 T_{i} dT_{e} - 0.0011819 T_{i} dn + 0.0010095 dT_{e} - 0.00061212 dT_{i} + 0.0054374 n^{-1} P^{-1} dn - 0.0052065 n^{-1} T_{e}^{0.5} T_{i}^{0.5} dn - 0.0019763 n^{-1} T_{e}^{0.5} dn - 0.0035543 n^{-1} T_{e} dn + 0.0041696 n^{-1} T_{i}^{0.5} dn - 4.9634 \\cdot 10^{-5} n^{-1} T_{i} dn + 0.00026454 n^{-1} dn - 0.25938 n E^{0.5} - 0.047099 n E^{0.5} P^{-1} - 0.014464 n E^{0.5} T_{e}^{0.5} P^{-1} + 0.00065548 n E^{0.5} T_{e}^{0.5} T_{i}^{0.5} + 0.044339 n E^{0.5} T_{e}^{0.5} T_{i} - 0.0065341 n E^{0.5} T_{e} + 0.0019147 n E^{0.5} T_{e} T_{i}^{0.5} + 0.00065633 n E^{0.5} T_{i}^{0.5} - 0.019644 n E^{0.5} T_{i}^{0.5} F + 0.038334 n E^{0.5} T_{i}^{0.5} P^{-1} + 0.017491 n E^{0.5} T_{i}^{0.5} P + 0.11851 n E^{0.5} T_{i} - 0.022458 n E F - 0.0063611 n E P^{-1} - 0.0093977 n E P + 0.48912 n E T_{e}^{0.5} - 0.40722 n E T_{e}^{0.5} T_{i}^{0.5} - 0.011007 n E T_{i}^{0.5} + 0.0052957 n E T_{i}",
  "coefficients": [
    0.08853771659310922,
    0.012444697538541983,
    0.0003964032542738041,
    2.6914317555914568e-05,
    0.01772658750190507,
    -0.0009325601390175197,
    -0.0030326855316642042,
    -0.02525133782418988,
    -0.005848373885486995,
    0.0028669919672350062,
    -0.03676321644359464,
    0.05777395425527419,
    0.0016374597273564214,
    0.0006456974298724041,
    0.00024927093014327426,
    0.0014296083452517948,
    -0.012250000814913592,
    0.00916764823573662,
    0.001316340372035339,
    0.000305906789738351,
    0.004589912077467916,
    -0.0030460925870551014,
    -0.003921056733723516,
    -0.03224898220139445,
    0.0008683290602591156,
    -0.00116000683584463,
    0.007103948237305048,
    0.0010756658527335153,
    0.0013047257628978255,
    0.016454940097920093,
    0.0016697364869102365,
    -0.007586337769240112,
    0.008643095479760917,
    -0.004126570475867105,
    -0.014111122627768025,
    -0.00044082139316859933,
    0.00032531026660869594,
    0.004021293040944807,
    -0.03640744519289472,
    0.021129375847224494,
    0.006105290347665161,
    -0.0002964885136565727,
    -0.0032001524864203753,
    -0.007092194321462856,
    0.004966873747614837,
    0.0059485499776354474,
    0.0011504416478644059,
    -0.0015249626936776508,
    0.001534254271900392,
    0.0007351244468111408,
    -0.001153135890711404,
    0.0022498193966780334,
    -0.014173067100018234,
    -0.0011187888089877192,
    -0.003864390718985923,
    -0.04727196488929721,
    -0.0608550318547115,
    -2.6093710094798103e-05,
    0.05435952029204079,
    0.04355093261935107,
    -0.03763230795045381,
    0.022960177354683406,
    -6.1337501126598835e-06,
    0.002023771054856501,
    -0.0012005062155352171,
    -0.0014939004058965085,
    -0.00025284295091588626,
    -0.036009809084248806,
    -0.14317407442662267,
    0.03610729151566855,
    0.0004048563797886585,
    -0.01951863761872846,
    0.01814120550104125,
    0.08316796653113907,
    -0.012802298094209278,
    0.0003909047499474523,
    0.030312409460258715,
    -0.0033600188962867794,
    0.0011103099226074625,
    -0.0030367049959725244,
    -0.012821055875919272,
    -0.00570874965276582,
    -0.004592386570450751,
    0.0027527909054748554,
    0.17163598424174584,
    -0.16467534933377667,
    0.08248993818790977
  ],
  "val_sse_masked": 0.00016514869639649987,
  "val_nrmse_masked": 0.03497982397675514,
  "val_mse_masked": 5.504956789081916e-06,
  "val_r2_masked": 0.9987760186195374,
  "val_sse_full": 0.0001648933975957334,
  "val_nrmse_full": 0.03495277836918831,
  "val_mse_full": 5.496447101904778e-06,
  "val_r2_full": 0.9987778663635254,
  "iteration": 332,
  "p_lo_eff": 0.12967753410339355,
  "p_hi_eff": 1.9451630115509033,
  "f_lo_eff": 0.20659340918064117,
  "f_hi_eff": 1.6527472734451294
}