{
  "tag": "320_c1be4185",
  "lmb1": 5.429662359107308e-05,
  "lmb2": 0.0028182036330600515,
  "nonzero_count": 56,
  "complexity_norm": 0.45161290322580644,
  "train_gen_window": 0.0477204560789668,
  "generalizability": 0.03341973996701091,
  "equation": "0.052321 E^{0.5} n P^{-0.5} + 0.00043536 F dT_{i} - 0.00050594 F dn - 0.0028437 P^{-1} F dT_{e} - 0.00010533 P^{-1} F dT_{i} - 0.0035623 P^{-1} F dn + 0.00030179 P dn - 0.0025801 T_{e}^{0.5} F dn - 0.013643 T_{e}^{0.5} P^{-1} dn - 0.0048775 T_{e}^{0.5} T_{i}^{0.5} F dn - 1.2204 \\cdot 10^{-6} T_{e}^{0.5} T_{i}^{0.5} P^{-1} dT_{i} + 0.0016412 T_{e}^{0.5} T_{i}^{0.5} P^{-1} dn + 3.2118 \\cdot 10^{-5} T_{e}^{0.5} T_{i}^{0.5} P dT_{e} + 0.0022623 T_{e}^{0.5} T_{i}^{0.5} P dn - 0.0024617 T_{e}^{0.5} T_{i}^{0.5} dn - 0.014392 T_{e}^{0.5} dn - 0.0042296 T_{e} F dn + 0.0014362 T_{e} P^{-1} dn + 1.158 \\cdot 10^{-6} T_{e} P dT_{i} - 1.0044 \\cdot 10^{-5} T_{e} T_{i} dT_{e} - 2.012 \\cdot 10^{-6} T_{e} dT_{i} - 0.022096 T_{e} dn + 0.0002525 T_{i}^{0.5} F dT_{e} - 0.0029313 T_{i}^{0.5} F dn + 0.00031873 T_{i}^{0.5} P^{-1} dT_{e} - 2.3972 \\cdot 10^{-6} T_{i}^{0.5} P^{-1} dT_{i} - 0.0074304 T_{i}^{0.5} P^{-1} dn + 0.0033682 T_{i}^{0.5} P dn + 0.00010336 T_{i}^{0.5} dT_{e} - 0.00030625 T_{i}^{0.5} dn + 0.0037505 T_{i} P^{-1} dn + 6.4858 \\cdot 10^{-5} T_{i} P dT_{e} + 0.0068799 T_{i} P dn - 5.5 \\cdot 10^{-6} dT_{i} - 0.02393 n^{-1} F dn + 0.0029378 n^{-1} P^{-1} dn + 0.0014322 n^{-1} T_{e}^{0.5} dn + 0.0014547 n^{-1} T_{e} dn - 1.6808 \\cdot 10^{-5} n^{-1} T_{i} dn + 0.0016954 n^{-1} dn - 0.00075195 n E^{0.5} + 0.0018164 n E^{0.5} P^{-1} - 0.010454 n E^{0.5} T_{e}^{0.5} P^{-1} + 0.00054662 n E^{0.5} T_{e}^{0.5} T_{i}^{0.5} + 0.0061441 n E^{0.5} T_{e}^{0.5} T_{i} + 0.0022861 n E^{0.5} T_{e} T_{i}^{0.5} - 0.011493 n E^{0.5} T_{i}^{0.5} F - 0.013417 n E^{0.5} T_{i}^{0.5} P + 0.0029071 n E^{0.5} T_{i} - 0.00020557 n E F + 0.0081698 n E P^{-1} - 0.0022969 n E P + 0.029155 n E T_{e}^{0.5} + 0.015556 n E T_{e}^{0.5} T_{i}^{0.5} + 0.011453 n E T_{i}^{0.5} + 0.00026592 n E T_{i}",
  "coefficients": [
    0.08853770662615662,
    0.006723819195237859,
    0.0025405637346881905,
    -0.01217891155767034,
    -3.6719099165032955e-07,
    -0.0003158093810499427,
    0.0021976425281290766,
    1.4844245390936902e-05,
    0.0023936149181357715,
    -0.003734327119814869,
    -0.00033032381317763676,
    0.006849952646650398,
    7.556771805733907e-06,
    -0.0010695904916814777,
    -5.309020398483679e-05,
    2.2525737678513447e-05,
    -1.2463892667296838e-05,
    -0.0006769518356758055,
    -3.469546093422405e-05,
    -3.170958455071808e-05,
    4.215891091598692e-05,
    -1.3858978589122721e-05,
    -0.00017571677154809724,
    6.238469639154165e-05,
    0.00010959120047748843,
    1.2894622040360792e-06,
    9.1653333087464e-05,
    -0.003079739414105457,
    9.304959611845557e-05,
    7.589174182205499e-05,
    0.0018133871822731613,
    0.0003960495236152121,
    0.000301854399478525,
    9.377578068113964e-05,
    5.4075091737052e-05,
    6.519827652658251e-05,
    0.0011493376724540138,
    3.384408141531255e-05,
    4.033798479098418e-05,
    4.765261071417046e-05,
    0.00014146174217493504,
    -3.1952800839434875e-05,
    5.862586148480819e-06,
    -2.3639715385492878e-05,
    -0.00023730680485837527,
    -0.004502768264644147,
    -0.0005412724202423567,
    0.0003491932989853427,
    -0.007967156878347632,
    -0.00024277752217255756,
    -0.003590818904963507,
    0.004398632768247314,
    0.005849519065297888,
    3.844364181473511e-05,
    0.010294456388341101,
    -0.012298306261106768,
    -0.00948956908102087,
    -0.002667456857584066,
    0.002025146113060421,
    -0.0018822552750113624,
    -0.005793601023502975,
    0.0028219979230655417,
    6.498986824363237e-06,
    0.0014996167235738524,
    -0.014044598043009325,
    -0.004237027629441947,
    -3.831394361004753e-05,
    0.001388762882290246,
    -0.0004150701600355988,
    5.3945806864261114e-05,
    7.51143899616062e-05,
    -0.011419534952495067,
    -0.013916007296451285,
    0.0020401512867547784,
    -0.00925278652677867,
    0.00032598424060396484,
    0.004200474442084612,
    -5.885863500298814e-06,
    0.0013256990671371253,
    0.0039001058233709036,
    -0.00011735704677044488,
    -0.0013952662004425092,
    0.004778533954397139,
    0.00013822734953712943,
    0.010230797245919314,
    0.006290439397441128,
    0.025687106978098256
  ],
  "val_sse_masked": 0.0005874105263501406,
  "val_nrmse_masked": 0.06597067415714264,
  "val_mse_masked": 1.958035136340186e-05,
  "val_r2_masked": 0.9956464171409607,
  "val_sse_full": 0.0005953878862783313,
  "val_nrmse_full": 0.06641712039709091,
  "val_mse_full": 1.9846263967338018e-05,
  "val_r2_full": 0.9955872893333435,
  "iteration": 320,
  "p_lo_eff": 0.12967753410339355,
  "p_hi_eff": 1.9451630115509033,
  "f_lo_eff": 0.20659340918064117,
  "f_hi_eff": 1.6527472734451294
}