{
  "tag": "457_827ca6f4",
  "lmb1": 0.0011401583353805023,
  "lmb2": 8.943254856143073e-05,
  "nonzero_count": 14,
  "complexity_norm": 0.11290322580645161,
  "train_gen_window": 0.07248765398129192,
  "generalizability": 0.07235281461493522,
  "equation": "0.059172 E^{0.5} n P^{-0.5} - 0.0038606 P^{-1} F dT_{e} - 6.9342 \\cdot 10^{-5} P^{-1} F dT_{i} - 0.0021373 P^{-1} F dn - 0.00025605 T_{e}^{0.5} T_{i}^{0.5} F dn - 0.00801 T_{e}^{0.5} T_{i}^{0.5} dn - 0.048663 T_{e} dn - 0.01069 T_{i}^{0.5} P^{-1} dn + 0.001908 T_{i} P dn + 0.00029434 n^{-1} P^{-1} dn + 0.007119 n E^{0.5} T_{e}^{0.5} T_{i} - 0.019815 n E^{0.5} T_{i}^{0.5} P + 0.00028912 n E^{0.5} T_{i} + 0.034917 n E T_{e}^{0.5} T_{i}^{0.5}",
  "coefficients": [
    0.08853770400913902,
    0.0006736587838748401,
    2.5082303806045257e-05,
    -4.299419161798971e-06,
    3.325624635654139e-05,
    1.3553893103693463e-05,
    9.936101703271945e-06,
    1.1752826179035492e-05,
    5.756914675518103e-06,
    -0.0024585153219607446,
    -3.7844447500369485e-06,
    -1.6133006987844873e-07,
    -3.0538950029356385e-06,
    -2.9594690828634176e-06,
    -4.293732121344653e-06,
    -8.459595350263993e-06,
    -3.0766243448494026e-06,
    -2.7537861057052673e-06,
    -3.864659022182939e-06,
    -2.407495745352888e-06,
    -7.536300979706241e-06,
    -3.831922738668139e-06,
    -2.962457783358422e-06,
    -1.0222355846861584e-06,
    -7.732748307382513e-06,
    -3.5635896650737064e-06,
    -2.2523135119468545e-06,
    -0.004181106398719482,
    -1.1045948127561978e-07,
    6.680228695456036e-08,
    -4.1920086976749467e-07,
    9.57234045508613e-07,
    3.501405509076811e-07,
    7.242962718102541e-07,
    2.216443320601889e-06,
    1.1229436601472919e-06,
    2.2899397727131964e-06,
    -2.3923792530907284e-06,
    -1.9889278124706414e-08,
    3.900965443861141e-07,
    7.846124645208816e-07,
    2.407386050490051e-06,
    5.083768397572454e-07,
    1.503825436968366e-06,
    2.5585533234379183e-06,
    -0.002701536161494173,
    -6.108392915266525e-06,
    9.16550665270628e-05,
    -0.011462268888053498,
    -2.2124790096041022e-05,
    -4.177882454431123e-05,
    3.458250613513387e-05,
    -2.268434746774542e-06,
    -9.593671676678e-06,
    0.002855000239207377,
    -1.0610789540926745e-05,
    -2.7562295049317116e-05,
    -8.407440833328503e-06,
    -2.642838522755591e-06,
    -0.006124638254434058,
    -0.00030414484620239435,
    1.332889849955195e-05,
    -1.3207167525658805e-05,
    -1.1847560101118303e-06,
    -0.030930810343085136,
    -1.1043020049536407e-05,
    -1.3050377489966156e-05,
    1.3228176116524279e-07,
    1.6291273297146929e-06,
    1.2862323341532154e-06,
    6.639215444401574e-06,
    1.5512229842437018e-06,
    -0.020552241278919737,
    0.000202905421721889,
    -2.7955128174110147e-06,
    7.959572922987182e-06,
    0.004866967028903987,
    1.8489244468427463e-06,
    7.803839202359312e-06,
    5.679427410427356e-06,
    3.1589435347748104e-06,
    -1.3613932915659143e-05,
    7.571603001924427e-05,
    8.07538527087326e-06,
    1.7032221962183787e-05,
    0.014119879577582692,
    0.02905057434457823
  ],
  "val_sse_masked": 0.0012724378611892462,
  "val_nrmse_masked": 0.09709533303976059,
  "val_mse_masked": 4.241459828335792e-05,
  "val_r2_masked": 0.9905693531036377,
  "val_sse_full": 0.0012304647825658321,
  "val_nrmse_full": 0.09548049420118332,
  "val_mse_full": 4.101549711776897e-05,
  "val_r2_full": 0.9908804297447205,
  "iteration": 457,
  "p_lo_eff": 0.12967753410339355,
  "p_hi_eff": 1.9451630115509033,
  "f_lo_eff": 0.20659340918064117,
  "f_hi_eff": 1.6527472734451294
}