{
  "tag": "338_ad128f25",
  "lmb1": 0.0002575071252425755,
  "lmb2": 3.128332785296769e-08,
  "nonzero_count": 26,
  "complexity_norm": 0.20967741935483872,
  "train_gen_window": 0.04778421528158693,
  "generalizability": 0.04684158253255794,
  "equation": "0.056275 E^{0.5} n P^{-0.5} + 5.3686 \\cdot 10^{-5} F dT_{i} - 0.0038753 P^{-1} F dT_{e} - 6.597 \\cdot 10^{-5} P^{-1} F dT_{i} - 0.0035299 P^{-1} F dn + 0.00037337 P dn - 0.0074732 T_{e}^{0.5} P^{-1} dn + 0.00010742 T_{e}^{0.5} T_{i}^{0.5} P dn - 0.00019894 T_{e}^{0.5} T_{i}^{0.5} dn + 2.9388 \\cdot 10^{-5} T_{e} T_{i}^{0.5} dT_{e} - 0.066852 T_{e} dn + 0.00012076 T_{i}^{0.5} F dT_{e} - 0.0045575 T_{i}^{0.5} P^{-1} dn + 0.00090581 T_{i}^{0.5} P dn + 0.00013294 T_{i}^{0.5} dT_{e} + 5.9062 \\cdot 10^{-6} T_{i} P^{-1} dT_{e} + 0.0078663 T_{i} P dn - 0.0073567 n^{-1} F dn + 0.0015017 n^{-1} P^{-1} dn + 0.00085654 n^{-1} dn - 0.0062789 n E^{0.5} T_{e}^{0.5} P^{-1} + 0.00037356 n E^{0.5} T_{e}^{0.5} T_{i} - 0.020958 n E^{0.5} T_{i}^{0.5} P + 0.00031282 n E^{0.5} T_{i} + 0.058013 n E T_{e}^{0.5} T_{i}^{0.5} + 0.00062574 n E T_{i}^{0.5}",
  "coefficients": [
    0.088537703211854,
    0.003436932293430384,
    0.0012834924314023115,
    -0.003744126712922654,
    1.2429069670719808e-06,
    -7.2543096219532486e-06,
    1.86667894215007e-05,
    -2.516854522769882e-06,
    5.808454348913069e-06,
    -0.0023389626265037954,
    6.988682932967217e-06,
    0.0008446994100634277,
    1.8980826503979526e-05,
    -8.396387111385508e-06,
    2.3205668561734574e-06,
    9.777242170393208e-06,
    -3.79088821954898e-06,
    -8.51123211256498e-06,
    2.3002936137154432e-06,
    -1.5117160431644922e-07,
    1.0889383357514404e-05,
    -8.605620901447691e-07,
    8.550747057993738e-06,
    2.039318725668421e-05,
    1.8059221606416707e-05,
    -1.1174829076501942e-06,
    8.014868828595126e-06,
    -0.004196998284918757,
    1.4984712749185136e-05,
    4.4845753339845836e-05,
    5.997718835227457e-05,
    0.0005094206398749704,
    0.00014435882613166005,
    0.00014295881597619156,
    4.5077108258637e-05,
    8.513923049990897e-05,
    1.010462334967658e-05,
    5.3998364679016e-06,
    3.4088459501447034e-05,
    6.885281435264337e-05,
    8.056975599160457e-06,
    3.41080121453413e-05,
    5.031600065424027e-05,
    0.00014337774302741833,
    2.6582081990857175e-05,
    -0.004461825157259902,
    -8.178036926585169e-06,
    0.0004320126346388836,
    -0.004886742022816689,
    -3.606017397115744e-05,
    -3.097990133808443e-05,
    0.0011829089404460122,
    4.472469199165388e-06,
    -2.8051806072630617e-05,
    0.01177038765174657,
    -0.006736454378239133,
    -6.226603066162157e-05,
    -1.1453337149909889e-05,
    9.054845528909168e-07,
    -0.0001521154307036869,
    -4.633003563686009e-05,
    0.00013400147112317654,
    -4.87871792166461e-05,
    2.0612835287594248e-06,
    -0.04249207413124933,
    -1.375049328201174e-05,
    -5.123329077632367e-05,
    -8.304996931106797e-07,
    -3.834840625587971e-06,
    1.7126626354568724e-06,
    1.2668159680142418e-05,
    -1.8452296611663974e-05,
    -0.021737024367708805,
    0.00021953700803127834,
    -0.005557473846336014,
    1.618533542808713e-05,
    0.0002553846216160278,
    -2.0250864335072327e-06,
    1.5272463258638927e-05,
    3.395004801706219e-05,
    -1.4266423704674175e-06,
    -7.335840774456545e-05,
    0.0002610805663949902,
    8.245023416343749e-05,
    9.732371626812069e-05,
    0.02345975800017156,
    0.027628119935024835
  ],
  "val_sse_masked": 0.0007301591103896499,
  "val_nrmse_masked": 0.07355103641748428,
  "val_mse_masked": 2.4338638468179852e-05,
  "val_r2_masked": 0.9945884346961975,
  "val_sse_full": 0.0007147419964894652,
  "val_nrmse_full": 0.07277039438486099,
  "val_mse_full": 2.382473394391127e-05,
  "val_r2_full": 0.9947026968002319,
  "iteration": 338,
  "p_lo_eff": 0.12967753410339355,
  "p_hi_eff": 1.9451630115509033,
  "f_lo_eff": 0.20659340918064117,
  "f_hi_eff": 1.6527472734451294
}