{
  "tag": "77_605a3902",
  "lmb1": 0.0004071903811360843,
  "lmb2": 0.0004582525873451223,
  "nonzero_count": 21,
  "complexity_norm": 0.1693548387096774,
  "train_gen_window": 0.05271636954293377,
  "generalizability": 0.05088196894350251,
  "equation": "0.052008 E^{0.5} n P^{-0.5} - 0.0038436 P^{-1} F dT_{e} - 6.0915 \\cdot 10^{-5} P^{-1} F dT_{i} - 0.0032457 P^{-1} F dn + 0.00022723 P dn - 0.0019766 T_{e}^{0.5} T_{i}^{0.5} dn - 0.00050928 T_{e}^{0.5} dn + 4.3238 \\cdot 10^{-5} T_{e} T_{i}^{0.5} dT_{e} - 0.066001 T_{e} dn - 0.0086504 T_{i}^{0.5} P^{-1} dn + 0.00093499 T_{i}^{0.5} P dn + 0.0071642 T_{i} P dn - 0.0033748 n^{-1} F dn + 0.00095782 n^{-1} P^{-1} dn + 8.9255 \\cdot 10^{-5} n^{-1} dn - 0.0015274 n E^{0.5} T_{e}^{0.5} P^{-1} + 0.0037783 n E^{0.5} T_{e}^{0.5} T_{i} - 0.021299 n E^{0.5} T_{i}^{0.5} P + 0.0016529 n E^{0.5} T_{i} + 0.041932 n E T_{e}^{0.5} T_{i}^{0.5} + 0.01068 n E T_{i}^{0.5}",
  "coefficients": [
    0.0885377029810534,
    0.0021921714427947684,
    0.00013374593941819574,
    -0.001717606810648437,
    2.8164346683792817e-06,
    -1.2349441860920621e-06,
    9.891346519164207e-06,
    -2.6513030524060345e-07,
    2.724546594379593e-06,
    -0.0021597264221778273,
    1.7940473579581618e-06,
    2.5340869457251263e-05,
    5.247135025764232e-06,
    -3.608883588055747e-06,
    -9.077151457071056e-07,
    -8.934258632853808e-08,
    -3.2490446255221002e-06,
    -3.300434655237248e-06,
    -5.400951128218576e-07,
    -4.077682870154545e-07,
    3.5494369549635833e-07,
    -2.617676544589523e-06,
    3.0849577631380243e-06,
    7.831984000212875e-06,
    3.4107502158727725e-06,
    -2.4221192806727234e-06,
    1.5601903622257846e-06,
    -0.0041626918950273106,
    7.896758588401934e-06,
    1.2624808274959468e-05,
    1.1594617417238834e-05,
    5.810979909933222e-05,
    2.590165869257769e-05,
    2.215654107354841e-05,
    4.518354859514425e-05,
    2.85201152374242e-05,
    1.572909073114361e-05,
    1.034408973570724e-06,
    1.2449313048803835e-05,
    2.296294167142499e-05,
    1.4423695273044942e-05,
    3.930627251259225e-05,
    2.3493126578223784e-05,
    0.00021094803412512634,
    3.386394024235507e-05,
    -0.004102548197271497,
    -8.47333305702111e-06,
    0.00026292411778469356,
    -0.00927529503062273,
    -4.182744783470355e-05,
    -2.3298292721502317e-05,
    0.0012210191166294692,
    -6.111973764369114e-07,
    -2.27780883660133e-05,
    0.01071980840308217,
    -9.752775135281324e-05,
    -0.0003358013526805318,
    -1.1261020063898806e-05,
    -2.1611176723434525e-06,
    -0.0015113310706613495,
    -3.439123004701065e-05,
    5.427094604387999e-05,
    -4.336631716785288e-05,
    -3.189346273843937e-07,
    -0.04195136452175767,
    -1.3339560935636562e-05,
    -5.477340248705748e-05,
    -2.0219578926267015e-06,
    1.478418671498731e-06,
    7.459055003313584e-07,
    1.3479390434205837e-05,
    -3.0395589037127903e-06,
    -0.0220910098785865,
    0.0011599746546314953,
    -0.0013519048522156153,
    1.5851638479909064e-05,
    0.0025830313292109722,
    1.8111725049373892e-06,
    1.4233018076535276e-05,
    1.6253912379072028e-05,
    2.0170924316371194e-06,
    -4.0444786354547925e-05,
    0.004456135476907832,
    3.722781787289341e-05,
    9.029761362162951e-05,
    0.016956543603181478,
    0.025533146544400937
  ],
  "val_sse_masked": 0.0008001410169526935,
  "val_nrmse_masked": 0.07699514925479889,
  "val_mse_masked": 2.667136868694797e-05,
  "val_r2_masked": 0.9940697550773621,
  "val_sse_full": 0.0007797488942742348,
  "val_nrmse_full": 0.07600767910480499,
  "val_mse_full": 2.5991632355726324e-05,
  "val_r2_full": 0.9942209124565125,
  "iteration": 77,
  "p_lo_eff": 0.12967753410339355,
  "p_hi_eff": 1.9451630115509033,
  "f_lo_eff": 0.20659340918064117,
  "f_hi_eff": 1.6527472734451294
}