{
  "tag": "315_1509dffc",
  "lmb1": 2.760118667493999e-05,
  "lmb2": 8.062424100587907e-08,
  "nonzero_count": 60,
  "complexity_norm": 0.4838709677419355,
  "train_gen_window": 0.022019459999714018,
  "generalizability": 0.028679157712436853,
  "equation": "0.11234 E^{0.5} n P^{-0.5} + 0.00077 F dT_{i} - 0.00020015 F dn - 0.001635 P^{-1} F dT_{e} + 3.6862 \\cdot 10^{-5} P^{-1} F dT_{i} - 0.00010178 P dn - 0.00073643 T_{e}^{0.5} F dT_{e} - 0.00048926 T_{e}^{0.5} F dn - 0.044024 T_{e}^{0.5} P^{-1} dn - 1.2907 \\cdot 10^{-6} T_{e}^{0.5} T_{i}^{0.5} F dT_{i} - 0.016109 T_{e}^{0.5} T_{i}^{0.5} F dn - 5.2057 \\cdot 10^{-6} T_{e}^{0.5} T_{i}^{0.5} P^{-1} dT_{i} + 0.01087 T_{e}^{0.5} T_{i}^{0.5} P^{-1} dn + 3.8158 \\cdot 10^{-5} T_{e}^{0.5} T_{i}^{0.5} P dT_{e} + 1.025 \\cdot 10^{-6} T_{e}^{0.5} T_{i}^{0.5} P dT_{i} + 0.00013387 T_{e}^{0.5} T_{i}^{0.5} P dn - 6.2778 \\cdot 10^{-6} T_{e}^{0.5} T_{i} dT_{e} + 0.00051205 T_{e}^{0.5} T_{i} dn - 0.00055979 T_{e}^{0.5} dn - 0.0010441 T_{e} F dn + 0.017883 T_{e} P^{-1} dn + 2.7719 \\cdot 10^{-6} T_{e} P dT_{i} - 5.1858 \\cdot 10^{-5} T_{e} T_{i}^{0.5} dT_{e} - 0.00017613 T_{e} T_{i} dT_{e} + 0.00155 T_{e} T_{i} dn - 0.0020433 T_{e} dT_{e} - 8.7096 \\cdot 10^{-5} T_{e} dT_{i} - 0.05523 T_{e} dn + 0.00058305 T_{i}^{0.5} F dT_{e} - 0.00040111 T_{i}^{0.5} F dn + 0.0012369 T_{i}^{0.5} P^{-1} dT_{e} - 5.1049 \\cdot 10^{-6} T_{i}^{0.5} P^{-1} dT_{i} - 0.0021961 T_{i}^{0.5} P^{-1} dn + 6.7283 \\cdot 10^{-7} T_{i}^{0.5} P dT_{i} + 9.2392 \\cdot 10^{-5} T_{i}^{0.5} P dn + 4.7694 \\cdot 10^{-5} T_{i}^{0.5} dT_{e} + 2.3521 \\cdot 10^{-5} T_{i} F dT_{e} + 0.0025418 T_{i} P^{-1} dn + 0.00016322 T_{i} P dT_{e} + 0.013011 T_{i} P dn + 0.00041077 T_{i} dn - 9.2019 \\cdot 10^{-5} dT_{e} - 2.9709 \\cdot 10^{-5} dT_{i} - 0.0096953 n^{-1} F dn + 0.003543 n^{-1} P^{-1} dn - 2.8284 \\cdot 10^{-5} n^{-1} T_{e}^{0.5} T_{i}^{0.5} dn + 8.077 \\cdot 10^{-5} n^{-1} T_{e} dn - 0.00024472 n^{-1} T_{i}^{0.5} dn - 0.00012168 n^{-1} T_{i} dn - 0.06599 n E^{0.5} - 0.025051 n E^{0.5} T_{e}^{0.5} P^{-1} + 0.00031484 n E^{0.5} T_{e}^{0.5} T_{i}^{0.5} + 0.032274 n E^{0.5} T_{e}^{0.5} T_{i} + 0.0011791 n E^{0.5} T_{e} T_{i}^{0.5} - 0.02028 n E^{0.5} T_{i}^{0.5} F + 0.00030137 n E^{0.5} T_{i}^{0.5} P^{-1} + 0.00045306 n E^{0.5} T_{i} + 0.024094 n E P^{-1} + 0.021934 n E T_{e}^{0.5} - 0.0013964 n E T_{i}",
  "coefficients": [
    0.08853770840845487,
    0.008108845764217514,
    -7.749594394116838e-05,
    -0.0049343622006434015,
    -0.0010403947260238346,
    -0.002286296793716542,
    -1.129760998230071e-05,
    -0.00013717597806265806,
    0.00013290091589979083,
    0.0013069277895080794,
    -0.0017842683155174434,
    0.012115248365895738,
    -3.284253505826588e-05,
    -0.002277722547895532,
    -1.9358036328754675e-05,
    0.00028390232664088675,
    -7.075843042138644e-07,
    -0.0028874556886035753,
    -1.9813004849004277e-05,
    -0.00015539796030789415,
    0.0005021132318242461,
    9.631032068696124e-05,
    -0.0076064951308993465,
    1.0206569779841218e-05,
    0.0002623318634416293,
    9.6400034159761e-05,
    4.668774006358109e-05,
    -0.0017706946375068988,
    -0.00011893445763652203,
    -6.927640935200115e-05,
    0.007037234877723971,
    0.0001827583688828283,
    0.000697016529745913,
    7.402348019745547e-05,
    7.740723690110717e-06,
    0.00012103951394646406,
    0.002892356296436203,
    -1.4344017211907989e-05,
    -0.00030627159156030605,
    5.62091790106389e-05,
    0.00016806336788341832,
    -0.00012608019927589425,
    -0.002978853144100304,
    -0.0002530056567675882,
    -0.004161292477621086,
    -5.965199403531367e-06,
    -0.0002141246188494451,
    -0.0001177641441223853,
    -0.002354696350605934,
    1.5045312241014364e-05,
    -0.0004913496252986363,
    0.0001206561108390658,
    0.003964368319062145,
    0.0003888270156473119,
    0.019468114046135958,
    -0.039684290823951446,
    -0.00036910741455781833,
    -0.0005058175473094313,
    0.013412646606352446,
    -4.9760154780705815e-06,
    -0.01913449544123996,
    0.00016699173238165062,
    0.0004740996301458683,
    0.018672955340587945,
    -0.035104808228487605,
    -0.0010459368570866132,
    0.001422300806323616,
    -7.614495134897152e-06,
    -0.036425802455378506,
    0.0002838599108050041,
    5.326370469013931e-05,
    -0.02015050776787266,
    7.88047213847132e-05,
    0.00031795624544204927,
    -0.022172624695479336,
    0.00018776307353669182,
    0.022064201291881136,
    -4.0897437153684804e-05,
    0.0006837426040255742,
    0.011502177567570394,
    -8.778032262805885e-05,
    -2.6923678345360053e-05,
    4.132441834665914e-05,
    -0.0007258727928291031,
    0.007696897236070584,
    5.043714626948374e-05,
    0.055155550661274984
  ],
  "val_sse_masked": 0.00031911497353576124,
  "val_nrmse_masked": 0.04862433299422264,
  "val_mse_masked": 1.0637166269589216e-05,
  "val_r2_masked": 0.9976348876953125,
  "val_sse_full": 0.0003195026656612754,
  "val_nrmse_full": 0.04865385964512825,
  "val_mse_full": 1.0650089279806707e-05,
  "val_r2_full": 0.9976320266723633,
  "iteration": 315,
  "p_lo_eff": 0.12967753410339355,
  "p_hi_eff": 1.9451630115509033,
  "f_lo_eff": 0.20659340918064117,
  "f_hi_eff": 1.6527472734451294
}