{
  "tag": "309_78e9fd58",
  "lmb1": 0.0008952987850775214,
  "lmb2": 6.525160393690593e-06,
  "nonzero_count": 17,
  "complexity_norm": 0.13709677419354838,
  "train_gen_window": 0.06259818231229233,
  "generalizability": 0.06330970572629024,
  "equation": "0.054983 E^{0.5} n P^{-0.5} - 0.003825 P^{-1} F dT_{e} - 7.5511 \\cdot 10^{-5} P^{-1} F dT_{i} - 0.0022128 P^{-1} F dn + 0.00030225 P dn - 0.00011901 T_{e}^{0.5} T_{i}^{0.5} F dn - 0.0028055 T_{e}^{0.5} T_{i}^{0.5} dn - 0.060206 T_{e} dn - 0.009927 T_{i}^{0.5} P^{-1} dn + 8.9535 \\cdot 10^{-5} T_{i}^{0.5} P dn + 0.0033679 T_{i} P dn + 0.00024972 n^{-1} P^{-1} dn + 0.0083459 n E^{0.5} T_{e}^{0.5} T_{i} - 0.021279 n E^{0.5} T_{i}^{0.5} P + 0.00085616 n E^{0.5} T_{i} + 0.038082 n E T_{e}^{0.5} T_{i}^{0.5} + 0.00029543 n E T_{i}^{0.5}",
  "coefficients": [
    0.08853770335064792,
    0.0005715405863745966,
    1.5328022981939217e-05,
    -8.56567200962579e-06,
    1.066352789647444e-05,
    8.307184417404452e-06,
    6.622510698055917e-06,
    5.790710868694318e-06,
    3.7718145209511136e-06,
    -0.0026772259456041814,
    -3.6261121816600457e-06,
    6.092066871993325e-07,
    -2.7130211342294904e-06,
    -3.7873238199318585e-06,
    -5.503136189282985e-06,
    -1.0202335654041677e-05,
    -4.489982093756903e-06,
    -3.410444105325765e-06,
    -4.859520517899001e-06,
    -2.8388262928100594e-06,
    -9.133159700741918e-06,
    -5.729477746945497e-06,
    -2.7203085551053555e-06,
    -5.158397421666209e-07,
    -6.430642878876388e-06,
    -5.215925780801171e-06,
    -1.8584028668176632e-06,
    -0.004142554948796765,
    1.049493545477071e-06,
    1.1082033833518375e-06,
    3.731840800331223e-07,
    3.639660908312086e-06,
    1.7872683049447014e-06,
    2.079600164857948e-06,
    7.0132872166286455e-06,
    3.221949212657175e-06,
    7.579447705470661e-06,
    -2.0188197031734483e-06,
    1.0011746004197718e-06,
    1.805962624529732e-06,
    3.7391637850081e-06,
    7.525326836713207e-06,
    2.2237344502994886e-06,
    5.242901779444041e-06,
    7.853264173213364e-06,
    -0.0027969485339512427,
    -6.704409158612587e-06,
    0.00034972352243201873,
    -0.010644098839990485,
    -3.528693794192178e-05,
    -4.561205259020815e-05,
    0.00011692528415801829,
    -2.4376263638520904e-06,
    -1.6790645164879975e-05,
    0.005039469868385486,
    -1.3203956667012002e-05,
    -3.170424042097135e-05,
    -9.309230437322063e-06,
    -2.8126703064448793e-06,
    -0.002145141933070311,
    -0.00014135749169241502,
    2.348727795182713e-05,
    -2.712770657729004e-05,
    -1.1134276752231982e-06,
    -0.03826804592366991,
    -1.2017495199343691e-05,
    -2.4367240439209252e-05,
    -1.4756481973717832e-07,
    1.83334603961372e-06,
    1.3211369720719688e-06,
    8.700388125981337e-06,
    1.4780548469193003e-06,
    -0.022070580039714727,
    0.0006008430366127715,
    -5.2528203722204316e-06,
    1.0383642887261266e-05,
    0.005705759823533069,
    2.0267801024480383e-06,
    9.663281850155034e-06,
    6.809193829983497e-06,
    3.3677938420142205e-06,
    -2.5145131774213002e-05,
    0.00012326297217997483,
    1.2289252277395484e-05,
    2.1252766351122744e-05,
    0.015399735396273522,
    0.026993709356170806
  ],
  "val_sse_masked": 0.0010457363678142428,
  "val_nrmse_masked": 0.08802198618650436,
  "val_mse_masked": 3.485787965473719e-05,
  "val_r2_masked": 0.9922495484352112,
  "val_sse_full": 0.0010206341976299882,
  "val_nrmse_full": 0.0869591161608696,
  "val_mse_full": 3.402114089112729e-05,
  "val_r2_full": 0.9924355745315552,
  "iteration": 309,
  "p_lo_eff": 0.12967753410339355,
  "p_hi_eff": 1.9451630115509033,
  "f_lo_eff": 0.20659340918064117,
  "f_hi_eff": 1.6527472734451294
}