{
  "tag": "277_bcfdb221",
  "lmb1": 4.624977403781094e-05,
  "lmb2": 0.0003718944405504057,
  "nonzero_count": 51,
  "complexity_norm": 0.4112903225806452,
  "train_gen_window": 0.03267641716289947,
  "generalizability": 0.027650518082932483,
  "equation": "0.092861 E^{0.5} n P^{-0.5} + 0.00036013 F dT_{i} - 9.5365 \\cdot 10^{-5} F dn - 0.002548 P^{-1} F dT_{e} - 6.1074 \\cdot 10^{-6} P^{-1} F dT_{i} - 0.00042885 P^{-1} F dn - 0.00030913 T_{e}^{0.5} F dn - 0.024501 T_{e}^{0.5} P^{-1} dn - 0.014466 T_{e}^{0.5} T_{i}^{0.5} F dn - 1.9594 \\cdot 10^{-6} T_{e}^{0.5} T_{i}^{0.5} P^{-1} dT_{i} + 0.0057948 T_{e}^{0.5} T_{i}^{0.5} P^{-1} dn + 0.00052204 T_{e}^{0.5} T_{i}^{0.5} P dn - 0.00014502 T_{e}^{0.5} T_{i}^{0.5} dn - 0.0033193 T_{e}^{0.5} dn - 0.0022726 T_{e} F dn + 0.0059308 T_{e} P^{-1} dn + 2.0729 \\cdot 10^{-6} T_{e} P dT_{i} - 2.182 \\cdot 10^{-5} T_{e} T_{i}^{0.5} dT_{e} - 4.7363 \\cdot 10^{-5} T_{e} T_{i} dT_{e} - 0.00038398 T_{e} dT_{e} - 1.8931 \\cdot 10^{-5} T_{e} dT_{i} - 0.033955 T_{e} dn + 0.00010714 T_{i}^{0.5} F dT_{e} - 0.0039685 T_{i}^{0.5} F dn + 0.00070624 T_{i}^{0.5} P^{-1} dT_{e} - 3.193 \\cdot 10^{-6} T_{i}^{0.5} P^{-1} dT_{i} - 0.0088089 T_{i}^{0.5} P^{-1} dn + 0.0017799 T_{i}^{0.5} P dn + 0.0045656 T_{i} P^{-1} dn + 7.8063 \\cdot 10^{-5} T_{i} P dT_{e} + 0.010366 T_{i} P dn - 0.00013509 dT_{e} - 8.2474 \\cdot 10^{-6} dT_{i} - 0.02143 n^{-1} F dn + 0.0038372 n^{-1} P^{-1} dn + 0.00042418 n^{-1} T_{e}^{0.5} dn + 0.0012932 n^{-1} T_{e} dn - 0.00010044 n^{-1} T_{i} dn + 0.00076009 n^{-1} dn - 0.029369 n E^{0.5} - 0.019523 n E^{0.5} T_{e}^{0.5} P^{-1} + 0.014369 n E^{0.5} T_{e}^{0.5} T_{i} + 0.00024573 n E^{0.5} T_{e} T_{i}^{0.5} - 0.019557 n E^{0.5} T_{i}^{0.5} F - 0.0058921 n E^{0.5} T_{i}^{0.5} P + 0.0014053 n E^{0.5} T_{i} + 0.016058 n E P^{-1} - 0.00077178 n E P + 0.03207 n E T_{e}^{0.5} + 0.0058033 n E T_{e}^{0.5} T_{i}^{0.5} + 0.0011724 n E T_{i}^{0.5}",
  "coefficients": [
    0.08853770751507395,
    0.008782171501907217,
    0.0011389708421499984,
    -0.01090645438866435,
    -3.7409904301765056e-05,
    -0.001887139575458221,
    0.0006509111862550053,
    -8.441398406817678e-06,
    0.0021278958535512456,
    -0.0002165351970649926,
    -0.0004953292319771578,
    0.005666338219119846,
    2.9358754649988074e-05,
    -0.0014246395747369825,
    -4.157247614849801e-05,
    8.0454709677758e-05,
    1.1252028783178593e-05,
    -0.0010868218950671326,
    -3.616407609398831e-05,
    -4.08928341035667e-05,
    9.793434678294309e-05,
    4.411931103298787e-06,
    -0.0016532805147347516,
    4.1297404933698085e-06,
    0.00019618088058343485,
    1.667389760065861e-05,
    4.415952482650667e-05,
    -0.002759509711732835,
    -0.00017460639211726108,
    -2.7780091718547357e-05,
    0.004018013678631057,
    3.863399012932563e-05,
    0.00012808182278702362,
    5.689698967729668e-05,
    1.2415325453323737e-05,
    4.263352570461719e-05,
    0.001383343650420004,
    1.3059943267562988e-05,
    -5.432430826320259e-05,
    3.393787876651687e-05,
    4.086557528082615e-05,
    -5.652204041891167e-05,
    -0.0005598019957517985,
    -0.00010645551081976218,
    -0.0011190041359643245,
    -0.0005420588858014876,
    -0.00010202536484550952,
    9.389992765751067e-05,
    -0.009445253089722844,
    -2.735609147797511e-05,
    -0.004861327021871728,
    0.0023243401887921454,
    0.007120667412472221,
    1.3117629431002026e-05,
    0.01551035214183954,
    -0.022085609004141468,
    -0.002188606751191281,
    -0.000319588567708977,
    0.007150555470539145,
    -0.00011088934638561808,
    -0.0171826439094187,
    0.0006511928988791498,
    -1.1061981355298891e-05,
    0.006192901326822809,
    -0.021582573339148845,
    -0.002276550574829549,
    -1.9086996085223994e-05,
    7.950003926245918e-05,
    -0.016211618224049998,
    5.498360539418654e-05,
    1.2181610957601416e-05,
    -0.01943220289972327,
    -0.006111246020805404,
    0.0009862620594325172,
    -0.01727950729658293,
    6.480641480155093e-05,
    0.009823515398113446,
    -6.903919378138874e-05,
    0.00014249694268459793,
    0.0076656745357215296,
    -6.70675185805391e-05,
    -0.00046882968308843784,
    0.0004891484635046215,
    9.557176070195818e-05,
    0.011253700268484004,
    0.0023467936405269633,
    0.04559026730781691
  ],
  "val_sse_masked": 0.00045034592039883137,
  "val_nrmse_masked": 0.05776345729827881,
  "val_mse_masked": 1.5011532013886608e-05,
  "val_r2_masked": 0.9966622591018677,
  "val_sse_full": 0.0004457175964489579,
  "val_nrmse_full": 0.05746586620807648,
  "val_mse_full": 1.4857254427624866e-05,
  "val_r2_full": 0.9966965913772583,
  "iteration": 277,
  "p_lo_eff": 0.12967753410339355,
  "p_hi_eff": 1.9451630115509033,
  "f_lo_eff": 0.20659340918064117,
  "f_hi_eff": 1.6527472734451294
}