{
  "tag": "486_98e2233a",
  "lmb1": 2.928239754962937e-06,
  "lmb2": 2.8474051406784336e-06,
  "nonzero_count": 84,
  "complexity_norm": 0.6774193548387096,
  "train_gen_window": 0.019351324496789668,
  "generalizability": 0.015879767890395663,
  "equation": "0.15405 E^{0.5} n P^{-0.5} + 0.024627 F dT_{e} + 0.003203 F dT_{i} - 0.0002256 F dn + 0.00017603 P^{-1} F dT_{e} + 7.3069 \\cdot 10^{-5} P^{-1} F dT_{i} + 0.0029386 P^{-1} F dn + 0.0048776 P^{-1} dT_{e} + 4.0907 \\cdot 10^{-5} P F dT_{i} - 0.0036384 P dn - 0.062355 T_{e}^{0.5} F dT_{e} - 0.00079615 T_{e}^{0.5} F dn + 0.00065137 T_{e}^{0.5} P^{-1} dT_{e} - 0.050783 T_{e}^{0.5} P^{-1} dn + 0.013659 T_{e}^{0.5} T_{i}^{0.5} F dT_{e} - 1.4592 \\cdot 10^{-6} T_{e}^{0.5} T_{i}^{0.5} F dT_{i} - 0.023652 T_{e}^{0.5} T_{i}^{0.5} F dn + 2.4262 \\cdot 10^{-6} T_{e}^{0.5} T_{i}^{0.5} P^{-1} dT_{i} + 0.038438 T_{e}^{0.5} T_{i}^{0.5} P^{-1} dn + 0.0015288 T_{e}^{0.5} T_{i}^{0.5} P dT_{e} + 5.6001 \\cdot 10^{-6} T_{e}^{0.5} T_{i}^{0.5} P dT_{i} + 0.018349 T_{e}^{0.5} T_{i}^{0.5} P dn + 1.4019 \\cdot 10^{-6} T_{e}^{0.5} T_{i}^{0.5} dT_{i} + 0.027159 T_{e}^{0.5} T_{i}^{0.5} dn - 3.2604 \\cdot 10^{-5} T_{e}^{0.5} T_{i} dT_{e} - 4.0836 \\cdot 10^{-7} T_{e}^{0.5} T_{i} dT_{i} + 0.0027234 T_{e}^{0.5} T_{i} dn - 0.080258 T_{e}^{0.5} dn - 0.00094504 T_{e} F dT_{i} - 0.001901 T_{e} F dn + 0.0073193 T_{e} P^{-1} dn + 1.081 \\cdot 10^{-5} T_{e} P dT_{i} - 0.00081081 T_{e} T_{i}^{0.5} dT_{e} + 2.4618 \\cdot 10^{-5} T_{e} T_{i} dT_{e} - 8.5548 \\cdot 10^{-8} T_{e} T_{i} dT_{i} + 0.0037075 T_{e} T_{i} dn - 0.0025955 T_{e} dT_{e} - 4.6088 \\cdot 10^{-5} T_{e} dT_{i} - 0.0036222 T_{e} dn + 0.0066036 T_{i}^{0.5} F dT_{e} - 0.0017665 T_{i}^{0.5} F dn + 0.0003094 T_{i}^{0.5} P^{-1} dT_{e} + 2.9101 \\cdot 10^{-7} T_{i}^{0.5} P^{-1} dT_{i} - 0.00041326 T_{i}^{0.5} P^{-1} dn + 2.1412 \\cdot 10^{-6} T_{i}^{0.5} P dT_{i} + 0.0015659 T_{i}^{0.5} P dn - 0.0032855 T_{i}^{0.5} dT_{e} + 0.0014219 T_{i}^{0.5} dn + 2.5511 \\cdot 10^{-5} T_{i} F dT_{e} - 1.0524 \\cdot 10^{-5} T_{i} F dT_{i} - 8.479 \\cdot 10^{-5} T_{i} P^{-1} dT_{e} - 0.0066791 T_{i} P^{-1} dn + 6.3648 \\cdot 10^{-5} T_{i} P dT_{e} + 0.0003368 T_{i} P dn - 0.00056195 T_{i} dT_{e} + 0.0010951 T_{i} dn + 0.002089 dT_{e} - 0.0005417 dT_{i} + 0.004782 n^{-1} P^{-1} dn - 0.002814 n^{-1} T_{e}^{0.5} T_{i}^{0.5} dn - 0.00099466 n^{-1} T_{e}^{0.5} dn - 0.0029316 n^{-1} T_{e} dn + 0.001387 n^{-1} T_{i}^{0.5} dn - 0.00018721 n^{-1} T_{i} dn + 0.0008453 n^{-1} dn - 0.21995 n E^{0.5} - 0.033934 n E^{0.5} P^{-1} - 0.018253 n E^{0.5} T_{e}^{0.5} P^{-1} + 0.0016424 n E^{0.5} T_{e}^{0.5} T_{i}^{0.5} + 0.049414 n E^{0.5} T_{e}^{0.5} T_{i} - 0.0020217 n E^{0.5} T_{e} + 0.003941 n E^{0.5} T_{e} T_{i}^{0.5} + 0.0010551 n E^{0.5} T_{i}^{0.5} - 0.022716 n E^{0.5} T_{i}^{0.5} F + 0.029967 n E^{0.5} T_{i}^{0.5} P^{-1} + 0.014911 n E^{0.5} T_{i}^{0.5} P + 0.085062 n E^{0.5} T_{i} - 0.011157 n E F + 0.00083812 n E P^{-1} - 0.0070546 n E P + 0.34021 n E T_{e}^{0.5} - 0.27544 n E T_{e}^{0.5} T_{i}^{0.5} - 0.011177 n E T_{i}^{0.5} - 0.0043699 n E T_{i}",
  "coefficients": [
    0.08853771513241382,
    0.010944549320355072,
    0.0012666536833618005,
    1.966147409955619e-05,
    0.00589662741933066,
    -0.003517477787314415,
    -0.0015263068274820324,
    -0.013647754490420225,
    -0.00482374392032281,
    0.002590632984424148,
    -0.03253415410930374,
    0.050395578567604425,
    0.0006355335577070083,
    0.00012984389315808843,
    -9.903600835597178e-05,
    0.0009034749312069006,
    -0.007245097108481248,
    0.0013457422507425982,
    0.0006405255640380582,
    -0.00017568944201206847,
    0.0027433914789453616,
    -0.001299861901440572,
    -0.004025090514601098,
    -0.02259488295496745,
    0.0010231061633484656,
    -0.00032798419432461165,
    0.00869745586829883,
    0.00019064745609389752,
    0.002700056454015644,
    0.00927365431690817,
    0.0017602905981913032,
    -0.012589561814945492,
    0.007894356280798329,
    -0.002052348531242075,
    -0.009687195106841516,
    0.00013128023653787393,
    0.001127895528648918,
    0.001333486041509701,
    -0.025932586360692778,
    0.018574344204143833,
    0.0067333424121623076,
    -0.0006547933987364169,
    -0.0037839109413033353,
    -0.003955772757107447,
    0.0005816338735400199,
    0.003714329018132715,
    -0.00024135580750635698,
    -0.0042098143173442916,
    -0.0004431095312675895,
    0.0011272100075422429,
    -0.002163974190224865,
    0.0020448752033179057,
    -0.010417096220397349,
    0.0010366240319673746,
    0.0005039515743482168,
    -0.04577677054949197,
    -0.05291872923058164,
    -0.0008230933115006224,
    0.047430402305073206,
    0.020766403466948923,
    -0.028093659875264784,
    0.022889074755210778,
    0.002521608044906491,
    0.007642689961495453,
    -0.00230235010334402,
    -0.0019043121267011342,
    0.003402137830380752,
    -0.025944704881151654,
    -0.1214120416383359,
    0.028226381264848836,
    0.0006508338847968934,
    -0.02257131380031643,
    0.015465231373318376,
    0.05969589996005123,
    -0.01615584165036501,
    0.0009794974395941497,
    0.03378229399291396,
    -0.0010396318148377453,
    0.0022853757040561156,
    0.0004001041574493014,
    -0.0063694512344621545,
    -0.00428541565922107,
    -0.0046632477674313794,
    -0.00227152684324739,
    0.11938328195585789,
    -0.11138433631510036,
    0.0756296257928148
  ],
  "val_sse_masked": 0.00018254392489325255,
  "val_nrmse_masked": 0.03677593544125557,
  "val_mse_masked": 6.0847978602396324e-06,
  "val_r2_masked": 0.9986470937728882,
  "val_sse_full": 0.00018269862630404532,
  "val_nrmse_full": 0.036791518330574036,
  "val_mse_full": 6.089954695198685e-06,
  "val_r2_full": 0.9986459612846375,
  "iteration": 486,
  "p_lo_eff": 0.12967753410339355,
  "p_hi_eff": 1.9451630115509033,
  "f_lo_eff": 0.20659340918064117,
  "f_hi_eff": 1.6527472734451294
}