{
  "tag": "492_83da10cc",
  "lmb1": 0.0004248778098344992,
  "lmb2": 0.0009059867740822675,
  "nonzero_count": 23,
  "complexity_norm": 0.18548387096774194,
  "train_gen_window": 0.05160755988040971,
  "generalizability": 0.050929553773732705,
  "equation": "0.051243 E^{0.5} n P^{-0.5} - 0.0037979 P^{-1} F dT_{e} - 5.8428 \\cdot 10^{-5} P^{-1} F dT_{i} - 0.0035176 P^{-1} F dn + 0.00020621 P dn - 0.00016584 T_{e}^{0.5} P^{-1} dn - 0.006001 T_{e}^{0.5} T_{i}^{0.5} dn - 0.0077128 T_{e}^{0.5} dn + 6.7171 \\cdot 10^{-5} T_{e} T_{i}^{0.5} dT_{e} - 0.053238 T_{e} dn - 0.0083378 T_{i}^{0.5} P^{-1} dn + 0.0011348 T_{i}^{0.5} P dn + 0.0073479 T_{i} P dn - 0.0032 n^{-1} F dn + 0.00094009 n^{-1} P^{-1} dn + 9.7977 \\cdot 10^{-5} n^{-1} dn - 0.00087848 n E^{0.5} T_{e}^{0.5} P^{-1} + 0.0045353 n E^{0.5} T_{e}^{0.5} T_{i} - 0.02066 n E^{0.5} T_{i}^{0.5} P + 0.0013752 n E^{0.5} T_{i} + 0.00072532 n E T_{e}^{0.5} + 0.036269 n E T_{e}^{0.5} T_{i}^{0.5} + 0.01574 n E T_{i}^{0.5}",
  "coefficients": [
    0.088537703650577,
    0.0021515919461167917,
    0.0001468151643585642,
    -0.0016286237500383795,
    4.0196431855178224e-06,
    3.5899003512072743e-07,
    1.0152857745509133e-05,
    9.334096070491203e-07,
    3.073726574508906e-06,
    -0.0020715686228194767,
    9.360544180116415e-07,
    1.8314262556624074e-05,
    4.2964032860925726e-06,
    -4.9323419460250625e-06,
    -1.9511358726673276e-06,
    -8.496320383441705e-07,
    -4.6506903909782564e-06,
    -4.660400678564582e-06,
    -1.6550088298169226e-06,
    -1.521103206362053e-06,
    -4.906449240069769e-07,
    -3.935919262713373e-06,
    1.8598972764787545e-06,
    5.907456203478412e-06,
    2.482799983637321e-06,
    -3.7803191425035393e-06,
    7.923411848650709e-07,
    -0.004113201406017339,
    6.857464021310085e-06,
    1.0193433083820232e-05,
    8.06617351711881e-06,
    1.9773126292802725e-05,
    1.5256409617792486e-05,
    1.3893136239647111e-05,
    2.989664779365058e-05,
    1.7291362889471606e-05,
    1.6382498318193743e-05,
    3.275277243215473e-07,
    9.78519476270653e-06,
    1.4835981098818053e-05,
    1.221542721550154e-05,
    3.003061621210924e-05,
    5.829592552763167e-06,
    0.0003277130303467572,
    2.8383608735476112e-05,
    -0.004446259275390428,
    -1.0189795889649336e-05,
    0.00023859986046425533,
    -0.008940112523513975,
    -4.259779119455456e-05,
    -2.9148629015010315e-05,
    0.0014819189756781152,
    -7.152719769388917e-07,
    -1.8804038840923694e-05,
    0.010994697372346728,
    -0.0001494905715653247,
    -0.00508551111535058,
    -1.39561283085391e-05,
    -2.5496472682949623e-06,
    -0.004588558755662801,
    -4.976958645448889e-05,
    5.2559514485946436e-05,
    -3.327438112947309e-05,
    -7.240887447025802e-07,
    -0.03383874020242772,
    -1.712086953973478e-05,
    -4.001377531196351e-05,
    -1.9037533812673419e-06,
    1.9210697235350865e-06,
    8.405454900558418e-07,
    1.417207530985789e-05,
    -2.1851731074200883e-06,
    -0.02142876998962991,
    0.0009650959629155809,
    -0.0007775442444022069,
    1.7359959974559874e-05,
    0.0031006079638770225,
    2.4300731933182018e-06,
    1.6030392284541643e-05,
    1.5833145301357567e-05,
    2.7641410669256266e-06,
    -3.832643718891462e-05,
    0.006567387353461071,
    2.9323143571134565e-05,
    0.0002545211911992227,
    0.014666588180626636,
    0.025157904123030393
  ],
  "val_sse_masked": 0.0008040242828428745,
  "val_nrmse_masked": 0.07718175649642944,
  "val_mse_masked": 2.6800811610883102e-05,
  "val_r2_masked": 0.9940409660339355,
  "val_sse_full": 0.0007916889153420925,
  "val_nrmse_full": 0.07658740133047104,
  "val_mse_full": 2.6389632694190368e-05,
  "val_r2_full": 0.994132399559021,
  "iteration": 492,
  "p_lo_eff": 0.12967753410339355,
  "p_hi_eff": 1.9451630115509033,
  "f_lo_eff": 0.20659340918064117,
  "f_hi_eff": 1.6527472734451294
}