{
  "tag": "500_5afa0505",
  "lmb1": 4.517497930593356e-06,
  "lmb2": 0.0015885318669819665,
  "nonzero_count": 86,
  "complexity_norm": 0.6935483870967742,
  "train_gen_window": 0.02830079788842498,
  "generalizability": 0.03082784773055003,
  "equation": "0.055141 E^{0.5} n P^{-0.5} - 0.0039763 F dT_{e} + 0.0010487 F dT_{i} - 0.0024805 F dn - 0.0032726 P^{-1} F dT_{e} - 5.9602 \\cdot 10^{-5} P^{-1} F dT_{i} - 0.0022027 P^{-1} F dn + 0.00027557 P^{-1} dT_{e} - 0.00020035 P F dT_{i} - 0.0014425 P dn - 0.0032263 T_{e}^{0.5} F dT_{e} - 0.00511 T_{e}^{0.5} F dn + 0.0010487 T_{e}^{0.5} P^{-1} dT_{e} - 0.020152 T_{e}^{0.5} P^{-1} dn + 0.0016552 T_{e}^{0.5} T_{i}^{0.5} F dT_{e} - 1.0243 \\cdot 10^{-5} T_{e}^{0.5} T_{i}^{0.5} F dT_{i} - 0.0068534 T_{e}^{0.5} T_{i}^{0.5} F dn - 8.4872 \\cdot 10^{-6} T_{e}^{0.5} T_{i}^{0.5} P^{-1} dT_{i} + 0.0076021 T_{e}^{0.5} T_{i}^{0.5} P^{-1} dn + 0.00062408 T_{e}^{0.5} T_{i}^{0.5} P dT_{e} + 2.1284 \\cdot 10^{-6} T_{e}^{0.5} T_{i}^{0.5} P dT_{i} + 0.0034012 T_{e}^{0.5} T_{i}^{0.5} P dn - 2.1208 \\cdot 10^{-6} T_{e}^{0.5} T_{i}^{0.5} dT_{i} - 0.004599 T_{e}^{0.5} T_{i}^{0.5} dn - 0.00013779 T_{e}^{0.5} T_{i} dT_{e} + 2.8589 \\cdot 10^{-7} T_{e}^{0.5} T_{i} dT_{i} + 0.0034351 T_{e}^{0.5} T_{i} dn - 0.015935 T_{e}^{0.5} dn + 0.00015457 T_{e} F dT_{i} - 0.0067511 T_{e} F dn + 0.010703 T_{e} P^{-1} dn + 2.1899 \\cdot 10^{-5} T_{e} P dT_{i} - 0.00033986 T_{e} T_{i}^{0.5} dT_{e} - 0.00018563 T_{e} T_{i} dT_{e} + 4.922 \\cdot 10^{-7} T_{e} T_{i} dT_{i} + 0.0027672 T_{e} T_{i} dn - 0.0013708 T_{e} dT_{e} - 6.1464 \\cdot 10^{-5} T_{e} dT_{i} - 0.022268 T_{e} dn + 0.0010127 T_{i}^{0.5} F dT_{e} - 0.0049448 T_{i}^{0.5} F dn + 0.0010813 T_{i}^{0.5} P^{-1} dT_{e} - 1.0802 \\cdot 10^{-5} T_{i}^{0.5} P^{-1} dT_{i} - 0.015246 T_{i}^{0.5} P^{-1} dn - 3.8721 \\cdot 10^{-7} T_{i}^{0.5} P dT_{i} + 0.0031861 T_{i}^{0.5} P dn - 9.4061 \\cdot 10^{-5} T_{i}^{0.5} dT_{e} - 4.9294 \\cdot 10^{-6} T_{i}^{0.5} dT_{i} - 0.00079989 T_{i}^{0.5} dn + 5.7937 \\cdot 10^{-5} T_{i} F dT_{e} + 1.5662 \\cdot 10^{-6} T_{i} F dT_{i} + 7.1866 \\cdot 10^{-5} T_{i} P^{-1} dT_{e} + 0.0055534 T_{i} P^{-1} dn + 0.00022715 T_{i} P dT_{e} + 0.0076285 T_{i} P dn - 8.2345 \\cdot 10^{-5} T_{i} dT_{e} + 0.0059608 T_{i} dn - 0.0004394 dT_{e} - 8.1466 \\cdot 10^{-5} dT_{i} - 0.025902 n^{-1} F dn + 0.003867 n^{-1} P^{-1} dn - 2.7327 \\cdot 10^{-5} n^{-1} T_{e}^{0.5} T_{i}^{0.5} dn + 0.0012929 n^{-1} T_{e}^{0.5} dn + 0.0018263 n^{-1} T_{e} dn - 4.1061 \\cdot 10^{-5} n^{-1} T_{i}^{0.5} dn - 0.00027405 n^{-1} T_{i} dn + 0.00078849 n^{-1} dn - 0.021756 n E^{0.5} + 0.010031 n E^{0.5} P^{-1} - 0.018849 n E^{0.5} T_{e}^{0.5} P^{-1} + 0.0054781 n E^{0.5} T_{e}^{0.5} T_{i}^{0.5} + 0.012096 n E^{0.5} T_{e}^{0.5} T_{i} - 0.0054055 n E^{0.5} T_{e} + 0.0096178 n E^{0.5} T_{e} T_{i}^{0.5} + 0.00025288 n E^{0.5} T_{i}^{0.5} - 0.017247 n E^{0.5} T_{i}^{0.5} F + 0.0034045 n E^{0.5} T_{i}^{0.5} P^{-1} - 0.0082538 n E^{0.5} T_{i}^{0.5} P + 0.0085437 n E^{0.5} T_{i} - 0.011412 n E F + 0.013461 n E P^{-1} - 0.0032615 n E P + 0.031985 n E T_{e}^{0.5} + 0.013985 n E T_{e}^{0.5} T_{i}^{0.5} + 0.011086 n E T_{i}^{0.5} - 0.0016614 n E T_{i}",
  "coefficients": [
    0.08853770692062163,
    0.008850361555872686,
    0.0011815338085810144,
    -0.013182875395345383,
    -0.00017456369390798064,
    -0.005149039546386609,
    0.00198402892185059,
    -0.00013253288021719783,
    0.0030049908629469395,
    -0.0021131930869289148,
    -0.004892754256264875,
    0.016500436518015915,
    -0.00311267926568121,
    -0.00481982461767629,
    -0.0018758621880030175,
    -0.00016338609112175376,
    0.0010782127152951472,
    -0.00470763716576144,
    -0.0009689781035735808,
    -0.0012332857906504663,
    0.001042679479403774,
    0.0009100074215316462,
    -0.005367906554476469,
    0.0036956606263331415,
    0.002072534071152944,
    0.0018870485275047384,
    0.0004913825292857116,
    -0.00354430003631632,
    -0.0005679264954594675,
    -0.0014973114959741301,
    0.0061519441826569056,
    -0.00036042889257650564,
    0.001210583783518947,
    0.0017395190452580132,
    -0.0014194982260860348,
    0.00029814186659988314,
    0.004025301398493964,
    0.002146965941378232,
    -0.0013417898853060905,
    0.0022508581446483086,
    0.002748730671959931,
    -0.002767234187004102,
    -0.0019985155852734046,
    -0.0016580878510687456,
    -0.004385586226944403,
    -0.0027842355909198932,
    -0.002653786622587305,
    -0.0016691184249743567,
    -0.016347217785321003,
    -0.0006341129985680035,
    -0.006057367911866897,
    0.004160741345773207,
    0.00866131266245805,
    0.005642379996862937,
    0.011414645498531127,
    -0.01816532337634933,
    -0.010506633988348451,
    -0.005282983882247122,
    0.009380706282535518,
    -0.003516549597688863,
    -0.00814055972843553,
    0.004242649865120721,
    0.0031805269489082444,
    0.011175497841188507,
    -0.014153884247953089,
    -0.006762940113895986,
    0.002539260146727448,
    0.0076690005293391945,
    -0.012009317632262756,
    0.0032067550028952053,
    0.00015598814530183358,
    -0.01713728933670999,
    -0.008560800236996558,
    0.005995900839803772,
    -0.01668366738316038,
    0.0032669843021339035,
    0.008269212066508191,
    -0.002779638261587487,
    0.005577276867598804,
    0.0064260417081654555,
    -0.006514807714102076,
    -0.0019812352354465425,
    0.004625617411697428,
    -0.000863609252748776,
    0.011223813349251939,
    0.005655318708820593,
    0.027071388845990113
  ],
  "val_sse_masked": 0.0004223556607030332,
  "val_nrmse_masked": 0.05593958497047424,
  "val_mse_masked": 1.4078523236094043e-05,
  "val_r2_masked": 0.9968697428703308,
  "val_sse_full": 0.0004223556607030332,
  "val_nrmse_full": 0.05593958497047424,
  "val_mse_full": 1.4078523236094043e-05,
  "val_r2_full": 0.9968697428703308,
  "iteration": 500,
  "p_lo_eff": 0.12967753410339355,
  "p_hi_eff": 1.9451630115509033,
  "f_lo_eff": 0.20659340918064117,
  "f_hi_eff": 1.6527472734451294
}