{
  "tag": "75_166d3df8",
  "lmb1": 1.9687771340547135e-05,
  "lmb2": 1.0492363587289035e-07,
  "nonzero_count": 62,
  "complexity_norm": 0.5,
  "train_gen_window": 0.021191398908169137,
  "generalizability": 0.027843835580175617,
  "equation": "0.10958 E^{0.5} n P^{-0.5} + 0.00098555 F dT_{i} - 0.0002664 F dn - 0.0013862 P^{-1} F dT_{e} + 6.5589 \\cdot 10^{-5} P^{-1} F dT_{i} - 0.00037012 P dn - 0.0005543 T_{e}^{0.5} F dT_{e} - 0.00056802 T_{e}^{0.5} F dn - 0.0527 T_{e}^{0.5} P^{-1} dn + 0.00019097 T_{e}^{0.5} T_{i}^{0.5} F dT_{e} - 1.5643 \\cdot 10^{-6} T_{e}^{0.5} T_{i}^{0.5} F dT_{i} - 0.015076 T_{e}^{0.5} T_{i}^{0.5} F dn - 4.2369 \\cdot 10^{-6} T_{e}^{0.5} T_{i}^{0.5} P^{-1} dT_{i} + 0.015348 T_{e}^{0.5} T_{i}^{0.5} P^{-1} dn + 9.5197 \\cdot 10^{-5} T_{e}^{0.5} T_{i}^{0.5} P dT_{e} + 1.2988 \\cdot 10^{-6} T_{e}^{0.5} T_{i}^{0.5} P dT_{i} + 0.00014175 T_{e}^{0.5} T_{i}^{0.5} P dn - 1.1353 \\cdot 10^{-5} T_{e}^{0.5} T_{i} dT_{e} + 0.00066766 T_{e}^{0.5} T_{i} dn - 0.0018541 T_{e}^{0.5} dn - 0.0010938 T_{e} F dn + 0.024115 T_{e} P^{-1} dn + 5.4108 \\cdot 10^{-6} T_{e} P dT_{i} - 3.7754 \\cdot 10^{-5} T_{e} T_{i}^{0.5} dT_{e} - 0.00018644 T_{e} T_{i} dT_{e} + 2.9166 \\cdot 10^{-8} T_{e} T_{i} dT_{i} + 0.0061407 T_{e} T_{i} dn - 0.0027032 T_{e} dT_{e} - 0.00015829 T_{e} dT_{i} - 0.060641 T_{e} dn + 0.00075058 T_{i}^{0.5} F dT_{e} - 0.00066533 T_{i}^{0.5} F dn + 0.0013667 T_{i}^{0.5} P^{-1} dT_{e} - 6.0253 \\cdot 10^{-6} T_{i}^{0.5} P^{-1} dT_{i} - 0.0015154 T_{i}^{0.5} P^{-1} dn + 7.8202 \\cdot 10^{-7} T_{i}^{0.5} P dT_{i} + 3.0536 \\cdot 10^{-5} T_{i} F dT_{e} + 0.00048436 T_{i} P^{-1} dn + 0.00015046 T_{i} P dT_{e} + 0.012637 T_{i} P dn + 0.00054096 T_{i} dn - 0.00014572 dT_{e} - 1.4053 \\cdot 10^{-5} dT_{i} - 0.0070365 n^{-1} F dn + 0.0036641 n^{-1} P^{-1} dn - 5.4501 \\cdot 10^{-5} n^{-1} T_{e}^{0.5} T_{i}^{0.5} dn - 0.00051573 n^{-1} T_{i}^{0.5} dn - 0.00022693 n^{-1} T_{i} dn - 8.5161 \\cdot 10^{-5} n^{-1} dn - 0.079817 n E^{0.5} - 0.024169 n E^{0.5} T_{e}^{0.5} P^{-1} + 0.00036784 n E^{0.5} T_{e}^{0.5} T_{i}^{0.5} + 0.048253 n E^{0.5} T_{e}^{0.5} T_{i} + 0.00097878 n E^{0.5} T_{e} T_{i}^{0.5} - 0.020745 n E^{0.5} T_{i}^{0.5} F + 0.00087788 n E^{0.5} T_{i}^{0.5} P^{-1} + 0.0003497 n E^{0.5} T_{i}^{0.5} P + 0.0016496 n E^{0.5} T_{i} - 0.00022353 n E F + 0.023707 n E P^{-1} + 0.028343 n E T_{e}^{0.5} - 0.011674 n E T_{i}",
  "coefficients": [
    0.08853770918983223,
    0.008385991063751248,
    -0.00012761064993018178,
    -0.003581175811905981,
    -0.0021925590920961417,
    -0.004263756690441093,
    -6.869667264179527e-05,
    -0.00026432810443563064,
    2.6625596654025974e-05,
    0.0023254401945752164,
    -0.0008439926437728099,
    0.01550674683152776,
    -1.3565729448567003e-05,
    -0.0026883790201187342,
    -3.9473318939183406e-05,
    0.00032997338181959217,
    -3.00808019197276e-05,
    -0.0023500843415016357,
    -2.4458975926056482e-05,
    -0.0001883338303739046,
    0.0006362448012166345,
    7.498532827370351e-05,
    -0.01382452892540895,
    -3.452093749179462e-05,
    0.0005120823228225037,
    0.00011182170123033378,
    7.962676380476893e-05,
    -0.0015012761764118308,
    -0.00018834664232117242,
    -7.316902867976005e-05,
    0.007775353713584169,
    6.324846020290131e-05,
    0.0008972867964690599,
    7.744220385210975e-05,
    -6.189790441801674e-05,
    0.00015713467415151214,
    0.0026662246397358884,
    4.46243972587948e-05,
    -0.0002305258004175123,
    0.0002596945680973207,
    0.0004192895554030253,
    -0.00022800208560867145,
    -0.003940984822593967,
    -0.00018419215035955804,
    -0.004404819431741918,
    -3.852879958562359e-05,
    -0.0002850092645557195,
    -0.0004282542839164187,
    -0.0016249191427122466,
    1.5539248978588765e-05,
    -0.0008150224477402818,
    9.714866726528099e-05,
    0.000755436751769226,
    0.0005120621968165265,
    0.01890833348321078,
    -0.047504771403977394,
    -0.0012224934968043915,
    -0.0005872436588972149,
    0.018939094686818304,
    3.862715769215367e-06,
    -0.017907725185771006,
    0.0001768143501585667,
    0.0006181771112906022,
    0.02518104119060781,
    -0.03854442324911861,
    -0.0010957653877422134,
    0.005634901116253391,
    -3.394223145519539e-05,
    -0.04405809357296679,
    0.0008268822646298294,
    8.85890447946813e-05,
    -0.020611945769597607,
    0.0003627054423105849,
    0.0011576578797947335,
    -0.021392173637855755,
    0.00021936918507805953,
    0.03298877977607106,
    -8.914202336175487e-05,
    0.0005675876397685266,
    0.011317545597700521,
    -0.00012761230495946877,
    -4.025004912838978e-05,
    2.7291602876366335e-05,
    -0.006068530261178936,
    0.009945945747535425,
    1.8654522368601216e-05,
    0.0537995708479804
  ],
  "val_sse_masked": 0.0002820970839820802,
  "val_nrmse_masked": 0.04571717232465744,
  "val_mse_masked": 9.403236617799848e-06,
  "val_r2_masked": 0.9979092478752136,
  "val_sse_full": 0.00028547714464366436,
  "val_nrmse_full": 0.045990247279405594,
  "val_mse_full": 9.51590573095018e-06,
  "val_r2_full": 0.997884213924408,
  "iteration": 75,
  "p_lo_eff": 0.12967753410339355,
  "p_hi_eff": 1.9451630115509033,
  "f_lo_eff": 0.20659340918064117,
  "f_hi_eff": 1.6527472734451294
}