{
  "tag": "98_53cf6d80",
  "lmb1": 1.8561289262348275e-08,
  "lmb2": 1e-08,
  "nonzero_count": 86,
  "complexity_norm": 0.6935483870967742,
  "train_gen_window": 0.01565520673335844,
  "generalizability": 0.031701299059408265,
  "equation": "0.10675 E^{0.5} n P^{-0.5} + 0.041921 F dT_{e} + 0.0095631 F dT_{i} - 0.043826 F dn - 0.00242 P^{-1} F dT_{e} - 0.00075566 P^{-1} F dT_{i} + 0.010598 P^{-1} F dn + 0.0020384 P^{-1} dT_{e} - 0.0020944 P F dT_{i} - 0.021329 P dn - 0.097526 T_{e}^{0.5} F dT_{e} + 0.23426 T_{e}^{0.5} F dn + 0.0059977 T_{e}^{0.5} P^{-1} dT_{e} - 0.059217 T_{e}^{0.5} P^{-1} dn + 0.024908 T_{e}^{0.5} T_{i}^{0.5} F dT_{e} - 0.0040325 T_{e}^{0.5} T_{i}^{0.5} F dT_{i} - 0.058548 T_{e}^{0.5} T_{i}^{0.5} F dn + 0.0012607 T_{e}^{0.5} T_{i}^{0.5} P^{-1} dT_{i} + 0.010275 T_{e}^{0.5} T_{i}^{0.5} P^{-1} dn + 0.00079105 T_{e}^{0.5} T_{i}^{0.5} P dT_{e} + 0.0003505 T_{e}^{0.5} T_{i}^{0.5} P dT_{i} + 0.024453 T_{e}^{0.5} T_{i}^{0.5} P dn + 0.00073751 T_{e}^{0.5} T_{i}^{0.5} dT_{i} + 0.32685 T_{e}^{0.5} T_{i}^{0.5} dn - 0.03195 T_{e}^{0.5} T_{i} dT_{e} + 8.8762 \\cdot 10^{-5} T_{e}^{0.5} T_{i} dT_{i} - 0.40212 T_{e}^{0.5} T_{i} dn - 0.22555 T_{e}^{0.5} dn + 0.001704 T_{e} F dT_{i} - 0.1995 T_{e} F dn + 0.015103 T_{e} P^{-1} dn + 0.00094274 T_{e} P dT_{i} - 0.0056005 T_{e} T_{i}^{0.5} dT_{e} + 0.013401 T_{e} T_{i} dT_{e} - 0.00010806 T_{e} T_{i} dT_{i} + 0.14934 T_{e} T_{i} dn + 0.014454 T_{e} dT_{e} - 0.0030978 T_{e} dT_{i} + 0.038675 T_{e} dn + 0.053933 T_{i}^{0.5} F dT_{e} + 0.016685 T_{i}^{0.5} F dn - 0.006983 T_{i}^{0.5} P^{-1} dT_{e} - 0.0010964 T_{i}^{0.5} P^{-1} dT_{i} + 0.01783 T_{i}^{0.5} P^{-1} dn - 0.00057558 T_{i}^{0.5} P dT_{i} + 0.046293 T_{i}^{0.5} P dn - 0.0030534 T_{i}^{0.5} dT_{e} + 0.00020409 T_{i}^{0.5} dT_{i} - 0.094352 T_{i}^{0.5} dn - 0.028262 T_{i} F dT_{e} + 9.6999 \\cdot 10^{-5} T_{i} F dT_{i} + 0.0028268 T_{i} P^{-1} dT_{e} - 0.0009405 T_{i} P^{-1} dn - 0.00041137 T_{i} P dT_{e} - 0.039037 T_{i} P dn + 0.022569 T_{i} dT_{e} + 0.19314 T_{i} dn - 0.015848 dT_{e} + 0.00036959 dT_{i} + 0.017097 n^{-1} F dn + 0.0013509 n^{-1} P^{-1} dn - 0.031248 n^{-1} T_{e}^{0.5} T_{i}^{0.5} dn - 0.059263 n^{-1} T_{e}^{0.5} dn + 0.051505 n^{-1} T_{e} dn + 0.022556 n^{-1} T_{i}^{0.5} dn + 0.0026914 n^{-1} T_{i} dn + 0.008706 n^{-1} dn - 0.34471 n E^{0.5} - 0.049821 n E^{0.5} P^{-1} - 0.0090054 n E^{0.5} T_{e}^{0.5} P^{-1} - 0.051411 n E^{0.5} T_{e}^{0.5} T_{i}^{0.5} + 0.12963 n E^{0.5} T_{e}^{0.5} T_{i} + 0.00027131 n E^{0.5} T_{e} - 0.073286 n E^{0.5} T_{e} T_{i}^{0.5} + 0.21683 n E^{0.5} T_{i}^{0.5} - 0.011902 n E^{0.5} T_{i}^{0.5} F + 0.066312 n E^{0.5} T_{i}^{0.5} P^{-1} + 0.0086808 n E^{0.5} T_{i}^{0.5} P + 0.052439 n E^{0.5} T_{i} - 0.061764 n E F - 0.035 n E P^{-1} - 0.019626 n E P + 1.031 n E T_{e}^{0.5} - 0.93026 n E T_{e}^{0.5} T_{i}^{0.5} - 0.1173 n E T_{i}^{0.5} + 0.19129 n E T_{i}",
  "coefficients": [
    0.08853774928779445,
    0.003091910435065154,
    0.013045729582099763,
    0.008701539768270317,
    0.09589194018543674,
    0.05056872086340333,
    -0.09093942133618281,
    -0.1515518217156671,
    0.08474685059300255,
    -0.02679179848048331,
    0.022196999327947345,
    0.15046729328543604,
    -0.032537825997650024,
    -0.48920927920792573,
    0.07766533907438067,
    -0.24286519878423768,
    0.06677477207540365,
    0.699295114063276,
    0.3369587632467888,
    -0.48550781093506007,
    0.17170029981432428,
    0.28253824013235074,
    -0.2705397295038254,
    0.040740265802481856,
    0.08922179401559449,
    -0.41427819400773513,
    0.0036347785819827727,
    -0.0026208820018630286,
    -0.020483989741537312,
    0.01578585508590366,
    -0.039728566891259115,
    -0.011700226919193105,
    0.06447410373793827,
    0.06842318565272362,
    0.3890517552729496,
    -0.1454325712353378,
    -0.007289797054818387,
    0.012278500381460333,
    -0.040559877831367025,
    0.03387195718020908,
    0.0034841527967131025,
    -0.6416587037815957,
    0.021071529809825074,
    -0.027323985184459304,
    0.31661731676267335,
    0.013395880567446727,
    -0.046887074095637735,
    -0.024679306239177246,
    0.01911810621019966,
    -0.07479705601518702,
    0.020438965775360446,
    0.06045476523452778,
    -0.0014668475261140346,
    0.18282809936975566,
    -0.0584120595532122,
    -0.05337884015695074,
    -0.148716786541197,
    0.2421861868326849,
    0.012678832324104078,
    0.24991675303117253,
    -0.06954454908932622,
    0.030502834435717607,
    -0.3723182250592903,
    0.015770064960096197,
    0.024582778519843904,
    -0.19985291988374085,
    0.1370341153839535,
    -0.03809156000574776,
    -0.19027712022796112,
    0.062459397825834526,
    0.13375138369367384,
    -0.011826201805800574,
    0.009003670993371626,
    0.036801199017619995,
    -0.007970708501449153,
    -0.030659640698926863,
    0.08862063002452186,
    0.00013951337615975,
    -0.04249807218904586,
    -0.01670819223300557,
    -0.03526035377839479,
    -0.011922114431294997,
    -0.04894048302609744,
    0.09943477247832916,
    0.3617725694808171,
    -0.3761843471839317,
    0.052409336301173615
  ],
  "val_sse_masked": 0.00012680723739322275,
  "val_nrmse_masked": 0.030651524662971497,
  "val_mse_masked": 4.226908004056895e-06,
  "val_r2_masked": 0.9990601539611816,
  "val_sse_full": 0.00012680723739322275,
  "val_nrmse_full": 0.030651524662971497,
  "val_mse_full": 4.226908004056895e-06,
  "val_r2_full": 0.9990601539611816,
  "iteration": 98,
  "p_lo_eff": 0.12967753410339355,
  "p_hi_eff": 1.9451630115509033,
  "f_lo_eff": 0.20659340918064117,
  "f_hi_eff": 1.6527472734451294
}