{
  "tag": "33_d1e86c6e",
  "lmb1": 4.55950794520505e-05,
  "lmb2": 7.250772516450432e-05,
  "nonzero_count": 46,
  "complexity_norm": 0.3709677419354839,
  "train_gen_window": 0.03007603160380519,
  "generalizability": 0.02714584624432091,
  "equation": "0.11525 E^{0.5} n P^{-0.5} + 0.00032089 F dT_{i} - 0.0022273 P^{-1} F dT_{e} - 0.00013618 T_{e}^{0.5} F dn - 0.027373 T_{e}^{0.5} P^{-1} dn - 0.018629 T_{e}^{0.5} T_{i}^{0.5} F dn - 2.1033 \\cdot 10^{-6} T_{e}^{0.5} T_{i}^{0.5} P^{-1} dT_{i} + 0.0080077 T_{e}^{0.5} T_{i}^{0.5} P^{-1} dn + 2.2437 \\cdot 10^{-7} T_{e}^{0.5} T_{i}^{0.5} P dT_{i} + 0.00072989 T_{e}^{0.5} T_{i}^{0.5} P dn - 0.00058037 T_{e}^{0.5} dn - 0.00021988 T_{e} F dn + 0.0045492 T_{e} P^{-1} dn + 2.6826 \\cdot 10^{-6} T_{e} P dT_{i} - 3.8357 \\cdot 10^{-5} T_{e} T_{i} dT_{e} - 0.00050444 T_{e} dT_{e} - 2.1803 \\cdot 10^{-5} T_{e} dT_{i} - 0.046734 T_{e} dn + 0.0001136 T_{i}^{0.5} F dT_{e} - 0.00060619 T_{i}^{0.5} F dn + 0.00062141 T_{i}^{0.5} P^{-1} dT_{e} - 2.7695 \\cdot 10^{-6} T_{i}^{0.5} P^{-1} dT_{i} - 0.0033068 T_{i}^{0.5} P^{-1} dn + 0.0019757 T_{i}^{0.5} P dn + 0.0025771 T_{i} P^{-1} dn + 7.6091 \\cdot 10^{-5} T_{i} P dT_{e} + 0.011046 T_{i} P dn - 0.00015948 dT_{e} - 4.6456 \\cdot 10^{-6} dT_{i} - 0.01644 n^{-1} F dn + 0.0033419 n^{-1} P^{-1} dn + 0.00016555 n^{-1} T_{e}^{0.5} dn + 0.0012149 n^{-1} T_{e} dn - 9.3318 \\cdot 10^{-5} n^{-1} T_{i} dn + 0.00016564 n^{-1} dn - 0.054521 n E^{0.5} - 0.025094 n E^{0.5} T_{e}^{0.5} P^{-1} + 0.018598 n E^{0.5} T_{e}^{0.5} T_{i} - 0.020206 n E^{0.5} T_{i}^{0.5} F - 0.00041439 n E^{0.5} T_{i}^{0.5} P + 0.0011531 n E^{0.5} T_{i} + 0.019792 n E P^{-1} - 0.00090882 n E P + 0.029904 n E T_{e}^{0.5} + 0.00074498 n E T_{e}^{0.5} T_{i}^{0.5} + 0.00050764 n E T_{i}^{0.5}",
  "coefficients": [
    0.08853770759865331,
    0.007648567428074951,
    0.00024820105772635384,
    -0.008366924377711239,
    -8.117295601416276e-05,
    -0.0017533457046471543,
    0.00025403956138476063,
    -2.020993883487329e-05,
    0.0019990565899800747,
    -1.1810180587069018e-06,
    -0.0002790084850922508,
    0.00504884153413823,
    6.038246760414804e-05,
    -0.0012357052650394137,
    -4.4530962731449264e-05,
    9.812456074277055e-05,
    -9.115773512197758e-08,
    -0.0011666534802199909,
    -4.3815274758877976e-05,
    -4.686819264026714e-05,
    0.00010991281816315505,
    -4.8153831294519994e-06,
    -0.0019041610361870685,
    3.7223760519978867e-06,
    0.00025388574265587075,
    3.681621446168628e-06,
    5.567444248597432e-05,
    -0.002412201279920881,
    -0.00020612995346860015,
    -2.0955533447986147e-05,
    0.003535401343659216,
    5.3295465444640746e-05,
    0.00013580773972045638,
    2.8518447099042258e-05,
    1.4242810795928616e-05,
    2.889417702858271e-05,
    0.0013484054721686846,
    1.409220089480875e-05,
    -5.205848984533876e-05,
    3.159027646118773e-05,
    3.301845883655788e-05,
    -5.427753162460337e-05,
    -0.0007354104996258516,
    -7.834596330247491e-05,
    -0.0009062284374602408,
    -8.831556742680706e-05,
    -7.298556492852366e-05,
    9.180205398649207e-05,
    -0.003545672295906974,
    -3.963851147662528e-05,
    -0.0007425722654896657,
    0.0025801070685231063,
    0.004019395425962427,
    -6.899984932947019e-06,
    0.016527546351655147,
    -0.024674082123699485,
    -0.00038267379961496895,
    -0.00014079078372133567,
    0.00988114043369308,
    -8.342830755130929e-05,
    -0.02212778333185875,
    0.0009104643404475409,
    -1.611702031061118e-05,
    0.004750166740455275,
    -0.02970463377605647,
    -0.00022026889037741462,
    -1.6529780452562715e-06,
    2.5878839305950103e-05,
    -0.03009509453658459,
    4.158178990696831e-05,
    1.925713275036877e-05,
    -0.0200769962917551,
    -0.00042980115068825837,
    0.000809239382346667,
    -0.02221085402565211,
    5.842189859032926e-05,
    0.01271459161722422,
    -6.939222419053094e-05,
    9.834559930635469e-05,
    0.009448220351422032,
    -4.438408558226767e-05,
    -0.0005520723813878569,
    0.00021180266708159065,
    6.29433311987136e-05,
    0.010493566892029578,
    0.00030126054223492035,
    0.0565837949429478
  ],
  "val_sse_masked": 0.00040329500916413963,
  "val_nrmse_masked": 0.05466275289654732,
  "val_mse_masked": 1.3443167517834809e-05,
  "val_r2_masked": 0.9970110058784485,
  "val_sse_full": 0.0003952977422159165,
  "val_nrmse_full": 0.05411805957555771,
  "val_mse_full": 1.3176591892261058e-05,
  "val_r2_full": 0.9970702528953552,
  "iteration": 33,
  "p_lo_eff": 0.12967753410339355,
  "p_hi_eff": 1.9451630115509033,
  "f_lo_eff": 0.20659340918064117,
  "f_hi_eff": 1.6527472734451294
}