{
  "tag": "472_ad0a7c10",
  "lmb1": 0.00011159929152254552,
  "lmb2": 1.577468979995397e-05,
  "nonzero_count": 34,
  "complexity_norm": 0.27419354838709675,
  "train_gen_window": 0.03967008977999951,
  "generalizability": 0.03586948770822366,
  "equation": "0.077766 E^{0.5} n P^{-0.5} + 0.00012358 F dT_{i} - 0.0041356 P^{-1} F dT_{e} - 5.0783 \\cdot 10^{-5} P^{-1} F dT_{i} - 0.0012592 P^{-1} F dn + 0.00013314 P dn - 0.02149 T_{e}^{0.5} P^{-1} dn - 0.013927 T_{e}^{0.5} T_{i}^{0.5} F dn + 8.8784 \\cdot 10^{-5} T_{e}^{0.5} T_{i}^{0.5} P^{-1} dn + 0.00014278 T_{e}^{0.5} T_{i}^{0.5} P dn - 0.00017526 T_{e}^{0.5} dn - 0.040581 T_{e} dn + 0.00022377 T_{i}^{0.5} F dT_{e} - 0.00021488 T_{i}^{0.5} F dn + 0.00032175 T_{i}^{0.5} P^{-1} dT_{e} - 0.0001048 T_{i}^{0.5} P^{-1} dn + 0.00069487 T_{i}^{0.5} P dn + 3.3253 \\cdot 10^{-5} T_{i}^{0.5} dT_{e} + 2.0046 \\cdot 10^{-5} T_{i} F dT_{e} + 7.1888 \\cdot 10^{-6} T_{i} P^{-1} dT_{e} + 0.0015163 T_{i} P^{-1} dn + 0.0091779 T_{i} P dn - 0.018693 n^{-1} F dn + 0.0031283 n^{-1} P^{-1} dn + 8.292 \\cdot 10^{-5} n^{-1} T_{e}^{0.5} dn + 0.0016714 n^{-1} dn - 0.00030325 n E^{0.5} - 0.015374 n E^{0.5} T_{e}^{0.5} P^{-1} - 0.013 n E^{0.5} T_{i}^{0.5} F - 0.015103 n E^{0.5} T_{i}^{0.5} P + 0.0035287 n E P^{-1} + 0.003771 n E T_{e}^{0.5} + 0.045314 n E T_{e}^{0.5} T_{i}^{0.5} + 0.0030291 n E T_{i}^{0.5}",
  "coefficients": [
    0.08853770591906329,
    0.007159838787351379,
    0.0025045331663365727,
    -0.00951382355495131,
    -4.593492694460644e-07,
    -3.9337080424784684e-05,
    0.00012724093694434373,
    6.01079757783897e-07,
    8.304348375222641e-05,
    -0.0018005087758049098,
    -3.838247570219123e-06,
    0.001944399784325678,
    3.0191148686786905e-05,
    -6.162508192233839e-05,
    -1.881280404363338e-06,
    3.788683179398916e-05,
    -7.638611297636646e-06,
    -5.660571019560158e-05,
    -1.160013442112653e-06,
    -7.728590431990478e-06,
    4.53013011414538e-05,
    -1.8061529559917166e-06,
    -3.8140309217379326e-06,
    1.880526652958288e-05,
    7.048965593002939e-05,
    -7.280668955186524e-07,
    2.9731993046502333e-05,
    -0.004478996898635343,
    1.718226767086229e-05,
    4.955636823505605e-05,
    0.0018305577995100205,
    0.00012742127151598866,
    0.0002675082082837385,
    0.0001740056565925956,
    4.5226645055587006e-05,
    0.00010315433776442562,
    3.100856172468056e-05,
    1.1278990671786561e-05,
    2.1620292525221443e-05,
    4.796187302550238e-05,
    1.112906989447781e-05,
    1.6083567564080245e-05,
    5.919232630869014e-06,
    1.3051893669022777e-05,
    2.3252121523278325e-06,
    -0.0015915860370628,
    -2.560513674379114e-05,
    0.00015405341962163672,
    -0.00011237122536442424,
    -3.8209345413809025e-05,
    -0.00026323077098893604,
    0.0009074472834922911,
    0.0023649156791571016,
    -2.3489283024740276e-05,
    0.013733021784695836,
    -0.01937145549397749,
    -0.00011555724048016701,
    -4.148777866948378e-05,
    0.0001095555703769008,
    -8.438660139409808e-05,
    -0.016543029712770215,
    0.0001781098339514748,
    -3.0025803084816222e-05,
    5.6727097302602845e-05,
    -0.02579379660823189,
    -5.3751283316073246e-05,
    -2.0648169481397215e-05,
    1.2945668055477229e-05,
    -0.00016738982367110113,
    2.085901166011606e-06,
    4.8439528637920515e-06,
    -0.01291655805173181,
    -0.01566440693777411,
    8.394283370909693e-05,
    -0.013607459645226885,
    1.1973488860326405e-05,
    8.601313682610374e-05,
    -3.7046925845761925e-05,
    1.3764909191635159e-05,
    0.0016845517742911833,
    -5.102142416738473e-06,
    -7.084700218135314e-05,
    0.00126382047983132,
    7.699248661674404e-05,
    0.001323265806040278,
    0.018324309706077537,
    0.038179325748583445
  ],
  "val_sse_masked": 0.0006149578839540482,
  "val_nrmse_masked": 0.06749983876943588,
  "val_mse_masked": 2.0498597223195247e-05,
  "val_r2_masked": 0.995442271232605,
  "val_sse_full": 0.0006021669832989573,
  "val_nrmse_full": 0.06679416447877884,
  "val_mse_full": 2.0072233382961713e-05,
  "val_r2_full": 0.9955370426177979,
  "iteration": 472,
  "p_lo_eff": 0.12967753410339355,
  "p_hi_eff": 1.9451630115509033,
  "f_lo_eff": 0.20659340918064117,
  "f_hi_eff": 1.6527472734451294
}