{
  "tag": "380_2ad88a61",
  "lmb1": 0.0006226924397954621,
  "lmb2": 1.533013427077739e-07,
  "nonzero_count": 14,
  "complexity_norm": 0.11290322580645161,
  "train_gen_window": 0.052896241409100334,
  "generalizability": 0.054993931522995275,
  "equation": "0.050865 E^{0.5} n P^{-0.5} - 0.0038172 P^{-1} F dT_{e} - 8.1056 \\cdot 10^{-5} P^{-1} F dT_{i} - 0.0024113 P^{-1} F dn + 0.00017509 P dn - 0.00015043 T_{e}^{0.5} T_{i}^{0.5} dn - 0.069614 T_{e} dn - 0.0088913 T_{i}^{0.5} P^{-1} dn + 0.0055387 T_{i} P dn + 0.00020532 n^{-1} P^{-1} dn + 0.01 n E^{0.5} T_{e}^{0.5} T_{i} - 0.022626 n E^{0.5} T_{i}^{0.5} P + 0.00052428 n E^{0.5} T_{i} + 0.042386 n E T_{e}^{0.5} T_{i}^{0.5}",
  "coefficients": [
    0.08853770305270303,
    0.00046992825237235987,
    2.710589748567511e-06,
    -3.164325334210275e-05,
    1.043805950280633e-06,
    8.962605432140955e-07,
    1.1451017393601348e-06,
    4.689349301595331e-07,
    3.79556023933375e-07,
    -0.0028738369481614823,
    -5.095544357968218e-07,
    1.5668528672616256e-06,
    -4.901323673330673e-08,
    -1.3319978125790057e-06,
    -1.4886237010358582e-06,
    -2.0368417363697463e-06,
    -1.7761914419339133e-06,
    -1.1839187919301138e-06,
    -1.2915701607460152e-06,
    -7.855602682389067e-07,
    -1.8177402281295785e-06,
    -2.1070127895210413e-06,
    -2.3419416361087034e-07,
    6.238697309966289e-07,
    -6.6262025366838e-07,
    -1.891402407259106e-06,
    -2.5214427195432244e-07,
    -0.004134113469781544,
    2.149226657027587e-06,
    1.9928445144185195e-06,
    1.0795576927923697e-06,
    8.910492359975554e-06,
    2.772177842000487e-06,
    2.2301285001425155e-06,
    1.627129237318919e-05,
    3.636277239439518e-06,
    5.69616037052893e-05,
    -3.3825579126440117e-07,
    1.858772489046796e-06,
    2.6584572809372615e-06,
    1.179611052036367e-05,
    1.5162706425748025e-05,
    4.741170490916634e-06,
    1.8404559449082094e-05,
    1.3362352070498852e-05,
    -0.0030478215582131654,
    -2.171458886498461e-06,
    0.000202592150999552,
    -0.009533585063797057,
    -1.0558639969923629e-05,
    -6.024911233827341e-06,
    7.604023488105827e-05,
    -8.700844888524357e-07,
    -6.779258747461254e-06,
    0.00828767525569103,
    -7.074953669269371e-06,
    -1.5019076091213276e-05,
    -2.8086827678136655e-06,
    -1.022774431837236e-06,
    -0.00011502107736916927,
    -9.06469953979984e-06,
    1.2226713676471626e-05,
    -1.1590909479967968e-05,
    -2.449133701779864e-07,
    -0.04424793507039797,
    -3.3223301213179095e-06,
    -1.2658745046466023e-05,
    -4.0211988227183897e-07,
    7.279405729227901e-07,
    4.0128507130490415e-07,
    3.855761271752414e-06,
    1.2869902600908146e-07,
    -0.023467503621606736,
    0.0003679385030409677,
    -7.170685277817056e-06,
    4.4407710502257924e-06,
    0.006836828654208698,
    7.624337502154582e-07,
    4.0222647688434675e-06,
    3.349834897757751e-06,
    1.0058977898507621e-06,
    -1.0054265027136314e-05,
    5.1501222554848825e-05,
    5.321344083685859e-06,
    1.1250982856989032e-05,
    0.01714016195364219,
    0.024972293224208592
  ],
  "val_sse_masked": 0.0008683842606842518,
  "val_nrmse_masked": 0.08021138608455658,
  "val_mse_masked": 2.8946144084329717e-05,
  "val_r2_masked": 0.9935640096664429,
  "val_sse_full": 0.000859505613334477,
  "val_nrmse_full": 0.07980027794837952,
  "val_mse_full": 2.8650189051404595e-05,
  "val_r2_full": 0.9936298131942749,
  "iteration": 380,
  "p_lo_eff": 0.12967753410339355,
  "p_hi_eff": 1.9451630115509033,
  "f_lo_eff": 0.20659340918064117,
  "f_hi_eff": 1.6527472734451294
}