{
  "tag": "24_339935f5",
  "lmb1": 1e-08,
  "lmb2": 0.1,
  "nonzero_count": 81,
  "complexity_norm": 0.6532258064516129,
  "train_gen_window": 0.07977686162012863,
  "generalizability": 0.0719294413528848,
  "equation": "0.014843 E^{0.5} n P^{-0.5} + 0.0013578 F dT_{e} + 0.00014806 F dT_{i} - 0.0022787 F dn - 0.003698 P^{-1} F dT_{e} - 0.00012209 P^{-1} F dT_{i} - 0.0036677 P^{-1} F dn - 0.00049143 P^{-1} dT_{e} + 5.7207 \\cdot 10^{-5} P F dT_{i} + 0.0033511 P dn + 0.00084538 T_{e}^{0.5} F dT_{e} - 0.0025887 T_{e}^{0.5} F dn - 0.00049147 T_{e}^{0.5} P^{-1} dT_{e} - 0.0049246 T_{e}^{0.5} P^{-1} dn - 8.3838 \\cdot 10^{-5} T_{e}^{0.5} T_{i}^{0.5} F dT_{e} + 1.0619 \\cdot 10^{-6} T_{e}^{0.5} T_{i}^{0.5} F dT_{i} - 0.002261 T_{e}^{0.5} T_{i}^{0.5} F dn - 6.9128 \\cdot 10^{-7} T_{e}^{0.5} T_{i}^{0.5} P^{-1} dT_{i} - 0.00062118 T_{e}^{0.5} T_{i}^{0.5} P^{-1} dn - 5.6121 \\cdot 10^{-7} T_{e}^{0.5} T_{i}^{0.5} P dT_{i} + 0.0029239 T_{e}^{0.5} T_{i}^{0.5} P dn - 0.0060303 T_{e}^{0.5} T_{i}^{0.5} dn + 1.3377 \\cdot 10^{-5} T_{e}^{0.5} T_{i} dT_{e} - 6.6755 \\cdot 10^{-8} T_{e}^{0.5} T_{i} dT_{i} - 0.0031645 T_{e}^{0.5} T_{i} dn - 0.0081069 T_{e}^{0.5} dn + 4.2591 \\cdot 10^{-5} T_{e} F dT_{i} - 0.0027739 T_{e} F dn - 0.00095159 T_{e} P^{-1} dn - 1.9646 \\cdot 10^{-6} T_{e} P dT_{i} + 0.00013481 T_{e} T_{i}^{0.5} dT_{e} + 1.2924 \\cdot 10^{-5} T_{e} T_{i} dT_{e} - 4.6133 \\cdot 10^{-8} T_{e} T_{i} dT_{i} - 0.0028959 T_{e} T_{i} dn + 0.00060699 T_{e} dT_{e} + 3.1891 \\cdot 10^{-6} T_{e} dT_{i} - 0.008793 T_{e} dn - 0.0020992 T_{i}^{0.5} F dn - 5.7306 \\cdot 10^{-5} T_{i}^{0.5} P^{-1} dT_{e} - 8.4079 \\cdot 10^{-7} T_{i}^{0.5} P^{-1} dT_{i} - 0.003609 T_{i}^{0.5} P^{-1} dn - 9.5706 \\cdot 10^{-7} T_{i}^{0.5} P dT_{i} + 0.0029975 T_{i}^{0.5} P dn + 0.00011052 T_{i}^{0.5} dT_{e} - 2.9117 \\cdot 10^{-7} T_{i}^{0.5} dT_{i} - 0.0054993 T_{i}^{0.5} dn - 5.3284 \\cdot 10^{-5} T_{i} F dT_{e} - 3.1009 \\cdot 10^{-7} T_{i} F dT_{i} - 8.6414 \\cdot 10^{-6} T_{i} P^{-1} dT_{e} + 0.00020384 T_{i} P^{-1} dn + 0.0028728 T_{i} P dn + 1.2959 \\cdot 10^{-5} T_{i} dT_{e} - 0.0030919 T_{i} dn + 0.00028885 dT_{e} + 1.8802 \\cdot 10^{-6} dT_{i} - 0.011955 n^{-1} F dn + 0.0013061 n^{-1} P^{-1} dn + 0.00023145 n^{-1} T_{e}^{0.5} T_{i}^{0.5} dn + 0.0007146 n^{-1} T_{e}^{0.5} dn + 0.000369 n^{-1} T_{e} dn + 0.00038094 n^{-1} T_{i}^{0.5} dn + 5.5275 \\cdot 10^{-5} n^{-1} T_{i} dn + 0.0011434 n^{-1} dn + 0.0024935 n E^{0.5} + 0.0043717 n E^{0.5} P^{-1} + 0.0043782 n E^{0.5} T_{e}^{0.5} T_{i}^{0.5} + 0.004144 n E^{0.5} T_{e}^{0.5} T_{i} + 0.0034878 n E^{0.5} T_{e} + 0.0043842 n E^{0.5} T_{e} T_{i}^{0.5} + 0.0039381 n E^{0.5} T_{i}^{0.5} - 0.00095895 n E^{0.5} T_{i}^{0.5} F + 0.0020173 n E^{0.5} T_{i}^{0.5} P^{-1} - 0.007066 n E^{0.5} T_{i}^{0.5} P + 0.0041019 n E^{0.5} T_{i} + 0.0015212 n E F + 0.0068596 n E P^{-1} - 0.007372 n E P + 0.012063 n E T_{e}^{0.5} + 0.0093855 n E T_{e}^{0.5} T_{i}^{0.5} + 0.0092458 n E T_{i}^{0.5} + 0.0050183 n E T_{i}",
  "coefficients": [
    0.08853770434990407,
    0.002989390641246592,
    0.0017132745637789548,
    -0.006084391214552398,
    0.001619504785033976,
    0.0010385557286272107,
    0.0010965601734452823,
    0.0011225075670384665,
    0.0006071659470825996,
    -0.004328710737975916,
    0.00011292471528251413,
    0.002329641377800673,
    0.0008887574497269124,
    -0.0003751424504315204,
    -0.00011080283225078924,
    -0.00040383481792172216,
    -0.00021346683052753113,
    -0.0003834347739640753,
    -3.8566964701614026e-05,
    0.00012785317159771936,
    -0.0002749227542975241,
    -0.00021248878777402336,
    0.0002785160012594434,
    0.0010183124668826093,
    -0.00018593430972768665,
    -0.00017687107695629756,
    -0.0008762916248983843,
    -0.004005039223235696,
    0.0003733410850624841,
    0.0005112925635602505,
    -0.00032603242585960146,
    0.0004234892798926637,
    -9.891757090796371e-05,
    -0.0002091655523992486,
    0.00022338629048407332,
    -0.00027419803505407403,
    2.2803933115655983e-05,
    -0.0010061273848653851,
    0.00035158338403357137,
    -0.00011400858293864058,
    -6.791714244686053e-05,
    0.00026865241316637034,
    0.0008849142629495099,
    0.0006577170856589265,
    0.00030534574251606106,
    -0.004636015720581921,
    -0.0024378197597906826,
    0.0038773776437266982,
    -0.0038697255121817875,
    -0.004359571225088121,
    -0.002571482730409913,
    0.003914444875776746,
    0.00031791397488339923,
    -0.0029267842360312657,
    0.0042986147207894065,
    -0.004439125598523941,
    -0.00534536005241637,
    -0.0026762932465624334,
    -0.0007665083584801335,
    -0.0046109234497651586,
    -0.0026856395023621693,
    0.0036473161980309365,
    -0.0029299358209310955,
    -0.0009936398363767918,
    -0.005589003119123026,
    -0.0027787323697431865,
    -0.002657353500325421,
    0.0033424556689246043,
    0.0013764143347094193,
    0.0019000728494166508,
    0.0024291772411515478,
    -0.0009528276918654432,
    -0.007328795676761646,
    0.0028786957412402225,
    3.458951648968589e-05,
    0.002611030107089962,
    0.002833063218035392,
    0.0017934910602796506,
    0.002542378061527406,
    0.003274640697035369,
    0.0008684233340018332,
    -0.004478228945473284,
    0.0038576357112791726,
    0.0026085618260507926,
    0.004233128276680431,
    0.0037953538583811453,
    0.007287405621130838
  ],
  "val_sse_masked": 0.0013190878089517355,
  "val_nrmse_masked": 0.09885916113853455,
  "val_mse_masked": 4.3969597754767165e-05,
  "val_r2_masked": 0.9902235865592957,
  "val_sse_full": 0.001309265149757266,
  "val_nrmse_full": 0.0984903946518898,
  "val_mse_full": 4.36421760241501e-05,
  "val_r2_full": 0.9902964234352112,
  "iteration": 24,
  "p_lo_eff": 0.12967753410339355,
  "p_hi_eff": 1.9451630115509033,
  "f_lo_eff": 0.20659340918064117,
  "f_hi_eff": 1.6527472734451294
}