{
  "tag": "274_4ac510b2",
  "lmb1": 0.03686448442713572,
  "lmb2": 1e-08,
  "nonzero_count": 4,
  "complexity_norm": 0.03225806451612903,
  "train_gen_window": 0.2920437924105588,
  "generalizability": 0.29431899177903514,
  "equation": "0.055956 E^{0.5} n P^{-0.5} - 0.0073816 P^{-1} F dn - 0.012419 T_{e}^{0.5} T_{i}^{0.5} dn + 0.030389 n E T_{e}^{0.5} T_{i}^{0.5}",
  "coefficients": [
    0.08853770444746811,
    6.8808670686418505e-09,
    1.6536776782997395e-08,
    -1.517191191724824e-07,
    2.6648276321900138e-08,
    2.7811083107496243e-08,
    1.5766208880824814e-08,
    2.602753540900326e-08,
    1.5534027777500725e-08,
    6.172636194162585e-09,
    -2.094897685562498e-08,
    3.4341521009744188e-09,
    -5.454640621883526e-09,
    -1.758906450775153e-08,
    -2.040876314435147e-08,
    -2.1134445683535507e-08,
    -1.67614824105752e-08,
    -1.7595446717645875e-08,
    -2.041598320697053e-08,
    -1.5256388999574084e-08,
    -2.1341732974217182e-08,
    -1.8539306094219845e-08,
    -2.1061710134855408e-08,
    -3.8002903896494965e-09,
    -2.3112741094465915e-08,
    -1.8531603191339382e-08,
    -1.5229645734067016e-08,
    -1.1965152684176156e-09,
    -1.7113922794525453e-08,
    4.0696202163161284e-10,
    -9.790030617814496e-09,
    -8.897976388655109e-09,
    -3.328073181162032e-09,
    -1.3768604893735977e-09,
    2.2385692832646153e-09,
    1.2884205667547672e-09,
    3.5037654861624587e-09,
    -1.4595917789092264e-08,
    1.6652342805391093e-10,
    -3.0933684590422314e-09,
    -7.303765436774695e-09,
    3.1235882856876527e-09,
    -1.4870300258756392e-08,
    -6.324318103941616e-09,
    3.869670688921802e-09,
    -0.009330365888217769,
    -6.916144438263347e-07,
    -1.1039554508254426e-07,
    -1.6220249191777094e-06,
    -1.9710277944006886e-06,
    -1.8006581324041062e-06,
    -1.2412497504584436e-07,
    -2.991450180407397e-07,
    -1.576083352280525e-06,
    -1.2864475342459883e-07,
    -1.0517660107935837e-06,
    -1.5237362122368598e-06,
    -9.827141555061722e-07,
    -4.218484134433725e-07,
    -0.009495924640050989,
    -6.438858306554891e-06,
    -1.3235077644472107e-07,
    -2.4898354368343885e-06,
    -3.5749335642780776e-07,
    -8.042492310192386e-06,
    -1.6469042385827284e-06,
    -2.665009116109347e-06,
    2.8280532046064907e-07,
    2.7437411227062187e-07,
    3.819149722247909e-07,
    5.508682835246416e-07,
    3.924913725963825e-07,
    8.821469042993567e-08,
    1.7864448289056202e-06,
    1.8394910831183433e-07,
    7.987562960118094e-07,
    7.719306807761868e-06,
    4.090626097750556e-07,
    1.314123907009295e-06,
    1.0046039761652319e-06,
    5.530771376041015e-07,
    1.1229089464612014e-07,
    2.504763761005135e-06,
    6.873350346907561e-07,
    1.3435964008075619e-06,
    0.012289004108607459,
    0.027471349409075873
  ],
  "val_sse_masked": 0.018258854746818542,
  "val_nrmse_masked": 0.36780431866645813,
  "val_mse_masked": 0.0006086285575293005,
  "val_r2_masked": 0.8646748661994934,
  "val_sse_full": 0.0182090662419796,
  "val_nrmse_full": 0.3673025369644165,
  "val_mse_full": 0.0006069689407013357,
  "val_r2_full": 0.8650438785552979,
  "iteration": 274,
  "p_lo_eff": 0.12967753410339355,
  "p_hi_eff": 1.9451630115509033,
  "f_lo_eff": 0.20659340918064117,
  "f_hi_eff": 1.6527472734451294
}