{
  "tag": "308_b035cc13",
  "lmb1": 7.122455018712707e-08,
  "lmb2": 3.8744982361489565e-05,
  "nonzero_count": 86,
  "complexity_norm": 0.6935483870967742,
  "train_gen_window": 0.020809005442153226,
  "generalizability": 0.023424720731859056,
  "equation": "0.13042 E^{0.5} n P^{-0.5} + 0.034588 F dT_{e} + 0.0037097 F dT_{i} + 0.0067753 F dn - 0.00091366 P^{-1} F dT_{e} + 0.00012434 P^{-1} F dT_{i} + 0.0045628 P^{-1} F dn + 0.0048229 P^{-1} dT_{e} - 0.00026154 P F dT_{i} - 0.0147 P dn - 0.098322 T_{e}^{0.5} F dT_{e} - 0.0029812 T_{e}^{0.5} F dn + 0.003104 T_{e}^{0.5} P^{-1} dT_{e} - 0.05592 T_{e}^{0.5} P^{-1} dn + 0.012981 T_{e}^{0.5} T_{i}^{0.5} F dT_{e} - 5.2018 \\cdot 10^{-5} T_{e}^{0.5} T_{i}^{0.5} F dT_{i} - 0.0183 T_{e}^{0.5} T_{i}^{0.5} F dn + 2.3037 \\cdot 10^{-5} T_{e}^{0.5} T_{i}^{0.5} P^{-1} dT_{i} + 0.037311 T_{e}^{0.5} T_{i}^{0.5} P^{-1} dn + 0.003087 T_{e}^{0.5} T_{i}^{0.5} P dT_{e} + 2.2846 \\cdot 10^{-5} T_{e}^{0.5} T_{i}^{0.5} P dT_{i} + 0.025175 T_{e}^{0.5} T_{i}^{0.5} P dn + 2.7135 \\cdot 10^{-5} T_{e}^{0.5} T_{i}^{0.5} dT_{i} + 0.029255 T_{e}^{0.5} T_{i}^{0.5} dn - 8.8112 \\cdot 10^{-5} T_{e}^{0.5} T_{i} dT_{e} - 3.6565 \\cdot 10^{-6} T_{e}^{0.5} T_{i} dT_{i} + 0.0044099 T_{e}^{0.5} T_{i} dn - 0.045185 T_{e}^{0.5} dn - 0.0011762 T_{e} F dT_{i} - 0.014318 T_{e} F dn + 0.013541 T_{e} P^{-1} dn - 1.2644 \\cdot 10^{-5} T_{e} P dT_{i} - 0.0021282 T_{e} T_{i}^{0.5} dT_{e} + 0.0005069 T_{e} T_{i} dT_{e} + 1.0215 \\cdot 10^{-6} T_{e} T_{i} dT_{i} + 0.024986 T_{e} T_{i} dn - 0.0043316 T_{e} dT_{e} - 0.00017951 T_{e} dT_{i} - 0.031466 T_{e} dn + 0.017021 T_{i}^{0.5} F dT_{e} - 0.0088798 T_{i}^{0.5} F dn + 0.0021672 T_{i}^{0.5} P^{-1} dT_{e} - 1.236 \\cdot 10^{-5} T_{i}^{0.5} P^{-1} dT_{i} - 0.004956 T_{i}^{0.5} P^{-1} dn - 3.914 \\cdot 10^{-6} T_{i}^{0.5} P dT_{i} + 0.012343 T_{i}^{0.5} P dn - 0.0046967 T_{i}^{0.5} dT_{e} - 1.0139 \\cdot 10^{-5} T_{i}^{0.5} dT_{i} + 0.0025665 T_{i}^{0.5} dn + 0.00046454 T_{i} F dT_{e} - 1.2737 \\cdot 10^{-5} T_{i} F dT_{i} - 0.00053139 T_{i} P^{-1} dT_{e} - 0.0055373 T_{i} P^{-1} dn - 0.00011266 T_{i} P dT_{e} - 0.0043573 T_{i} P dn - 0.00096997 T_{i} dT_{e} - 0.020293 T_{i} dn + 0.0033912 dT_{e} - 0.00042798 dT_{i} - 0.0071836 n^{-1} F dn + 0.0073149 n^{-1} P^{-1} dn - 0.0035374 n^{-1} T_{e}^{0.5} T_{i}^{0.5} dn - 0.0071194 n^{-1} T_{e}^{0.5} dn - 0.00583 n^{-1} T_{e} dn + 0.0060729 n^{-1} T_{i}^{0.5} dn - 0.00086189 n^{-1} T_{i} dn + 0.003126 n^{-1} dn - 0.14274 n E^{0.5} - 0.019418 n E^{0.5} P^{-1} - 0.020583 n E^{0.5} T_{e}^{0.5} P^{-1} + 0.0073212 n E^{0.5} T_{e}^{0.5} T_{i}^{0.5} + 0.046741 n E^{0.5} T_{e}^{0.5} T_{i} - 0.047239 n E^{0.5} T_{e} + 0.036232 n E^{0.5} T_{e} T_{i}^{0.5} - 0.01095 n E^{0.5} T_{i}^{0.5} - 0.023748 n E^{0.5} T_{i}^{0.5} F + 0.025964 n E^{0.5} T_{i}^{0.5} P^{-1} + 0.01191 n E^{0.5} T_{i}^{0.5} P + 0.048793 n E^{0.5} T_{i} - 0.020467 n E F - 0.00134 n E P^{-1} - 0.0023371 n E P + 0.2112 n E T_{e}^{0.5} - 0.091803 n E T_{e}^{0.5} T_{i}^{0.5} - 0.036486 n E T_{i}^{0.5} - 0.027229 n E T_{i}",
  "coefficients": [
    0.08853771194821214,
    0.01674181159695522,
    0.004684238856235853,
    -0.0036560704154753876,
    0.025818093326481426,
    -0.016193824654702232,
    -0.010924762924682415,
    -0.01715624254503527,
    -0.009592788038573469,
    0.00440828558848879,
    -0.025703804058486844,
    0.058369298853386965,
    -0.004063287310449554,
    -0.005514891557434315,
    -0.003858247683068923,
    -0.0016515219518655408,
    -0.0087681487725636,
    0.01277785668990783,
    0.012397496534249042,
    -0.006262922764433847,
    0.01119174939520022,
    -0.011639192162353429,
    -0.015677376814134614,
    -0.028122555390840923,
    -0.0011966599781641774,
    0.003916498301511015,
    0.008599868429532392,
    -0.000989518144761177,
    0.004383119656614885,
    0.013024442652296585,
    0.01232973191348629,
    -0.017996995948981347,
    0.020347805102330682,
    -0.012862339525495939,
    -0.016720802297593547,
    0.002390504676507893,
    -0.001996412413918361,
    0.006354536797573265,
    -0.04089076612010131,
    0.01765301515429108,
    0.013596595953715724,
    -0.0017695990855131905,
    -0.006314965048962673,
    -0.010383106401914588,
    0.01197604942217638,
    0.005767394296923092,
    0.0072485040615640345,
    -0.017008672770035385,
    -0.005314046548019605,
    0.002034559562978294,
    -0.010877595708662764,
    0.016119360467976795,
    -0.008636194461449663,
    -0.019209264491796524,
    -0.006519809086910529,
    -0.05040733832714175,
    -0.029793215957805548,
    -0.003082048118976513,
    0.04603982997617545,
    0.02236932274730738,
    -0.021737408345777108,
    0.03140333882135952,
    0.004083079978626926,
    0.014139500364849678,
    -0.020000056933974077,
    -0.014342777817461766,
    0.022927454224590166,
    -0.014846415789975087,
    -0.07878956215501143,
    0.02445591621616755,
    -0.0067542957409758575,
    -0.023596039109642176,
    0.012353439495776719,
    0.03424228971915378,
    -0.018218147963307244,
    0.004366114169790977,
    0.03195507664355665,
    -0.024291426690391776,
    0.021010934469695826,
    -0.0006397075331752572,
    -0.011684321861614076,
    -0.0014197047517529662,
    -0.015223021432859966,
    -0.014153841421612037,
    0.07411207007245935,
    -0.03712402779050447,
    0.06402955011834241
  ],
  "val_sse_masked": 0.0002014601050177589,
  "val_nrmse_masked": 0.03863443434238434,
  "val_mse_masked": 6.715337349305628e-06,
  "val_r2_masked": 0.9985069036483765,
  "val_sse_full": 0.0002014601050177589,
  "val_nrmse_full": 0.03863443434238434,
  "val_mse_full": 6.715337349305628e-06,
  "val_r2_full": 0.9985069036483765,
  "iteration": 308,
  "p_lo_eff": 0.12967753410339355,
  "p_hi_eff": 1.9451630115509033,
  "f_lo_eff": 0.20659340918064117,
  "f_hi_eff": 1.6527472734451294
}