{
  "tag": "342_6e21a973",
  "lmb1": 5.632635251817121e-05,
  "lmb2": 1e-08,
  "nonzero_count": 44,
  "complexity_norm": 0.3548387096774194,
  "train_gen_window": 0.031579695463200545,
  "generalizability": 0.026034105132332005,
  "equation": "0.1205 E^{0.5} n P^{-0.5} + 0.00014123 F dT_{i} - 0.0027465 P^{-1} F dT_{e} - 8.0036 \\cdot 10^{-5} P^{-1} F dn - 0.023652 T_{e}^{0.5} P^{-1} dn - 0.018258 T_{e}^{0.5} T_{i}^{0.5} F dn - 9.4809 \\cdot 10^{-7} T_{e}^{0.5} T_{i}^{0.5} P^{-1} dT_{i} + 0.0065316 T_{e}^{0.5} T_{i}^{0.5} P^{-1} dn + 0.00044895 T_{e}^{0.5} T_{i}^{0.5} P dn - 0.00035188 T_{e}^{0.5} dn - 0.00010274 T_{e} F dn + 0.00097182 T_{e} P^{-1} dn + 2.4029 \\cdot 10^{-6} T_{e} P dT_{i} - 0.00016341 T_{e} dT_{e} - 0.050229 T_{e} dn + 0.00010223 T_{i}^{0.5} F dT_{e} - 0.00031048 T_{i}^{0.5} F dn + 0.00043489 T_{i}^{0.5} P^{-1} dT_{e} - 1.3129 \\cdot 10^{-6} T_{i}^{0.5} P^{-1} dT_{i} - 0.00064482 T_{i}^{0.5} P^{-1} dn + 0.0052626 T_{i}^{0.5} P dn + 0.0015042 T_{i} P^{-1} dn + 3.0595 \\cdot 10^{-5} T_{i} P dT_{e} + 0.0087697 T_{i} P dn - 8.3249 \\cdot 10^{-5} dT_{e} - 1.8415 \\cdot 10^{-6} dT_{i} - 0.015823 n^{-1} F dn + 0.0030877 n^{-1} P^{-1} dn + 0.00019371 n^{-1} T_{e}^{0.5} dn + 0.00094526 n^{-1} T_{e} dn - 4.4805 \\cdot 10^{-5} n^{-1} T_{i} dn + 0.00025874 n^{-1} dn - 0.056419 n E^{0.5} - 0.026372 n E^{0.5} T_{e}^{0.5} P^{-1} + 0.015241 n E^{0.5} T_{e}^{0.5} T_{i} - 0.01953 n E^{0.5} T_{i}^{0.5} F - 0.00020344 n E^{0.5} T_{i}^{0.5} P + 0.0013166 n E^{0.5} T_{i} + 0.018997 n E P^{-1} - 0.00038739 n E P + 0.029571 n E T_{e}^{0.5} + 0.0011901 n E T_{e}^{0.5} T_{i}^{0.5} + 0.00091818 n E T_{i}^{0.5} + 0.00019558 n E T_{i}",
  "coefficients": [
    0.08853770733664545,
    0.007066785682022752,
    0.00038771709622244943,
    -0.008052848887476975,
    -4.84328827422386e-05,
    -0.0008418285041665943,
    0.000297252657870641,
    -1.7504655245072855e-05,
    0.0015553585324986235,
    -2.6746723115175287e-05,
    -0.00011059726609360899,
    0.002222088505763077,
    7.739258855929078e-05,
    -0.0005858072779314067,
    -3.930890962174356e-05,
    5.856137569689015e-05,
    -1.3250306779563e-05,
    -0.0005258798370114232,
    -3.720201093793927e-05,
    -3.638405318671123e-05,
    6.643506033763153e-05,
    -1.924723194499161e-05,
    -9.701218316570599e-05,
    9.915769473873612e-06,
    0.00022741366013706934,
    -1.1411069774866416e-05,
    4.866416727205793e-05,
    -0.002974560837301458,
    -0.0001075985754242322,
    -2.8916398462686233e-06,
    0.0024742553038431337,
    4.511591476106108e-05,
    0.00012221012174702583,
    5.371896751525161e-05,
    3.094373072443315e-05,
    4.6881574128667426e-05,
    0.0005421699505902681,
    1.2348024444690187e-05,
    -2.51252747645755e-05,
    2.9960708056071353e-05,
    9.681788077501353e-06,
    -1.2564077818550876e-05,
    -0.000238233573269427,
    -4.081994985440699e-05,
    -1.456040991639358e-05,
    -0.00010116582139855444,
    -4.534817010546999e-05,
    6.663101420549615e-05,
    -0.0006914004424324082,
    -4.866674199330321e-05,
    -0.0003803390101688,
    0.006872511952276389,
    0.0023460301548877452,
    -2.5863756230618795e-05,
    0.013122123064127156,
    -0.021320326786526744,
    -0.0002320139516488937,
    -7.687475968539129e-05,
    0.008059737879815157,
    -8.832392896974682e-05,
    -0.021687220753170595,
    0.0005600236280379631,
    -3.117068438331489e-05,
    0.0010147593502572464,
    -0.0319261584497478,
    -0.00010292046346341887,
    -1.487942303655892e-05,
    1.957624505711909e-05,
    -0.03114288561134863,
    2.0559482249406726e-05,
    1.8410697930243683e-05,
    -0.019405521717874803,
    -0.0002110041439828315,
    0.0009240028713120607,
    -0.02334213778332961,
    4.1439504652970766e-05,
    0.010419767345501455,
    -6.742023652285442e-05,
    5.563119736327809e-05,
    0.009068732727691575,
    -2.641914271626031e-05,
    -0.0002353280940273424,
    0.00038309656687599724,
    0.00010166477492994287,
    0.010376738426206362,
    0.0004812615641057625,
    0.059159468013632435
  ],
  "val_sse_masked": 0.0004278594860807061,
  "val_nrmse_masked": 0.056302882730960846,
  "val_mse_masked": 1.4261983778851572e-05,
  "val_r2_masked": 0.9968289136886597,
  "val_sse_full": 0.00042147102067247033,
  "val_nrmse_full": 0.055880967527627945,
  "val_mse_full": 1.4049034689378459e-05,
  "val_r2_full": 0.9968762993812561,
  "iteration": 342,
  "p_lo_eff": 0.12967753410339355,
  "p_hi_eff": 1.9451630115509033,
  "f_lo_eff": 0.20659340918064117,
  "f_hi_eff": 1.6527472734451294
}