{
  "tag": "204_ebd051db",
  "lmb1": 0.0007586192638903294,
  "lmb2": 0.0012391685504360955,
  "nonzero_count": 18,
  "complexity_norm": 0.14516129032258066,
  "train_gen_window": 0.05892956891541729,
  "generalizability": 0.061334159258098694,
  "equation": "0.054426 E^{0.5} n P^{-0.5} - 0.0037856 P^{-1} F dT_{e} - 6.7181 \\cdot 10^{-5} P^{-1} F dT_{i} - 0.0034327 P^{-1} F dn + 0.00025276 P dn - 9.0997 \\cdot 10^{-5} T_{e}^{0.5} T_{i}^{0.5} F dn - 0.014259 T_{e}^{0.5} T_{i}^{0.5} dn - 0.0023462 T_{e}^{0.5} dn - 0.046151 T_{e} dn - 0.008654 T_{i}^{0.5} P^{-1} dn + 0.00020347 T_{i}^{0.5} P dn + 0.0053811 T_{i} P dn + 0.00036135 n^{-1} P^{-1} dn + 0.0057364 n E^{0.5} T_{e}^{0.5} T_{i} - 0.01962 n E^{0.5} T_{i}^{0.5} P + 0.0011064 n E^{0.5} T_{i} + 0.033701 n E T_{e}^{0.5} T_{i}^{0.5} + 0.0083054 n E T_{i}^{0.5}",
  "coefficients": [
    0.08853770391065546,
    0.0008270184954815421,
    1.2456287218932574e-05,
    -2.4748246822770004e-05,
    7.572336742982868e-06,
    6.119467110839439e-06,
    5.581013432532762e-06,
    4.562335927497946e-06,
    3.0995112360956154e-06,
    -0.002381895207630378,
    -2.7466090676586995e-06,
    1.5695936796830637e-06,
    -1.426661075537848e-06,
    -4.75451639247637e-06,
    -4.7559419261914255e-06,
    -6.101585544423314e-06,
    -4.826701528770873e-06,
    -4.435030915541471e-06,
    -4.25948598119412e-06,
    -3.036650942287803e-06,
    -5.861850361817817e-06,
    -5.445370372651097e-06,
    -2.1941990864393013e-06,
    -1.1017829056995792e-07,
    -3.5305437849650254e-06,
    -5.230107871120132e-06,
    -1.5466893680649335e-06,
    -0.0040998962048868935,
    2.2734837531680024e-06,
    2.202199123488942e-06,
    8.591329420111836e-07,
    5.536210359423253e-06,
    2.665297813838043e-06,
    2.813556555519244e-06,
    8.912599995726802e-06,
    4.072248522969271e-06,
    8.697479670628572e-06,
    -1.7548344553046835e-06,
    2.0347986568005187e-06,
    2.6772513684788535e-06,
    5.741357589835148e-06,
    8.388467116635938e-06,
    4.2294471799417675e-06,
    7.583335414907809e-06,
    9.687812076512974e-06,
    -0.004338958562925207,
    -7.989132485139515e-06,
    0.00029246347193015757,
    -0.009279186050626876,
    -6.056377684114753e-05,
    -2.977134471287774e-05,
    0.00026571604023930856,
    -2.201344058385773e-06,
    -1.3032099304793358e-05,
    0.0080517447118317,
    -2.7498717096626427e-05,
    -0.0015469670041085243,
    -1.085945950854945e-05,
    -3.193206291955139e-06,
    -0.010903162010093337,
    -0.00010808768990478583,
    2.40272306957174e-05,
    -1.971684483086966e-05,
    -1.494583995422888e-06,
    -0.02933409547895647,
    -1.610639647008686e-05,
    -2.1199219944992105e-05,
    -1.226876114155016e-07,
    2.248218125705299e-06,
    1.5631133347806431e-06,
    1.055417297162246e-05,
    1.0263812597528991e-06,
    -0.02034989630429841,
    0.000776449094459506,
    -7.3956294363168806e-06,
    1.2735238492585902e-05,
    0.0039217469151401575,
    2.604999099433063e-06,
    1.2507814803390685e-05,
    9.83509284372602e-06,
    3.5139417454088167e-06,
    -2.3763781680662618e-05,
    0.003465274651425163,
    1.2022107589125915e-05,
    7.16525961949557e-05,
    0.013628315394116677,
    0.026720436026217282
  ],
  "val_sse_masked": 0.0009747580625116825,
  "val_nrmse_masked": 0.08498229831457138,
  "val_mse_masked": 3.249193832743913e-05,
  "val_r2_masked": 0.9927756190299988,
  "val_sse_full": 0.0009510648669674993,
  "val_nrmse_full": 0.08394312858581543,
  "val_mse_full": 3.170216587022878e-05,
  "val_r2_full": 0.9929512143135071,
  "iteration": 204,
  "p_lo_eff": 0.12967753410339355,
  "p_hi_eff": 1.9451630115509033,
  "f_lo_eff": 0.20659340918064117,
  "f_hi_eff": 1.6527472734451294
}