{
  "tag": "381_63299dc2",
  "lmb1": 3.2352384757791916e-05,
  "lmb2": 2.6215163059526808e-08,
  "nonzero_count": 52,
  "complexity_norm": 0.41935483870967744,
  "train_gen_window": 0.023691209227241973,
  "generalizability": 0.029000242428089823,
  "equation": "0.11528 E^{0.5} n P^{-0.5} + 0.00065678 F dT_{i} - 0.00011157 F dn - 0.0018205 P^{-1} F dT_{e} + 1.9993 \\cdot 10^{-5} P^{-1} F dT_{i} - 0.00025422 T_{e}^{0.5} F dT_{e} - 0.00022774 T_{e}^{0.5} F dn - 0.039042 T_{e}^{0.5} P^{-1} dn - 0.01699 T_{e}^{0.5} T_{i}^{0.5} F dn - 4.7994 \\cdot 10^{-6} T_{e}^{0.5} T_{i}^{0.5} P^{-1} dT_{i} + 0.010065 T_{e}^{0.5} T_{i}^{0.5} P^{-1} dn + 6.9021 \\cdot 10^{-7} T_{e}^{0.5} T_{i}^{0.5} P dT_{i} + 0.00013604 T_{e}^{0.5} T_{i}^{0.5} P dn + 0.00013882 T_{e}^{0.5} T_{i} dn - 0.0005625 T_{e}^{0.5} dn - 0.00040668 T_{e} F dn + 0.012984 T_{e} P^{-1} dn + 2.1275 \\cdot 10^{-6} T_{e} P dT_{i} - 2.3176 \\cdot 10^{-5} T_{e} T_{i}^{0.5} dT_{e} - 0.00014847 T_{e} T_{i} dT_{e} + 0.00030677 T_{e} T_{i} dn - 0.0018251 T_{e} dT_{e} - 7.1337 \\cdot 10^{-5} T_{e} dT_{i} - 0.052552 T_{e} dn + 0.00030117 T_{i}^{0.5} F dT_{e} - 0.0003798 T_{i}^{0.5} F dn + 0.0011108 T_{i}^{0.5} P^{-1} dT_{e} - 4.1815 \\cdot 10^{-6} T_{i}^{0.5} P^{-1} dT_{i} - 0.0018974 T_{i}^{0.5} P^{-1} dn + 5.4782 \\cdot 10^{-7} T_{i}^{0.5} P dT_{i} + 0.00010109 T_{i}^{0.5} P dn + 3.8556 \\cdot 10^{-5} T_{i}^{0.5} dT_{e} + 0.0026563 T_{i} P^{-1} dn + 0.00014908 T_{i} P dT_{e} + 0.013052 T_{i} P dn + 0.00012713 T_{i} dn - 1.58 \\cdot 10^{-5} dT_{i} - 0.010635 n^{-1} F dn + 0.0034143 n^{-1} P^{-1} dn + 0.00016186 n^{-1} T_{e} dn - 0.00012547 n^{-1} T_{i}^{0.5} dn - 0.00010427 n^{-1} T_{i} dn - 0.062984 n E^{0.5} - 0.025827 n E^{0.5} T_{e}^{0.5} P^{-1} + 0.00019379 n E^{0.5} T_{e}^{0.5} T_{i}^{0.5} + 0.027123 n E^{0.5} T_{e}^{0.5} T_{i} + 0.00045987 n E^{0.5} T_{e} T_{i}^{0.5} - 0.019929 n E^{0.5} T_{i}^{0.5} F + 0.00013086 n E^{0.5} T_{i}^{0.5} P^{-1} + 0.00077707 n E^{0.5} T_{i} + 0.02341 n E P^{-1} + 0.023082 n E T_{e}^{0.5}",
  "coefficients": [
    0.08853770811169531,
    0.007814423825545367,
    -1.815187932765684e-05,
    -0.0054126981082627534,
    -0.0005334289752516307,
    -0.0019590590491382655,
    4.7230142819358845e-05,
    -5.376718431476743e-05,
    0.0002663320864294295,
    0.000708850493573471,
    -0.0009489246523046972,
    0.010333837920039817,
    -9.003220101005437e-06,
    -0.0018657080324884512,
    -3.305393445234578e-05,
    0.0002311524877525405,
    2.6531528052016413e-06,
    -0.0026620786504220383,
    -3.1635075155933714e-05,
    -8.041880784452722e-05,
    0.0003381190960834028,
    3.233920977631271e-05,
    -0.006230170008772077,
    1.3244649674667956e-05,
    0.00020134970503450037,
    4.098720879151079e-05,
    7.026967898591624e-05,
    -0.0019716143458880803,
    -7.442253773035299e-05,
    -1.6978531501253273e-05,
    0.006319754402074327,
    0.00014774018674947785,
    0.0003600358824450829,
    3.288588787664313e-05,
    1.3786014195364468e-05,
    5.1154547471289276e-05,
    0.0026417984791453227,
    3.0167611454486975e-06,
    -0.00010572779504689357,
    5.2698734662146394e-05,
    9.683516530905229e-05,
    -9.112932294630079e-05,
    -0.0026607682029869874,
    -0.00011307147441128173,
    -0.003507803220907799,
    -4.772036720065618e-05,
    -0.00011936277386262085,
    -3.722673933095201e-05,
    -0.0020344205756437734,
    -5.556834215110319e-06,
    -0.0004652481313604783,
    0.00013201364728734089,
    0.004142972734072325,
    0.00012033867216339338,
    0.01953038339593915,
    -0.035192825076356134,
    -0.000370894414632548,
    -0.00023544295023484989,
    0.012419614176535242,
    -2.7739490889318777e-05,
    -0.02018052248317584,
    0.00016970257243903108,
    0.00012852834689624468,
    0.01355735792860367,
    -0.03340287136702149,
    -0.00040739165254234633,
    0.0002814971180155373,
    4.863875963138407e-06,
    -0.03476671581579221,
    0.00012325402435917006,
    3.989344183053107e-05,
    -0.019801578896308413,
    1.2820267189173133e-06,
    0.0005453394267671667,
    -0.02285952618387605,
    0.00011556756239468009,
    0.018543010836245617,
    -5.171533628026482e-05,
    0.0002666751234293307,
    0.011175761299467353,
    -7.023699705594892e-05,
    -6.999756064859556e-05,
    6.96059476395654e-05,
    -8.216048032127989e-05,
    0.008099763699516468,
    8.08275267387681e-05,
    0.05659739495360994
  ],
  "val_sse_masked": 0.0003347498713992536,
  "val_nrmse_masked": 0.04980125278234482,
  "val_mse_masked": 1.1158329471072648e-05,
  "val_r2_masked": 0.9975190162658691,
  "val_sse_full": 0.0003372752689756453,
  "val_nrmse_full": 0.049988754093647,
  "val_mse_full": 1.1242509572184645e-05,
  "val_r2_full": 0.9975003004074097,
  "iteration": 381,
  "p_lo_eff": 0.12967753410339355,
  "p_hi_eff": 1.9451630115509033,
  "f_lo_eff": 0.20659340918064117,
  "f_hi_eff": 1.6527472734451294
}