{
  "tag": "160_cf286a0e",
  "lmb1": 3.820125271518058e-05,
  "lmb2": 2.972043583451827e-05,
  "nonzero_count": 52,
  "complexity_norm": 0.41935483870967744,
  "train_gen_window": 0.025370043476337013,
  "generalizability": 0.02834461962826665,
  "equation": "0.11628 E^{0.5} n P^{-0.5} + 0.00054386 F dT_{i} - 0.00011507 F dn - 0.0018466 P^{-1} F dT_{e} + 2.9297 \\cdot 10^{-6} P^{-1} F dT_{i} - 0.00044649 T_{e}^{0.5} F dT_{e} - 0.00022365 T_{e}^{0.5} F dn - 0.031533 T_{e}^{0.5} P^{-1} dn - 0.017391 T_{e}^{0.5} T_{i}^{0.5} F dn - 3.2287 \\cdot 10^{-6} T_{e}^{0.5} T_{i}^{0.5} P^{-1} dT_{i} + 0.0097422 T_{e}^{0.5} T_{i}^{0.5} P^{-1} dn + 5.7703 \\cdot 10^{-7} T_{e}^{0.5} T_{i}^{0.5} P dT_{i} + 0.00042071 T_{e}^{0.5} T_{i}^{0.5} P dn - 0.00076955 T_{e}^{0.5} dn - 0.00040291 T_{e} F dn + 0.0073851 T_{e} P^{-1} dn + 2.3122 \\cdot 10^{-6} T_{e} P dT_{i} - 4.431 \\cdot 10^{-5} T_{e} T_{i}^{0.5} dT_{e} - 0.00010254 T_{e} T_{i} dT_{e} - 0.0012426 T_{e} dT_{e} - 5.1142 \\cdot 10^{-5} T_{e} dT_{i} - 0.049591 T_{e} dn + 0.0003911 T_{i}^{0.5} F dT_{e} - 0.00072715 T_{i}^{0.5} F dn + 0.00087985 T_{i}^{0.5} P^{-1} dT_{e} - 3.854 \\cdot 10^{-6} T_{i}^{0.5} P^{-1} dT_{i} - 0.0038695 T_{i}^{0.5} P^{-1} dn + 5.2945 \\cdot 10^{-7} T_{i}^{0.5} P dT_{i} + 0.00056782 T_{i}^{0.5} P dn + 3.9386 \\cdot 10^{-5} T_{i}^{0.5} dT_{e} + 0.002902 T_{i} P^{-1} dn + 0.00011561 T_{i} P dT_{e} + 0.012412 T_{i} P dn - 0.00011978 dT_{e} - 1.7289 \\cdot 10^{-5} dT_{i} - 0.012645 n^{-1} F dn + 0.0033559 n^{-1} P^{-1} dn + 0.00012094 n^{-1} T_{e}^{0.5} dn + 0.0004186 n^{-1} T_{e} dn - 6.593 \\cdot 10^{-5} n^{-1} T_{i}^{0.5} dn - 9.6967 \\cdot 10^{-5} n^{-1} T_{i} dn - 0.059755 n E^{0.5} - 0.02568 n E^{0.5} T_{e}^{0.5} P^{-1} + 0.022427 n E^{0.5} T_{e}^{0.5} T_{i} + 0.0002944 n E^{0.5} T_{e} T_{i}^{0.5} - 0.020152 n E^{0.5} T_{i}^{0.5} F + 0.0016879 n E^{0.5} T_{i} + 0.021687 n E P^{-1} - 0.00052198 n E P + 0.025921 n E T_{e}^{0.5} + 0.00052925 n E T_{e}^{0.5} T_{i}^{0.5} + 0.00043272 n E T_{i}^{0.5}",
  "coefficients": [
    0.08853770770554492,
    0.0076806676255697145,
    8.096892428658503e-05,
    -0.006435421408664768,
    -0.0002802915978200786,
    -0.0018219002728413513,
    0.00018558631912905706,
    -3.405881645982567e-05,
    0.0006887736283655013,
    0.00010387348099875077,
    -0.0010383573080905782,
    0.008557175826470033,
    3.7990394742210064e-05,
    -0.0017195868671253365,
    -3.516863251822557e-05,
    0.00022340054238420963,
    -6.539475949744283e-06,
    -0.001790868742556485,
    -3.974320681198295e-05,
    -8.296544939806743e-05,
    0.0002826728577880828,
    8.711999237464743e-06,
    -0.004466407046383646,
    8.434925523423926e-06,
    0.0002188297394400928,
    6.371345098335837e-06,
    5.274247949771309e-05,
    -0.0019998986856753,
    -0.00015481220955393618,
    -3.629213623881508e-05,
    0.005005780176877031,
    0.00015092272316397657,
    0.0004675455899879714,
    5.892492757822331e-05,
    2.2592688949239736e-05,
    8.15678538256025e-05,
    0.0020486825425222893,
    -5.387423714908193e-06,
    -0.00018569023961678062,
    3.7310963422041126e-05,
    8.632114123745374e-05,
    -9.577031034845306e-05,
    -0.0018115254740069318,
    -0.00021617909350164007,
    -0.002422643458693427,
    -5.009719874314002e-05,
    -0.00012310767518026414,
    9.121766024072555e-05,
    -0.004149010351375844,
    -4.451769014894129e-05,
    -0.0008907482143298406,
    0.0007415207288264294,
    0.0045260750329017595,
    5.8370624720075365e-05,
    0.018572323168948617,
    -0.028424190318944043,
    -0.0005074141024943687,
    -0.00023121590443020705,
    0.012021472857949089,
    -8.440722720600871e-05,
    -0.020657110475840353,
    0.0005247987926245074,
    8.18134699421414e-06,
    0.0077113700006893595,
    -0.03152094450366591,
    -0.00040361372327614453,
    3.9287189054396594e-05,
    1.3626878086143538e-05,
    -0.03298435194130558,
    5.5899922348344e-05,
    3.3081983404859116e-05,
    -0.02002286038834032,
    -8.297508118019566e-05,
    0.0011845605144952542,
    -0.02272925806875675,
    8.943565678911711e-05,
    0.015332537055811595,
    -6.240478353071883e-05,
    0.00017072235735225006,
    0.010352895906325961,
    -5.3985324154709164e-05,
    -0.000317082975912606,
    0.00018054391234864322,
    1.271364911936061e-05,
    0.009095758829402332,
    0.00021402094851331174,
    0.05708826686033586
  ],
  "val_sse_masked": 0.00035556656075641513,
  "val_nrmse_masked": 0.051326364278793335,
  "val_mse_masked": 1.1852219358843286e-05,
  "val_r2_masked": 0.9973646998405457,
  "val_sse_full": 0.0003601668868213892,
  "val_nrmse_full": 0.05165733024477959,
  "val_mse_full": 1.2005563803541008e-05,
  "val_r2_full": 0.9973306059837341,
  "iteration": 160,
  "p_lo_eff": 0.12967753410339355,
  "p_hi_eff": 1.9451630115509033,
  "f_lo_eff": 0.20659340918064117,
  "f_hi_eff": 1.6527472734451294
}