{
  "tag": "390_94aade00",
  "lmb1": 0.00019813750097803136,
  "lmb2": 0.0005771711142148695,
  "nonzero_count": 29,
  "complexity_norm": 0.23387096774193547,
  "train_gen_window": 0.04791652901288822,
  "generalizability": 0.04291247332905034,
  "equation": "0.056459 E^{0.5} n P^{-0.5} + 0.0001117 F dT_{i} - 0.0037357 P^{-1} F dT_{e} - 7.8 \\cdot 10^{-5} P^{-1} F dT_{i} - 0.0032617 P^{-1} F dn + 0.00017035 P dn - 0.014003 T_{e}^{0.5} P^{-1} dn - 0.0018621 T_{e}^{0.5} T_{i}^{0.5} F dn + 8.372 \\cdot 10^{-5} T_{e}^{0.5} T_{i}^{0.5} P dn - 0.00070914 T_{e}^{0.5} T_{i}^{0.5} dn - 0.0042626 T_{e}^{0.5} dn - 0.050017 T_{e} dn + 0.00011081 T_{i}^{0.5} F dT_{e} - 0.00016982 T_{i}^{0.5} F dn - 0.0015387 T_{i}^{0.5} P^{-1} dn + 0.0010494 T_{i}^{0.5} P dn + 0.00025327 T_{i}^{0.5} dT_{e} + 6.1483 \\cdot 10^{-6} T_{i} P^{-1} dT_{e} + 0.0079479 T_{i} P dn - 0.014361 n^{-1} F dn + 0.0022573 n^{-1} P^{-1} dn + 0.0019655 n^{-1} dn - 0.0082104 n E^{0.5} T_{e}^{0.5} P^{-1} + 0.00059614 n E^{0.5} T_{e}^{0.5} T_{i} - 0.020212 n E^{0.5} T_{i}^{0.5} P + 0.0003305 n E^{0.5} T_{i} + 0.0078823 n E T_{e}^{0.5} + 0.037391 n E T_{e}^{0.5} T_{i}^{0.5} + 0.018174 n E T_{i}^{0.5}",
  "coefficients": [
    0.08853770499159114,
    0.00516629810769763,
    0.00294529436032237,
    -0.0073091624790392025,
    4.454565166008721e-06,
    -6.0181095373678785e-06,
    3.653968863726987e-05,
    5.337779498884395e-07,
    1.287784967472143e-05,
    -0.002765494067662412,
    4.292648253229324e-06,
    0.0017575232619142021,
    2.0529761405314845e-05,
    -2.6480777495824847e-05,
    -9.730870796510027e-07,
    1.1144208839436044e-05,
    -1.1812596077596697e-05,
    -2.6453220764597513e-05,
    -8.844889577278209e-07,
    -4.7601834259406505e-06,
    1.2191578297806459e-05,
    -5.851517657377711e-06,
    5.336956041787736e-06,
    1.893218823173381e-05,
    2.2763806594735954e-05,
    -6.160165581690441e-06,
    1.4225610143619048e-05,
    -0.004045793446838709,
    1.663585723371151e-05,
    5.835498032669075e-05,
    9.974803684019637e-05,
    0.0009704852467986617,
    0.00013247052864781865,
    0.00014881931221066958,
    5.5768092168337854e-05,
    8.378766929576622e-05,
    1.352882250571018e-05,
    8.813403652667237e-06,
    3.316215332899119e-05,
    5.790435003683097e-05,
    1.1555586612281994e-05,
    3.7647154793113874e-05,
    3.219286242941652e-05,
    7.249728187002864e-05,
    2.6096145483995235e-05,
    -0.004122733729701177,
    -2.065185964463864e-05,
    0.00019711070453747034,
    -0.0016498379138495858,
    -6.194896630247918e-05,
    -0.00020802855791462915,
    0.001370432345765788,
    1.4739490739960608e-05,
    -2.277747315764094e-05,
    0.011892516042276242,
    -0.012622573911574323,
    -0.0028105980434670317,
    -3.135137997275955e-05,
    5.3784997259438395e-06,
    -0.0005422248570838079,
    -0.0022118758705656177,
    0.00010443281926855215,
    -3.4289216249781154e-05,
    5.656984158187089e-06,
    -0.03179163206320479,
    -4.485992285456379e-05,
    -4.122398225925128e-05,
    1.3743551465638898e-06,
    -8.230206289437447e-06,
    2.2184056642624676e-06,
    1.5266055143505118e-05,
    -3.847364580417454e-05,
    -0.02096339180319029,
    0.00023194175677588644,
    -0.00726710432960659,
    2.031378599977586e-05,
    0.00040755458963622897,
    -3.3514161771746746e-06,
    2.1786872879577986e-05,
    8.047225419425768e-05,
    -1.5778948489563058e-06,
    -8.595675799577589e-05,
    0.007582795636031799,
    6.23683351098882e-05,
    0.0027659644165956613,
    0.01512057322099029,
    0.02771874556698102
  ],
  "val_sse_masked": 0.0007007722742855549,
  "val_nrmse_masked": 0.07205573469400406,
  "val_mse_masked": 2.335907811357174e-05,
  "val_r2_masked": 0.9948062300682068,
  "val_sse_full": 0.0006958808517083526,
  "val_nrmse_full": 0.07180381566286087,
  "val_mse_full": 2.31960293604061e-05,
  "val_r2_full": 0.9948424696922302,
  "iteration": 390,
  "p_lo_eff": 0.12967753410339355,
  "p_hi_eff": 1.9451630115509033,
  "f_lo_eff": 0.20659340918064117,
  "f_hi_eff": 1.6527472734451294
}