{
  "tag": "262_ce8b5629",
  "lmb1": 1.760966322009961e-06,
  "lmb2": 0.0001809618476830201,
  "nonzero_count": 84,
  "complexity_norm": 0.6774193548387096,
  "train_gen_window": 0.02565242009616113,
  "generalizability": 0.031234145747631076,
  "equation": "0.089873 E^{0.5} n P^{-0.5} + 0.0044207 F dT_{e} + 0.0021117 F dT_{i} - 0.00011883 F dn - 0.0027099 P^{-1} F dT_{e} + 7.3252 \\cdot 10^{-5} P^{-1} F dT_{i} + 0.0018082 P^{-1} F dn + 0.0023707 P^{-1} dT_{e} - 0.00030575 P F dT_{i} - 0.0074432 P dn - 0.031642 T_{e}^{0.5} F dT_{e} - 0.0043507 T_{e}^{0.5} F dn + 0.0022128 T_{e}^{0.5} P^{-1} dT_{e} - 0.038751 T_{e}^{0.5} P^{-1} dn + 0.0065527 T_{e}^{0.5} T_{i}^{0.5} F dT_{e} - 3.5839 \\cdot 10^{-5} T_{e}^{0.5} T_{i}^{0.5} F dT_{i} - 0.011276 T_{e}^{0.5} T_{i}^{0.5} F dn - 5.9939 \\cdot 10^{-6} T_{e}^{0.5} T_{i}^{0.5} P^{-1} dT_{i} + 0.021595 T_{e}^{0.5} T_{i}^{0.5} P^{-1} dn + 0.0017573 T_{e}^{0.5} T_{i}^{0.5} P dT_{e} + 6.2273 \\cdot 10^{-6} T_{e}^{0.5} T_{i}^{0.5} P dT_{i} + 0.009296 T_{e}^{0.5} T_{i}^{0.5} P dn + 1.0031 \\cdot 10^{-6} T_{e}^{0.5} T_{i}^{0.5} dT_{i} + 0.00077541 T_{e}^{0.5} T_{i}^{0.5} dn - 0.00024449 T_{e}^{0.5} T_{i} dT_{e} + 0.0037542 T_{e}^{0.5} T_{i} dn - 0.023311 T_{e}^{0.5} dn - 0.00012145 T_{e} F dT_{i} - 0.0088621 T_{e} F dn + 0.019924 T_{e} P^{-1} dn + 1.7319 \\cdot 10^{-5} T_{e} P dT_{i} - 0.00064226 T_{e} T_{i}^{0.5} dT_{e} - 5.4158 \\cdot 10^{-5} T_{e} T_{i} dT_{e} + 7.7155 \\cdot 10^{-7} T_{e} T_{i} dT_{i} + 0.0090097 T_{e} T_{i} dn - 0.0046753 T_{e} dT_{e} - 0.00015994 T_{e} dT_{i} - 0.028542 T_{e} dn + 0.0056024 T_{i}^{0.5} F dT_{e} - 0.0068616 T_{i}^{0.5} F dn + 0.0016276 T_{i}^{0.5} P^{-1} dT_{e} - 1.178 \\cdot 10^{-5} T_{i}^{0.5} P^{-1} dT_{i} - 0.020645 T_{i}^{0.5} P^{-1} dn - 8.5057 \\cdot 10^{-7} T_{i}^{0.5} P dT_{i} + 0.0046078 T_{i}^{0.5} P dn - 0.0023188 T_{i}^{0.5} dT_{e} - 7.3841 \\cdot 10^{-6} T_{i}^{0.5} dT_{i} + 0.00045203 T_{i} F dT_{e} - 8.846 \\cdot 10^{-7} T_{i} F dT_{i} - 3.4547 \\cdot 10^{-5} T_{i} P^{-1} dT_{e} + 0.0046001 T_{i} P^{-1} dn + 0.00019053 T_{i} P dT_{e} + 0.0069726 T_{i} P dn - 0.00048007 T_{i} dT_{e} + 0.0022349 T_{i} dn + 0.0017818 dT_{e} - 0.00020268 dT_{i} - 0.014534 n^{-1} F dn + 0.005852 n^{-1} P^{-1} dn - 0.00068576 n^{-1} T_{e}^{0.5} T_{i}^{0.5} dn - 0.0016207 n^{-1} T_{e}^{0.5} dn - 0.0018511 n^{-1} T_{e} dn + 0.0010528 n^{-1} T_{i}^{0.5} dn - 0.0006492 n^{-1} T_{i} dn + 0.0012919 n^{-1} dn - 0.078354 n E^{0.5} + 0.0052709 n E^{0.5} P^{-1} - 0.025004 n E^{0.5} T_{e}^{0.5} P^{-1} + 0.0068429 n E^{0.5} T_{e}^{0.5} T_{i}^{0.5} + 0.028312 n E^{0.5} T_{e}^{0.5} T_{i} - 0.020516 n E^{0.5} T_{e} + 0.021973 n E^{0.5} T_{e} T_{i}^{0.5} - 0.002708 n E^{0.5} T_{i}^{0.5} - 0.022869 n E^{0.5} T_{i}^{0.5} F + 0.010793 n E^{0.5} T_{i}^{0.5} P^{-1} + 0.0026614 n E^{0.5} T_{i}^{0.5} P + 0.022483 n E^{0.5} T_{i} - 0.012384 n E F + 0.013546 n E P^{-1} - 0.0046289 n E P + 0.068601 n E T_{e}^{0.5} - 0.0065092 n E T_{e}^{0.5} T_{i}^{0.5} - 0.0021148 n E T_{i}^{0.5} - 0.018592 n E T_{i}",
  "coefficients": [
    0.08853770873464956,
    0.013393497680296209,
    0.0019358126913359176,
    -0.0073968121130216485,
    0.004475979380119276,
    -0.01219764951570309,
    -0.0024869001113237586,
    -0.003325881180268437,
    -0.003045847815899194,
    0.0025971496562841156,
    -0.012172571639649585,
    0.033226103474202184,
    -0.004750129527686894,
    -0.005256213052474319,
    -0.0028099917725090706,
    -0.0003588998597258172,
    -0.0006089615547243336,
    -0.0033246868675200847,
    0.00045829158708182325,
    -0.004314887497473755,
    0.0030506130959026432,
    -1.5714346006231268e-05,
    -0.01396831453838793,
    -0.002903711720778035,
    0.0016391305725578825,
    0.002958069459224403,
    0.0042273479677082705,
    -0.0029348673789382535,
    0.0023029238754662873,
    0.0016646804587383468,
    0.009259931715458993,
    -0.008885283953269839,
    0.006697390901305951,
    -0.0008362160774242767,
    -0.008275773902198129,
    0.0023261309810902876,
    0.003376328122906187,
    0.00453004212944518,
    -0.013159582102475621,
    0.008910858041229644,
    0.0077400429056798,
    -0.004910178153982944,
    -0.006816048385523526,
    -0.0031334774450868658,
    -0.001279521940998723,
    0.0022856108399260883,
    -0.00012713229246565203,
    -0.008612293038282893,
    -0.022136486618603665,
    -3.04728974549885e-05,
    -0.008405299399547867,
    0.0060173605786394075,
    0.0071745803679356185,
    0.0021155317171322463,
    0.010433202907008603,
    -0.034930661234657184,
    -0.015370503646567156,
    -0.004497978367914202,
    0.026646972595480177,
    0.0005928958822905865,
    -0.013394027689039282,
    0.011595854684165028,
    0.0034759513011097505,
    0.020804803244217858,
    -0.018141679464830314,
    -0.00887762511131995,
    0.008267580647549616,
    0.004029927103690908,
    -0.043251017698213955,
    0.010166055237978814,
    -0.0016704392373928772,
    -0.0227230521539678,
    0.0027603502755253516,
    0.01577836436100796,
    -0.02213090305535087,
    0.00408086937044807,
    0.019355951468885465,
    -0.010549907933688228,
    0.012741688129516036,
    0.006466852619908503,
    -0.007069923541327124,
    -0.002811902564640216,
    -0.0008823444244191977,
    -0.009664380731866033,
    0.02407282428999034,
    -0.002632211415610255,
    0.04412335693454154
  ],
  "val_sse_masked": 0.00027419262914918363,
  "val_nrmse_masked": 0.04507211595773697,
  "val_mse_masked": 9.13975509320153e-06,
  "val_r2_masked": 0.9979678392410278,
  "val_sse_full": 0.00027401698753237724,
  "val_nrmse_full": 0.04505767673254013,
  "val_mse_full": 9.133899766311515e-06,
  "val_r2_full": 0.9979691505432129,
  "iteration": 262,
  "p_lo_eff": 0.12967753410339355,
  "p_hi_eff": 1.9451630115509033,
  "f_lo_eff": 0.20659340918064117,
  "f_hi_eff": 1.6527472734451294
}