{
  "tag": "156_3627d370",
  "lmb1": 1.1753573350179882e-07,
  "lmb2": 4.857215091055209e-08,
  "nonzero_count": 86,
  "complexity_norm": 0.6935483870967742,
  "train_gen_window": 0.013751350059854237,
  "generalizability": 0.03230190693392572,
  "equation": "0.15542 E^{0.5} n P^{-0.5} + 0.15659 F dT_{e} + 0.0073869 F dT_{i} + 0.037592 F dn + 0.001102 P^{-1} F dT_{e} - 0.00027188 P^{-1} F dT_{i} + 0.0094436 P^{-1} F dn - 0.011093 P^{-1} dT_{e} - 0.0013361 P F dT_{i} - 0.020839 P dn - 0.19851 T_{e}^{0.5} F dT_{e} + 0.020313 T_{e}^{0.5} F dn + 0.01504 T_{e}^{0.5} P^{-1} dT_{e} - 0.073505 T_{e}^{0.5} P^{-1} dn + 0.033041 T_{e}^{0.5} T_{i}^{0.5} F dT_{e} - 0.0013722 T_{e}^{0.5} T_{i}^{0.5} F dT_{i} - 0.068305 T_{e}^{0.5} T_{i}^{0.5} F dn + 0.00046785 T_{e}^{0.5} T_{i}^{0.5} P^{-1} dT_{i} + 0.024587 T_{e}^{0.5} T_{i}^{0.5} P^{-1} dn + 0.0014809 T_{e}^{0.5} T_{i}^{0.5} P dT_{e} + 4.6794 \\cdot 10^{-5} T_{e}^{0.5} T_{i}^{0.5} P dT_{i} + 0.0024233 T_{e}^{0.5} T_{i}^{0.5} P dn + 0.00026995 T_{e}^{0.5} T_{i}^{0.5} dT_{i} + 0.24322 T_{e}^{0.5} T_{i}^{0.5} dn - 0.0074196 T_{e}^{0.5} T_{i} dT_{e} + 2.392 \\cdot 10^{-5} T_{e}^{0.5} T_{i} dT_{i} + 0.0023277 T_{e}^{0.5} T_{i} dn - 0.2075 T_{e}^{0.5} dn - 0.00083832 T_{e} F dT_{i} - 0.058363 T_{e} F dn + 0.016301 T_{e} P^{-1} dn + 0.00054344 T_{e} P dT_{i} - 0.010833 T_{e} T_{i}^{0.5} dT_{e} + 0.0042933 T_{e} T_{i} dT_{e} - 2.9476 \\cdot 10^{-5} T_{e} T_{i} dT_{i} - 0.011487 T_{e} T_{i} dn + 0.012522 T_{e} dT_{e} - 0.0011871 T_{e} dT_{i} + 0.021103 T_{e} dn + 0.0022151 T_{i}^{0.5} F dT_{e} + 0.020812 T_{i}^{0.5} F dn + 6.9875 \\cdot 10^{-5} T_{i}^{0.5} P^{-1} dT_{e} - 0.00043492 T_{i}^{0.5} P^{-1} dT_{i} + 0.021841 T_{i}^{0.5} P^{-1} dn - 0.00016291 T_{i}^{0.5} P dT_{i} + 0.062406 T_{i}^{0.5} P dn + 0.0093652 T_{i}^{0.5} dT_{e} + 0.00013142 T_{i}^{0.5} dT_{i} - 0.01624 T_{i}^{0.5} dn - 0.01022 T_{i} F dT_{e} + 8.4636 \\cdot 10^{-6} T_{i} F dT_{i} + 0.00040321 T_{i} P^{-1} dT_{e} - 0.00817 T_{i} P^{-1} dn - 0.00066498 T_{i} P dT_{e} - 0.033551 T_{i} P dn + 0.0044047 T_{i} dT_{e} - 0.045031 T_{i} dn - 0.018852 dT_{e} - 0.00045529 dT_{i} + 0.013479 n^{-1} F dn + 0.0035001 n^{-1} P^{-1} dn - 0.02206 n^{-1} T_{e}^{0.5} T_{i}^{0.5} dn - 0.018368 n^{-1} T_{e}^{0.5} dn + 0.013932 n^{-1} T_{e} dn + 0.018837 n^{-1} T_{i}^{0.5} dn + 0.0015945 n^{-1} T_{i} dn - 0.0032204 n^{-1} dn - 0.29141 n E^{0.5} - 0.069886 n E^{0.5} P^{-1} + 0.00077937 n E^{0.5} T_{e}^{0.5} P^{-1} - 0.0063006 n E^{0.5} T_{e}^{0.5} T_{i}^{0.5} + 0.003707 n E^{0.5} T_{e}^{0.5} T_{i} - 0.054613 n E^{0.5} T_{e} + 0.00034851 n E^{0.5} T_{e} T_{i}^{0.5} + 0.036125 n E^{0.5} T_{i}^{0.5} - 0.0096279 n E^{0.5} T_{i}^{0.5} F + 0.060282 n E^{0.5} T_{i}^{0.5} P^{-1} + 0.014627 n E^{0.5} T_{i}^{0.5} P + 0.19918 n E^{0.5} T_{i} - 0.064855 n E F - 0.035445 n E P^{-1} - 0.017825 n E P + 0.89703 n E T_{e}^{0.5} - 0.66932 n E T_{e}^{0.5} T_{i}^{0.5} - 0.14408 n E T_{i}^{0.5} + 0.09702 n E T_{i}",
  "coefficients": [
    0.08853772449148312,
    0.008010799102449414,
    -0.0048255978362578885,
    0.006859911033310677,
    0.08008519688771626,
    0.029958539318636353,
    -0.028185150557414256,
    -0.10699017329771845,
    0.022924412802777083,
    -0.00963948527040847,
    -0.02734427529332545,
    0.11622669623020825,
    -0.02075688708191475,
    -0.19405235682232685,
    0.050012161332081445,
    -0.06874152114107504,
    0.005826402550744856,
    0.2595067721432927,
    0.1233368662176677,
    -0.1652115133390514,
    0.022923518176399857,
    0.07613981458454754,
    -0.10367377082064033,
    -0.020043382393608113,
    0.05143156444889921,
    -0.11300922766150318,
    -0.019781188090391144,
    0.0011934397730016012,
    -0.02436583356009384,
    0.05896604936240393,
    0.0003975399575553082,
    0.03588605750024308,
    0.0026480116888602107,
    0.009759787526900668,
    0.07593041950365499,
    -0.05259152731228012,
    -0.011784087698471453,
    0.03079078662072844,
    -0.08255851553331506,
    0.044931584718590996,
    0.006522547519077751,
    -0.14901114212343697,
    0.018255917798981686,
    -0.05285376188016698,
    0.10143367085883666,
    0.011936677987443486,
    0.04021741632262655,
    -0.0241125740955258,
    0.02341891856211584,
    -0.012874334917790166,
    0.025494376661665926,
    0.0814969656250726,
    -0.012742357759253722,
    -0.04262545727248383,
    -0.05020315970147675,
    -0.06625802456659717,
    -0.13681692065022333,
    0.021000034147885073,
    0.030339600579022612,
    0.18597574198710823,
    -0.08113366287448504,
    0.0030228096791797346,
    0.0021551832745612814,
    0.01702134775800116,
    0.013413622615172982,
    -0.05846571580705874,
    -0.010540396860086768,
    -0.05343193884615272,
    -0.16085782588965514,
    0.0567796828902356,
    0.022283567068126,
    -0.009566390317574707,
    0.015171172125930053,
    0.13977945599449046,
    0.0006898234713271448,
    -0.003757460105360929,
    0.0025343169315825975,
    -0.028083265509096334,
    0.0002020999844980515,
    -0.016920668517497565,
    -0.03702472479833429,
    -0.010827804774976805,
    -0.06011508539379344,
    0.05043233932153111,
    0.31477388943937745,
    -0.27066519080066515,
    0.07630288923829609
  ],
  "val_sse_masked": 0.00012130523100495338,
  "val_nrmse_masked": 0.02997918613255024,
  "val_mse_masked": 4.043507942697033e-06,
  "val_r2_masked": 0.999100923538208,
  "val_sse_full": 0.00012130523100495338,
  "val_nrmse_full": 0.02997918613255024,
  "val_mse_full": 4.043507942697033e-06,
  "val_r2_full": 0.999100923538208,
  "iteration": 156,
  "p_lo_eff": 0.12967753410339355,
  "p_hi_eff": 1.9451630115509033,
  "f_lo_eff": 0.20659340918064117,
  "f_hi_eff": 1.6527472734451294
}