{
  "tag": "258_4e532379",
  "lmb1": 5.1768558440801984e-08,
  "lmb2": 7.558029683254259e-07,
  "nonzero_count": 86,
  "complexity_norm": 0.6935483870967742,
  "train_gen_window": 0.013449360092867875,
  "generalizability": 0.0295057391005501,
  "equation": "0.17254 E^{0.5} n P^{-0.5} + 0.18004 F dT_{e} + 0.0065491 F dT_{i} + 0.033085 F dn + 0.0012211 P^{-1} F dT_{e} - 0.00014052 P^{-1} F dT_{i} + 0.0091696 P^{-1} F dn - 0.014413 P^{-1} dT_{e} - 0.00095251 P F dT_{i} - 0.031067 P dn - 0.23011 T_{e}^{0.5} F dT_{e} + 0.017364 T_{e}^{0.5} F dn + 0.019292 T_{e}^{0.5} P^{-1} dT_{e} - 0.084475 T_{e}^{0.5} P^{-1} dn + 0.03948 T_{e}^{0.5} T_{i}^{0.5} F dT_{e} - 0.00059057 T_{e}^{0.5} T_{i}^{0.5} F dT_{i} - 0.064668 T_{e}^{0.5} T_{i}^{0.5} F dn + 0.00024186 T_{e}^{0.5} T_{i}^{0.5} P^{-1} dT_{i} + 0.02895 T_{e}^{0.5} T_{i}^{0.5} P^{-1} dn + 0.002456 T_{e}^{0.5} T_{i}^{0.5} P dT_{e} + 1.8664 \\cdot 10^{-5} T_{e}^{0.5} T_{i}^{0.5} P dT_{i} + 0.005415 T_{e}^{0.5} T_{i}^{0.5} P dn + 0.00015125 T_{e}^{0.5} T_{i}^{0.5} dT_{i} + 0.18552 T_{e}^{0.5} T_{i}^{0.5} dn - 0.0030027 T_{e}^{0.5} T_{i} dT_{e} + 1.1517 \\cdot 10^{-5} T_{e}^{0.5} T_{i} dT_{i} + 0.018533 T_{e}^{0.5} T_{i} dn - 0.17304 T_{e}^{0.5} dn - 0.0014105 T_{e} F dT_{i} - 0.050587 T_{e} F dn + 0.018381 T_{e} P^{-1} dn + 0.0003583 T_{e} P dT_{i} - 0.011749 T_{e} T_{i}^{0.5} dT_{e} + 0.0024919 T_{e} T_{i} dT_{e} - 1.0713 \\cdot 10^{-5} T_{e} T_{i} dT_{i} + 0.0012498 T_{e} T_{i} dn + 0.011505 T_{e} dT_{e} - 0.0006844 T_{e} dT_{i} + 0.012867 T_{e} dn - 0.0008044 T_{i}^{0.5} F dT_{e} + 0.016745 T_{i}^{0.5} F dn + 0.00018764 T_{i}^{0.5} P^{-1} dT_{e} - 0.00025375 T_{i}^{0.5} P^{-1} dT_{i} + 0.030463 T_{i}^{0.5} P^{-1} dn - 9.9894 \\cdot 10^{-5} T_{i}^{0.5} P dT_{i} + 0.075126 T_{i}^{0.5} P dn + 0.0086022 T_{i}^{0.5} dT_{e} + 7.4577 \\cdot 10^{-5} T_{i}^{0.5} dT_{i} - 0.00137 T_{i}^{0.5} dn - 0.0092012 T_{i} F dT_{e} - 1.9268 \\cdot 10^{-5} T_{i} F dT_{i} + 0.00021684 T_{i} P^{-1} dT_{e} - 0.012947 T_{i} P^{-1} dn - 0.00081581 T_{i} P dT_{e} - 0.037755 T_{i} P dn + 0.0018561 T_{i} dT_{e} - 0.057609 T_{i} dn - 0.017502 dT_{e} - 0.00059085 dT_{i} + 0.012266 n^{-1} F dn + 0.0038199 n^{-1} P^{-1} dn - 0.022188 n^{-1} T_{e}^{0.5} T_{i}^{0.5} dn - 0.016722 n^{-1} T_{e}^{0.5} dn + 0.011616 n^{-1} T_{e} dn + 0.019734 n^{-1} T_{i}^{0.5} dn + 0.001372 n^{-1} T_{i} dn - 0.0037167 n^{-1} dn - 0.28838 n E^{0.5} - 0.078067 n E^{0.5} P^{-1} + 0.004141 n E^{0.5} T_{e}^{0.5} P^{-1} - 0.022961 n E^{0.5} T_{e}^{0.5} T_{i}^{0.5} + 0.015605 n E^{0.5} T_{e}^{0.5} T_{i} - 0.055494 n E^{0.5} T_{e} - 0.004407 n E^{0.5} T_{e} T_{i}^{0.5} + 0.048696 n E^{0.5} T_{i}^{0.5} - 0.0097949 n E^{0.5} T_{i}^{0.5} F + 0.059468 n E^{0.5} T_{i}^{0.5} P^{-1} + 0.016736 n E^{0.5} T_{i}^{0.5} P + 0.18003 n E^{0.5} T_{i} - 0.065153 n E F - 0.036004 n E P^{-1} - 0.016019 n E P + 0.83307 n E T_{e}^{0.5} - 0.5514 n E T_{e}^{0.5} T_{i}^{0.5} - 0.1741 n E T_{i}^{0.5} + 0.072353 n E T_{i}",
  "coefficients": [
    0.08853772341970989,
    0.008742629389089927,
    -0.005569302646713424,
    0.00624275491189585,
    0.08389757826372915,
    0.025778760283269773,
    -0.025659461885536028,
    -0.1076087904140479,
    0.019113036300523457,
    -0.0049822563050519394,
    -0.0354857098227712,
    0.10304336716573075,
    -0.01479813928807936,
    -0.11321768958675867,
    0.02837989694980755,
    -0.04215046066582529,
    -0.013264525296359516,
    0.13415186158677259,
    0.06910331143629465,
    -0.07110325094791337,
    0.009143142829520442,
    0.03666105573405651,
    -0.05977104486239229,
    -0.03372429224557928,
    0.033910178659834006,
    -0.04107224510313755,
    -0.02569956905551645,
    0.001322514043796387,
    -0.022620774626730504,
    0.06779689175834841,
    0.001067519131239203,
    0.03296254475849468,
    -0.0009616261893949721,
    0.005248673990438303,
    0.0319963167467417,
    -0.04734866468548081,
    -0.014456896190138922,
    0.039493592404146564,
    -0.09569973589151712,
    0.053688375929742405,
    0.010817252465106501,
    -0.06030497988248122,
    0.0167727216639288,
    -0.05732285799652591,
    0.05887412534596508,
    0.01159035695089971,
    0.03539528556711527,
    -0.035946384075588866,
    0.032663145636730805,
    -0.0010860691149688143,
    0.020511991885514735,
    0.09810885421034278,
    -0.02019268660419226,
    -0.05453219578893846,
    -0.056492748598146424,
    -0.07614689189142113,
    -0.1140936858692711,
    0.017951265983429384,
    0.0357225532711207,
    0.14185592912330644,
    -0.07681392642382263,
    0.006754696276419215,
    0.01715943091001039,
    0.019193247724451835,
    0.008178170534647467,
    -0.050675990030304645,
    0.0011468447131076642,
    -0.05968721521260757,
    -0.15918109201703762,
    0.05601316321459539,
    0.03003810374816726,
    -0.009732303082052127,
    0.017358251165123413,
    0.12634273741507307,
    0.0036652583699791318,
    -0.013692951797403785,
    0.010668729257414973,
    -0.028536568977228248,
    -0.002555566717304905,
    -0.017187571125814708,
    -0.037195181943676145,
    -0.009730689008518235,
    -0.07263864232225967,
    0.03761014077863577,
    0.2923327422790323,
    -0.22298003180160147,
    0.08470638713381394
  ],
  "val_sse_masked": 0.00012512534158304334,
  "val_nrmse_masked": 0.030447574332356453,
  "val_mse_masked": 4.170844931650208e-06,
  "val_r2_masked": 0.9990726113319397,
  "val_sse_full": 0.00012512534158304334,
  "val_nrmse_full": 0.030447574332356453,
  "val_mse_full": 4.170844931650208e-06,
  "val_r2_full": 0.9990726113319397,
  "iteration": 258,
  "p_lo_eff": 0.12967753410339355,
  "p_hi_eff": 1.9451630115509033,
  "f_lo_eff": 0.20659340918064117,
  "f_hi_eff": 1.6527472734451294
}