{
  "tag": "326_b865dd38",
  "lmb1": 9.01224599442964e-05,
  "lmb2": 0.008018627207920665,
  "nonzero_count": 56,
  "complexity_norm": 0.45161290322580644,
  "train_gen_window": 0.054249884764094106,
  "generalizability": 0.041202576408515705,
  "equation": "0.038246 E^{0.5} n P^{-0.5} + 0.0003592 F dT_{e} + 0.00032613 F dT_{i} - 0.0013552 F dn - 0.0030412 P^{-1} F dT_{e} - 0.00013229 P^{-1} F dT_{i} - 0.0042202 P^{-1} F dn + 0.0013177 P dn - 0.002569 T_{e}^{0.5} F dn - 0.0093541 T_{e}^{0.5} P^{-1} dn - 0.0023429 T_{e}^{0.5} T_{i}^{0.5} F dn - 5.8377 \\cdot 10^{-7} T_{e}^{0.5} T_{i}^{0.5} P^{-1} dT_{i} + 5.9262 \\cdot 10^{-5} T_{e}^{0.5} T_{i}^{0.5} P dT_{e} + 0.0029376 T_{e}^{0.5} T_{i}^{0.5} P dn - 0.0063477 T_{e}^{0.5} T_{i}^{0.5} dn - 0.015731 T_{e}^{0.5} dn + 6.8093 \\cdot 10^{-6} T_{e} F dT_{i} - 0.0031883 T_{e} F dn + 0.00011479 T_{e} dT_{e} - 0.019302 T_{e} dn + 0.00010821 T_{i}^{0.5} F dT_{e} - 0.0016279 T_{i}^{0.5} F dn + 3.127 \\cdot 10^{-5} T_{i}^{0.5} P^{-1} dT_{e} - 9.2533 \\cdot 10^{-7} T_{i}^{0.5} P^{-1} dT_{i} - 0.0048591 T_{i}^{0.5} P^{-1} dn + 0.0035693 T_{i}^{0.5} P dn + 0.00015462 T_{i}^{0.5} dT_{e} - 0.0035912 T_{i}^{0.5} dn + 4.269 \\cdot 10^{-6} T_{i} P^{-1} dT_{e} + 0.0020064 T_{i} P^{-1} dn + 2.9547 \\cdot 10^{-5} T_{i} P dT_{e} + 0.0056552 T_{i} P dn + 1.1217 \\cdot 10^{-5} T_{i} dT_{e} + 0.00020847 dT_{e} - 0.021411 n^{-1} F dn + 0.002372 n^{-1} P^{-1} dn + 2.1228 \\cdot 10^{-5} n^{-1} T_{e}^{0.5} T_{i}^{0.5} dn + 0.0013688 n^{-1} T_{e}^{0.5} dn + 0.00047461 n^{-1} T_{e} dn + 5.1816 \\cdot 10^{-5} n^{-1} T_{i}^{0.5} dn + 0.00247 n^{-1} dn + 0.0015456 n E^{0.5} P^{-1} - 0.0049916 n E^{0.5} T_{e}^{0.5} P^{-1} + 0.0028357 n E^{0.5} T_{e}^{0.5} T_{i}^{0.5} + 0.003448 n E^{0.5} T_{e}^{0.5} T_{i} + 0.003156 n E^{0.5} T_{e} T_{i}^{0.5} + 0.0010793 n E^{0.5} T_{i}^{0.5} - 0.0052351 n E^{0.5} T_{i}^{0.5} F - 0.013306 n E^{0.5} T_{i}^{0.5} P + 0.0028038 n E^{0.5} T_{i} + 0.0058883 n E P^{-1} - 0.0044435 n E P + 0.027346 n E T_{e}^{0.5} + 0.015347 n E T_{e}^{0.5} T_{i}^{0.5} + 0.014387 n E T_{i}^{0.5} + 0.00030094 n E T_{i}",
  "coefficients": [
    0.08853770634799946,
    0.005428791226025741,
    0.003701210676312146,
    -0.010896991645297508,
    0.00022029004624288728,
    1.7540336630587664e-05,
    0.0021004657412334563,
    0.00010295425688072796,
    0.0007809297608819422,
    -0.0046904924841813,
    -2.195764717310017e-05,
    0.005131377110571696,
    4.023231571412562e-05,
    -0.0004128630069738007,
    -4.457632652083804e-05,
    -5.185212956557023e-06,
    -4.808557987975111e-05,
    -0.0003238022249879506,
    -3.167073401154623e-05,
    -2.5759502932306565e-05,
    2.630313496614946e-07,
    -4.5374445249121795e-05,
    -1.3274712205412459e-05,
    0.00016280361472588849,
    2.977158575931167e-05,
    -3.937391471114243e-05,
    2.9127635612642567e-05,
    -0.003293641060830052,
    0.000269442450354644,
    0.0001352614504755737,
    0.0001779063013375392,
    0.000592493429306266,
    0.00012936566071644775,
    0.00010333106343995987,
    0.00019337302829060138,
    7.79955770141247e-05,
    0.0005235944563719631,
    3.098999222332123e-05,
    4.5355080501652506e-05,
    4.3240188875083325e-05,
    0.00026101819754583225,
    3.964865934943304e-05,
    0.00016734290920746294,
    4.704286789915154e-05,
    3.0015656827335495e-05,
    -0.0053342876278138366,
    -0.0014498294734232,
    0.0015246762147235516,
    -0.005210059854856928,
    -0.0028468817375371354,
    -0.0019941726225352957,
    0.0046612402562022604,
    0.003129353390744646,
    -5.089126261922546e-06,
    0.008461904561273137,
    -0.008431964915820404,
    -0.010372729248957074,
    -0.002655903342787255,
    9.472281374348143e-05,
    -0.004853618814597169,
    -0.0027828727640798914,
    0.0036643602782836992,
    -1.7859120860643772e-05,
    4.4206493890322835e-05,
    -0.01226891190811551,
    -0.0031939503069539606,
    -2.490271782168394e-05,
    0.0011817387436743368,
    5.710066571291385e-06,
    2.481642060944426e-05,
    0.0006657609304027272,
    -0.005201669952747792,
    -0.013800498305276795,
    0.0019676793982040335,
    -0.004418113263815297,
    0.0016911417926846316,
    0.0023572584932614856,
    4.7831088283785545e-05,
    0.0018301214017103027,
    0.00281097838402865,
    -7.846588562335949e-06,
    -0.002699249324248118,
    0.006002664768849399,
    0.00015643020059449126,
    0.009595947197143483,
    0.00620592934344754,
    0.018776647022754306
  ],
  "val_sse_masked": 0.0006956373108550906,
  "val_nrmse_masked": 0.07179124653339386,
  "val_mse_masked": 2.3187911210698076e-05,
  "val_r2_masked": 0.9948443174362183,
  "val_sse_full": 0.0006973818526603281,
  "val_nrmse_full": 0.07188120484352112,
  "val_mse_full": 2.3246062482940033e-05,
  "val_r2_full": 0.994831383228302,
  "iteration": 326,
  "p_lo_eff": 0.12967753410339355,
  "p_hi_eff": 1.9451630115509033,
  "f_lo_eff": 0.20659340918064117,
  "f_hi_eff": 1.6527472734451294
}