{
  "tag": "224_db7eac70",
  "lmb1": 8.833214124773055e-05,
  "lmb2": 7.344506220676664e-08,
  "nonzero_count": 40,
  "complexity_norm": 0.3225806451612903,
  "train_gen_window": 0.036353449629287396,
  "generalizability": 0.03176953270582073,
  "equation": "0.095041 E^{0.5} n P^{-0.5} + 9.2044 \\cdot 10^{-5} F dT_{i} - 0.0041492 P^{-1} F dT_{e} - 2.4204 \\cdot 10^{-5} P^{-1} F dT_{i} - 0.00027433 P^{-1} F dn + 9.2288 \\cdot 10^{-5} P dn - 0.022207 T_{e}^{0.5} P^{-1} dn - 0.018441 T_{e}^{0.5} T_{i}^{0.5} F dn + 0.0003661 T_{e}^{0.5} T_{i}^{0.5} P^{-1} dn + 0.00021037 T_{e}^{0.5} T_{i}^{0.5} P dn - 0.00021568 T_{e}^{0.5} dn + 0.00015957 T_{e} P^{-1} dn + 3.0997 \\cdot 10^{-6} T_{e} P dT_{i} - 0.039116 T_{e} dn + 0.0001114 T_{i}^{0.5} F dT_{e} - 0.00022989 T_{i}^{0.5} F dn + 0.00046081 T_{i}^{0.5} P^{-1} dT_{e} - 0.00016761 T_{i}^{0.5} P^{-1} dn + 0.0024887 T_{i}^{0.5} P dn + 4.4273 \\cdot 10^{-6} T_{i} P^{-1} dT_{e} + 0.0022099 T_{i} P^{-1} dn + 0.0091529 T_{i} P dn - 0.020343 n^{-1} F dn + 0.0034669 n^{-1} P^{-1} dn + 0.00021121 n^{-1} T_{e}^{0.5} dn + 0.00018263 n^{-1} T_{e} dn - 1.0528 \\cdot 10^{-5} n^{-1} T_{i} dn + 0.0013782 n^{-1} dn - 0.013864 n E^{0.5} - 0.019818 n E^{0.5} T_{e}^{0.5} P^{-1} + 0.00024364 n E^{0.5} T_{e}^{0.5} T_{i} - 0.017389 n E^{0.5} T_{i}^{0.5} F - 0.0093225 n E^{0.5} T_{i}^{0.5} P + 0.00019826 n E^{0.5} T_{i} + 0.0086419 n E P^{-1} - 0.00018409 n E P + 0.0041005 n E T_{e}^{0.5} + 0.037739 n E T_{e}^{0.5} T_{i}^{0.5} + 0.0024305 n E T_{i}^{0.5} + 0.00027707 n E T_{i}",
  "coefficients": [
    0.08853770652535492,
    0.007934789517116566,
    0.0020652554319502085,
    -0.010353515374266861,
    -1.012033844690536e-05,
    -0.00019780892022073075,
    0.00032410746770214624,
    -5.423306678431038e-06,
    0.00030051004873826227,
    -0.0008581661554391462,
    -1.280920230778037e-05,
    0.0014482260657023413,
    4.405246731779529e-05,
    -6.0818838446157066e-05,
    -2.2923926976848807e-06,
    4.8227766456682136e-05,
    -1.021503796313897e-06,
    -5.174334181785436e-05,
    2.766553258674802e-07,
    -5.210370599071338e-06,
    6.09834969401834e-05,
    2.9931040787727134e-06,
    -1.0877808371400848e-05,
    2.0781079195860983e-05,
    0.0002933561004481474,
    6.7605678650563115e-06,
    2.878396486526361e-05,
    -0.00449363865763839,
    -1.1749940073906583e-05,
    1.975195113931615e-05,
    0.002621686049210979,
    4.3083851187573686e-05,
    0.00013316824452808425,
    0.00010716357254833393,
    3.633131173076043e-05,
    7.671938645848543e-05,
    5.3821755913296305e-05,
    5.397052538971362e-06,
    2.2266500957788266e-06,
    3.25736094535393e-05,
    1.0371382315389206e-06,
    6.449930479090369e-06,
    -3.357097571090971e-05,
    -8.025381345338308e-06,
    -1.5333982877729713e-05,
    -0.0003467485400409731,
    -2.905214989652269e-05,
    0.00010678333774371948,
    -0.00017971544867725886,
    -4.554250695441594e-05,
    -0.0002816116333299408,
    0.0032500735069296294,
    0.003446596671623007,
    -3.5496252746935794e-05,
    0.013695536657917125,
    -0.020017776147347992,
    -0.00014220873522975314,
    -4.790341325085865e-05,
    0.00045175164447046757,
    -9.016186517085705e-05,
    -0.021904545254181534,
    0.00026241899807761355,
    -4.415036858604466e-05,
    0.0001666169002737161,
    -0.024862802990290665,
    -6.181498502883109e-05,
    -2.964808882356815e-05,
    1.9008619629577016e-05,
    -0.007652860390448943,
    3.467485966762636e-06,
    5.273233129598029e-06,
    -0.017278063540099746,
    -0.009669182224656491,
    0.00013913372299037633,
    -0.017541124393622258,
    1.5246959866552997e-05,
    0.00016656469437075383,
    -5.7725357720696076e-05,
    1.8220693188037588e-05,
    0.004125496748756968,
    -8.955053805280836e-06,
    -0.00011182953199200746,
    0.0010140734803005605,
    0.00014402239586263572,
    0.0014388831642050978,
    0.015261006512360958,
    0.04666033341008435
  ],
  "val_sse_masked": 0.0005548404878936708,
  "val_nrmse_masked": 0.06411565840244293,
  "val_mse_masked": 1.849468389991671e-05,
  "val_r2_masked": 0.995887815952301,
  "val_sse_full": 0.0005459204548969865,
  "val_nrmse_full": 0.06359818577766418,
  "val_mse_full": 1.81973500730237e-05,
  "val_r2_full": 0.9959539175033569,
  "iteration": 224,
  "p_lo_eff": 0.12967753410339355,
  "p_hi_eff": 1.9451630115509033,
  "f_lo_eff": 0.20659340918064117,
  "f_hi_eff": 1.6527472734451294
}