{
  "tag": "247_264c5054",
  "lmb1": 4.011860095165292e-07,
  "lmb2": 3.837920455515005e-08,
  "nonzero_count": 84,
  "complexity_norm": 0.6774193548387096,
  "train_gen_window": 0.013453075079743273,
  "generalizability": 0.02632544817120584,
  "equation": "0.18051 E^{0.5} n P^{-0.5} + 0.1034 F dT_{e} + 0.0054414 F dT_{i} + 0.033223 F dn + 0.00076049 P^{-1} F dT_{e} + 5.732 \\cdot 10^{-5} P^{-1} F dT_{i} + 0.0089992 P^{-1} F dn - 0.0033504 P^{-1} dT_{e} - 0.00034481 P F dT_{i} - 0.0025777 P dn - 0.15892 T_{e}^{0.5} F dT_{e} + 0.0016588 T_{e}^{0.5} F dn + 0.0091753 T_{e}^{0.5} P^{-1} dT_{e} - 0.062971 T_{e}^{0.5} P^{-1} dn + 0.029269 T_{e}^{0.5} T_{i}^{0.5} F dT_{e} - 4.2719 \\cdot 10^{-5} T_{e}^{0.5} T_{i}^{0.5} F dT_{i} - 0.054534 T_{e}^{0.5} T_{i}^{0.5} F dn + 7.1729 \\cdot 10^{-5} T_{e}^{0.5} T_{i}^{0.5} P^{-1} dT_{i} + 0.031066 T_{e}^{0.5} T_{i}^{0.5} P^{-1} dn + 0.0025619 T_{e}^{0.5} T_{i}^{0.5} P dT_{e} + 6.3065 \\cdot 10^{-6} T_{e}^{0.5} T_{i}^{0.5} P dT_{i} + 0.006391 T_{e}^{0.5} T_{i}^{0.5} P dn + 4.677 \\cdot 10^{-5} T_{e}^{0.5} T_{i}^{0.5} dT_{i} + 0.2491 T_{e}^{0.5} T_{i}^{0.5} dn - 0.00037536 T_{e}^{0.5} T_{i} dT_{e} - 3.1885 \\cdot 10^{-7} T_{e}^{0.5} T_{i} dT_{i} - 0.19739 T_{e}^{0.5} dn - 0.0022054 T_{e} F dT_{i} - 0.03136 T_{e} F dn + 0.0069282 T_{e} P^{-1} dn + 8.7439 \\cdot 10^{-5} T_{e} P dT_{i} - 0.0087471 T_{e} T_{i}^{0.5} dT_{e} + 0.0012908 T_{e} T_{i} dT_{e} + 7.1854 \\cdot 10^{-8} T_{e} T_{i} dT_{i} - 0.00099729 T_{e} T_{i} dn + 0.0048004 T_{e} dT_{e} - 5.2969 \\cdot 10^{-5} T_{e} dT_{i} + 0.00047993 T_{e} dn + 0.0085259 T_{i}^{0.5} F dT_{e} + 0.0045504 T_{i}^{0.5} F dn + 0.0010122 T_{i}^{0.5} P^{-1} dT_{e} - 7.8218 \\cdot 10^{-5} T_{i}^{0.5} P^{-1} dT_{i} + 0.013641 T_{i}^{0.5} P^{-1} dn - 1.2291 \\cdot 10^{-5} T_{i}^{0.5} P dT_{i} + 0.029455 T_{i}^{0.5} P dn + 0.0033546 T_{i}^{0.5} dT_{e} + 2.2992 \\cdot 10^{-6} T_{i}^{0.5} dT_{i} - 0.010886 T_{i}^{0.5} dn - 0.0065055 T_{i} F dT_{e} - 2.3776 \\cdot 10^{-5} T_{i} F dT_{i} - 0.0081887 T_{i} P^{-1} dn - 0.00045796 T_{i} P dT_{e} - 0.017724 T_{i} P dn - 0.00028229 T_{i} dT_{e} - 0.05748 T_{i} dn - 0.0077149 dT_{e} - 0.00077219 dT_{i} + 0.0046033 n^{-1} F dn + 0.0056503 n^{-1} P^{-1} dn - 0.015903 n^{-1} T_{e}^{0.5} T_{i}^{0.5} dn - 0.0041918 n^{-1} T_{e}^{0.5} dn - 0.0008103 n^{-1} T_{e} dn + 0.014531 n^{-1} T_{i}^{0.5} dn + 0.00094257 n^{-1} T_{i} dn - 0.0045763 n^{-1} dn - 0.29982 n E^{0.5} - 0.064925 n E^{0.5} P^{-1} - 0.0048272 n E^{0.5} T_{e}^{0.5} P^{-1} - 0.0011157 n E^{0.5} T_{e}^{0.5} T_{i}^{0.5} + 0.022741 n E^{0.5} T_{e}^{0.5} T_{i} - 0.045497 n E^{0.5} T_{e} + 0.0018151 n E^{0.5} T_{e} T_{i}^{0.5} + 0.0030168 n E^{0.5} T_{i}^{0.5} - 0.011465 n E^{0.5} T_{i}^{0.5} F + 0.050566 n E^{0.5} T_{i}^{0.5} P^{-1} + 0.019213 n E^{0.5} T_{i}^{0.5} P + 0.18958 n E^{0.5} T_{i} - 0.058002 n E F - 0.027609 n E P^{-1} - 0.010776 n E P + 0.77306 n E T_{e}^{0.5} - 0.53083 n E T_{e}^{0.5} T_{i}^{0.5} - 0.12342 n E T_{i}^{0.5} + 0.034594 n E T_{i}",
  "coefficients": [
    0.08853771883138362,
    0.012931927150263063,
    -0.006857368858878066,
    0.0023428089230370704,
    0.061776998623242076,
    0.017709770453132705,
    -0.006432379767390725,
    -0.07712679582079048,
    -0.0013332920552970333,
    0.002032262081552462,
    -0.046377165032543584,
    0.08561606225786109,
    -0.0053568658760604956,
    -0.03489919445532175,
    0.0008749562269533078,
    -0.005186252484730588,
    -0.01636770715538611,
    0.03978628800415868,
    0.02136862887090068,
    -0.005143294592856486,
    0.0030894389245882045,
    -0.0010149201653368088,
    -0.004625983678361226,
    -0.05272793636445418,
    0.008275370728790716,
    0.00027548068450531987,
    -0.005974280651037522,
    0.0008236291028289947,
    -0.009971408562042951,
    0.038935751535421705,
    0.005758497765645418,
    0.012854333759908177,
    0.010192335370826916,
    6.210615881360737e-05,
    -0.004866245186759961,
    -0.0334770003529646,
    -0.008115500625895927,
    0.01878373734897389,
    -0.06609123845089312,
    0.03980145702792918,
    0.011283679020583498,
    -0.007538544652996709,
    0.006998362718294387,
    -0.04267521921607123,
    0.030495558460776045,
    0.011374932852293771,
    0.03554330526567304,
    -0.002982513470372544,
    0.014625896132931799,
    -0.008629916703584999,
    0.005574122358007685,
    0.0384652887900419,
    -0.012771484142489516,
    -0.054409878649834466,
    -0.026520264541000774,
    -0.056762957147347186,
    -0.13015132035761243,
    0.0017149632578383534,
    0.038333653670720204,
    0.19047159386202966,
    -0.06477606086276472,
    0.007972167979552008,
    6.012671983794812e-05,
    0.007234359437856887,
    0.0003050542652805353,
    -0.03141539113977314,
    -0.0009151372808840113,
    -0.04963954080000301,
    -0.16549726710057522,
    0.047628330191011654,
    0.00186092762941077,
    -0.011391788276512563,
    0.019927339566838228,
    0.13304602742052177,
    -0.0042725559358978305,
    -0.0006653422704137931,
    0.015546930428636975,
    -0.02339568634206787,
    0.0010525747412638117,
    -0.013180302254432058,
    -0.03311251133299944,
    -0.00654615516396688,
    -0.05149426725332451,
    0.017982321875783528,
    0.271274071842115,
    -0.2146607360373912,
    0.08862223477947126
  ],
  "val_sse_masked": 0.0001295651454711333,
  "val_nrmse_masked": 0.030983049422502518,
  "val_mse_masked": 4.31883836427005e-06,
  "val_r2_masked": 0.9990397095680237,
  "val_sse_full": 0.00012932761455886066,
  "val_nrmse_full": 0.030954634770751,
  "val_mse_full": 4.310920758143766e-06,
  "val_r2_full": 0.9990414977073669,
  "iteration": 247,
  "p_lo_eff": 0.12967753410339355,
  "p_hi_eff": 1.9451630115509033,
  "f_lo_eff": 0.20659340918064117,
  "f_hi_eff": 1.6527472734451294
}