{
  "tag": "27_93b2bfee",
  "lmb1": 1e-08,
  "lmb2": 1e-08,
  "nonzero_count": 86,
  "complexity_norm": 0.6935483870967742,
  "train_gen_window": 0.015998934237252054,
  "generalizability": 0.031741382582946044,
  "equation": "0.10416 E^{0.5} n P^{-0.5} + 0.011336 F dT_{e} + 0.0097019 F dT_{i} - 0.088588 F dn - 0.0030102 P^{-1} F dT_{e} - 0.0007942 P^{-1} F dT_{i} + 0.010997 P^{-1} F dn + 0.0063998 P^{-1} dT_{e} - 0.0021104 P F dT_{i} - 0.019352 P dn - 0.074461 T_{e}^{0.5} F dT_{e} + 0.33664 T_{e}^{0.5} F dn + 0.0032542 T_{e}^{0.5} P^{-1} dT_{e} - 0.060372 T_{e}^{0.5} P^{-1} dn + 0.024454 T_{e}^{0.5} T_{i}^{0.5} F dT_{e} - 0.0043234 T_{e}^{0.5} T_{i}^{0.5} F dT_{i} - 0.050832 T_{e}^{0.5} T_{i}^{0.5} F dn + 0.0013572 T_{e}^{0.5} T_{i}^{0.5} P^{-1} dT_{i} + 0.0029274 T_{e}^{0.5} T_{i}^{0.5} P^{-1} dn + 0.00056996 T_{e}^{0.5} T_{i}^{0.5} P dT_{e} + 0.00040836 T_{e}^{0.5} T_{i}^{0.5} P dT_{i} + 0.028298 T_{e}^{0.5} T_{i}^{0.5} P dn + 0.00082895 T_{e}^{0.5} T_{i}^{0.5} dT_{i} + 0.38844 T_{e}^{0.5} T_{i}^{0.5} dn - 0.034347 T_{e}^{0.5} T_{i} dT_{e} + 0.00010254 T_{e}^{0.5} T_{i} dT_{i} - 0.55031 T_{e}^{0.5} T_{i} dn - 0.19745 T_{e}^{0.5} dn + 0.0019412 T_{e} F dT_{i} - 0.25776 T_{e} F dn + 0.019253 T_{e} P^{-1} dn + 0.00095154 T_{e} P dT_{i} - 0.0046804 T_{e} T_{i}^{0.5} dT_{e} + 0.014278 T_{e} T_{i} dT_{e} - 0.00012207 T_{e} T_{i} dT_{i} + 0.21703 T_{e} T_{i} dn + 0.01327 T_{e} dT_{e} - 0.0033354 T_{e} dT_{i} + 0.003755 T_{e} dn + 0.066806 T_{i}^{0.5} F dT_{e} + 0.0087885 T_{i}^{0.5} F dn - 0.0089533 T_{i}^{0.5} P^{-1} dT_{e} - 0.0011718 T_{i}^{0.5} P^{-1} dT_{i} + 0.019696 T_{i}^{0.5} P^{-1} dn - 0.00063475 T_{i}^{0.5} P dT_{i} + 0.039248 T_{i}^{0.5} P dn - 0.0052108 T_{i}^{0.5} dT_{e} + 0.00013939 T_{i}^{0.5} dT_{i} - 0.14244 T_{i}^{0.5} dn - 0.032227 T_{i} F dT_{e} + 0.00010606 T_{i} F dT_{i} + 0.0034465 T_{i} P^{-1} dT_{e} + 0.00098471 T_{i} P^{-1} dn - 0.00024656 T_{i} P dT_{e} - 0.037494 T_{i} P dn + 0.02435 T_{i} dT_{e} + 0.26806 T_{i} dn - 0.013834 dT_{e} + 0.00055965 dT_{i} + 0.016776 n^{-1} F dn + 0.0013851 n^{-1} P^{-1} dn - 0.032449 n^{-1} T_{e}^{0.5} T_{i}^{0.5} dn - 0.060546 n^{-1} T_{e}^{0.5} dn + 0.053641 n^{-1} T_{e} dn + 0.022933 n^{-1} T_{i}^{0.5} dn + 0.0028525 n^{-1} T_{i} dn + 0.0089061 n^{-1} dn - 0.3688 n E^{0.5} - 0.047945 n E^{0.5} P^{-1} - 0.0087606 n E^{0.5} T_{e}^{0.5} P^{-1} - 0.050434 n E^{0.5} T_{e}^{0.5} T_{i}^{0.5} + 0.19989 n E^{0.5} T_{e}^{0.5} T_{i} + 0.015876 n E^{0.5} T_{e} - 0.12218 n E^{0.5} T_{e} T_{i}^{0.5} + 0.2816 n E^{0.5} T_{i}^{0.5} - 0.012002 n E^{0.5} T_{i}^{0.5} F + 0.064751 n E^{0.5} T_{i}^{0.5} P^{-1} + 0.0083311 n E^{0.5} T_{i}^{0.5} P - 0.023504 n E^{0.5} T_{i} - 0.062062 n E F - 0.034704 n E P^{-1} - 0.019376 n E P + 1.0452 n E T_{e}^{0.5} - 0.9507 n E T_{e}^{0.5} T_{i}^{0.5} - 0.12124 n E T_{i}^{0.5} + 0.2011 n E T_{i}",
  "coefficients": [
    0.08853775689082621,
    0.003170200504906878,
    0.013345562390782523,
    0.008537864946248613,
    0.09749558833747288,
    0.0535946218031467,
    -0.09290852679307066,
    -0.15737705127410365,
    0.08826239167393687,
    -0.028158278990666558,
    0.03361173237025944,
    0.15264985722042584,
    -0.03278693646141434,
    -0.5228451435894867,
    0.053043739427245634,
    -0.26783626779550723,
    0.07300913013100074,
    0.7528299067554773,
    0.37873969119261086,
    -0.5205247170036333,
    0.20004866589446155,
    0.32641107954862286,
    -0.29129246792547403,
    0.046413071289538504,
    0.09005517220968073,
    -0.46801128262370895,
    0.011411779561516455,
    -0.0032601466150256886,
    -0.017880138567754195,
    0.004268713512128014,
    -0.050938133998277374,
    -0.019967040372036976,
    0.07986326651041986,
    0.08342333075888939,
    0.41975053576750815,
    -0.16583903881880027,
    -0.004369233340012463,
    0.006662052769028232,
    -0.030967251713072075,
    0.03325442735565301,
    0.002510374653930808,
    -0.6898177213611204,
    0.019345707984011445,
    -0.022834836222296123,
    0.3373215059791461,
    0.013900088456405613,
    -0.0947751723764879,
    -0.02239101745369093,
    0.021118863443666508,
    -0.11291512813496427,
    0.010765767565926815,
    0.0512542045888236,
    0.0015358079340539732,
    0.2537386215302947,
    -0.05610287710771503,
    -0.05442036359505334,
    -0.13018984145312143,
    0.3480347871756826,
    0.0036123007996060608,
    0.2970113880593285,
    -0.06037912303628737,
    0.035299348750031045,
    -0.5095271072822729,
    0.02010423196939584,
    0.0023867093165483855,
    -0.25821570058763815,
    0.1991570393140209,
    -0.036656707192394694,
    -0.20357483755262165,
    0.06098899957315404,
    0.17370248319374423,
    -0.0119257732863636,
    0.00864097022013019,
    -0.016494914530448546,
    -0.0077540737865374465,
    -0.030076903903007518,
    0.13665365241310198,
    0.008164088663997815,
    -0.07085111949889103,
    -0.016567255610205278,
    -0.0354301856807277,
    -0.0117701240357804,
    -0.05058330138329456,
    0.10453563000507766,
    0.3667648692794145,
    -0.38445176972219575,
    0.051136328703451195
  ],
  "val_sse_masked": 0.0001281074364669621,
  "val_nrmse_masked": 0.030808264389634132,
  "val_mse_masked": 4.2702481550804805e-06,
  "val_r2_masked": 0.9990505576133728,
  "val_sse_full": 0.0001281074364669621,
  "val_nrmse_full": 0.030808264389634132,
  "val_mse_full": 4.2702481550804805e-06,
  "val_r2_full": 0.9990505576133728,
  "iteration": 27,
  "p_lo_eff": 0.12967753410339355,
  "p_hi_eff": 1.9451630115509033,
  "f_lo_eff": 0.20659340918064117,
  "f_hi_eff": 1.6527472734451294
}