{
  "tag": "368_75626515",
  "lmb1": 0.0010812626885711432,
  "lmb2": 0.0011038563532377327,
  "nonzero_count": 16,
  "complexity_norm": 0.12903225806451613,
  "train_gen_window": 0.07312035021110795,
  "generalizability": 0.07326427261656668,
  "equation": "0.058533 E^{0.5} n P^{-0.5} - 0.0038697 P^{-1} F dT_{e} - 6.414 \\cdot 10^{-5} P^{-1} F dT_{i} - 0.0030554 P^{-1} F dn + 0.00011142 P dn - 0.00038533 T_{e}^{0.5} T_{i}^{0.5} F dn - 0.01547 T_{e}^{0.5} T_{i}^{0.5} dn - 0.040526 T_{e} dn - 0.0098272 T_{i}^{0.5} P^{-1} dn + 0.0029282 T_{i} P dn + 0.00033975 n^{-1} P^{-1} dn + 0.0055505 n E^{0.5} T_{e}^{0.5} T_{i} - 0.018615 n E^{0.5} T_{i}^{0.5} P + 0.00088756 n E^{0.5} T_{i} + 0.033327 n E T_{e}^{0.5} T_{i}^{0.5} + 0.0022623 n E T_{i}^{0.5}",
  "coefficients": [
    0.08853770424864182,
    0.00077759929420429,
    4.341446292833789e-05,
    -4.932620522348731e-06,
    4.9812814311367614e-05,
    1.9169373617918063e-05,
    1.4806872974042528e-05,
    1.7374946282521322e-05,
    7.686570670303062e-06,
    -0.0022740632340977414,
    -4.492005386147914e-06,
    -1.1773948275343667e-07,
    -3.191609926596971e-06,
    -4.047154825205343e-06,
    -5.42663260415501e-06,
    -9.238893307953737e-06,
    -4.021557113309537e-06,
    -3.8123438504836765e-06,
    -4.986873949563421e-06,
    -3.1153255593158583e-06,
    -8.530908353404143e-06,
    -4.951632663133927e-06,
    -3.6725263134318268e-06,
    -1.1946269582086184e-06,
    -8.336055220543493e-06,
    -4.6889432437530084e-06,
    -2.5221737987251316e-06,
    -0.004190983267380995,
    -6.47072677152255e-08,
    9.654649115515021e-08,
    -4.4310783403938013e-07,
    1.0526836028577514e-06,
    3.6406402387367814e-07,
    8.236494371991655e-07,
    2.5695331337654734e-06,
    1.2556801385196522e-06,
    2.6726878802088503e-06,
    -2.636329024806896e-06,
    9.022261644738193e-09,
    4.174250285330266e-07,
    9.552647519034904e-07,
    2.846952645769422e-06,
    6.096762512668215e-07,
    1.6724678096390259e-06,
    3.0886513169730407e-06,
    -0.003862070932109788,
    -8.035885175111303e-06,
    0.00012892492552840317,
    -0.010537063001907076,
    -3.9319408895684416e-05,
    -7.700045717425122e-05,
    5.727782662677842e-05,
    -2.1722523883780253e-06,
    -9.607894730430172e-06,
    0.004381528504474416,
    -1.4860808529878689e-05,
    -8.884768975916784e-05,
    -1.1989948117168067e-05,
    -2.8518743020880647e-06,
    -0.011828972356941844,
    -0.0004577018151229465,
    1.5138739652891842e-05,
    -1.2359753586639025e-05,
    -1.3959047808272349e-06,
    -0.025759117048586404,
    -1.906408140772244e-05,
    -1.0993386691751493e-05,
    2.8117612383285346e-07,
    1.8268856125607264e-06,
    1.4546248184710639e-06,
    8.071460001907228e-06,
    1.6115172721999173e-06,
    -0.01930757832010821,
    0.0006228790190538283,
    -2.898641943708039e-06,
    9.947258791557203e-06,
    0.003794613473038771,
    2.124342369668623e-06,
    9.955845062296875e-06,
    6.6531785494887356e-06,
    3.642294539833004e-06,
    -1.5894021120019325e-05,
    0.0009439124066365532,
    1.0195527829250442e-05,
    3.3045692914195334e-05,
    0.013477091828624482,
    0.028736524776640092
  ],
  "val_sse_masked": 0.0012432897929102182,
  "val_nrmse_masked": 0.09597679227590561,
  "val_mse_masked": 4.144299600739032e-05,
  "val_r2_masked": 0.9907853603363037,
  "val_sse_full": 0.0011910125613212585,
  "val_nrmse_full": 0.09393733739852905,
  "val_mse_full": 3.9700422348687425e-05,
  "val_r2_full": 0.9911728501319885,
  "iteration": 368,
  "p_lo_eff": 0.12967753410339355,
  "p_hi_eff": 1.9451630115509033,
  "f_lo_eff": 0.20659340918064117,
  "f_hi_eff": 1.6527472734451294
}