{
  "tag": "385_345be8ad",
  "lmb1": 9.035607113516616e-06,
  "lmb2": 4.6300114372497997e-07,
  "nonzero_count": 79,
  "complexity_norm": 0.6370967741935484,
  "train_gen_window": 0.02646445111659746,
  "generalizability": 0.028161443636976053,
  "equation": "0.11754 E^{0.5} n P^{-0.5} + 0.0016895 F dT_{i} - 0.00081306 F dn - 0.0009111 P^{-1} F dT_{e} + 5.9036 \\cdot 10^{-5} P^{-1} F dT_{i} + 0.00022252 P^{-1} dT_{e} + 1.2671 \\cdot 10^{-5} P F dT_{i} - 0.00094384 P dn - 0.0042177 T_{e}^{0.5} F dT_{e} - 0.0020548 T_{e}^{0.5} F dn + 0.00010949 T_{e}^{0.5} P^{-1} dT_{e} - 0.053631 T_{e}^{0.5} P^{-1} dn + 0.0021737 T_{e}^{0.5} T_{i}^{0.5} F dT_{e} - 3.7603 \\cdot 10^{-6} T_{e}^{0.5} T_{i}^{0.5} F dT_{i} - 0.010953 T_{e}^{0.5} T_{i}^{0.5} F dn - 1.233 \\cdot 10^{-6} T_{e}^{0.5} T_{i}^{0.5} P^{-1} dT_{i} + 0.019128 T_{e}^{0.5} T_{i}^{0.5} P^{-1} dn + 0.00073579 T_{e}^{0.5} T_{i}^{0.5} P dT_{e} + 2.4488 \\cdot 10^{-6} T_{e}^{0.5} T_{i}^{0.5} P dT_{i} + 0.001768 T_{e}^{0.5} T_{i}^{0.5} P dn + 0.00033458 T_{e}^{0.5} T_{i}^{0.5} dn - 0.00011206 T_{e}^{0.5} T_{i} dT_{e} - 6.1279 \\cdot 10^{-8} T_{e}^{0.5} T_{i} dT_{i} + 0.0015458 T_{e}^{0.5} T_{i} dn - 0.056934 T_{e}^{0.5} dn - 1.9507 \\cdot 10^{-5} T_{e} F dT_{i} - 0.0050825 T_{e} F dn + 0.024459 T_{e} P^{-1} dn + 2.5101 \\cdot 10^{-5} T_{e} P dT_{i} - 0.00030238 T_{e} T_{i}^{0.5} dT_{e} - 9.1134 \\cdot 10^{-5} T_{e} T_{i} dT_{e} + 0.0082622 T_{e} T_{i} dn - 0.003977 T_{e} dT_{e} - 0.00031657 T_{e} dT_{i} - 0.0085775 T_{e} dn + 0.0014656 T_{i}^{0.5} F dT_{e} - 0.0015381 T_{i}^{0.5} F dn + 0.001456 T_{i}^{0.5} P^{-1} dT_{e} - 4.1008 \\cdot 10^{-6} T_{i}^{0.5} P^{-1} dT_{i} - 0.0019559 T_{i}^{0.5} P^{-1} dn + 1.3446 \\cdot 10^{-6} T_{i}^{0.5} P dT_{i} + 0.00039333 T_{i}^{0.5} P dn - 0.00011188 T_{i}^{0.5} dT_{e} - 4.9273 \\cdot 10^{-7} T_{i}^{0.5} dT_{i} + 0.00020702 T_{i}^{0.5} dn + 6.6819 \\cdot 10^{-5} T_{i} F dT_{e} - 8.5201 \\cdot 10^{-7} T_{i} F dT_{i} + 1.9477 \\cdot 10^{-5} T_{i} P dT_{e} + 0.011919 T_{i} P dn - 0.00010752 T_{i} dT_{e} + 0.0010716 T_{i} dn - 6.4038 \\cdot 10^{-5} dT_{i} - 0.0010441 n^{-1} F dn + 0.0033478 n^{-1} P^{-1} dn - 0.00040536 n^{-1} T_{e}^{0.5} T_{i}^{0.5} dn - 0.00047274 n^{-1} T_{e}^{0.5} dn - 0.00049665 n^{-1} T_{e} dn - 7.869 \\cdot 10^{-5} n^{-1} T_{i}^{0.5} dn - 0.0005582 n^{-1} T_{i} dn - 7.0795 \\cdot 10^{-5} n^{-1} dn - 0.12442 n E^{0.5} - 0.0010386 n E^{0.5} P^{-1} - 0.025081 n E^{0.5} T_{e}^{0.5} P^{-1} + 0.00091969 n E^{0.5} T_{e}^{0.5} T_{i}^{0.5} + 0.067766 n E^{0.5} T_{e}^{0.5} T_{i} - 0.00021894 n E^{0.5} T_{e} + 0.0031795 n E^{0.5} T_{e} T_{i}^{0.5} + 0.00041057 n E^{0.5} T_{i}^{0.5} - 0.023729 n E^{0.5} T_{i}^{0.5} F + 0.0055224 n E^{0.5} T_{i}^{0.5} P^{-1} + 0.0043724 n E^{0.5} T_{i}^{0.5} P + 0.017352 n E^{0.5} T_{i} - 0.00064922 n E F + 0.017477 n E P^{-1} - 0.0010191 n E P + 0.058076 n E T_{e}^{0.5} - 0.0012846 n E T_{e}^{0.5} T_{i}^{0.5} - 0.00064429 n E T_{i}^{0.5} - 0.041028 n E T_{i}",
  "coefficients": [
    0.08853771210091693,
    0.007662124796167881,
    -0.00010608393820603433,
    -0.0005314054939473266,
    -0.00033454145476648277,
    -0.01048784900580869,
    -0.0007254284628857965,
    -0.001965958749936524,
    -0.0008171974710023725,
    0.002093115126128109,
    -0.003846075927320697,
    0.026582150860900475,
    0.0001968531312091105,
    -0.0018296756934105874,
    -0.0001875059325198382,
    0.0005673733571421027,
    -0.0005865280509970416,
    -0.0006839095006143136,
    -5.346666503965779e-05,
    -0.00045273083636720296,
    0.0011996187856250125,
    -0.0001950591759643803,
    -0.027647624057880786,
    -0.00046639743281680194,
    0.002375579392754513,
    -7.239709792198083e-06,
    0.0003967876778344198,
    -0.0009867412772739228,
    -3.5682792645049086e-05,
    -4.733106379621718e-05,
    0.008283544016821522,
    -0.0004286952154157496,
    0.0017520750046084018,
    9.389562563613297e-05,
    -0.0018534590141608036,
    0.00034384764470411983,
    0.00034515151836882196,
    0.00022414977787458515,
    -0.0017540659822605053,
    0.0029560011241762975,
    0.003240756753513421,
    -0.0022505219193450802,
    -0.0057980298609515615,
    -0.0014752453581635956,
    -0.0021531355772689766,
    7.623142991768756e-05,
    -0.0008698427565143426,
    -0.0010920859081805497,
    -0.0020971728630736312,
    0.00016411079989416764,
    -0.0018841361464964367,
    0.0005136559392926248,
    -5.82272926842901e-06,
    0.0010143407251076773,
    0.017834301442074537,
    -0.04834414889647649,
    -0.03754030227114701,
    -0.0021243439472069785,
    0.02360258095459969,
    0.0002558323868485497,
    -0.013009723777216979,
    0.002205467418931863,
    0.0014312646479469698,
    0.025539441512234223,
    -0.005452017243730654,
    -0.0050914407519692916,
    0.007581586742026433,
    -0.00079405342658851,
    -0.06867706199907461,
    0.005201581375631938,
    0.000253259624717843,
    -0.023577666324804746,
    0.0045350186725823995,
    0.012177685797313691,
    -0.022199286394924314,
    0.0005484749016728413,
    0.04632873855676666,
    -0.00011258205819716292,
    0.0018437498734670853,
    0.008343083591100925,
    -0.00037063028182069573,
    -0.0006190701271607718,
    -0.0002688169813541755,
    -0.021326709655962645,
    0.02037922881168094,
    -0.0005194927123538385,
    0.057704990982768885
  ],
  "val_sse_masked": 0.00024365489662159234,
  "val_nrmse_masked": 0.042488131672143936,
  "val_mse_masked": 8.121830433083232e-06,
  "val_r2_masked": 0.99819415807724,
  "val_sse_full": 0.00024200697953347117,
  "val_nrmse_full": 0.04234420880675316,
  "val_mse_full": 8.066899681580253e-06,
  "val_r2_full": 0.998206377029419,
  "iteration": 385,
  "p_lo_eff": 0.12967753410339355,
  "p_hi_eff": 1.9451630115509033,
  "f_lo_eff": 0.20659340918064117,
  "f_hi_eff": 1.6527472734451294
}