{
  "tag": "119_a6af399f",
  "lmb1": 6.273918716584407e-08,
  "lmb2": 0.0005134861522550548,
  "nonzero_count": 86,
  "complexity_norm": 0.6935483870967742,
  "train_gen_window": 0.025131882031003493,
  "generalizability": 0.03152238638870233,
  "equation": "0.070797 E^{0.5} n P^{-0.5} - 0.002353 F dT_{e} + 0.0016669 F dT_{i} - 0.0010896 F dn - 0.0035471 P^{-1} F dT_{e} + 2.0263 \\cdot 10^{-5} P^{-1} F dT_{i} + 0.00063322 P^{-1} F dn + 0.0012303 P^{-1} dT_{e} - 0.00036884 P F dT_{i} - 0.0054592 P dn - 0.016324 T_{e}^{0.5} F dT_{e} - 0.0055756 T_{e}^{0.5} F dn + 0.0023012 T_{e}^{0.5} P^{-1} dT_{e} - 0.029759 T_{e}^{0.5} P^{-1} dn + 0.0046933 T_{e}^{0.5} T_{i}^{0.5} F dT_{e} - 3.0234 \\cdot 10^{-5} T_{e}^{0.5} T_{i}^{0.5} F dT_{i} - 0.009611 T_{e}^{0.5} T_{i}^{0.5} F dn - 1.0682 \\cdot 10^{-5} T_{e}^{0.5} T_{i}^{0.5} P^{-1} dT_{i} + 0.014471 T_{e}^{0.5} T_{i}^{0.5} P^{-1} dn + 0.0014386 T_{e}^{0.5} T_{i}^{0.5} P dT_{e} + 5.2262 \\cdot 10^{-6} T_{e}^{0.5} T_{i}^{0.5} P dT_{i} + 0.0059668 T_{e}^{0.5} T_{i}^{0.5} P dn - 3.8245 \\cdot 10^{-6} T_{e}^{0.5} T_{i}^{0.5} dT_{i} - 0.0032544 T_{e}^{0.5} T_{i}^{0.5} dn - 0.00023769 T_{e}^{0.5} T_{i} dT_{e} + 4.1489 \\cdot 10^{-7} T_{e}^{0.5} T_{i} dT_{i} + 0.0044094 T_{e}^{0.5} T_{i} dn - 0.018537 T_{e}^{0.5} dn + 0.00011765 T_{e} F dT_{i} - 0.0085055 T_{e} F dn + 0.017718 T_{e} P^{-1} dn + 2.6834 \\cdot 10^{-5} T_{e} P dT_{i} - 0.00061229 T_{e} T_{i}^{0.5} dT_{e} - 0.00015304 T_{e} T_{i} dT_{e} + 9.763 \\cdot 10^{-7} T_{e} T_{i} dT_{i} + 0.0060939 T_{e} T_{i} dn - 0.0035298 T_{e} dT_{e} - 0.00011974 T_{e} dT_{i} - 0.025267 T_{e} dn + 0.0029718 T_{i}^{0.5} F dT_{e} - 0.0067113 T_{i}^{0.5} F dn + 0.0015442 T_{i}^{0.5} P^{-1} dT_{e} - 1.4239 \\cdot 10^{-5} T_{i}^{0.5} P^{-1} dT_{i} - 0.021498 T_{i}^{0.5} P^{-1} dn - 1.5619 \\cdot 10^{-6} T_{i}^{0.5} P dT_{i} + 0.0041616 T_{i}^{0.5} P dn - 0.0014675 T_{i}^{0.5} dT_{e} - 9.3865 \\cdot 10^{-6} T_{i}^{0.5} dT_{i} + 0.00023281 T_{i}^{0.5} dn + 0.00029157 T_{i} F dT_{e} + 1.9784 \\cdot 10^{-6} T_{i} F dT_{i} + 5.951 \\cdot 10^{-5} T_{i} P^{-1} dT_{e} + 0.0066317 T_{i} P^{-1} dn + 0.00026119 T_{i} P dT_{e} + 0.0079204 T_{i} P dn - 0.00034276 T_{i} dT_{e} + 0.0052395 T_{i} dn + 0.00083263 dT_{e} - 0.00014354 dT_{i} - 0.021282 n^{-1} F dn + 0.0052784 n^{-1} P^{-1} dn - 0.00046067 n^{-1} T_{e}^{0.5} T_{i}^{0.5} dn - 0.00033975 n^{-1} T_{e}^{0.5} dn + 0.00040401 n^{-1} T_{e} dn + 0.00039833 n^{-1} T_{i}^{0.5} dn - 0.00051169 n^{-1} T_{i} dn + 0.00085487 n^{-1} dn - 0.047435 n E^{0.5} + 0.012449 n E^{0.5} P^{-1} - 0.024953 n E^{0.5} T_{e}^{0.5} P^{-1} + 0.0079116 n E^{0.5} T_{e}^{0.5} T_{i}^{0.5} + 0.020548 n E^{0.5} T_{e}^{0.5} T_{i} - 0.016097 n E^{0.5} T_{e} + 0.016638 n E^{0.5} T_{e} T_{i}^{0.5} - 0.0034947 n E^{0.5} T_{i}^{0.5} - 0.020692 n E^{0.5} T_{i}^{0.5} F + 0.0069922 n E^{0.5} T_{i}^{0.5} P^{-1} - 0.0022891 n E^{0.5} T_{i}^{0.5} P + 0.01591 n E^{0.5} T_{i} - 0.014807 n E F + 0.015462 n E P^{-1} - 0.0040706 n E P + 0.044975 n E T_{e}^{0.5} + 0.0067794 n E T_{e}^{0.5} T_{i}^{0.5} + 0.0064488 n E T_{i}^{0.5} - 0.010247 n E T_{i}",
  "coefficients": [
    0.08853770782095771,
    0.012080791054640858,
    0.0012809898818771925,
    -0.010831492878680626,
    0.0016934411255208198,
    -0.009613971206633092,
    -0.0005213524931103747,
    -0.002234199072960949,
    0.0006647626466282086,
    0.0007184092863200264,
    -0.008621068258355027,
    0.02622754063798098,
    -0.005730219624400679,
    -0.006353108137285998,
    -0.003571993162770584,
    -0.0006590597463414782,
    0.0013619422381858232,
    -0.005925060468964433,
    -0.0017473724342734476,
    -0.0036401161376162228,
    0.002560192101941805,
    0.0013206352484799178,
    -0.01045735823705407,
    0.002812857766956209,
    0.002539566993860022,
    0.0037430439760682277,
    0.0021938680367104557,
    -0.0038415675265305593,
    0.0010761633357001463,
    -0.0008860663019194803,
    0.008785346343169936,
    -0.005623312138812869,
    0.00355260250526053,
    0.0014404279648112459,
    -0.005908646702461787,
    0.0015004220037952432,
    0.004628457118835253,
    0.004711074110607394,
    -0.006789049866514643,
    0.006382308020040389,
    0.0063364485128497225,
    -0.0047736107322721155,
    -0.005145964411483461,
    -0.0029872567930441657,
    -0.003615623763564002,
    0.000800385757824755,
    -0.001165728370815508,
    -0.006316609701779351,
    -0.023051422079107875,
    0.00018456021290394475,
    -0.008221306036674467,
    0.005434759252398336,
    0.010343175601508658,
    0.004959638104212377,
    0.011851453021321776,
    -0.026825159159896875,
    -0.012222689780640048,
    -0.005764270390154133,
    0.01785679599037887,
    -0.0024883757859268385,
    -0.01141609173360146,
    0.007443081922152414,
    0.004082637204428349,
    0.018501060823381987,
    -0.016060317415454786,
    -0.008520459830338084,
    0.00559195519884409,
    0.009517894060337151,
    -0.026183662819568992,
    0.006585969835328359,
    -0.0021557128185204777,
    -0.02056026646847471,
    -0.002374243673321369,
    0.01116580446494675,
    -0.022085942367696343,
    0.004718227297771216,
    0.01404746292863436,
    -0.008277288342428482,
    0.009648442828135803,
    0.007381384002615954,
    -0.0084533519787265,
    -0.0024727112782138433,
    0.0026906479552532697,
    -0.005326508958479165,
    0.015782118635278147,
    0.0027414857993685454,
    0.03475776014694082
  ],
  "val_sse_masked": 0.0003234590985812247,
  "val_nrmse_masked": 0.04895417392253876,
  "val_mse_masked": 1.078197055903729e-05,
  "val_r2_masked": 0.9976027011871338,
  "val_sse_full": 0.0003234590985812247,
  "val_nrmse_full": 0.04895417392253876,
  "val_mse_full": 1.078197055903729e-05,
  "val_r2_full": 0.9976027011871338,
  "iteration": 119,
  "p_lo_eff": 0.12967753410339355,
  "p_hi_eff": 1.9451630115509033,
  "f_lo_eff": 0.20659340918064117,
  "f_hi_eff": 1.6527472734451294
}