{
  "tag": "318_035d3ef4",
  "lmb1": 0.00011496687545687935,
  "lmb2": 4.2520258237756194e-07,
  "nonzero_count": 33,
  "complexity_norm": 0.2661290322580645,
  "train_gen_window": 0.039710614974977666,
  "generalizability": 0.036247463662975585,
  "equation": "0.076836 E^{0.5} n P^{-0.5} + 0.00011975 F dT_{i} - 0.0041638 P^{-1} F dT_{e} - 5.0729 \\cdot 10^{-5} P^{-1} F dT_{i} - 0.0014283 P^{-1} F dn + 0.00012866 P dn - 0.021155 T_{e}^{0.5} P^{-1} dn - 0.013023 T_{e}^{0.5} T_{i}^{0.5} F dn + 0.0001293 T_{e}^{0.5} T_{i}^{0.5} P dn - 0.00016202 T_{e}^{0.5} dn - 0.042035 T_{e} dn + 0.0002245 T_{i}^{0.5} F dT_{e} - 0.00019736 T_{i}^{0.5} F dn + 0.00031463 T_{i}^{0.5} P^{-1} dT_{e} - 9.6546 \\cdot 10^{-5} T_{i}^{0.5} P^{-1} dn + 0.00059528 T_{i}^{0.5} P dn + 3.6239 \\cdot 10^{-5} T_{i}^{0.5} dT_{e} + 1.953 \\cdot 10^{-5} T_{i} F dT_{e} + 6.9586 \\cdot 10^{-6} T_{i} P^{-1} dT_{e} + 0.0014106 T_{i} P^{-1} dn + 0.009199 T_{i} P dn - 0.018008 n^{-1} F dn + 0.0030451 n^{-1} P^{-1} dn + 7.4949 \\cdot 10^{-5} n^{-1} T_{e}^{0.5} dn + 0.0016206 n^{-1} dn - 0.0002619 n E^{0.5} - 0.015042 n E^{0.5} T_{e}^{0.5} P^{-1} - 0.012277 n E^{0.5} T_{i}^{0.5} F - 0.01549 n E^{0.5} T_{i}^{0.5} P + 0.0029993 n E P^{-1} + 0.0027428 n E T_{e}^{0.5} + 0.047613 n E T_{e}^{0.5} T_{i}^{0.5} + 0.0024479 n E T_{i}^{0.5}",
  "coefficients": [
    0.08853770576596764,
    0.006969371061953335,
    0.002428413867628147,
    -0.009164856154492614,
    9.569769811502591e-08,
    -3.343703854473802e-05,
    0.00011500939566831723,
    8.702043336668217e-07,
    7.540852596643561e-05,
    -0.0017986074215341822,
    -2.790286213765645e-06,
    0.001884185876208091,
    2.9887140210101674e-05,
    -6.251366480880195e-05,
    -2.0671272544688396e-06,
    3.648421325153524e-05,
    -8.948965789442279e-06,
    -5.870844697293465e-05,
    -1.5645014390964396e-06,
    -8.399183160791664e-06,
    4.3032799833875134e-05,
    -2.7634294682072912e-06,
    -3.0779960043927017e-06,
    1.82649590326405e-05,
    6.789332434231293e-05,
    -1.9455375848824248e-06,
    2.791748119676495e-05,
    -0.004509530040643871,
    1.944125559871772e-05,
    5.391484077311241e-05,
    0.0017900326331354633,
    0.00013886363073891775,
    0.00026837434272892146,
    0.00016843295039571928,
    4.6326452903868966e-05,
    0.00010050138625040687,
    2.9974414175513677e-05,
    1.1305613843323974e-05,
    2.3387466879129353e-05,
    4.8253619433920525e-05,
    1.2376303534999488e-05,
    1.751139943640146e-05,
    8.559108841613359e-06,
    1.5353866660461817e-05,
    4.3916663268482364e-06,
    -0.0018053510774943215,
    -2.4840858639970552e-05,
    0.00014886382157314445,
    -0.00010352078673809146,
    -3.606132482726759e-05,
    -0.00024175971196635908,
    0.000777382428342832,
    0.0021999909066632477,
    -2.201062688495591e-05,
    0.013764545291154645,
    -0.019069776206344542,
    -0.00010683209025437253,
    -3.9961756347343716e-05,
    9.37662045660413e-05,
    -7.827125071915171e-05,
    -0.015468865186414193,
    0.00016128524455712035,
    -2.7919875508843525e-05,
    5.056425093471216e-05,
    -0.026718335117557602,
    -5.163829184793807e-05,
    -1.9369082002787627e-05,
    1.1972484794425683e-05,
    -0.00014456572939687705,
    1.8460953362305742e-06,
    4.888232515492935e-06,
    -0.01219841714309344,
    -0.016065682848627975,
    7.731917442695165e-05,
    -0.013313768002386074,
    1.1626516064840465e-05,
    7.966871762300038e-05,
    -3.4812267852694714e-05,
    1.320056583165781e-05,
    0.001431831821308953,
    -4.675206755746738e-06,
    -6.520438940334745e-05,
    0.0010213643783016661,
    6.986969247274629e-05,
    0.0009624815827517991,
    0.01925391584798891,
    0.03772281341869087
  ],
  "val_sse_masked": 0.0006188742117956281,
  "val_nrmse_masked": 0.06771443784236908,
  "val_mse_masked": 2.0629142454708926e-05,
  "val_r2_masked": 0.9954132437705994,
  "val_sse_full": 0.000606391578912735,
  "val_nrmse_full": 0.06702806055545807,
  "val_mse_full": 2.0213054085616022e-05,
  "val_r2_full": 0.9955057501792908,
  "iteration": 318,
  "p_lo_eff": 0.12967753410339355,
  "p_hi_eff": 1.9451630115509033,
  "f_lo_eff": 0.20659340918064117,
  "f_hi_eff": 1.6527472734451294
}