{
  "tag": "404_94ae6d25",
  "lmb1": 0.0003688425932682046,
  "lmb2": 2.541624771050788e-06,
  "nonzero_count": 24,
  "complexity_norm": 0.1935483870967742,
  "train_gen_window": 0.051699516697189266,
  "generalizability": 0.04956724190693344,
  "equation": "0.053247 E^{0.5} n P^{-0.5} + 1.0327 \\cdot 10^{-5} F dT_{i} - 0.0038767 P^{-1} F dT_{e} - 5.9793 \\cdot 10^{-5} P^{-1} F dT_{i} - 0.0031813 P^{-1} F dn + 0.00064841 P dn + 0.00010448 T_{e}^{0.5} T_{i}^{0.5} P dn - 0.00030669 T_{e}^{0.5} T_{i}^{0.5} dn + 3.1797 \\cdot 10^{-5} T_{e} T_{i}^{0.5} dT_{e} - 0.072069 T_{e} dn - 0.008864 T_{i}^{0.5} P^{-1} dn + 0.0014074 T_{i}^{0.5} P dn + 2.7578 \\cdot 10^{-5} T_{i}^{0.5} dT_{e} + 0.0071421 T_{i} P dn - 0.0032871 n^{-1} F dn + 0.0010365 n^{-1} P^{-1} dn + 0.0001022 n^{-1} dn - 0.0023061 n E^{0.5} T_{e}^{0.5} P^{-1} + 0.0011465 n E^{0.5} T_{e}^{0.5} T_{i} - 0.020878 n E^{0.5} T_{i}^{0.5} P + 0.00087641 n E^{0.5} T_{i} + 0.053312 n E T_{e}^{0.5} T_{i}^{0.5} + 0.00048721 n E T_{i}^{0.5} + 0.0002014 n E T_{i}",
  "coefficients": [
    0.08853770248106158,
    0.002372262871021921,
    0.00015314558564155336,
    -0.001672964865972719,
    7.31503948549206e-07,
    -4.709447619252849e-06,
    9.075757367244197e-06,
    -2.598664595316358e-06,
    1.8891954342626029e-06,
    -0.002119940144241368,
    5.203405477277952e-06,
    0.0001624834487467719,
    1.1137142622744302e-05,
    -1.9565245937625867e-06,
    1.931601171721271e-06,
    3.731129414677998e-06,
    -7.804505877790094e-07,
    -1.791137788810275e-06,
    2.1993779468099912e-06,
    1.6031584961919186e-06,
    4.3614457856394165e-06,
    1.5752738994728598e-07,
    7.451648739469048e-06,
    1.6585948615347943e-05,
    8.24147850685003e-06,
    2.244213423771639e-07,
    3.2843308075695345e-06,
    -0.004198546851509483,
    1.3085057213079324e-05,
    2.3327539171979262e-05,
    2.355424230705895e-05,
    0.00010567401622967813,
    4.9617544286154175e-05,
    6.429206750821787e-05,
    4.134818237011915e-05,
    5.3762702589916975e-05,
    1.0641062826130595e-05,
    2.4297735468253764e-06,
    2.1493056310807948e-05,
    4.1067595637263645e-05,
    1.5015231659537806e-05,
    3.4604483561514516e-05,
    6.327051405460527e-05,
    0.0001551313740987146,
    2.8620858705003578e-05,
    -0.004021172931653811,
    -5.947429182792539e-06,
    0.0007502509295617463,
    -0.009504323179584348,
    -3.731131636605113e-05,
    -1.6131901714072766e-05,
    0.0018379615414928954,
    -1.286668558975075e-07,
    -3.533829152750483e-05,
    0.01068680119752745,
    -6.508440439462224e-06,
    -5.367516148902037e-05,
    -7.921519396171337e-06,
    -1.6356078910569613e-06,
    -0.00023450521040066158,
    -2.1059746948643e-05,
    0.00013033486913255842,
    -7.696195952534538e-05,
    1.1658929268626481e-07,
    -0.04580799212037119,
    -9.29500308372859e-06,
    -9.649529088350625e-05,
    -2.1442761890382553e-06,
    5.300346439485062e-07,
    1.0359916432151152e-06,
    1.4039100976268632e-05,
    -5.313255739603137e-06,
    -0.02165444068886995,
    0.0006150592542060449,
    -0.0020411609569426794,
    1.6869916357141308e-05,
    0.0007838283662266365,
    8.937769108595692e-07,
    1.479482534281808e-05,
    1.5398733904386194e-05,
    4.5663212551164555e-07,
    -7.685475773840218e-05,
    0.00020328038017712637,
    0.00010468881605877203,
    5.858246358774715e-05,
    0.02155871153128862,
    0.026141800055664063
  ],
  "val_sse_masked": 0.00077966193202883,
  "val_nrmse_masked": 0.07600343227386475,
  "val_mse_masked": 2.5988732886617072e-05,
  "val_r2_masked": 0.994221568107605,
  "val_sse_full": 0.0007648890605196357,
  "val_nrmse_full": 0.07527994364500046,
  "val_mse_full": 2.5496303351246752e-05,
  "val_r2_full": 0.9943310618400574,
  "iteration": 404,
  "p_lo_eff": 0.12967753410339355,
  "p_hi_eff": 1.9451630115509033,
  "f_lo_eff": 0.20659340918064117,
  "f_hi_eff": 1.6527472734451294
}