{
  "tag": "243_281fd8e6",
  "lmb1": 5.827329450918506e-07,
  "lmb2": 2.0862067958264062e-06,
  "nonzero_count": 85,
  "complexity_norm": 0.6854838709677419,
  "train_gen_window": 0.013622368451205208,
  "generalizability": 0.02028826445112272,
  "equation": "0.17857 E^{0.5} n P^{-0.5} + 0.068529 F dT_{e} + 0.0050652 F dT_{i} + 0.014875 F dn + 0.0015096 P^{-1} F dT_{e} + 9.4235 \\cdot 10^{-5} P^{-1} F dT_{i} + 0.0073326 P^{-1} F dn + 0.00074323 P^{-1} dT_{e} - 0.00012222 P F dT_{i} - 0.010743 P dn - 0.13137 T_{e}^{0.5} F dT_{e} + 0.0021834 T_{e}^{0.5} F dn + 0.0055213 T_{e}^{0.5} P^{-1} dT_{e} - 0.06885 T_{e}^{0.5} P^{-1} dn + 0.021063 T_{e}^{0.5} T_{i}^{0.5} F dT_{e} - 2.7829 \\cdot 10^{-5} T_{e}^{0.5} T_{i}^{0.5} F dT_{i} - 0.0433 T_{e}^{0.5} T_{i}^{0.5} F dn + 4.8217 \\cdot 10^{-5} T_{e}^{0.5} T_{i}^{0.5} P^{-1} dT_{i} + 0.045075 T_{e}^{0.5} T_{i}^{0.5} P^{-1} dn + 0.0024684 T_{e}^{0.5} T_{i}^{0.5} P dT_{e} + 9.3717 \\cdot 10^{-6} T_{e}^{0.5} T_{i}^{0.5} P dT_{i} + 0.022841 T_{e}^{0.5} T_{i}^{0.5} P dn + 4.2721 \\cdot 10^{-5} T_{e}^{0.5} T_{i}^{0.5} dT_{i} + 0.12416 T_{e}^{0.5} T_{i}^{0.5} dn - 0.00011801 T_{e}^{0.5} T_{i} dT_{e} - 1.6873 \\cdot 10^{-6} T_{e}^{0.5} T_{i} dT_{i} + 0.003666 T_{e}^{0.5} T_{i} dn - 0.12 T_{e}^{0.5} dn - 0.0021811 T_{e} F dT_{i} - 0.017891 T_{e} F dn + 0.0053239 T_{e} P^{-1} dn + 3.7208 \\cdot 10^{-5} T_{e} P dT_{i} - 0.0057858 T_{e} T_{i}^{0.5} dT_{e} + 0.00093741 T_{e} T_{i} dT_{e} - 4.0078 \\cdot 10^{-7} T_{e} T_{i} dT_{i} + 0.011714 T_{e} T_{i} dn + 0.0010497 T_{e} dT_{e} - 4.7243 \\cdot 10^{-5} T_{e} dT_{i} - 0.0046799 T_{e} dn + 0.014218 T_{i}^{0.5} F dT_{e} + 0.0013471 T_{i}^{0.5} P^{-1} dT_{e} - 3.3013 \\cdot 10^{-5} T_{i}^{0.5} P^{-1} dT_{i} + 0.012895 T_{i}^{0.5} P^{-1} dn - 3.8646 \\cdot 10^{-6} T_{i}^{0.5} P dT_{i} + 0.022406 T_{i}^{0.5} P dn - 3.2139 \\cdot 10^{-5} T_{i}^{0.5} dT_{e} + 1.5488 \\cdot 10^{-6} T_{i}^{0.5} dT_{i} - 0.00081717 T_{i}^{0.5} dn - 0.0031719 T_{i} F dT_{e} - 2.5064 \\cdot 10^{-5} T_{i} F dT_{i} - 0.00028497 T_{i} P^{-1} dT_{e} - 0.012809 T_{i} P^{-1} dn - 0.00031625 T_{i} P dT_{e} - 0.016244 T_{i} P dn - 0.00067434 T_{i} dT_{e} - 0.036859 T_{i} dn - 0.0020531 dT_{e} - 0.00075951 dT_{i} + 0.0012411 n^{-1} F dn + 0.006269 n^{-1} P^{-1} dn - 0.011366 n^{-1} T_{e}^{0.5} T_{i}^{0.5} dn - 0.0061354 n^{-1} T_{e}^{0.5} dn - 0.0029402 n^{-1} T_{e} dn + 0.011777 n^{-1} T_{i}^{0.5} dn + 0.0002229 n^{-1} T_{i} dn - 0.0013337 n^{-1} dn - 0.2571 n E^{0.5} - 0.063321 n E^{0.5} P^{-1} - 0.0060537 n E^{0.5} T_{e}^{0.5} P^{-1} - 0.0020107 n E^{0.5} T_{e}^{0.5} T_{i}^{0.5} + 0.055 n E^{0.5} T_{e}^{0.5} T_{i} - 0.04723 n E^{0.5} T_{e} + 0.0036609 n E^{0.5} T_{e} T_{i}^{0.5} + 0.0014699 n E^{0.5} T_{i}^{0.5} - 0.015232 n E^{0.5} T_{i}^{0.5} F + 0.048365 n E^{0.5} T_{i}^{0.5} P^{-1} + 0.019535 n E^{0.5} T_{i}^{0.5} P + 0.12494 n E^{0.5} T_{i} - 0.047246 n E F - 0.022404 n E P^{-1} - 0.0079546 n E P + 0.62343 n E T_{e}^{0.5} - 0.40414 n E T_{e}^{0.5} T_{i}^{0.5} - 0.10588 n E T_{i}^{0.5} + 0.014047 n E T_{i}",
  "coefficients": [
    0.08853771797178095,
    0.014347984315795082,
    -0.0019984563903121194,
    0.0006316519710725657,
    0.0500697749373838,
    0.004187962268304432,
    -0.009414746660169946,
    -0.0551237253297394,
    -0.004837798993002381,
    0.003341077423621681,
    -0.04561531210667502,
    0.07969610409885852,
    -0.001898770887571791,
    -0.014729812243443491,
    0.0005893788303583131,
    -0.001630668876681736,
    -0.017254503465045142,
    0.026744788649121144,
    0.01951883675825262,
    -0.0033505461922455453,
    0.004590984756050557,
    -0.005370882956814552,
    -0.004125911605238834,
    -0.05214691398754646,
    0.003521459093096218,
    -0.001536569161711813,
    0.0013252820401677013,
    0.0016349587790357853,
    -0.0026536187284533254,
    0.025805584631211687,
    0.007663919876980278,
    -0.00012315257335705505,
    0.016997126208938673,
    -0.006897668480246966,
    -0.01162466081846216,
    -0.01632250556895811,
    -0.0056041815202719615,
    0.011303107322449303,
    -0.0546366063018591,
    0.028643367097968466,
    0.010871830843471488,
    -0.0023701014745048056,
    0.0015303281114349121,
    -0.028227916260529538,
    0.02214726616433873,
    0.00926838041985097,
    0.015914179468890007,
    -0.012430581410436906,
    0.013826344114577942,
    -0.0006478057003063316,
    1.1028747005952487e-05,
    0.029259830252008078,
    -0.01997754344558007,
    -0.034890410086899304,
    -0.02430592492764089,
    -0.06206262615028,
    -0.07912348873275034,
    0.002257248073571624,
    0.05562045697491674,
    0.09493846643153253,
    -0.05143263295705651,
    0.028492233796972553,
    0.0033943412422326514,
    0.005559166920957186,
    -0.0029746362414067654,
    -0.0179225833203898,
    0.010748865037683544,
    -0.048413068007939104,
    -0.1419197981750589,
    0.04555491205112327,
    0.0009067187039332094,
    -0.015134700164080443,
    0.02026182910100139,
    0.08768239601573913,
    -0.00535817416034262,
    -0.0011991321681908383,
    0.03760091036560023,
    -0.02428676846146898,
    0.0021229491576072604,
    -0.010695187350141975,
    -0.026972100818593612,
    -0.004832122166240236,
    -0.04417500471714568,
    0.007301694716287573,
    0.21876542891066672,
    -0.1634286964665443,
    0.08767013111102813
  ],
  "val_sse_masked": 0.0001452011347282678,
  "val_nrmse_masked": 0.032799337059259415,
  "val_mse_masked": 4.840037945541553e-06,
  "val_r2_masked": 0.9989238381385803,
  "val_sse_full": 0.00014511581684928387,
  "val_nrmse_full": 0.032789699733257294,
  "val_mse_full": 4.83719441035646e-06,
  "val_r2_full": 0.9989244937896729,
  "iteration": 243,
  "p_lo_eff": 0.12967753410339355,
  "p_hi_eff": 1.9451630115509033,
  "f_lo_eff": 0.20659340918064117,
  "f_hi_eff": 1.6527472734451294
}