{
  "tag": "199_d6cc8c45",
  "lmb1": 8.980637988932529e-08,
  "lmb2": 1e-08,
  "nonzero_count": 86,
  "complexity_norm": 0.6935483870967742,
  "train_gen_window": 0.013955404333179025,
  "generalizability": 0.03222664346306092,
  "equation": "0.14043 E^{0.5} n P^{-0.5} + 0.13658 F dT_{e} + 0.0082277 F dT_{i} + 0.03331 F dn + 0.00044866 P^{-1} F dT_{e} - 0.00040719 P^{-1} F dT_{i} + 0.0093767 P^{-1} F dn - 0.0097095 P^{-1} dT_{e} - 0.0016152 P F dT_{i} - 0.021368 P dn - 0.17172 T_{e}^{0.5} F dT_{e} + 0.032695 T_{e}^{0.5} F dn + 0.012957 T_{e}^{0.5} P^{-1} dT_{e} - 0.068475 T_{e}^{0.5} P^{-1} dn + 0.029211 T_{e}^{0.5} T_{i}^{0.5} F dT_{e} - 0.0021378 T_{e}^{0.5} T_{i}^{0.5} F dT_{i} - 0.072579 T_{e}^{0.5} T_{i}^{0.5} F dn + 0.00068681 T_{e}^{0.5} T_{i}^{0.5} P^{-1} dT_{i} + 0.025222 T_{e}^{0.5} T_{i}^{0.5} P^{-1} dn + 0.0012886 T_{e}^{0.5} T_{i}^{0.5} P dT_{e} + 9.3599 \\cdot 10^{-5} T_{e}^{0.5} T_{i}^{0.5} P dT_{i} + 0.0049735 T_{e}^{0.5} T_{i}^{0.5} P dn + 0.00039867 T_{e}^{0.5} T_{i}^{0.5} dT_{i} + 0.24864 T_{e}^{0.5} T_{i}^{0.5} dn - 0.01401 T_{e}^{0.5} T_{i} dT_{e} + 3.8146 \\cdot 10^{-5} T_{e}^{0.5} T_{i} dT_{i} - 0.0044095 T_{e}^{0.5} T_{i} dn - 0.21522 T_{e}^{0.5} dn - 0.00024267 T_{e} F dT_{i} - 0.068462 T_{e} F dn + 0.014714 T_{e} P^{-1} dn + 0.00070058 T_{e} P dT_{i} - 0.0096652 T_{e} T_{i}^{0.5} dT_{e} + 0.0067772 T_{e} T_{i} dT_{e} - 4.9646 \\cdot 10^{-5} T_{e} T_{i} dT_{i} - 0.020589 T_{e} T_{i} dn + 0.013391 T_{e} dT_{e} - 0.0016922 T_{e} dT_{i} + 0.029089 T_{e} dn + 0.0040268 T_{i}^{0.5} F dT_{e} + 0.027188 T_{i}^{0.5} F dn + 0.00016736 T_{i}^{0.5} P^{-1} dT_{e} - 0.00061818 T_{i}^{0.5} P^{-1} dT_{i} + 0.017449 T_{i}^{0.5} P^{-1} dn - 0.00024999 T_{i}^{0.5} P dT_{i} + 0.06126 T_{i}^{0.5} P dn + 0.0079059 T_{i}^{0.5} dT_{e} + 0.00018978 T_{i}^{0.5} dT_{i} - 0.021549 T_{i}^{0.5} dn - 0.011627 T_{i} F dT_{e} + 3.5951 \\cdot 10^{-5} T_{i} F dT_{i} + 0.00050078 T_{i} P^{-1} dT_{e} - 0.0065147 T_{i} P^{-1} dn - 0.00072543 T_{i} P dT_{e} - 0.035183 T_{i} P dn + 0.0090632 T_{i} dT_{e} - 0.030775 T_{i} dn - 0.019566 dT_{e} - 0.00033459 dT_{i} + 0.015041 n^{-1} F dn + 0.0028141 n^{-1} P^{-1} dn - 0.023271 n^{-1} T_{e}^{0.5} T_{i}^{0.5} dn - 0.030096 n^{-1} T_{e}^{0.5} dn + 0.023425 n^{-1} T_{e} dn + 0.019242 n^{-1} T_{i}^{0.5} dn + 0.0017862 n^{-1} T_{i} dn + 0.00055041 n^{-1} dn - 0.28553 n E^{0.5} - 0.066088 n E^{0.5} P^{-1} - 0.00086306 n E^{0.5} T_{e}^{0.5} P^{-1} - 0.0011771 n E^{0.5} T_{e}^{0.5} T_{i}^{0.5} - 0.0016971 n E^{0.5} T_{e}^{0.5} T_{i} - 0.056031 n E^{0.5} T_{e} + 0.0069019 n E^{0.5} T_{e} T_{i}^{0.5} + 0.037386 n E^{0.5} T_{i}^{0.5} - 0.01024 n E^{0.5} T_{i}^{0.5} F + 0.063272 n E^{0.5} T_{i}^{0.5} P^{-1} + 0.012737 n E^{0.5} T_{i}^{0.5} P + 0.20008 n E^{0.5} T_{i} - 0.063149 n E F - 0.035252 n E P^{-1} - 0.019153 n E P + 0.93187 n E T_{e}^{0.5} - 0.75646 n E T_{e}^{0.5} T_{i}^{0.5} - 0.11893 n E T_{i}^{0.5} + 0.12188 n E T_{i}",
  "coefficients": [
    0.08853772576912383,
    0.006440745001764406,
    0.0008247660608680686,
    0.007655019183705286,
    0.08180394717513763,
    0.033560648983247496,
    -0.046182012851630164,
    -0.11286424337726518,
    0.03854389148564388,
    -0.014436762391065752,
    -0.02009529385418484,
    0.1294550619059471,
    -0.025094083232696695,
    -0.27581804068176813,
    0.07221899041070193,
    -0.10548537987224066,
    0.024749074130413724,
    0.3809558652947805,
    0.18214972884015518,
    -0.25738732682961146,
    0.04585205698865609,
    0.12142414156168041,
    -0.14778577874649712,
    -0.005801916865275907,
    0.06630336942324214,
    -0.1903392275691351,
    -0.017313374939637683,
    0.0004859050734428126,
    -0.025288330870520608,
    0.051431570719130806,
    0.0009521794861506623,
    0.030294394285182928,
    0.004813879057088962,
    0.012121358556284885,
    0.15623697725920974,
    -0.05982946156465889,
    -0.01285535646161122,
    0.02652493698577546,
    -0.07141473260290376,
    0.03972372382036411,
    0.005675728061010226,
    -0.2813735770349602,
    0.01952255760562971,
    -0.04715471721980932,
    0.16011797548779177,
    0.011852109334279576,
    0.03563668437923724,
    -0.024723928864924097,
    0.018709154676478722,
    -0.017083170225651322,
    0.03330503607769299,
    0.0800004902226432,
    -0.010160711537637982,
    -0.029131689279948622,
    -0.0526443184369205,
    -0.06172436962064602,
    -0.14191041929897286,
    0.03380117243258715,
    0.031122920539208343,
    0.19011735462733112,
    -0.08621084150231866,
    0.006203961625343271,
    -0.004082753882579993,
    0.015364499974932506,
    0.018489680020934908,
    -0.06858275041990604,
    -0.018893385272683205,
    -0.05052833958222727,
    -0.15760823831319548,
    0.05959645593367614,
    0.023061522947995357,
    -0.010174815936442927,
    0.013211124066562767,
    0.1404150196491609,
    -0.0007639007392366975,
    -0.0007019918647892844,
    -0.0011602558869097702,
    -0.028812721764844645,
    0.004002340412493715,
    -0.01682878059918866,
    -0.03605090695579012,
    -0.011634969422935106,
    -0.049620397733458665,
    0.0633523300964991,
    0.3269992232623574,
    -0.3059022970618494,
    0.06894177692071599
  ],
  "val_sse_masked": 0.00012141899787820876,
  "val_nrmse_masked": 0.029993237927556038,
  "val_mse_masked": 4.0473000808560755e-06,
  "val_r2_masked": 0.9991000890731812,
  "val_sse_full": 0.00012141899787820876,
  "val_nrmse_full": 0.029993237927556038,
  "val_mse_full": 4.0473000808560755e-06,
  "val_r2_full": 0.9991000890731812,
  "iteration": 199,
  "p_lo_eff": 0.12967753410339355,
  "p_hi_eff": 1.9451630115509033,
  "f_lo_eff": 0.20659340918064117,
  "f_hi_eff": 1.6527472734451294
}