{
  "tag": "302_2bb00b1e",
  "lmb1": 2.6326060237579354e-05,
  "lmb2": 2.3060380671366808e-06,
  "nonzero_count": 63,
  "complexity_norm": 0.5080645161290323,
  "train_gen_window": 0.022026781646669595,
  "generalizability": 0.02867873171881056,
  "equation": "0.11166 E^{0.5} n P^{-0.5} + 0.00079734 F dT_{i} - 0.00021902 F dn - 0.0016006 P^{-1} F dT_{e} + 4.1762 \\cdot 10^{-5} P^{-1} F dT_{i} - 0.00012612 P dn - 0.00080428 T_{e}^{0.5} F dT_{e} - 0.00053449 T_{e}^{0.5} F dn - 0.045072 T_{e}^{0.5} P^{-1} dn - 1.4069 \\cdot 10^{-6} T_{e}^{0.5} T_{i}^{0.5} F dT_{i} - 0.01593 T_{e}^{0.5} T_{i}^{0.5} F dn - 5.3385 \\cdot 10^{-6} T_{e}^{0.5} T_{i}^{0.5} P^{-1} dT_{i} + 0.011485 T_{e}^{0.5} T_{i}^{0.5} P^{-1} dn + 4.2659 \\cdot 10^{-5} T_{e}^{0.5} T_{i}^{0.5} P dT_{e} + 1.0647 \\cdot 10^{-6} T_{e}^{0.5} T_{i}^{0.5} P dT_{i} + 0.00012982 T_{e}^{0.5} T_{i}^{0.5} P dn - 6.6421 \\cdot 10^{-6} T_{e}^{0.5} T_{i} dT_{e} + 3.4355 \\cdot 10^{-8} T_{e}^{0.5} T_{i} dT_{i} + 0.00063976 T_{e}^{0.5} T_{i} dn - 0.00058285 T_{e}^{0.5} dn - 0.0012049 T_{e} F dn + 0.01881 T_{e} P^{-1} dn + 2.9088 \\cdot 10^{-6} T_{e} P dT_{i} - 5.1191 \\cdot 10^{-5} T_{e} T_{i}^{0.5} dT_{e} - 0.00018322 T_{e} T_{i} dT_{e} + 2.9042 \\cdot 10^{-8} T_{e} T_{i} dT_{i} + 0.001966 T_{e} T_{i} dn - 0.0021214 T_{e} dT_{e} - 9.2779 \\cdot 10^{-5} T_{e} dT_{i} - 0.055898 T_{e} dn + 0.00062449 T_{i}^{0.5} F dT_{e} - 0.00043353 T_{i}^{0.5} F dn + 0.0012759 T_{i}^{0.5} P^{-1} dT_{e} - 5.2825 \\cdot 10^{-6} T_{i}^{0.5} P^{-1} dT_{i} - 0.0024704 T_{i}^{0.5} P^{-1} dn + 6.8594 \\cdot 10^{-7} T_{i}^{0.5} P dT_{i} + 8.6819 \\cdot 10^{-5} T_{i}^{0.5} P dn + 4.4977 \\cdot 10^{-5} T_{i}^{0.5} dT_{e} + 2.4872 \\cdot 10^{-5} T_{i} F dT_{e} + 0.002396 T_{i} P^{-1} dn + 0.00016689 T_{i} P dT_{e} + 0.012983 T_{i} P dn + 0.00052266 T_{i} dn - 0.00010388 dT_{e} - 3.0524 \\cdot 10^{-5} dT_{i} - 0.0095374 n^{-1} F dn + 0.0035869 n^{-1} P^{-1} dn - 3.4639 \\cdot 10^{-5} n^{-1} T_{e}^{0.5} T_{i}^{0.5} dn + 6.664 \\cdot 10^{-5} n^{-1} T_{e} dn - 0.000267 n^{-1} T_{i}^{0.5} dn - 0.00013076 n^{-1} T_{i} dn - 0.067064 n E^{0.5} - 0.024872 n E^{0.5} T_{e}^{0.5} P^{-1} + 0.00033798 n E^{0.5} T_{e}^{0.5} T_{i}^{0.5} + 0.033921 n E^{0.5} T_{e}^{0.5} T_{i} + 0.0013363 n E^{0.5} T_{e} T_{i}^{0.5} - 0.020423 n E^{0.5} T_{i}^{0.5} F + 0.00037664 n E^{0.5} T_{i}^{0.5} P^{-1} + 0.00010418 n E^{0.5} T_{i}^{0.5} P + 0.00042924 n E^{0.5} T_{i} + 0.024153 n E P^{-1} + 0.02193 n E T_{e}^{0.5} - 0.0020068 n E T_{i}",
  "coefficients": [
    0.08853770847979475,
    0.00820945018626291,
    -9.605706485567044e-05,
    -0.004853991212062659,
    -0.0011351273519045208,
    -0.0024568149347315936,
    -2.57095996960516e-05,
    -0.00016799822344987906,
    0.00010965024106231638,
    0.0014806824242619187,
    -0.0018332604173437422,
    0.012545334590432384,
    -4.130548151397047e-05,
    -0.0023569557146323806,
    -1.634628410894978e-05,
    0.0002894336274633838,
    -2.404896943059145e-06,
    -0.0029611155089652313,
    -1.682534682078978e-05,
    -0.00016939168184718924,
    0.0005215536456197186,
    0.00010935551666414109,
    -0.00810276891094434,
    6.572511273382454e-06,
    0.0002752924622177829,
    0.00011134641866776924,
    4.364832595072122e-05,
    -0.0017334939695999101,
    -0.00013427038092448312,
    -7.803533961255305e-05,
    0.007259219817557731,
    0.00017234504336430397,
    0.0007465492605802584,
    7.305403100028068e-05,
    4.914098138791257e-06,
    0.00012798807816575763,
    0.0029574582744159744,
    -2.15452116945635e-05,
    -0.0003344902745039508,
    6.54493741163364e-05,
    0.00018789072729797677,
    -0.00013339593694264708,
    -0.0030927367821493223,
    -0.0002497516337665074,
    -0.004328802193363173,
    8.649291497815799e-07,
    -0.00023431939490754433,
    -0.00014592570244621104,
    -0.0026488126540998563,
    1.82703597641609e-05,
    -0.000531071100882751,
    0.00011337836299526432,
    0.003736886399070263,
    0.0004947466977230788,
    0.01942730908020214,
    -0.04062830306156388,
    -0.0003843061506134894,
    -0.0005525800238656695,
    0.014171681453980898,
    -1.857196982965156e-06,
    -0.018922386485500053,
    0.0001619404678254957,
    0.0005923516289176907,
    0.019641019630259313,
    -0.035529966291981054,
    -0.0012069674387288586,
    0.0018040442922768836,
    -9.88458872414077e-06,
    -0.0370185763744666,
    0.00035475590279449243,
    5.7473236560928544e-05,
    -0.02029290384250431,
    0.0001080566876467472,
    0.00030123993575088847,
    -0.02201415847245096,
    0.00020155855262263213,
    0.023190591059403753,
    -4.1464693162557986e-05,
    0.00077493621419671,
    0.011530295875210128,
    -9.020469029559577e-05,
    -2.007185851467171e-05,
    3.6372292093981445e-05,
    -0.0010431577508340376,
    0.0076953556565649344,
    4.4496691699016615e-05,
    0.054819581522872474
  ],
  "val_sse_masked": 0.00031340631539933383,
  "val_nrmse_masked": 0.04818744957447052,
  "val_mse_masked": 1.0446878150105476e-05,
  "val_r2_masked": 0.997677206993103,
  "val_sse_full": 0.00031508877873420715,
  "val_nrmse_full": 0.04831661656498909,
  "val_mse_full": 1.05029603219009e-05,
  "val_r2_full": 0.997664749622345,
  "iteration": 302,
  "p_lo_eff": 0.12967753410339355,
  "p_hi_eff": 1.9451630115509033,
  "f_lo_eff": 0.20659340918064117,
  "f_hi_eff": 1.6527472734451294
}