{
  "tag": "21_d0f914b3",
  "lmb1": 0.000477288227313868,
  "lmb2": 1.0410687978807458e-07,
  "nonzero_count": 18,
  "complexity_norm": 0.14516129032258066,
  "train_gen_window": 0.053485775488025404,
  "generalizability": 0.05193879973610926,
  "equation": "0.050469 E^{0.5} n P^{-0.5} - 0.0038352 P^{-1} F dT_{e} - 7.0092 \\cdot 10^{-5} P^{-1} F dT_{i} - 0.0026572 P^{-1} F dn + 0.00055446 P dn - 0.00027408 T_{e}^{0.5} T_{i}^{0.5} dn - 0.071783 T_{e} dn - 0.0086162 T_{i}^{0.5} P^{-1} dn + 0.00076639 T_{i}^{0.5} P dn + 0.0065731 T_{i} P dn - 0.001613 n^{-1} F dn + 0.00061074 n^{-1} P^{-1} dn - 0.00058329 n E^{0.5} T_{e}^{0.5} P^{-1} + 0.0059085 n E^{0.5} T_{e}^{0.5} T_{i} - 0.021781 n E^{0.5} T_{i}^{0.5} P + 0.0013921 n E^{0.5} T_{i} + 0.04736 n E T_{e}^{0.5} T_{i}^{0.5} + 0.00047524 n E T_{i}^{0.5}",
  "coefficients": [
    0.08853770256377219,
    0.0013978197205179173,
    1.5196585652697521e-05,
    -0.0008209264648216081,
    1.4088725213107213e-06,
    -7.151913635833072e-07,
    4.5102920897799296e-06,
    -8.25898451562166e-07,
    7.572239075715936e-07,
    -0.0024850978329640375,
    1.2603632838903533e-06,
    1.644877805316183e-05,
    3.644908719540968e-06,
    -2.53630354658172e-06,
    -1.3798859209826453e-06,
    -1.4854773051523649e-06,
    -2.959718063417525e-06,
    -2.2043544153459113e-06,
    -9.79348378995263e-07,
    -3.305497882077732e-07,
    -1.0901910985793467e-06,
    -2.8990659765070434e-06,
    2.3590701836903386e-06,
    6.234906578899727e-06,
    1.819158875924885e-06,
    -2.6029689670751217e-06,
    5.090185420256298e-07,
    -0.0041536529002584475,
    9.165641866525594e-06,
    1.0480725279399255e-05,
    7.4115886204796884e-06,
    5.1249106574087795e-05,
    1.7474404017681122e-05,
    1.739529381235627e-05,
    3.644850454967981e-05,
    2.259294594463331e-05,
    1.881891262280993e-05,
    1.2975315552749614e-07,
    9.921847108461416e-06,
    1.6148187938660452e-05,
    2.703020833413108e-05,
    3.266053919784658e-05,
    3.1692916312097224e-05,
    8.174455777902187e-05,
    2.8828968463204016e-05,
    -0.0033587512654276344,
    -6.364476396005573e-06,
    0.0006415417020883399,
    -0.009238620795796472,
    -3.0692142769093914e-05,
    -1.7044735571951227e-05,
    0.0010008487070824411,
    -1.8239358185880735e-06,
    -2.486319134740964e-05,
    0.009835421949720547,
    -3.25604869204181e-05,
    -4.900157875919814e-05,
    -8.275272184468724e-06,
    -2.3590954343456726e-06,
    -0.00020956530420748919,
    -2.399173884996324e-05,
    5.931285814992788e-05,
    -5.3126890050818454e-05,
    1.9162175882646735e-08,
    -0.04562668339486566,
    -9.647703711269613e-06,
    -6.763805132747453e-05,
    -2.21697133296664e-06,
    1.7314316871878595e-06,
    6.60709336314014e-07,
    1.2262777344487582e-05,
    -1.3181605927363068e-06,
    -0.022590748973573813,
    0.0009769627802640175,
    -0.0005162718233853359,
    1.3832479905910534e-05,
    0.004039399995518054,
    1.763312776890437e-06,
    1.1923515004934858e-05,
    1.1492186847748582e-05,
    2.1751622116606003e-06,
    -3.779563562353562e-05,
    0.00019828747238505298,
    1.788895386077305e-05,
    3.9826962495515676e-05,
    0.01915179394055112,
    0.024777503781507924
  ],
  "val_sse_masked": 0.0008150919456966221,
  "val_nrmse_masked": 0.07771115005016327,
  "val_mse_masked": 2.7169733584742062e-05,
  "val_r2_masked": 0.9939589500427246,
  "val_sse_full": 0.0007974139880388975,
  "val_nrmse_full": 0.07686382532119751,
  "val_mse_full": 2.6580468329484574e-05,
  "val_r2_full": 0.9940899610519409,
  "iteration": 21,
  "p_lo_eff": 0.12967753410339355,
  "p_hi_eff": 1.9451630115509033,
  "f_lo_eff": 0.20659340918064117,
  "f_hi_eff": 1.6527472734451294
}