{
  "tag": "294_24f9cf8c",
  "lmb1": 1.138606004421949e-05,
  "lmb2": 0.1,
  "nonzero_count": 81,
  "complexity_norm": 0.6532258064516129,
  "train_gen_window": 0.08000812359403886,
  "generalizability": 0.0723464106080933,
  "equation": "0.014873 E^{0.5} n P^{-0.5} + 0.0012802 F dT_{e} + 0.00014631 F dT_{i} - 0.0022644 F dn - 0.0037079 P^{-1} F dT_{e} - 0.00012138 P^{-1} F dT_{i} - 0.0036726 P^{-1} F dn - 0.00047748 P^{-1} dT_{e} + 5.493 \\cdot 10^{-5} P F dT_{i} + 0.0033412 P dn + 0.00077407 T_{e}^{0.5} F dT_{e} - 0.0025767 T_{e}^{0.5} F dn - 0.00048311 T_{e}^{0.5} P^{-1} dT_{e} - 0.0049217 T_{e}^{0.5} P^{-1} dn - 8.1033 \\cdot 10^{-5} T_{e}^{0.5} T_{i}^{0.5} F dT_{e} + 9.1398 \\cdot 10^{-7} T_{e}^{0.5} T_{i}^{0.5} F dT_{i} - 0.0022588 T_{e}^{0.5} T_{i}^{0.5} F dn - 6.6292 \\cdot 10^{-7} T_{e}^{0.5} T_{i}^{0.5} P^{-1} dT_{i} - 0.00061383 T_{e}^{0.5} T_{i}^{0.5} P^{-1} dn - 5.4695 \\cdot 10^{-7} T_{e}^{0.5} T_{i}^{0.5} P dT_{i} + 0.0029062 T_{e}^{0.5} T_{i}^{0.5} P dn - 0.0060297 T_{e}^{0.5} T_{i}^{0.5} dn + 1.2524 \\cdot 10^{-5} T_{e}^{0.5} T_{i} dT_{e} - 6.6423 \\cdot 10^{-8} T_{e}^{0.5} T_{i} dT_{i} - 0.003158 T_{e}^{0.5} T_{i} dn - 0.0080961 T_{e}^{0.5} dn + 4.1222 \\cdot 10^{-5} T_{e} F dT_{i} - 0.002764 T_{e} F dn - 0.00093806 T_{e} P^{-1} dn - 1.9057 \\cdot 10^{-6} T_{e} P dT_{i} + 0.00013067 T_{e} T_{i}^{0.5} dT_{e} + 1.2535 \\cdot 10^{-5} T_{e} T_{i} dT_{e} - 4.6438 \\cdot 10^{-8} T_{e} T_{i} dT_{i} - 0.0028893 T_{e} T_{i} dn + 0.00059681 T_{e} dT_{e} + 2.9466 \\cdot 10^{-6} T_{e} dT_{i} - 0.0087886 T_{e} dn - 0.002095 T_{i}^{0.5} F dn - 5.6584 \\cdot 10^{-5} T_{i}^{0.5} P^{-1} dT_{e} - 8.0177 \\cdot 10^{-7} T_{i}^{0.5} P^{-1} dT_{i} - 0.0036071 T_{i}^{0.5} P^{-1} dn - 9.1923 \\cdot 10^{-7} T_{i}^{0.5} P dT_{i} + 0.0029838 T_{i}^{0.5} P dn + 0.00010525 T_{i}^{0.5} dT_{e} - 2.9193 \\cdot 10^{-7} T_{i}^{0.5} dT_{i} - 0.0054933 T_{i}^{0.5} dn - 4.9706 \\cdot 10^{-5} T_{i} F dT_{e} - 3.0525 \\cdot 10^{-7} T_{i} F dT_{i} - 8.278 \\cdot 10^{-6} T_{i} P^{-1} dT_{e} + 0.00017315 T_{i} P^{-1} dn + 0.0028594 T_{i} P dn + 1.2392 \\cdot 10^{-5} T_{i} dT_{e} - 0.0030839 T_{i} dn + 0.00028199 dT_{e} + 1.7006 \\cdot 10^{-6} dT_{i} - 0.0119 n^{-1} F dn + 0.0013069 n^{-1} P^{-1} dn + 0.00022784 n^{-1} T_{e}^{0.5} T_{i}^{0.5} dn + 0.00070152 n^{-1} T_{e}^{0.5} dn + 0.00035505 n^{-1} T_{e} dn + 0.0003781 n^{-1} T_{i}^{0.5} dn + 5.4768 \\cdot 10^{-5} n^{-1} T_{i} dn + 0.0011352 n^{-1} dn + 0.002455 n E^{0.5} + 0.0043615 n E^{0.5} P^{-1} + 0.0043674 n E^{0.5} T_{e}^{0.5} T_{i}^{0.5} + 0.0041487 n E^{0.5} T_{e}^{0.5} T_{i} + 0.003456 n E^{0.5} T_{e} + 0.0043774 n E^{0.5} T_{e} T_{i}^{0.5} + 0.0039224 n E^{0.5} T_{i}^{0.5} - 0.00088624 n E^{0.5} T_{i}^{0.5} F + 0.002012 n E^{0.5} T_{i}^{0.5} P^{-1} - 0.0070572 n E^{0.5} T_{i}^{0.5} P + 0.0041034 n E^{0.5} T_{i} + 0.001497 n E F + 0.0068609 n E P^{-1} - 0.007348 n E P + 0.012038 n E T_{e}^{0.5} + 0.009384 n E T_{e}^{0.5} T_{i}^{0.5} + 0.0092385 n E T_{i}^{0.5} + 0.0050048 n E T_{i}",
  "coefficients": [
    0.08853770588660248,
    0.0029910224190593973,
    0.0017010234562939686,
    -0.006056350836096338,
    0.0016074469949311555,
    0.001029020751061037,
    0.0010764852673382144,
    0.0011050017633657584,
    0.0005842092500957222,
    -0.004303643987544055,
    0.00010213522465890858,
    0.002302119783094563,
    0.000853380582067545,
    -0.0003577358186543466,
    -0.00011109073062115168,
    -0.0003878729061492565,
    -0.0002101360313292746,
    -0.0003677068382466221,
    -3.0177640817457847e-05,
    0.00011004094513366111,
    -0.0002679399690892858,
    -0.00021143360204839377,
    0.0002573419155875483,
    0.000985586433678543,
    -0.00018035427826422457,
    -0.0001780391601889499,
    -0.0008514205337997419,
    -0.004015746526363827,
    0.0003644661980766306,
    0.0004820905479633241,
    -0.00032192571763855544,
    0.00040328682389282954,
    -9.255926516685452e-05,
    -0.00020036953668987228,
    0.00021361812248711323,
    -0.00025578669805435616,
    3.09707836607804e-05,
    -0.0009890168554175529,
    0.00032192584703370027,
    -0.00011019412245370233,
    -3.959401047501425e-05,
    0.00025151701572736373,
    0.0008700838255540869,
    0.0006375211937326889,
    0.00029615228294230017,
    -0.0046421507087715105,
    -0.0024225530011995396,
    0.0038660324379813813,
    -0.003867683668669805,
    -0.004354760081149862,
    -0.0025663402802205,
    0.003896579654350291,
    0.000270051413384769,
    -0.0029191843360707294,
    0.004278548783150428,
    -0.004436479929219164,
    -0.00533824069769575,
    -0.0026639307456010693,
    -0.000757445969370939,
    -0.0046104802670304266,
    -0.0026829968346488544,
    0.0036252314801624567,
    -0.0029239690727157217,
    -0.0009795117600583459,
    -0.005586193436973429,
    -0.0027688387096803315,
    -0.0026512827809451107,
    0.0033346409896441356,
    0.0013551386867158642,
    0.001895095600299098,
    0.002419499047618695,
    -0.0008805811798560426,
    -0.007319691806622824,
    0.0028797268962319597,
    5.791139339831453e-05,
    0.0026045928857232645,
    0.0028363021174800137,
    0.0017771589132558707,
    0.0025384395281279675,
    0.0032752680734936717,
    0.0008546189784905697,
    -0.004463620533501016,
    0.003854604871410246,
    0.002601542072302623,
    0.004224063770181474,
    0.003794762337150307,
    0.0073020779157866615
  ],
  "val_sse_masked": 0.0013260706327855587,
  "val_nrmse_masked": 0.09912047535181046,
  "val_mse_masked": 4.420235563884489e-05,
  "val_r2_masked": 0.9901718497276306,
  "val_sse_full": 0.0013155622873455286,
  "val_nrmse_full": 0.09872696548700333,
  "val_mse_full": 4.385208012536168e-05,
  "val_r2_full": 0.990249752998352,
  "iteration": 294,
  "p_lo_eff": 0.12967753410339355,
  "p_hi_eff": 1.9451630115509033,
  "f_lo_eff": 0.20659340918064117,
  "f_hi_eff": 1.6527472734451294
}