{
  "tag": "103_4af4195e",
  "lmb1": 0.001096535756971053,
  "lmb2": 6.463554818949229e-06,
  "nonzero_count": 15,
  "complexity_norm": 0.12096774193548387,
  "train_gen_window": 0.07075800536847554,
  "generalizability": 0.0705221453055606,
  "equation": "0.058181 E^{0.5} n P^{-0.5} - 0.0038518 P^{-1} F dT_{e} - 7.2011 \\cdot 10^{-5} P^{-1} F dT_{i} - 0.0020677 P^{-1} F dn + 9.4401 \\cdot 10^{-5} P dn - 0.00018748 T_{e}^{0.5} T_{i}^{0.5} F dn - 0.0055732 T_{e}^{0.5} T_{i}^{0.5} dn - 0.05245 T_{e} dn - 0.010644 T_{i}^{0.5} P^{-1} dn + 0.0020511 T_{i} P dn + 0.00027054 n^{-1} P^{-1} dn + 0.0078998 n E^{0.5} T_{e}^{0.5} T_{i} - 0.020347 n E^{0.5} T_{i}^{0.5} P + 0.0003078 n E^{0.5} T_{i} + 0.035407 n E T_{e}^{0.5} T_{i}^{0.5}",
  "coefficients": [
    0.08853770383214865,
    0.0006191899275532755,
    2.1463476227488194e-05,
    -4.747594904800487e-06,
    2.4640586954906467e-05,
    1.208258439144734e-05,
    8.890675350737075e-06,
    9.857564585801105e-06,
    5.239864067748824e-06,
    -0.002553139192500475,
    -3.8163257853966054e-06,
    -9.11185272069016e-08,
    -3.095511629574101e-06,
    -3.039999446648257e-06,
    -4.5485689120536035e-06,
    -9.356600567991564e-06,
    -3.2867448898956322e-06,
    -2.805466510535315e-06,
    -4.050829899539013e-06,
    -2.4714157035665457e-06,
    -8.21938270560237e-06,
    -4.155167121487491e-06,
    -2.9374482924232737e-06,
    -9.627647552024498e-07,
    -7.695649331950227e-06,
    -3.825586610109177e-06,
    -2.1840189483003442e-06,
    -0.004171633010470382,
    3.973405879700369e-08,
    2.053064516224559e-07,
    -3.0715915165806916e-07,
    1.2391847651496619e-06,
    5.319787887466137e-07,
    8.916997528606971e-07,
    2.682819609954897e-06,
    1.361779464474154e-06,
    2.861746875288023e-06,
    -2.326106939741583e-06,
    1.14947567751429e-07,
    5.683327229509423e-07,
    1.0905052755384488e-06,
    2.8897256931378016e-06,
    7.146251695936765e-07,
    1.8463659091026158e-06,
    3.0449277354050043e-06,
    -0.0026135626369010174,
    -6.047850186229312e-06,
    0.00010922795924112395,
    -0.011412841666919176,
    -2.2743748166399672e-05,
    -3.79874449425135e-05,
    3.758587678117962e-05,
    -2.31869802468892e-06,
    -1.0198143611764607e-05,
    0.003069048718116604,
    -1.072867756083552e-05,
    -2.6961626567512455e-05,
    -8.23581399116726e-06,
    -2.663725265489664e-06,
    -0.004261405314506322,
    -0.00022268688537291847,
    1.4144469216730922e-05,
    -1.4113818944438952e-05,
    -1.1624527303870906e-06,
    -0.03333806169232837,
    -1.0578614052400369e-05,
    -1.3879075158572449e-05,
    9.142700880318609e-08,
    1.6522408850236242e-06,
    1.28834521441872e-06,
    6.821984374358187e-06,
    1.5404588412064423e-06,
    -0.021103405523046383,
    0.00021601422445329433,
    -3.079079661163145e-06,
    8.137415245466223e-06,
    0.005400752181930352,
    1.8646900768886076e-06,
    7.924619949717075e-06,
    5.799371655172167e-06,
    3.161940487600732e-06,
    -1.4359505545575262e-05,
    7.41260076250825e-05,
    8.16309676394925e-06,
    1.716924410607045e-05,
    0.014318109471715893,
    0.028564126347088152
  ],
  "val_sse_masked": 0.0012252258602529764,
  "val_nrmse_masked": 0.09527701139450073,
  "val_mse_masked": 4.084086322109215e-05,
  "val_r2_masked": 0.990919291973114,
  "val_sse_full": 0.0011885232524946332,
  "val_nrmse_full": 0.0938391163945198,
  "val_mse_full": 3.961744369007647e-05,
  "val_r2_full": 0.9911912679672241,
  "iteration": 103,
  "p_lo_eff": 0.12967753410339355,
  "p_hi_eff": 1.9451630115509033,
  "f_lo_eff": 0.20659340918064117,
  "f_hi_eff": 1.6527472734451294
}