{
  "tag": "312_d5e3137c",
  "lmb1": 0.0001552888710096698,
  "lmb2": 0.00017940049967581607,
  "nonzero_count": 28,
  "complexity_norm": 0.22580645161290322,
  "train_gen_window": 0.04494651528288241,
  "generalizability": 0.04282954033151394,
  "equation": "0.061351 E^{0.5} n P^{-0.5} + 0.00027075 F dT_{e} + 0.00012774 F dT_{i} - 0.0039169 P^{-1} F dT_{e} - 7.4438 \\cdot 10^{-5} P^{-1} F dT_{i} - 0.002965 P^{-1} F dn + 0.00010338 P dn - 0.016858 T_{e}^{0.5} P^{-1} dn - 0.003118 T_{e}^{0.5} T_{i}^{0.5} F dn - 0.0002184 T_{e}^{0.5} dn - 0.054589 T_{e} dn + 0.00020532 T_{i}^{0.5} F dT_{e} - 0.00017671 T_{i}^{0.5} F dn + 6.4548 \\cdot 10^{-5} T_{i}^{0.5} P^{-1} dT_{e} + 0.00043903 T_{i}^{0.5} P dn + 0.00023065 T_{i}^{0.5} dT_{e} + 8.9028 \\cdot 10^{-6} T_{i} P^{-1} dT_{e} + 0.0085588 T_{i} P dn - 0.014286 n^{-1} F dn + 0.002356 n^{-1} P^{-1} dn + 0.0018775 n^{-1} dn - 0.010534 n E^{0.5} T_{e}^{0.5} P^{-1} - 0.0020142 n E^{0.5} T_{i}^{0.5} F - 0.019874 n E^{0.5} T_{i}^{0.5} P + 0.00042918 n E P^{-1} + 0.0038063 n E T_{e}^{0.5} + 0.046413 n E T_{e}^{0.5} T_{i}^{0.5} + 0.011065 n E T_{i}^{0.5}",
  "coefficients": [
    0.08853770479205691,
    0.005392224425702783,
    0.0028133633461809174,
    -0.0072708547474925715,
    4.736196895466475e-06,
    -8.802611066852212e-06,
    6.425275437151719e-05,
    2.578147243011986e-06,
    2.7545630421926672e-05,
    -0.0026391997006015772,
    1.8590969074951412e-06,
    0.0020098450354210378,
    2.2105836778959924e-05,
    -6.420064267275386e-05,
    -2.8002620680404714e-06,
    1.9454613793593507e-05,
    -1.755667461332445e-05,
    -6.565487034501079e-05,
    -3.100650881883534e-06,
    -9.995639484083637e-06,
    2.1174210952919186e-05,
    -8.037658681038985e-06,
    1.841616236035048e-06,
    1.6965650762100007e-05,
    3.4685186835696536e-05,
    -8.648050834778435e-06,
    2.6308111456538537e-05,
    -0.004242043404082485,
    2.788726563133411e-05,
    0.00010195629528043488,
    0.00036723188284747544,
    0.0008838389933927551,
    0.00024544586940333834,
    0.0002154930655309025,
    5.231570871925005e-05,
    9.415527784501763e-05,
    1.4633438943789038e-05,
    1.395239538119398e-05,
    4.075797181970493e-05,
    6.20409373977491e-05,
    1.1006086083862008e-05,
    2.9599535929647007e-05,
    3.1902309963962734e-05,
    4.199942044301626e-05,
    1.8566061226118157e-05,
    -0.0037477042387584667,
    -2.0286211824364363e-05,
    0.00011962068525821853,
    -9.790098337147782e-05,
    -3.44684002076276e-05,
    -0.00021646582605302275,
    0.0005733351790306997,
    9.28231768477825e-05,
    -1.62321752304772e-05,
    0.012806584993592078,
    -0.0151962185033726,
    -0.00014400164080507333,
    -3.1203622020133865e-05,
    2.2585395074204486e-05,
    -9.320235037668403e-05,
    -0.003703575696920872,
    9.291801358902581e-05,
    -2.214543225534683e-05,
    1.6195382234727705e-05,
    -0.0346977770572651,
    -3.992837892304326e-05,
    -1.8560836861651383e-05,
    5.280428893888214e-06,
    -2.9029245014989196e-05,
    1.6633297527373542e-06,
    9.196560301188135e-06,
    -0.002001331326064732,
    -0.020612650887060945,
    8.462451892479069e-05,
    -0.009324005415412853,
    1.4199698309403131e-05,
    8.949249076661736e-05,
    -1.369630639002853e-05,
    1.4779295485240715e-05,
    0.0002048855879104089,
    -4.613436416842534e-06,
    -5.171995503307571e-05,
    0.004616585615228679,
    5.25147088449336e-05,
    0.001335660498095358,
    0.0187688202006002,
    0.0301201859142161
  ],
  "val_sse_masked": 0.0006840993301011622,
  "val_nrmse_masked": 0.0711933895945549,
  "val_mse_masked": 2.2803313186159357e-05,
  "val_r2_masked": 0.9949297904968262,
  "val_sse_full": 0.0006771162152290344,
  "val_nrmse_full": 0.07082909345626831,
  "val_mse_full": 2.2570542569155805e-05,
  "val_r2_full": 0.994981586933136,
  "iteration": 312,
  "p_lo_eff": 0.12967753410339355,
  "p_hi_eff": 1.9451630115509033,
  "f_lo_eff": 0.20659340918064117,
  "f_hi_eff": 1.6527472734451294
}