{
  "tag": "19_fec045ce",
  "lmb1": 2.5876754979560065e-05,
  "lmb2": 0.1,
  "nonzero_count": 79,
  "complexity_norm": 0.6370967741935484,
  "train_gen_window": 0.07984030492051497,
  "generalizability": 0.07269267501635109,
  "equation": "0.014922 E^{0.5} n P^{-0.5} + 0.0011727 F dT_{e} + 0.00014416 F dT_{i} - 0.0022445 F dn - 0.0037203 P^{-1} F dT_{e} - 0.00012025 P^{-1} F dT_{i} - 0.0036808 P^{-1} F dn - 0.00046373 P^{-1} dT_{e} + 5.2034 \\cdot 10^{-5} P F dT_{i} + 0.0033279 P dn + 0.00065182 T_{e}^{0.5} F dT_{e} - 0.0025604 T_{e}^{0.5} F dn - 0.00046767 T_{e}^{0.5} P^{-1} dT_{e} - 0.0049209 T_{e}^{0.5} P^{-1} dn - 8.3758 \\cdot 10^{-5} T_{e}^{0.5} T_{i}^{0.5} F dT_{e} - 0.0022557 T_{e}^{0.5} T_{i}^{0.5} F dn - 6.4155 \\cdot 10^{-7} T_{e}^{0.5} T_{i}^{0.5} P^{-1} dT_{i} - 0.00059738 T_{e}^{0.5} T_{i}^{0.5} P^{-1} dn - 5.5296 \\cdot 10^{-7} T_{e}^{0.5} T_{i}^{0.5} P dT_{i} + 0.0028817 T_{e}^{0.5} T_{i}^{0.5} P dn - 0.0060301 T_{e}^{0.5} T_{i}^{0.5} dn + 1.0511 \\cdot 10^{-5} T_{e}^{0.5} T_{i} dT_{e} - 6.6339 \\cdot 10^{-8} T_{e}^{0.5} T_{i} dT_{i} - 0.0031465 T_{e}^{0.5} T_{i} dn - 0.0080842 T_{e}^{0.5} dn + 3.9164 \\cdot 10^{-5} T_{e} F dT_{i} - 0.0027507 T_{e} F dn - 0.00091782 T_{e} P^{-1} dn - 2.0118 \\cdot 10^{-6} T_{e} P dT_{i} + 0.00012353 T_{e} T_{i}^{0.5} dT_{e} + 1.2219 \\cdot 10^{-5} T_{e} T_{i} dT_{e} - 4.6069 \\cdot 10^{-8} T_{e} T_{i} dT_{i} - 0.002877 T_{e} T_{i} dn + 0.00058322 T_{e} dT_{e} + 2.7407 \\cdot 10^{-6} T_{e} dT_{i} - 0.0087862 T_{e} dn - 0.0020891 T_{i}^{0.5} F dn - 5.668 \\cdot 10^{-5} T_{i}^{0.5} P^{-1} dT_{e} - 7.7041 \\cdot 10^{-7} T_{i}^{0.5} P^{-1} dT_{i} - 0.0036061 T_{i}^{0.5} P^{-1} dn - 8.6085 \\cdot 10^{-7} T_{i}^{0.5} P dT_{i} + 0.0029652 T_{i}^{0.5} P dn + 9.8538 \\cdot 10^{-5} T_{i}^{0.5} dT_{e} - 2.9858 \\cdot 10^{-7} T_{i}^{0.5} dT_{i} - 0.0054855 T_{i}^{0.5} dn - 4.3441 \\cdot 10^{-5} T_{i} F dT_{e} - 2.9561 \\cdot 10^{-7} T_{i} F dT_{i} - 7.5064 \\cdot 10^{-6} T_{i} P^{-1} dT_{e} + 0.00012836 T_{i} P^{-1} dn + 0.0028412 T_{i} P dn + 1.2293 \\cdot 10^{-5} T_{i} dT_{e} - 0.0030699 T_{i} dn + 0.00027676 dT_{e} - 0.011819 n^{-1} F dn + 0.0013091 n^{-1} P^{-1} dn + 0.0002222 n^{-1} T_{e}^{0.5} T_{i}^{0.5} dn + 0.00068167 n^{-1} T_{e}^{0.5} dn + 0.00032901 n^{-1} T_{e} dn + 0.00037403 n^{-1} T_{i}^{0.5} dn + 5.3791 \\cdot 10^{-5} n^{-1} T_{i} dn + 0.0011248 n^{-1} dn + 0.0023966 n E^{0.5} + 0.0043498 n E^{0.5} P^{-1} + 0.0043531 n E^{0.5} T_{e}^{0.5} T_{i}^{0.5} + 0.0041555 n E^{0.5} T_{e}^{0.5} T_{i} + 0.0034094 n E^{0.5} T_{e} + 0.0043683 n E^{0.5} T_{e} T_{i}^{0.5} + 0.0039005 n E^{0.5} T_{i}^{0.5} - 0.00078295 n E^{0.5} T_{i}^{0.5} F + 0.0020035 n E^{0.5} T_{i}^{0.5} P^{-1} - 0.007046 n E^{0.5} T_{i}^{0.5} P + 0.004106 n E^{0.5} T_{i} + 0.0014552 n E F + 0.0068652 n E P^{-1} - 0.0073145 n E P + 0.012008 n E T_{e}^{0.5} + 0.009386 n E T_{e}^{0.5} T_{i}^{0.5} + 0.0092325 n E T_{i}^{0.5} + 0.0049863 n E T_{i}",
  "coefficients": [
    0.08853770587611004,
    0.002996121893235497,
    0.0016854756717272945,
    -0.006014974352039806,
    0.001590127085923319,
    0.0010106728159480311,
    0.0010460309263792826,
    0.001077678697404701,
    0.0005413674570677364,
    -0.0042635364412147115,
    8.040457200256262e-05,
    0.00226817344351749,
    0.000808394058378703,
    -0.00034374047144718255,
    -0.00011362302574585752,
    -0.0003632391794233007,
    -0.0002035008442793462,
    -0.00035585142333723096,
    -7.719356039876345e-06,
    9.133559283619052e-05,
    -0.0002708859509403228,
    -0.00021116464906950633,
    0.00023935646238596787,
    0.0009363813871198346,
    -0.00019040339763991317,
    -0.00017662328547255786,
    -0.0008268901886453222,
    -0.004029121341848896,
    0.00035771572155919687,
    0.00044157963617786873,
    -0.00032246882538450376,
    0.00037758320564266134,
    -7.020520381970254e-05,
    -0.00018169241573610993,
    0.00021191371459905657,
    -0.0002235472937894775,
    3.22770310619756e-05,
    -0.0009574164933379887,
    0.0002710831196358126,
    -0.00011390037028127109,
    -4.812223391909118e-06,
    0.0002110996979621506,
    0.0008502626308689365,
    0.0006026868003199126,
    0.00028867945227747536,
    -0.004652521780875945,
    -0.0024012586894316653,
    0.0038506421114770594,
    -0.0038665971646392543,
    -0.004348616409767609,
    -0.002559113843396718,
    0.0038723060270965883,
    0.00020019741264732025,
    -0.0029059362952314166,
    0.0042513473507900384,
    -0.004435793901611972,
    -0.005330421081366444,
    -0.002647020086902532,
    -0.0007371454790924747,
    -0.004610816121453881,
    -0.002679309992699225,
    0.003594616218286058,
    -0.0029133172722647046,
    -0.0009583761204202091,
    -0.0055846549265728684,
    -0.0027554936794533767,
    -0.0026400093277482257,
    0.0033256656047644766,
    0.0013229238842845598,
    0.001887131555646183,
    0.0024059772812080093,
    -0.0007779427875253296,
    -0.007308074794161893,
    0.0028815352071465848,
    8.544959142057796e-05,
    0.0025960664414481473,
    0.0028409019304652477,
    0.0017532154455183644,
    0.0025331354093662646,
    0.0032773116117739386,
    0.0008307828990867434,
    -0.004443307744842963,
    0.0038520986017613677,
    0.002591940116268743,
    0.004213858285025298,
    0.0037955853099207143,
    0.0073259449002075405
  ],
  "val_sse_masked": 0.0013285367749631405,
  "val_nrmse_masked": 0.09921260923147202,
  "val_mse_masked": 4.4284563045948744e-05,
  "val_r2_masked": 0.9901535511016846,
  "val_sse_full": 0.0013239566469565034,
  "val_nrmse_full": 0.09904143959283829,
  "val_mse_full": 4.413189162733033e-05,
  "val_r2_full": 0.9901875257492065,
  "iteration": 19,
  "p_lo_eff": 0.12967753410339355,
  "p_hi_eff": 1.9451630115509033,
  "f_lo_eff": 0.20659340918064117,
  "f_hi_eff": 1.6527472734451294
}