{
  "tag": "2_d02a03ba",
  "lmb1": 5.829906440152677e-07,
  "lmb2": 1.6412281054257346e-08,
  "nonzero_count": 85,
  "complexity_norm": 0.6854838709677419,
  "train_gen_window": 0.013654021847726797,
  "generalizability": 0.024780643526274227,
  "equation": "0.18136 E^{0.5} n P^{-0.5} + 0.078168 F dT_{e} + 0.0050793 F dT_{i} + 0.025335 F dn + 0.00085855 P^{-1} F dT_{e} + 7.5 \\cdot 10^{-5} P^{-1} F dT_{i} + 0.0084396 P^{-1} F dn - 0.00024249 P^{-1} dT_{e} - 0.00020397 P F dT_{i} - 0.13321 T_{e}^{0.5} F dT_{e} + 0.0015253 T_{e}^{0.5} F dn + 0.0061703 T_{e}^{0.5} P^{-1} dT_{e} - 0.062642 T_{e}^{0.5} P^{-1} dn + 0.024674 T_{e}^{0.5} T_{i}^{0.5} F dT_{e} - 2.6829 \\cdot 10^{-5} T_{e}^{0.5} T_{i}^{0.5} F dT_{i} - 0.05137 T_{e}^{0.5} T_{i}^{0.5} F dn + 4.4119 \\cdot 10^{-5} T_{e}^{0.5} T_{i}^{0.5} P^{-1} dT_{i} + 0.034431 T_{e}^{0.5} T_{i}^{0.5} P^{-1} dn + 0.0023884 T_{e}^{0.5} T_{i}^{0.5} P dT_{e} + 7.2556 \\cdot 10^{-6} T_{e}^{0.5} T_{i}^{0.5} P dT_{i} + 0.010241 T_{e}^{0.5} T_{i}^{0.5} P dn + 3.703 \\cdot 10^{-5} T_{e}^{0.5} T_{i}^{0.5} dT_{i} + 0.21459 T_{e}^{0.5} T_{i}^{0.5} dn - 0.00017723 T_{e}^{0.5} T_{i} dT_{e} - 3.7839 \\cdot 10^{-7} T_{e}^{0.5} T_{i} dT_{i} + 0.00050014 T_{e}^{0.5} T_{i} dn - 0.17866 T_{e}^{0.5} dn - 0.0021342 T_{e} F dT_{i} - 0.022777 T_{e} F dn + 0.0056883 T_{e} P^{-1} dn + 6.9544 \\cdot 10^{-5} T_{e} P dT_{i} - 0.0068352 T_{e} T_{i}^{0.5} dT_{e} + 0.00099617 T_{e} T_{i} dT_{e} - 4.0368 \\cdot 10^{-7} T_{e} T_{i} dT_{i} + 0.00042527 T_{e} T_{i} dn + 0.0021609 T_{e} dT_{e} - 2.7162 \\cdot 10^{-5} T_{e} dT_{i} - 0.00099036 T_{e} dn + 0.010073 T_{i}^{0.5} F dT_{e} + 0.0025765 T_{i}^{0.5} F dn + 0.0011065 T_{i}^{0.5} P^{-1} dT_{e} - 2.9965 \\cdot 10^{-5} T_{i}^{0.5} P^{-1} dT_{i} + 0.012223 T_{i}^{0.5} P^{-1} dn - 7.6382 \\cdot 10^{-6} T_{i}^{0.5} P dT_{i} + 0.02032 T_{i}^{0.5} P dn + 0.0014654 T_{i}^{0.5} dT_{e} + 4.3493 \\cdot 10^{-6} T_{i}^{0.5} dT_{i} - 0.0046709 T_{i}^{0.5} dn - 0.0050267 T_{i} F dT_{e} - 2.8026 \\cdot 10^{-5} T_{i} F dT_{i} - 6.0241 \\cdot 10^{-5} T_{i} P^{-1} dT_{e} - 0.0087166 T_{i} P^{-1} dn - 0.00034509 T_{i} P dT_{e} - 0.013929 T_{i} P dn - 0.00045214 T_{i} dT_{e} - 0.050907 T_{i} dn - 0.0043073 dT_{e} - 0.00078846 dT_{i} + 0.0022147 n^{-1} F dn + 0.0059999 n^{-1} P^{-1} dn - 0.01353 n^{-1} T_{e}^{0.5} T_{i}^{0.5} dn - 0.0050402 n^{-1} T_{e}^{0.5} dn - 0.0014846 n^{-1} T_{e} dn + 0.012644 n^{-1} T_{i}^{0.5} dn + 0.00069115 n^{-1} T_{i} dn - 0.0028773 n^{-1} dn - 0.29579 n E^{0.5} - 0.063684 n E^{0.5} P^{-1} - 0.0062389 n E^{0.5} T_{e}^{0.5} P^{-1} - 0.00182 n E^{0.5} T_{e}^{0.5} T_{i}^{0.5} + 0.037258 n E^{0.5} T_{e}^{0.5} T_{i} - 0.040973 n E^{0.5} T_{e} + 0.0018014 n E^{0.5} T_{e} T_{i}^{0.5} + 0.0014881 n E^{0.5} T_{i}^{0.5} - 0.012706 n E^{0.5} T_{i}^{0.5} F + 0.049336 n E^{0.5} T_{i}^{0.5} P^{-1} + 0.019628 n E^{0.5} T_{i}^{0.5} P + 0.17073 n E^{0.5} T_{i} - 0.052544 n E F - 0.024355 n E P^{-1} - 0.0095695 n E P + 0.74082 n E T_{e}^{0.5} - 0.52826 n E T_{e}^{0.5} T_{i}^{0.5} - 0.10319 n E T_{i}^{0.5} + 0.030723 n E T_{i}",
  "coefficients": [
    0.08853771837101243,
    0.013732051424365285,
    -0.004311604078589912,
    0.0011271813475365626,
    0.053756205683219496,
    0.012985975553402529,
    -0.007734271814712101,
    -0.06562184206684053,
    -0.0024428696840670234,
    0.0026591287569272567,
    -0.047354177462880925,
    0.07991736999244949,
    -0.0031689015006577444,
    -0.013369761334698903,
    0.0016551148257231171,
    -0.0032229538763652705,
    -0.019293395690781447,
    0.024471539570513456,
    0.016918479813288444,
    -0.0032301794891191624,
    0.003554375733710055,
    -0.0012044434325155645,
    -0.0023721545618029423,
    -0.05102580773769087,
    0.006581701771267574,
    -0.0015476589316854423,
    -0.0004324009817836339,
    0.0009298242337408562,
    -0.005567169724888249,
    0.029435131626421127,
    0.006295312483300909,
    0.005615064175676641,
    0.012041499757702903,
    -0.0014581430786616317,
    -0.007794309561214868,
    -0.02586707588536954,
    -0.006115224925200878,
    0.012631839323992722,
    -0.055399301084054,
    0.03355410645492587,
    0.010519422924432678,
    -0.003559447378114422,
    0.0031503074620193253,
    -0.03334772221914212,
    0.023535467052001845,
    0.010667662791754948,
    0.027104379922768297,
    -6.971813756794431e-05,
    0.01310626114446509,
    -0.003702802483440346,
    0.003156179352520983,
    0.026536211693712602,
    -0.01359482806819506,
    -0.0481876331715446,
    -0.020841563208338753,
    -0.056466056302315645,
    -0.11780347809230703,
    0.001576965130448214,
    0.042486380212552695,
    0.16408369998318914,
    -0.06101833282473474,
    0.01277406500897632,
    0.0004630700568927105,
    0.005939693849186721,
    -0.0006294886308159794,
    -0.02281697978157862,
    0.0003902433671779436,
    -0.04869070335992669,
    -0.1632730533225538,
    0.04646999452880922,
    0.0009179460162806949,
    -0.01262471814290437,
    0.020358011567043068,
    0.11981663325169445,
    -0.005522097599418219,
    -0.0010854034121933758,
    0.025471500779520505,
    -0.02106916376409044,
    0.0010446238281034046,
    -0.011626859108951636,
    -0.02999680838971521,
    -0.005813127974907804,
    -0.04305517517646524,
    0.015970423044478585,
    0.25996024727388034,
    -0.21361994406704737,
    0.0890391416377426
  ],
  "val_sse_masked": 0.00013490367564372718,
  "val_nrmse_masked": 0.03161491081118584,
  "val_mse_masked": 4.49678964287159e-06,
  "val_r2_masked": 0.9990001916885376,
  "val_sse_full": 0.0001344508200418204,
  "val_nrmse_full": 0.031561803072690964,
  "val_mse_full": 4.481694304558914e-06,
  "val_r2_full": 0.999003529548645,
  "iteration": 2,
  "p_lo_eff": 0.12967753410339355,
  "p_hi_eff": 1.9451630115509033,
  "f_lo_eff": 0.20659340918064117,
  "f_hi_eff": 1.6527472734451294
}