{
  "tag": "108_cd9f1a07",
  "lmb1": 0.00028073828283506575,
  "lmb2": 6.274141004662505e-08,
  "nonzero_count": 26,
  "complexity_norm": 0.20967741935483872,
  "train_gen_window": 0.04978763950011034,
  "generalizability": 0.04746854356670374,
  "equation": "0.055449 E^{0.5} n P^{-0.5} + 4.0728 \\cdot 10^{-5} F dT_{i} - 0.0039065 P^{-1} F dT_{e} - 6.2964 \\cdot 10^{-5} P^{-1} F dT_{i} - 0.0035205 P^{-1} F dn + 0.00046812 P dn - 0.0049571 T_{e}^{0.5} P^{-1} dn + 0.00012103 T_{e}^{0.5} T_{i}^{0.5} P dn - 0.00022289 T_{e}^{0.5} T_{i}^{0.5} dn + 3.3616 \\cdot 10^{-5} T_{e} T_{i}^{0.5} dT_{e} - 0.068628 T_{e} dn + 9.3535 \\cdot 10^{-5} T_{i}^{0.5} F dT_{e} - 0.0059795 T_{i}^{0.5} P^{-1} dn + 0.0010812 T_{i}^{0.5} P dn + 7.6454 \\cdot 10^{-5} T_{i}^{0.5} dT_{e} + 5.7988 \\cdot 10^{-6} T_{i} P^{-1} dT_{e} + 0.0077016 T_{i} P dn - 0.0062791 n^{-1} F dn + 0.0013852 n^{-1} P^{-1} dn + 0.00065067 n^{-1} dn - 0.0051485 n E^{0.5} T_{e}^{0.5} P^{-1} + 0.00045316 n E^{0.5} T_{e}^{0.5} T_{i} - 0.020892 n E^{0.5} T_{i}^{0.5} P + 0.00038023 n E^{0.5} T_{i} + 0.056753 n E T_{e}^{0.5} T_{i}^{0.5} + 0.00060584 n E T_{i}^{0.5}",
  "coefficients": [
    0.0885377029642968,
    0.0031703857441614755,
    0.0009750074000586643,
    -0.003195711259114856,
    7.818797625595484e-07,
    -7.131209417705196e-06,
    1.5471330665639023e-05,
    -2.9615194952493737e-06,
    4.232502442093191e-06,
    -0.0022323812068959694,
    7.2953934707682876e-06,
    0.0006408210010945146,
    1.8085077795164273e-05,
    -5.590961281411081e-06,
    2.816818125939448e-06,
    8.682132919799136e-06,
    -2.1391221621092564e-06,
    -5.636577584701382e-06,
    2.8414833747344435e-06,
    8.187924611675704e-07,
    9.729214278252488e-06,
    5.914042352399553e-08,
    9.360845082144869e-06,
    2.205652177504773e-05,
    1.5880534947238596e-05,
    -1.2388953154081532e-07,
    7.10399455849746e-06,
    -0.0042308522774251916,
    2.3839477325734514e-05,
    4.432596962909307e-05,
    5.390903017757752e-05,
    0.0002929613319347781,
    0.0001118164919938238,
    0.00014036051452223926,
    5.4084239566563214e-05,
    9.2327838370831e-05,
    1.116921037006887e-05,
    4.91822624597747e-06,
    3.513202797624187e-05,
    6.719115470185345e-05,
    1.533670751980707e-05,
    3.86307921636566e-05,
    8.98860594774883e-05,
    0.000164006838315968,
    2.8597858579013618e-05,
    -0.004449854806564593,
    -6.993820714703587e-06,
    0.0005416438733555572,
    -0.006411426957158053,
    -3.6815334682393425e-05,
    -2.2348955903662815e-05,
    0.0014119420537411984,
    3.177479860719208e-06,
    -3.0387477206454717e-05,
    0.011524013206350093,
    -0.004468357743497703,
    -5.952318402158308e-05,
    -9.644841870116999e-06,
    5.2236545415925375e-08,
    -0.00017042507627446126,
    -2.9381522572262656e-05,
    0.00015097057166828877,
    -5.5785570193919684e-05,
    1.0763384628053845e-06,
    -0.04362141728637172,
    -1.1491108994437935e-05,
    -6.13957447057403e-05,
    -1.2852090582754657e-06,
    -2.3292075312752925e-06,
    1.5561487172162643e-06,
    1.330597987955077e-05,
    -1.4143237223701254e-05,
    -0.021668621425170686,
    0.00026683905240401483,
    -0.004556979261370742,
    1.6712987879166733e-05,
    0.00030980282621998704,
    -1.072144960096028e-06,
    1.541897177253104e-05,
    3.7578445441652454e-05,
    -1.0892383645715578e-06,
    -7.953632109118135e-05,
    0.000252777683875497,
    9.203080319176829e-05,
    8.968213246119826e-05,
    0.02295031146558023,
    0.027222551068820874
  ],
  "val_sse_masked": 0.000743609038181603,
  "val_nrmse_masked": 0.07422538101673126,
  "val_mse_masked": 2.478697024344001e-05,
  "val_r2_masked": 0.9944887757301331,
  "val_sse_full": 0.0007271046051755548,
  "val_nrmse_full": 0.07339703291654587,
  "val_mse_full": 2.4236822355305776e-05,
  "val_r2_full": 0.9946110844612122,
  "iteration": 108,
  "p_lo_eff": 0.12967753410339355,
  "p_hi_eff": 1.9451630115509033,
  "f_lo_eff": 0.20659340918064117,
  "f_hi_eff": 1.6527472734451294
}