{
  "tag": "238_a183ce2b",
  "lmb1": 1.0423320814936567e-05,
  "lmb2": 7.309779596304145e-06,
  "nonzero_count": 80,
  "complexity_norm": 0.6451612903225806,
  "train_gen_window": 0.025553065789813083,
  "generalizability": 0.02804301265141973,
  "equation": "0.11346 E^{0.5} n P^{-0.5} - 0.00026693 F dT_{e} + 0.0015714 F dT_{i} - 0.00066457 F dn - 0.00094298 P^{-1} F dT_{e} + 6.134 \\cdot 10^{-5} P^{-1} F dT_{i} + 0.00013033 P^{-1} dT_{e} + 8.0823 \\cdot 10^{-6} P F dT_{i} - 0.00092054 P dn - 0.002789 T_{e}^{0.5} F dT_{e} - 0.0014719 T_{e}^{0.5} F dn + 7.2615 \\cdot 10^{-5} T_{e}^{0.5} P^{-1} dT_{e} - 0.053423 T_{e}^{0.5} P^{-1} dn + 0.0015702 T_{e}^{0.5} T_{i}^{0.5} F dT_{e} - 3.5048 \\cdot 10^{-6} T_{e}^{0.5} T_{i}^{0.5} F dT_{i} - 0.012069 T_{e}^{0.5} T_{i}^{0.5} F dn - 1.738 \\cdot 10^{-6} T_{e}^{0.5} T_{i}^{0.5} P^{-1} dT_{i} + 0.019107 T_{e}^{0.5} T_{i}^{0.5} P^{-1} dn + 0.00061962 T_{e}^{0.5} T_{i}^{0.5} P dT_{e} + 2.2396 \\cdot 10^{-6} T_{e}^{0.5} T_{i}^{0.5} P dT_{i} + 0.00094303 T_{e}^{0.5} T_{i}^{0.5} P dn + 0.00018341 T_{e}^{0.5} T_{i}^{0.5} dn - 9.85 \\cdot 10^{-5} T_{e}^{0.5} T_{i} dT_{e} + 0.0016089 T_{e}^{0.5} T_{i} dn - 0.040024 T_{e}^{0.5} dn - 1.0299 \\cdot 10^{-5} T_{e} F dT_{i} - 0.0040447 T_{e} F dn + 0.024612 T_{e} P^{-1} dn + 2.311 \\cdot 10^{-5} T_{e} P dT_{i} - 0.00020171 T_{e} T_{i}^{0.5} dT_{e} - 0.00012038 T_{e} T_{i} dT_{e} + 0.0073392 T_{e} T_{i} dn - 0.0038451 T_{e} dT_{e} - 0.00028902 T_{e} dT_{i} - 0.024717 T_{e} dn + 0.0011454 T_{i}^{0.5} F dT_{e} - 0.0015076 T_{i}^{0.5} F dn + 0.0014737 T_{i}^{0.5} P^{-1} dT_{e} - 4.9322 \\cdot 10^{-6} T_{i}^{0.5} P^{-1} dT_{i} - 0.0026864 T_{i}^{0.5} P^{-1} dn + 1.2407 \\cdot 10^{-6} T_{i}^{0.5} P dT_{i} + 0.00028916 T_{i}^{0.5} P dn - 6.0205 \\cdot 10^{-5} T_{i}^{0.5} dT_{e} - 3.612 \\cdot 10^{-7} T_{i}^{0.5} dT_{i} + 5.6599 \\cdot 10^{-5} T_{i} F dT_{e} - 4.9036 \\cdot 10^{-7} T_{i} F dT_{i} + 9.772 \\cdot 10^{-5} T_{i} P^{-1} dn + 3.2871 \\cdot 10^{-5} T_{i} P dT_{e} + 0.012369 T_{i} P dn - 5.545 \\cdot 10^{-5} T_{i} dT_{e} + 0.0011719 T_{i} dn - 8.4605 \\cdot 10^{-5} dT_{e} - 5.9142 \\cdot 10^{-5} dT_{i} - 0.0023673 n^{-1} F dn + 0.0034633 n^{-1} P^{-1} dn - 0.00035212 n^{-1} T_{e}^{0.5} T_{i}^{0.5} dn - 0.0004014 n^{-1} T_{e}^{0.5} dn - 0.00035114 n^{-1} T_{e} dn - 0.00013252 n^{-1} T_{i}^{0.5} dn - 0.00050141 n^{-1} T_{i} dn - 0.00015031 n^{-1} dn - 0.11307 n E^{0.5} - 0.00044736 n E^{0.5} P^{-1} - 0.024974 n E^{0.5} T_{e}^{0.5} P^{-1} + 0.00080479 n E^{0.5} T_{e}^{0.5} T_{i}^{0.5} + 0.058788 n E^{0.5} T_{e}^{0.5} T_{i} - 0.00027141 n E^{0.5} T_{e} + 0.0033336 n E^{0.5} T_{e} T_{i}^{0.5} + 0.0003301 n E^{0.5} T_{i}^{0.5} - 0.022985 n E^{0.5} T_{i}^{0.5} F + 0.0051442 n E^{0.5} T_{i}^{0.5} P^{-1} + 0.0028995 n E^{0.5} T_{i}^{0.5} P + 0.018407 n E^{0.5} T_{i} - 0.00056061 n E F + 0.018806 n E P^{-1} - 0.00060607 n E P + 0.051436 n E T_{e}^{0.5} - 0.00055542 n E T_{e}^{0.5} T_{i}^{0.5} - 0.00030879 n E T_{i}^{0.5} - 0.035535 n E T_{i}",
  "coefficients": [
    0.0885377110099349,
    0.007926616225008981,
    -0.00022523753135151293,
    -0.0012048249999542897,
    -0.0005633868051247348,
    -0.009420966969123342,
    -0.0006159534965537005,
    -0.0017077454348780668,
    -0.0005777728532933438,
    0.00217478787572386,
    -0.0035519820757386323,
    0.024724774880732773,
    0.0001255665174368946,
    -0.002200631348302701,
    -0.0001374539456852051,
    0.000523517440621911,
    -0.0003375648721090774,
    -0.0009640071102054652,
    -4.373470229393999e-05,
    -0.00042197197249586285,
    0.0010971560978937124,
    -9.334923623904162e-05,
    -0.02524148695676476,
    -0.0002462353498206849,
    0.002187201840772276,
    2.249172601502094e-05,
    0.00023240453665892462,
    -0.0010212638861556117,
    -0.0001093509137557382,
    -0.00010051700015018504,
    0.008384323776084267,
    -0.00023069859550448843,
    0.0013692496191079553,
    8.528825209704115e-05,
    -0.0009558831686892393,
    0.00029125777844870394,
    0.0005825028478042397,
    0.00014865759672389478,
    -0.0011599087204652461,
    0.002135319127330383,
    0.0027291080621614956,
    -0.0019782198176782413,
    -0.005605725863738511,
    -0.0009841108388787758,
    -0.0028440365157067,
    9.091205992025687e-05,
    -0.0007109833753965833,
    -0.001065122835011017,
    -0.0028804309636212555,
    9.177415710845082e-05,
    -0.001846740228331717,
    0.0003776249007241046,
    0.0001524095529795907,
    0.0011092940260715378,
    0.018507273478905104,
    -0.048156061790035294,
    -0.02639024527876963,
    -0.0015217420224575714,
    0.023576616699534446,
    0.0001402428925389894,
    -0.01433560176537628,
    0.001176334553499685,
    0.0014896810613515582,
    0.025699852316857296,
    -0.01571076745807915,
    -0.004051854201478377,
    0.006734668249599913,
    -0.0003420373531197531,
    -0.06241426441670539,
    0.0048454046480867876,
    0.00020361819437013037,
    -0.02283787072484289,
    0.0030073448356349422,
    0.012917522938813552,
    -0.022104390206603982,
    0.00047994787293023286,
    0.04019047185519346,
    -0.00013956473176892796,
    0.0019331549335914232,
    0.008977448781733096,
    -0.0003200440793762057,
    -0.00036816498774302944,
    -0.00012883716610246064,
    -0.01847173992970434,
    0.01804923817811567,
    -0.00022460510585667844,
    0.055705145220393514
  ],
  "val_sse_masked": 0.000251238961936906,
  "val_nrmse_masked": 0.04314431548118591,
  "val_mse_masked": 8.374632670893334e-06,
  "val_r2_masked": 0.9981379508972168,
  "val_sse_full": 0.00024995257263071835,
  "val_nrmse_full": 0.043033719062805176,
  "val_mse_full": 8.331752724188846e-06,
  "val_r2_full": 0.9981474876403809,
  "iteration": 238,
  "p_lo_eff": 0.12967753410339355,
  "p_hi_eff": 1.9451630115509033,
  "f_lo_eff": 0.20659340918064117,
  "f_hi_eff": 1.6527472734451294
}