{
  "tag": "166_b5f1f448",
  "lmb1": 1.3024258112840784e-08,
  "lmb2": 3.462743355092666e-08,
  "nonzero_count": 86,
  "complexity_norm": 0.6935483870967742,
  "train_gen_window": 0.015191959158141281,
  "generalizability": 0.03182711700053208,
  "equation": "0.11264 E^{0.5} n P^{-0.5} + 0.080499 F dT_{e} + 0.0091948 F dT_{i} - 0.028569 F dn - 0.0021625 P^{-1} F dT_{e} - 0.00069581 P^{-1} F dT_{i} + 0.010333 P^{-1} F dn - 0.0029687 P^{-1} dT_{e} - 0.0020293 P F dT_{i} - 0.023611 P dn - 0.12352 T_{e}^{0.5} F dT_{e} + 0.18373 T_{e}^{0.5} F dn + 0.0094286 T_{e}^{0.5} P^{-1} dT_{e} - 0.060373 T_{e}^{0.5} P^{-1} dn + 0.027455 T_{e}^{0.5} T_{i}^{0.5} F dT_{e} - 0.003562 T_{e}^{0.5} T_{i}^{0.5} F dT_{i} - 0.071871 T_{e}^{0.5} T_{i}^{0.5} F dn + 0.001125 T_{e}^{0.5} T_{i}^{0.5} P^{-1} dT_{i} + 0.016564 T_{e}^{0.5} T_{i}^{0.5} P^{-1} dn + 0.0010959 T_{e}^{0.5} T_{i}^{0.5} P dT_{e} + 0.00031369 T_{e}^{0.5} T_{i}^{0.5} P dT_{i} + 0.023088 T_{e}^{0.5} T_{i}^{0.5} P dn + 0.00061935 T_{e}^{0.5} T_{i}^{0.5} dT_{i} + 0.23387 T_{e}^{0.5} T_{i}^{0.5} dn - 0.027416 T_{e}^{0.5} T_{i} dT_{e} + 7.8374 \\cdot 10^{-5} T_{e}^{0.5} T_{i} dT_{i} - 0.24415 T_{e}^{0.5} T_{i} dn - 0.26478 T_{e}^{0.5} dn + 0.0013882 T_{e} F dT_{i} - 0.16278 T_{e} F dn + 0.011928 T_{e} P^{-1} dn + 0.00091669 T_{e} P dT_{i} - 0.0069046 T_{e} T_{i}^{0.5} dT_{e} + 0.011701 T_{e} T_{i} dT_{e} - 9.3548 \\cdot 10^{-5} T_{e} T_{i} dT_{i} + 0.086071 T_{e} T_{i} dn + 0.014575 T_{e} dT_{e} - 0.002808 T_{e} dT_{i} + 0.085566 T_{e} dn + 0.033947 T_{i}^{0.5} F dT_{e} + 0.029297 T_{i}^{0.5} F dn - 0.0046939 T_{i}^{0.5} P^{-1} dT_{e} - 0.00098429 T_{i}^{0.5} P^{-1} dT_{i} + 0.018356 T_{i}^{0.5} P^{-1} dn - 0.00053407 T_{i}^{0.5} P dT_{i} + 0.051383 T_{i}^{0.5} P dn + 0.00093075 T_{i}^{0.5} dT_{e} + 0.00023563 T_{i}^{0.5} dT_{i} - 0.015958 T_{i}^{0.5} dn - 0.023063 T_{i} F dT_{e} + 7.4393 \\cdot 10^{-5} T_{i} F dT_{i} + 0.0021034 T_{i} P^{-1} dT_{e} - 0.0032719 T_{i} P^{-1} dn - 0.00059022 T_{i} P dT_{e} - 0.040457 T_{i} P dn + 0.019176 T_{i} dT_{e} + 0.10442 T_{i} dn - 0.018773 dT_{e} + 0.00023126 dT_{i} + 0.017257 n^{-1} F dn + 0.0014326 n^{-1} P^{-1} dn - 0.030308 n^{-1} T_{e}^{0.5} T_{i}^{0.5} dn - 0.057236 n^{-1} T_{e}^{0.5} dn + 0.048938 n^{-1} T_{e} dn + 0.022499 n^{-1} T_{i}^{0.5} dn + 0.0025206 n^{-1} T_{i} dn + 0.0080198 n^{-1} dn - 0.34916 n E^{0.5} - 0.053406 n E^{0.5} P^{-1} - 0.0088459 n E^{0.5} T_{e}^{0.5} P^{-1} - 0.051082 n E^{0.5} T_{e}^{0.5} T_{i}^{0.5} + 0.070584 n E^{0.5} T_{e}^{0.5} T_{i} + 0.0062013 n E^{0.5} T_{e} - 0.058659 n E^{0.5} T_{e} T_{i}^{0.5} + 0.19323 n E^{0.5} T_{i}^{0.5} - 0.01143 n E^{0.5} T_{i}^{0.5} F + 0.068478 n E^{0.5} T_{i}^{0.5} P^{-1} + 0.0092253 n E^{0.5} T_{i}^{0.5} P + 0.11247 n E^{0.5} T_{i} - 0.062352 n E F - 0.036468 n E P^{-1} - 0.019277 n E P + 1.0231 n E T_{e}^{0.5} - 0.8808 n E T_{e}^{0.5} T_{i}^{0.5} - 0.14963 n E T_{i}^{0.5} + 0.18486 n E T_{i}",
  "coefficients": [
    0.08853774138408571,
    0.0032787722504240557,
    0.012017343562442245,
    0.008782852877729147,
    0.09565171024691421,
    0.04735831372038732,
    -0.08782951279168047,
    -0.14699040945159117,
    0.08052316458433825,
    -0.024669872117647484,
    0.013889352541359257,
    0.14467089847720357,
    -0.031526828873144064,
    -0.4391723161809913,
    0.08966806981114206,
    -0.22535235440951779,
    0.051212746361021466,
    0.6240176752553698,
    0.28297468417824245,
    -0.42885934691791416,
    0.15366861881752966,
    0.24947248835514152,
    -0.2452382775592009,
    0.033190621215551996,
    0.08675648402207523,
    -0.3586567795612914,
    -0.005293637094574033,
    -0.002342050047467431,
    -0.0242634431682294,
    0.030312974349007205,
    -0.026705231616417135,
    0.003566508353680803,
    0.04058214755593939,
    0.050912605712130465,
    0.3305634700638007,
    -0.11868280979799989,
    -0.01045926743826256,
    0.019302259001615835,
    -0.05137188800547743,
    0.03733478856285091,
    0.004826989944036408,
    -0.550610846502876,
    0.021248950930466054,
    -0.03368642303817668,
    0.27644744173591873,
    0.013061339169947117,
    -0.030564863320313107,
    -0.027319714686572655,
    0.019682391518136277,
    -0.012651006044672009,
    0.03588819818314418,
    0.06710219722392863,
    -0.005103002805863482,
    0.09884011906880255,
    -0.06053592060628682,
    -0.054421311342554346,
    -0.17458306325236742,
    0.18994864008070697,
    0.020439054966406217,
    0.17882300835533452,
    -0.08536969906756087,
    0.028799751342250796,
    -0.22605711390248873,
    0.012454678912224043,
    0.05438740596218983,
    -0.16306538892889438,
    0.07898094054203256,
    -0.04083256611026767,
    -0.1927335673225372,
    0.06449968388991109,
    0.11919419515922605,
    -0.011357018008832348,
    0.009568435524218155,
    0.07893162438340473,
    -0.007829510250768834,
    -0.03046353623921516,
    0.04825510708147207,
    0.003188890821746476,
    -0.034015757341663455,
    -0.017409328590566375,
    -0.03559572202038622,
    -0.011709981141724168,
    -0.06242867025659085,
    0.09609487958746793,
    0.3590012450033202,
    -0.3561819874330582,
    0.05529960650332272
  ],
  "val_sse_masked": 0.0001250138448085636,
  "val_nrmse_masked": 0.030434004962444305,
  "val_mse_masked": 4.167128281551413e-06,
  "val_r2_masked": 0.9990734457969666,
  "val_sse_full": 0.0001250138448085636,
  "val_nrmse_full": 0.030434004962444305,
  "val_mse_full": 4.167128281551413e-06,
  "val_r2_full": 0.9990734457969666,
  "iteration": 166,
  "p_lo_eff": 0.12967753410339355,
  "p_hi_eff": 1.9451630115509033,
  "f_lo_eff": 0.20659340918064117,
  "f_hi_eff": 1.6527472734451294
}