{
  "tag": "276_0e9cce73",
  "lmb1": 0.0021747578805774073,
  "lmb2": 1.3031969394071093e-06,
  "nonzero_count": 12,
  "complexity_norm": 0.0967741935483871,
  "train_gen_window": 0.097118589946579,
  "generalizability": 0.10540110006116142,
  "equation": "0.068719 E^{0.5} n P^{-0.5} - 0.0041611 P^{-1} F dT_{e} - 2.692 \\cdot 10^{-5} P^{-1} F dT_{i} - 0.0048805 P^{-1} F dn - 0.00037665 T_{e}^{0.5} T_{i}^{0.5} F dn - 0.039935 T_{e}^{0.5} T_{i}^{0.5} dn - 0.00027754 T_{e} dn - 0.010518 T_{i}^{0.5} P^{-1} dn + 0.00034925 n^{-1} P^{-1} dn + 9.6406 \\cdot 10^{-5} n^{-1} T_{i}^{0.5} dn - 0.010057 n E^{0.5} T_{i}^{0.5} P + 0.018809 n E T_{e}^{0.5} T_{i}^{0.5}",
  "coefficients": [
    0.08853770623192153,
    0.0007993378102951338,
    1.2382065271795324e-05,
    -1.2860507810116526e-06,
    0.0004098584636836971,
    5.457668232825782e-06,
    8.040870514152405e-06,
    1.0553739038150505e-05,
    5.916984222001358e-06,
    -0.0009544568790315887,
    -1.857806485814885e-06,
    -4.575999830214345e-07,
    -1.2469517152712574e-06,
    -1.5701035892159038e-06,
    -1.441793302995267e-06,
    -1.630863793993442e-06,
    -1.0986024457213674e-06,
    -1.5915084167344669e-06,
    -1.4415789246767159e-06,
    -1.2353739395630906e-06,
    -1.6205296028663262e-06,
    -1.1425965708654486e-06,
    -1.8003967960580594e-06,
    -1.043081614000854e-06,
    -2.4675570687321113e-06,
    -1.1631001527520378e-06,
    -2.2720854614917796e-06,
    -0.004506530772407851,
    -8.914004052165025e-07,
    -6.579686534378468e-07,
    -8.278651518376063e-07,
    -4.337115565956835e-07,
    -4.998597049618714e-07,
    -1.0844525558333596e-07,
    9.707346706117895e-08,
    -5.0263155478472856e-08,
    -9.839488491614136e-08,
    -2.4575753494749685e-06,
    -7.320789024745825e-07,
    -4.656541711818306e-07,
    -6.73997683097316e-07,
    1.8717533938993383e-07,
    -6.417484965337991e-07,
    -1.8967942388506204e-07,
    2.680096950831212e-07,
    -0.006168974725981408,
    -3.773434010375508e-06,
    5.6195029526126935e-06,
    -0.011277742453806484,
    -1.3472623838234044e-05,
    -2.2577632979644527e-05,
    4.034132875836699e-06,
    -1.5566609994711768e-06,
    -6.142110621619264e-06,
    4.640162418143983e-06,
    -7.734789424190498e-06,
    -1.335752810528231e-05,
    -5.180321745300854e-06,
    -1.972554364281362e-06,
    -0.030535099454684914,
    -0.0004473861881525798,
    2.9013289331995477e-06,
    -7.827536189401523e-06,
    -1.16935074225285e-06,
    -0.00017640793451238128,
    -6.906851823918145e-06,
    -7.081954429635102e-06,
    7.166517373082641e-07,
    7.809434804566476e-07,
    1.3259301549826423e-06,
    2.6231876726062553e-06,
    9.712996499798056e-07,
    -0.01043144512408121,
    1.1881878497727475e-05,
    -2.523292758660517e-07,
    3.2088670963414724e-06,
    1.7006258339308756e-05,
    1.0258950484882586e-06,
    3.4881405806149115e-06,
    4.702479045918756e-06,
    2.0908084264616264e-06,
    -3.886501000907182e-06,
    3.0530531012304746e-05,
    6.700768416665516e-06,
    8.022786105903009e-06,
    0.007606040905320905,
    0.03373777922073388
  ],
  "val_sse_masked": 0.002332366071641445,
  "val_nrmse_masked": 0.13145539164543152,
  "val_mse_masked": 7.774554251227528e-05,
  "val_r2_masked": 0.9827136993408203,
  "val_sse_full": 0.0022953420411795378,
  "val_nrmse_full": 0.13040786981582642,
  "val_mse_full": 7.651140913367271e-05,
  "val_r2_full": 0.9829881191253662,
  "iteration": 276,
  "p_lo_eff": 0.12967753410339355,
  "p_hi_eff": 1.9451630115509033,
  "f_lo_eff": 0.20659340918064117,
  "f_hi_eff": 1.6527472734451294
}