{
  "tag": "317_b198f604",
  "lmb1": 7.824514055099332e-08,
  "lmb2": 0.001330575017872707,
  "nonzero_count": 86,
  "complexity_norm": 0.6935483870967742,
  "train_gen_window": 0.0264144874371867,
  "generalizability": 0.030744695543334845,
  "equation": "0.056805 E^{0.5} n P^{-0.5} - 0.0048144 F dT_{e} + 0.0011969 F dT_{i} - 0.002538 F dn - 0.0035431 P^{-1} F dT_{e} - 5.0624 \\cdot 10^{-5} P^{-1} F dT_{i} - 0.0016213 P^{-1} F dn + 0.00039281 P^{-1} dT_{e} - 0.00027709 P F dT_{i} - 0.002779 P dn - 0.0055791 T_{e}^{0.5} F dT_{e} - 0.0054552 T_{e}^{0.5} F dn + 0.0015665 T_{e}^{0.5} P^{-1} dT_{e} - 0.021854 T_{e}^{0.5} P^{-1} dn + 0.0026007 T_{e}^{0.5} T_{i}^{0.5} F dT_{e} - 1.6456 \\cdot 10^{-5} T_{e}^{0.5} T_{i}^{0.5} F dT_{i} - 0.0073877 T_{e}^{0.5} T_{i}^{0.5} F dn - 1.005 \\cdot 10^{-5} T_{e}^{0.5} T_{i}^{0.5} P^{-1} dT_{i} + 0.0089725 T_{e}^{0.5} T_{i}^{0.5} P^{-1} dn + 0.00088612 T_{e}^{0.5} T_{i}^{0.5} P dT_{e} + 3.2634 \\cdot 10^{-6} T_{e}^{0.5} T_{i}^{0.5} P dT_{i} + 0.0040297 T_{e}^{0.5} T_{i}^{0.5} P dn - 3.8328 \\cdot 10^{-6} T_{e}^{0.5} T_{i}^{0.5} dT_{i} - 0.0052207 T_{e}^{0.5} T_{i}^{0.5} dn - 0.00017942 T_{e}^{0.5} T_{i} dT_{e} + 3.9825 \\cdot 10^{-7} T_{e}^{0.5} T_{i} dT_{i} + 0.0041727 T_{e}^{0.5} T_{i} dn - 0.016199 T_{e}^{0.5} dn + 0.00020102 T_{e} F dT_{i} - 0.0071893 T_{e} F dn + 0.012491 T_{e} P^{-1} dn + 2.7419 \\cdot 10^{-5} T_{e} P dT_{i} - 0.00044767 T_{e} T_{i}^{0.5} dT_{e} - 0.00018973 T_{e} T_{i} dT_{e} + 6.8413 \\cdot 10^{-7} T_{e} T_{i} dT_{i} + 0.003864 T_{e} T_{i} dn - 0.0018413 T_{e} dT_{e} - 7.6375 \\cdot 10^{-5} T_{e} dT_{i} - 0.022378 T_{e} dn + 0.0013605 T_{i}^{0.5} F dT_{e} - 0.0054425 T_{i}^{0.5} F dn + 0.0011932 T_{i}^{0.5} P^{-1} dT_{e} - 1.2553 \\cdot 10^{-5} T_{i}^{0.5} P^{-1} dT_{i} - 0.016884 T_{i}^{0.5} P^{-1} dn - 9.5688 \\cdot 10^{-7} T_{i}^{0.5} P dT_{i} + 0.0036196 T_{i}^{0.5} P dn - 0.00041696 T_{i}^{0.5} dT_{e} - 7.1006 \\cdot 10^{-6} T_{i}^{0.5} dT_{i} - 0.00087317 T_{i}^{0.5} dn + 6.4136 \\cdot 10^{-5} T_{i} F dT_{e} + 2.3129 \\cdot 10^{-6} T_{i} F dT_{i} + 9.2667 \\cdot 10^{-5} T_{i} P^{-1} dT_{e} + 0.0059186 T_{i} P^{-1} dn + 0.00025633 T_{i} P dT_{e} + 0.0076426 T_{i} P dn - 0.00015866 T_{i} dT_{e} + 0.0064471 T_{i} dn - 0.00019685 dT_{e} - 9.5966 \\cdot 10^{-5} dT_{i} - 0.025813 n^{-1} F dn + 0.0041425 n^{-1} P^{-1} dn - 0.00012656 n^{-1} T_{e}^{0.5} T_{i}^{0.5} dn + 0.0011222 n^{-1} T_{e}^{0.5} dn + 0.0018351 n^{-1} T_{e} dn - 3.1343 \\cdot 10^{-5} n^{-1} T_{i}^{0.5} dn - 0.00034192 n^{-1} T_{i} dn + 0.0007029 n^{-1} dn - 0.026404 n E^{0.5} + 0.011453 n E^{0.5} P^{-1} - 0.020484 n E^{0.5} T_{e}^{0.5} P^{-1} + 0.0067447 n E^{0.5} T_{e}^{0.5} T_{i}^{0.5} + 0.013916 n E^{0.5} T_{e}^{0.5} T_{i} - 0.0086246 n E^{0.5} T_{e} + 0.011401 n E^{0.5} T_{e} T_{i}^{0.5} - 0.00066982 n E^{0.5} T_{i}^{0.5} - 0.017925 n E^{0.5} T_{i}^{0.5} F + 0.0044005 n E^{0.5} T_{i}^{0.5} P^{-1} - 0.007205 n E^{0.5} T_{i}^{0.5} P + 0.010373 n E^{0.5} T_{i} - 0.013461 n E F + 0.013992 n E P^{-1} - 0.0035176 n E P + 0.033414 n E T_{e}^{0.5} + 0.013884 n E T_{e}^{0.5} T_{i}^{0.5} + 0.01135 n E T_{i}^{0.5} - 0.0036695 n E T_{i}",
  "coefficients": [
    0.08853770706180114,
    0.009481069838889022,
    0.001053265933052272,
    -0.01313731969527221,
    -0.00013325289003596197,
    -0.00642419124627458,
    0.001721992534931216,
    -0.0006137878551227272,
    0.0030195785461572533,
    -0.001794871406069265,
    -0.005763620226017674,
    0.018832118504713447,
    -0.004304909608065011,
    -0.005600793769143131,
    -0.0027020854377206027,
    -0.0004037566351897115,
    0.0015922212305561345,
    -0.005574358249105571,
    -0.001751189870307479,
    -0.0019812098479471962,
    0.0015986710963706852,
    0.0012676833620536843,
    -0.006670137340035853,
    0.004806162157766136,
    0.002594946627858752,
    0.0026228988148550014,
    0.0007004338617142558,
    -0.003837216697524626,
    -0.00025443328078561533,
    -0.0018129244912880593,
    0.006788753412694137,
    -0.0015977449743229677,
    0.0016264304307236355,
    0.002243003573120461,
    -0.002735127390855241,
    0.00033004127574398634,
    0.004542447808222605,
    0.0032068650642130825,
    -0.002320270360592347,
    0.003536645246281389,
    0.0039028787233508777,
    -0.0036033443007648103,
    -0.00268443895437781,
    -0.0021841037174604727,
    -0.004482510216949398,
    -0.002049314218497189,
    -0.00271531194059238,
    -0.003215480794522829,
    -0.018103433090475574,
    -0.0006922023490893991,
    -0.0066670035929942695,
    0.004726899251047467,
    0.009230999093049586,
    0.006102767885421301,
    0.011435680468296516,
    -0.01969981978164481,
    -0.010681025162232904,
    -0.005639854249494758,
    0.011071685272437237,
    -0.003991857819457656,
    -0.00877520309598101,
    0.005026650517481079,
    0.0038634688597202205,
    0.013042755211109647,
    -0.014223565569356555,
    -0.007201958400757047,
    0.0035457412203781513,
    0.008756167352691635,
    -0.014574589459501297,
    0.004144844437894368,
    -0.0004131776761726602,
    -0.01781017805992352,
    -0.007472969446113253,
    0.007279337806295694,
    -0.018130360534937218,
    0.004022350637036209,
    0.009513670278486264,
    -0.004435004592344305,
    0.006611509302686336,
    0.006679472537854891,
    -0.007684989665285191,
    -0.0021368107179701723,
    0.004735411525399802,
    -0.0019074695888072757,
    0.011725338066771729,
    0.005614324458945608,
    0.027888384752450146
  ],
  "val_sse_masked": 0.00039517207187600434,
  "val_nrmse_masked": 0.05410945788025856,
  "val_mse_masked": 1.3172403669159394e-05,
  "val_r2_masked": 0.9970712065696716,
  "val_sse_full": 0.00039517207187600434,
  "val_nrmse_full": 0.05410945788025856,
  "val_mse_full": 1.3172403669159394e-05,
  "val_r2_full": 0.9970712065696716,
  "iteration": 317,
  "p_lo_eff": 0.12967753410339355,
  "p_hi_eff": 1.9451630115509033,
  "f_lo_eff": 0.20659340918064117,
  "f_hi_eff": 1.6527472734451294
}