{
  "tag": "271_dfe367fd",
  "lmb1": 0.0015624939619862134,
  "lmb2": 0.011058900129404605,
  "nonzero_count": 21,
  "complexity_norm": 0.1693548387096774,
  "train_gen_window": 0.09011453673626159,
  "generalizability": 0.09270199710811647,
  "equation": "0.051462 E^{0.5} n P^{-0.5} - 0.0039278 P^{-1} F dT_{e} - 6.493 \\cdot 10^{-5} P^{-1} F dT_{i} - 0.0065482 P^{-1} F dn + 0.0010232 P dn - 0.0017212 T_{e}^{0.5} P^{-1} dn - 0.0018016 T_{e}^{0.5} T_{i}^{0.5} F dn - 0.013069 T_{e}^{0.5} T_{i}^{0.5} dn - 0.0069515 T_{e}^{0.5} dn - 0.017335 T_{e} dn - 0.0090796 T_{i}^{0.5} P^{-1} dn - 0.0037859 T_{i}^{0.5} dn + 0.00015858 T_{i} P dn + 0.00023608 n^{-1} P^{-1} dn + 0.00012104 n^{-1} T_{i}^{0.5} dn + 0.0073424 n E^{0.5} T_{e}^{0.5} T_{i} - 0.013777 n E^{0.5} T_{i}^{0.5} P + 0.0041535 n E^{0.5} T_{i} + 0.00061407 n E T_{e}^{0.5} + 0.016484 n E T_{e}^{0.5} T_{i}^{0.5} + 0.0093079 n E T_{i}^{0.5}",
  "coefficients": [
    0.08853770531368527,
    0.0005403102143787713,
    2.31775565914786e-05,
    -5.696570336490922e-06,
    0.0005146030541941838,
    2.3712582205305585e-05,
    7.817294893965502e-06,
    1.2241442878826738e-05,
    4.657771950075447e-06,
    -0.0023020766254024843,
    -4.483305932765508e-06,
    -4.3755209776251963e-07,
    -3.002638869791975e-06,
    -2.9463941366643163e-06,
    -5.136249966105912e-06,
    -1.5023359468380247e-05,
    -3.0701330436199673e-06,
    -2.7181665007169267e-06,
    -4.477725433150528e-06,
    -2.470826132839568e-06,
    -1.2623708019647511e-05,
    -4.1845823567513086e-06,
    -3.4143326771229717e-06,
    -1.1623273181164699e-06,
    -1.2846354493816495e-05,
    -3.7930181811002897e-06,
    -2.2922696804598095e-06,
    -0.004253912601433788,
    -3.92140221593842e-07,
    -2.0129997315924335e-07,
    -5.28885776086316e-07,
    4.858497500881348e-07,
    9.192403682312848e-08,
    4.800352399060602e-07,
    1.6520322787012696e-06,
    8.141643402036396e-07,
    1.8390239000331022e-06,
    -2.4206811956995485e-06,
    -2.683585283861731e-07,
    1.2995438176272101e-07,
    4.662595888867959e-07,
    1.816587343959525e-06,
    4.5173616450581944e-08,
    8.854384916176651e-07,
    1.9489449548511914e-06,
    -0.008276869226341287,
    -5.948060601938497e-06,
    0.0011838768520163181,
    -0.00973548271324984,
    -0.003001263951729314,
    -6.673916566943932e-05,
    5.569523076126509e-05,
    -2.353938496193283e-06,
    -2.335282808594279e-05,
    0.00023728674442390839,
    -0.001551540135936789,
    -0.004583575104858984,
    -8.983831228015982e-06,
    -3.2144564102039227e-06,
    -0.009992641504499591,
    -0.00213992228293465,
    1.1480118660045267e-05,
    -8.787901091560902e-05,
    -1.971432883426157e-06,
    -0.011018607504380239,
    -1.3765392760731044e-05,
    -7.500311306327508e-05,
    2.193068034068577e-06,
    1.7516959785467434e-06,
    2.9252090479970313e-06,
    7.235973284821743e-06,
    1.4280542545010859e-06,
    -0.014289062416983524,
    0.0029149069561835517,
    3.7869126515597756e-08,
    1.1201429802221091e-05,
    0.005019688387985301,
    2.5078854704472844e-06,
    1.4631434003194307e-05,
    2.163920406765263e-05,
    2.7486163365109847e-06,
    -3.886708100874822e-05,
    0.0038835599829723268,
    7.84296389780915e-06,
    0.00021548380406102033,
    0.006665997533689361,
    0.025265124671248824
  ],
  "val_sse_masked": 0.001886951387859881,
  "val_nrmse_masked": 0.1182389035820961,
  "val_mse_masked": 6.289838347584009e-05,
  "val_r2_masked": 0.9860149025917053,
  "val_sse_full": 0.001826040563173592,
  "val_nrmse_full": 0.11631488054990768,
  "val_mse_full": 6.08680238656234e-05,
  "val_r2_full": 0.9864663481712341,
  "iteration": 271,
  "p_lo_eff": 0.12967753410339355,
  "p_hi_eff": 1.9451630115509033,
  "f_lo_eff": 0.20659340918064117,
  "f_hi_eff": 1.6527472734451294
}