{
  "tag": "310_3c257834",
  "lmb1": 1.88713320871137e-08,
  "lmb2": 6.0998150512378414e-05,
  "nonzero_count": 86,
  "complexity_norm": 0.6935483870967742,
  "train_gen_window": 0.02259497754734583,
  "generalizability": 0.026663399949123933,
  "equation": "0.11755 E^{0.5} n P^{-0.5} + 0.02555 F dT_{e} + 0.0032174 F dT_{i} + 0.0050645 F dn - 0.0016543 P^{-1} F dT_{e} + 0.00012175 P^{-1} F dT_{i} + 0.0039769 P^{-1} F dn + 0.004907 P^{-1} dT_{e} - 0.00029049 P F dT_{i} - 0.012633 P dn - 0.081175 T_{e}^{0.5} F dT_{e} - 0.0040548 T_{e}^{0.5} F dn + 0.0027467 T_{e}^{0.5} P^{-1} dT_{e} - 0.050757 T_{e}^{0.5} P^{-1} dn + 0.011321 T_{e}^{0.5} T_{i}^{0.5} F dT_{e} - 5.1817 \\cdot 10^{-5} T_{e}^{0.5} T_{i}^{0.5} F dT_{i} - 0.015814 T_{e}^{0.5} T_{i}^{0.5} F dn + 1.3884 \\cdot 10^{-5} T_{e}^{0.5} T_{i}^{0.5} P^{-1} dT_{i} + 0.032696 T_{e}^{0.5} T_{i}^{0.5} P^{-1} dn + 0.0028445 T_{e}^{0.5} T_{i}^{0.5} P dT_{e} + 1.9544 \\cdot 10^{-5} T_{e}^{0.5} T_{i}^{0.5} P dT_{i} + 0.020737 T_{e}^{0.5} T_{i}^{0.5} P dn + 1.586 \\cdot 10^{-5} T_{e}^{0.5} T_{i}^{0.5} dT_{i} + 0.019159 T_{e}^{0.5} T_{i}^{0.5} dn - 0.00014715 T_{e}^{0.5} T_{i} dT_{e} - 2.5765 \\cdot 10^{-6} T_{e}^{0.5} T_{i} dT_{i} + 0.0041904 T_{e}^{0.5} T_{i} dn - 0.037632 T_{e}^{0.5} dn - 0.00084029 T_{e} F dT_{i} - 0.012329 T_{e} F dn + 0.016054 T_{e} P^{-1} dn - 7.8494 \\cdot 10^{-6} T_{e} P dT_{i} - 0.0013371 T_{e} T_{i}^{0.5} dT_{e} + 0.00032152 T_{e} T_{i} dT_{e} + 1.0157 \\cdot 10^{-6} T_{e} T_{i} dT_{i} + 0.02127 T_{e} T_{i} dn - 0.0054811 T_{e} dT_{e} - 0.00018704 T_{e} dT_{i} - 0.031494 T_{e} dn + 0.014066 T_{i}^{0.5} F dT_{e} - 0.0088227 T_{i}^{0.5} F dn + 0.0020503 T_{i}^{0.5} P^{-1} dT_{e} - 8.4941 \\cdot 10^{-6} T_{i}^{0.5} P^{-1} dT_{i} - 0.011035 T_{i}^{0.5} P^{-1} dn - 2.5955 \\cdot 10^{-6} T_{i}^{0.5} P dT_{i} + 0.0094451 T_{i}^{0.5} P dn - 0.0045254 T_{i}^{0.5} dT_{e} - 1.0362 \\cdot 10^{-5} T_{i}^{0.5} dT_{i} + 0.0019945 T_{i}^{0.5} dn + 0.00082999 T_{i} F dT_{e} - 9.9626 \\cdot 10^{-6} T_{i} F dT_{i} - 0.00042921 T_{i} P^{-1} dT_{e} - 0.0020568 T_{i} P^{-1} dn - 2.5224 \\cdot 10^{-5} T_{i} P dT_{e} - 0.00044781 T_{i} P dn - 0.00088891 T_{i} dT_{e} - 0.01375 T_{i} dn + 0.0036918 dT_{e} - 0.00034415 dT_{i} - 0.0096019 n^{-1} F dn + 0.0072511 n^{-1} P^{-1} dn - 0.0024809 n^{-1} T_{e}^{0.5} T_{i}^{0.5} dn - 0.0061673 n^{-1} T_{e}^{0.5} dn - 0.0051805 n^{-1} T_{e} dn + 0.004602 n^{-1} T_{i}^{0.5} dn - 0.00088435 n^{-1} T_{i} dn + 0.0031882 n^{-1} dn - 0.12333 n E^{0.5} - 0.0098925 n E^{0.5} P^{-1} - 0.023143 n E^{0.5} T_{e}^{0.5} P^{-1} + 0.0093827 n E^{0.5} T_{e}^{0.5} T_{i}^{0.5} + 0.041544 n E^{0.5} T_{e}^{0.5} T_{i} - 0.039815 n E^{0.5} T_{e} + 0.034125 n E^{0.5} T_{e} T_{i}^{0.5} - 0.010556 n E^{0.5} T_{i}^{0.5} - 0.02423 n E^{0.5} T_{i}^{0.5} F + 0.02096 n E^{0.5} T_{i}^{0.5} P^{-1} + 0.0095299 n E^{0.5} T_{i}^{0.5} P + 0.039903 n E^{0.5} T_{i} - 0.016538 n E F + 0.0036597 n E P^{-1} - 0.0029692 n E P + 0.15837 n E T_{e}^{0.5} - 0.060455 n E T_{e}^{0.5} T_{i}^{0.5} - 0.023566 n E T_{i}^{0.5} - 0.026913 n E T_{i}",
  "coefficients": [
    0.0885377110797757,
    0.01659579238557768,
    0.004777427074562912,
    -0.004886835973786474,
    0.01956469397401145,
    -0.016615965328438287,
    -0.00946375796726212,
    -0.012032315393733672,
    -0.008524077619952386,
    0.004316487841864947,
    -0.02066904033908895,
    0.05062274270082817,
    -0.004513091171162498,
    -0.0037898779652164594,
    -0.003943162376602277,
    -0.001095194615625461,
    -0.0068583231974919945,
    0.0077009363866902825,
    0.007246135644350948,
    -0.006238661381111288,
    0.0095742746700605,
    -0.008201409165846885,
    -0.016334902358991876,
    -0.02009042006637457,
    -0.0007428765458517561,
    0.003894138435506511,
    0.008749854114410816,
    -0.0017916156742041056,
    0.0047716021255712615,
    0.00962137921663686,
    0.011664584397592603,
    -0.017340817421401006,
    0.016814869241185304,
    -0.010388991310103068,
    -0.015323480094463743,
    0.004271077273461432,
    -0.0004469918024861963,
    0.00562300448529196,
    -0.03375964344104382,
    0.015394623228153353,
    0.012528535425900322,
    -0.002955332745528394,
    -0.007990746925470582,
    -0.0065232613262452555,
    0.007596209264862708,
    0.005026789954322652,
    0.005418197345260001,
    -0.014616650117139474,
    -0.011831941858111678,
    0.0015810961092717069,
    -0.01080773124050749,
    0.012334515325638451,
    -0.0032079556402910825,
    -0.013016000866666988,
    -0.0006700693820836934,
    -0.045753246860665564,
    -0.024813271582890317,
    -0.004191987028293487,
    0.040344891575960606,
    0.014649536522847395,
    -0.01878398499288919,
    0.025867504627523574,
    0.003879888487219818,
    0.01676295881577311,
    -0.020017884544068054,
    -0.012351038667765102,
    0.01951830361044876,
    -0.007563427651515797,
    -0.0680782962053526,
    0.01974257395097348,
    -0.006511599730190831,
    -0.02407520421518161,
    0.009884324108513365,
    0.02800341086335678,
    -0.020483975392041637,
    0.005595539448602471,
    0.0284015554184317,
    -0.020473656500577808,
    0.019788782116377246,
    0.001747066886373605,
    -0.009441093496946829,
    -0.0018036618805988558,
    -0.00983257281945532,
    -0.013989630462804936,
    0.05557464236479351,
    -0.024447015360158975,
    0.057713292065862676
  ],
  "val_sse_masked": 0.00021884191664867103,
  "val_nrmse_masked": 0.04026663303375244,
  "val_mse_masked": 7.294730949070072e-06,
  "val_r2_masked": 0.9983780384063721,
  "val_sse_full": 0.00021884191664867103,
  "val_nrmse_full": 0.04026663303375244,
  "val_mse_full": 7.294730949070072e-06,
  "val_r2_full": 0.9983780384063721,
  "iteration": 310,
  "p_lo_eff": 0.12967753410339355,
  "p_hi_eff": 1.9451630115509033,
  "f_lo_eff": 0.20659340918064117,
  "f_hi_eff": 1.6527472734451294
}