{
  "tag": "281_0ca0daa3",
  "lmb1": 1.4116863433285976e-06,
  "lmb2": 4.4737527553572424e-07,
  "nonzero_count": 85,
  "complexity_norm": 0.6854838709677419,
  "train_gen_window": 0.015205747509983197,
  "generalizability": 0.01591601249855815,
  "equation": "0.17383 E^{0.5} n P^{-0.5} + 0.051297 F dT_{e} + 0.0040568 F dT_{i} + 0.0039653 F dn + 0.0013635 P^{-1} F dT_{e} + 9.3885 \\cdot 10^{-5} P^{-1} F dT_{i} + 0.0059169 P^{-1} F dn + 0.0031194 P^{-1} dT_{e} + 8.3585 \\cdot 10^{-5} P F dT_{i} - 0.0012285 P dn - 0.10112 T_{e}^{0.5} F dT_{e} + 0.00034772 T_{e}^{0.5} F dn + 0.0030559 T_{e}^{0.5} P^{-1} dT_{e} - 0.05818 T_{e}^{0.5} P^{-1} dn + 0.015502 T_{e}^{0.5} T_{i}^{0.5} F dT_{e} + 2.3927 \\cdot 10^{-6} T_{e}^{0.5} T_{i}^{0.5} F dT_{i} - 0.037689 T_{e}^{0.5} T_{i}^{0.5} F dn + 2.382 \\cdot 10^{-5} T_{e}^{0.5} T_{i}^{0.5} P^{-1} dT_{i} + 0.046343 T_{e}^{0.5} T_{i}^{0.5} P^{-1} dn + 0.0015168 T_{e}^{0.5} T_{i}^{0.5} P dT_{e} + 9.5312 \\cdot 10^{-6} T_{e}^{0.5} T_{i}^{0.5} P dT_{i} + 0.021702 T_{e}^{0.5} T_{i}^{0.5} P dn + 8.2651 \\cdot 10^{-6} T_{e}^{0.5} T_{i}^{0.5} dT_{i} + 0.085218 T_{e}^{0.5} T_{i}^{0.5} dn - 2.6476 \\cdot 10^{-5} T_{e}^{0.5} T_{i} dT_{e} - 1.0987 \\cdot 10^{-6} T_{e}^{0.5} T_{i} dT_{i} - 0.00034844 T_{e}^{0.5} T_{i} dn - 0.10497 T_{e}^{0.5} dn - 0.0016742 T_{e} F dT_{i} - 0.0033105 T_{e} F dn + 0.0019848 T_{e} P^{-1} dn + 1.3956 \\cdot 10^{-5} T_{e} P dT_{i} - 0.0025019 T_{e} T_{i}^{0.5} dT_{e} + 0.00044077 T_{e} T_{i} dT_{e} - 4.2728 \\cdot 10^{-7} T_{e} T_{i} dT_{i} - 0.00018043 T_{e} T_{i} dn - 0.0016488 T_{e} dT_{e} - 3.4238 \\cdot 10^{-5} T_{e} dT_{i} - 0.0018745 T_{e} dn + 0.0096734 T_{i}^{0.5} F dT_{e} - 0.00054065 T_{i}^{0.5} F dn + 0.00063056 T_{i}^{0.5} P^{-1} dT_{e} + 1.6553 \\cdot 10^{-6} T_{i}^{0.5} P^{-1} dT_{i} + 0.0043795 T_{i}^{0.5} P^{-1} dn + 3.6119 \\cdot 10^{-6} T_{i}^{0.5} P dT_{i} + 0.0029661 T_{i}^{0.5} P dn - 0.00096569 T_{i}^{0.5} dT_{e} + 1.7969 \\cdot 10^{-6} T_{i}^{0.5} dT_{i} + 0.00046186 T_{i}^{0.5} dn - 0.00054409 T_{i} F dT_{e} - 2.302 \\cdot 10^{-5} T_{i} F dT_{i} - 0.00024384 T_{i} P^{-1} dT_{e} - 0.010513 T_{i} P^{-1} dn - 5.4628 \\cdot 10^{-5} T_{i} P dT_{e} - 0.0060403 T_{i} P dn - 0.00094718 T_{i} dT_{e} - 0.0099569 T_{i} dn + 0.00018983 dT_{e} - 0.00065804 dT_{i} - 0.00066935 n^{-1} F dn + 0.0059969 n^{-1} P^{-1} dn - 0.0071209 n^{-1} T_{e}^{0.5} T_{i}^{0.5} dn - 0.0031261 n^{-1} T_{e}^{0.5} dn - 0.0038837 n^{-1} T_{e} dn + 0.0066291 n^{-1} T_{i}^{0.5} dn + 5.1641 \\cdot 10^{-5} n^{-1} T_{i} dn - 0.00014526 n^{-1} dn - 0.26908 n E^{0.5} - 0.054939 n E^{0.5} P^{-1} - 0.011435 n E^{0.5} T_{e}^{0.5} P^{-1} + 0.051448 n E^{0.5} T_{e}^{0.5} T_{i} - 0.016559 n E^{0.5} T_{e} + 0.0017725 n E^{0.5} T_{e} T_{i}^{0.5} + 0.00048361 n E^{0.5} T_{i}^{0.5} - 0.017933 n E^{0.5} T_{i}^{0.5} F + 0.043414 n E^{0.5} T_{i}^{0.5} P^{-1} + 0.018959 n E^{0.5} T_{i}^{0.5} P + 0.12215 n E^{0.5} T_{i} - 0.031282 n E F - 0.011938 n E P^{-1} - 0.0091337 n E P + 0.56131 n E T_{e}^{0.5} - 0.45207 n E T_{e}^{0.5} T_{i}^{0.5} - 0.025626 n E T_{i}^{0.5} + 0.010725 n E T_{i}",
  "coefficients": [
    0.08853771779738862,
    0.013725117453225598,
    -0.00021766259221285967,
    -0.0003406596807558019,
    0.028182908988980626,
    0.0009702829540631595,
    -0.004796952538917883,
    -0.034535770020491574,
    -0.006390310495838365,
    0.0033286890741712075,
    -0.03952092242506086,
    0.06383075540749808,
    0.0012985749934446116,
    0.0007385783084677899,
    0.0006838001002156414,
    0.0015240419999213856,
    -0.01584740679420605,
    0.013212556088444072,
    0.003776251933684533,
    0.0002880809939606057,
    0.004669138365651148,
    -0.0034971681335106953,
    -0.002990177436314821,
    -0.04002748395262983,
    0.0013208134362897533,
    -0.0016381679711287666,
    0.005562364666148923,
    0.0014767543307689264,
    0.0002453542988982611,
    0.01931647980139802,
    0.003587452549289867,
    -0.003700388151058112,
    0.01156408234227393,
    -0.0059021254385179,
    -0.016327905966714344,
    -0.002799841354513684,
    -0.0009680613223626362,
    0.006256002605698403,
    -0.04205265919216482,
    0.02108064617013906,
    0.00668069981694961,
    -0.0005317261353743276,
    -0.0024037752647000986,
    -0.012206492670005856,
    0.010413503863627872,
    0.007478961174481397,
    0.004242292810231838,
    -0.0014214943284920302,
    0.004695844849154485,
    0.00036613950480817413,
    -0.0006622919395083224,
    0.0038735238017693257,
    -0.016397307599409997,
    -0.00942509056072317,
    -0.009038138508824508,
    -0.05244392403544673,
    -0.06921355577374042,
    0.00035949055392639224,
    0.05718578173897699,
    0.06516031990477308,
    -0.044767154571268786,
    0.02707157089026253,
    -0.0003226136493404339,
    0.002072502630261604,
    -0.0011914369481154101,
    -0.0033163317818056272,
    -0.00016556464401043807,
    -0.042004614108111654,
    -0.14853222523321472,
    0.04089222853989128,
    0.00029831353119620565,
    -0.017818127379603938,
    0.019663699065839847,
    0.08572596574986664,
    -0.010120903498154843,
    9.518803875541398e-05,
    0.035172861681893444,
    -0.008515180747513298,
    0.0010278545818189898,
    -0.005699109350938829,
    -0.017858291853752515,
    -0.005548391393468754,
    -0.01069211456188737,
    0.005574767427437075,
    0.19696695011205842,
    -0.18281167381695548,
    0.08534025366225213
  ],
  "val_sse_masked": 0.00015470513608306646,
  "val_nrmse_masked": 0.033855751156806946,
  "val_mse_masked": 5.156838142283959e-06,
  "val_r2_masked": 0.9988533854484558,
  "val_sse_full": 0.00015553575940430164,
  "val_nrmse_full": 0.03394651412963867,
  "val_mse_full": 5.184525434742682e-06,
  "val_r2_full": 0.998847246170044,
  "iteration": 281,
  "p_lo_eff": 0.12967753410339355,
  "p_hi_eff": 1.9451630115509033,
  "f_lo_eff": 0.20659340918064117,
  "f_hi_eff": 1.6527472734451294
}