{
  "tag": "78_d9761f25",
  "lmb1": 0.0002274372492055062,
  "lmb2": 0.00022711874696922625,
  "nonzero_count": 27,
  "complexity_norm": 0.21774193548387097,
  "train_gen_window": 0.04674339894388918,
  "generalizability": 0.044402211742777004,
  "equation": "0.057166 E^{0.5} n P^{-0.5} + 7.293 \\cdot 10^{-5} F dT_{i} - 0.00384 P^{-1} F dT_{e} - 6.9987 \\cdot 10^{-5} P^{-1} F dT_{i} - 0.0036722 P^{-1} F dn + 0.00020835 P dn - 0.010946 T_{e}^{0.5} P^{-1} dn - 0.00020183 T_{e}^{0.5} T_{i}^{0.5} F dn - 0.00034158 T_{e}^{0.5} T_{i}^{0.5} dn - 0.00020616 T_{e}^{0.5} dn - 0.061729 T_{e} dn + 0.0001271 T_{i}^{0.5} F dT_{e} - 0.0026414 T_{i}^{0.5} P^{-1} dn + 0.00083736 T_{i}^{0.5} P dn + 0.00020152 T_{i}^{0.5} dT_{e} + 5.9726 \\cdot 10^{-6} T_{i} P^{-1} dT_{e} + 0.0079561 T_{i} P dn - 0.0099756 n^{-1} F dn + 0.0017547 n^{-1} P^{-1} dn + 0.0013064 n^{-1} dn - 0.0076899 n E^{0.5} T_{e}^{0.5} P^{-1} + 0.00038224 n E^{0.5} T_{e}^{0.5} T_{i} - 0.020763 n E^{0.5} T_{i}^{0.5} P + 0.00029737 n E^{0.5} T_{i} + 0.0007438 n E T_{e}^{0.5} + 0.051856 n E T_{e}^{0.5} T_{i}^{0.5} + 0.0088679 n E T_{i}^{0.5}",
  "coefficients": [
    0.08853770389077403,
    0.004016067534141807,
    0.0019576572488906544,
    -0.0050770329319551446,
    2.4261264013564195e-06,
    -6.457356818020163e-06,
    2.4848621546768934e-05,
    -1.302551318376284e-06,
    8.78674236260094e-06,
    -0.0024813828194747787,
    5.576040341569788e-06,
    0.0011474795294473092,
    1.8782283457978126e-05,
    -1.4297719850429501e-05,
    7.01955790878857e-07,
    9.925423362765095e-06,
    -7.375663194720515e-06,
    -1.43696346037914e-05,
    7.778386127780018e-07,
    -2.21519201007647e-06,
    1.094257917650242e-05,
    -3.1397896180569852e-06,
    6.7197737496592466e-06,
    1.801148325216661e-05,
    2.0378769171629252e-05,
    -3.4237520462000125e-06,
    9.995080265902015e-06,
    -0.004158849300823572,
    1.5441649075745947e-05,
    4.9832519479386434e-05,
    7.226697043420926e-05,
    0.0007722079392319412,
    0.00015194274104904303,
    0.00014456697223885014,
    4.6706724368275645e-05,
    8.471170954319203e-05,
    1.1138213232421402e-05,
    6.460763964052022e-06,
    3.3566277244719624e-05,
    6.43204793237962e-05,
    9.513627552188114e-06,
    3.458598902949935e-05,
    3.2265622916569614e-05,
    8.955138916476626e-05,
    2.644898792408662e-05,
    -0.004641681467562621,
    -1.4122115838147025e-05,
    0.00024106994757043762,
    -0.0028322472034889635,
    -4.608208227951716e-05,
    -8.485026886642494e-05,
    0.0010935258832769515,
    7.320756175117928e-06,
    -2.5321115341350725e-05,
    0.011904724037019724,
    -0.009866847232832224,
    -0.00013593661456259848,
    -2.028034193045866e-05,
    2.502671616578582e-06,
    -0.00026118508094623137,
    -0.00023973179659069572,
    9.840077904128219e-05,
    -4.1178739268891144e-05,
    3.7496702380353455e-06,
    -0.03923592880250568,
    -2.57515196949482e-05,
    -4.5145768468065524e-05,
    -3.1229201589513076e-08,
    -5.7984806169838055e-06,
    1.8313064603196913e-06,
    1.3255544775841047e-05,
    -2.28443225935782e-05,
    -0.02153521877127414,
    0.00020869064919095583,
    -0.006806371361794891,
    1.7169539435674045e-05,
    0.00026132377172581416,
    -2.715289246492694e-06,
    1.716345646538662e-05,
    4.4486368380913285e-05,
    -5.932564478211756e-07,
    -6.74200800154276e-05,
    0.003699961671375295,
    6.289408715300814e-05,
    0.00026100714445654834,
    0.020969672525122503,
    0.028065798443833827
  ],
  "val_sse_masked": 0.0007056113099679351,
  "val_nrmse_masked": 0.07230408489704132,
  "val_mse_masked": 2.3520378817920573e-05,
  "val_r2_masked": 0.994770348072052,
  "val_sse_full": 0.000700067263096571,
  "val_nrmse_full": 0.07201947271823883,
  "val_mse_full": 2.3335576770477928e-05,
  "val_r2_full": 0.994811475276947,
  "iteration": 78,
  "p_lo_eff": 0.12967753410339355,
  "p_hi_eff": 1.9451630115509033,
  "f_lo_eff": 0.20659340918064117,
  "f_hi_eff": 1.6527472734451294
}