{
  "tag": "264_1cc75719",
  "lmb1": 0.008701000125133961,
  "lmb2": 0.0022613267150102512,
  "nonzero_count": 5,
  "complexity_norm": 0.04032258064516129,
  "train_gen_window": 0.14667242877480718,
  "generalizability": 0.1570129160555287,
  "equation": "0.057327 E^{0.5} n P^{-0.5} - 0.014563 P^{-1} F dn - 0.0367 T_{e}^{0.5} T_{i}^{0.5} dn - 0.00077148 T_{i}^{0.5} P^{-1} dn + 0.0034784 n E T_{e}^{0.5} T_{i}^{0.5}",
  "coefficients": [
    0.08853770583683929,
    2.510888743316219e-07,
    1.5874813453022073e-07,
    -1.0610452236144682e-07,
    1.9386274238106264e-07,
    1.2668015740919625e-07,
    1.6597600115944872e-07,
    1.8170811492493324e-07,
    1.7342964444834358e-07,
    -1.1169718205471933e-07,
    -5.279410643617184e-08,
    -2.5688882085365127e-09,
    -2.289994770148052e-08,
    -4.286500198868916e-08,
    -4.082473162784697e-08,
    -4.6515784777367507e-08,
    -2.8562080706364585e-08,
    -4.5001999587542436e-08,
    -4.145343454389143e-08,
    -3.3078170721641904e-08,
    -4.6711830666176054e-08,
    -3.245923809162946e-08,
    -5.532019093443393e-08,
    -3.075882213094381e-08,
    -6.421514646687873e-08,
    -3.2998603993008043e-08,
    -4.034002326867861e-07,
    -4.539324198820083e-07,
    -1.713065378409641e-07,
    -1.4752369143850574e-07,
    -1.950330032419772e-07,
    -1.2310097458010899e-07,
    -1.3351436011627298e-07,
    -8.783188482639273e-08,
    -5.534960942059925e-08,
    -7.396161366428896e-08,
    -4.070378071107795e-08,
    -4.5613096023769e-07,
    -1.6720405990874355e-07,
    -1.3624787299221736e-07,
    -9.265351033498491e-08,
    -5.0257264293415286e-08,
    -1.7373980632088848e-07,
    -1.0798410654394964e-07,
    -4.5686254370077375e-08,
    -0.018407329125057284,
    -4.537090541629454e-07,
    -1.3101877413611546e-08,
    -0.0008272058793333082,
    -3.907393619454856e-06,
    -1.238357695311709e-06,
    -2.8297315406285398e-08,
    -2.5932121165172003e-07,
    -1.9030631265891865e-06,
    -3.377876106053838e-08,
    -1.983744922233567e-06,
    -1.6150611020779301e-06,
    -5.695726677478838e-07,
    -3.8426081478892534e-07,
    -0.028061896428477635,
    -2.1024548912678934e-06,
    -3.587134303736648e-08,
    -2.0514533444371464e-06,
    -2.998238658250382e-07,
    -5.424934043313585e-06,
    -7.163015548978742e-07,
    -1.3531470002858116e-06,
    3.0419164489580347e-07,
    1.7729259370215268e-07,
    4.46402946597193e-07,
    4.067279899637234e-07,
    2.1304324494111742e-07,
    -1.8206348839398232e-08,
    1.736225941917844e-06,
    1.5132497477146694e-07,
    5.174284225984145e-07,
    3.793997136395958e-06,
    2.3518485215637853e-07,
    6.359485453918619e-07,
    1.8020908574223787e-06,
    3.2085172692021626e-07,
    1.3771975513354285e-08,
    3.9633982877626476e-06,
    1.4911196357316194e-06,
    9.552104252350156e-07,
    0.0014066330346163636,
    0.028144710859295406
  ],
  "val_sse_masked": 0.005794918164610863,
  "val_nrmse_masked": 0.20720666646957397,
  "val_mse_masked": 0.00019316395628266037,
  "val_r2_masked": 0.9570510983467102,
  "val_sse_full": 0.005780607927590609,
  "val_nrmse_full": 0.20695066452026367,
  "val_mse_full": 0.0001926869445014745,
  "val_r2_full": 0.9571571350097656,
  "iteration": 264,
  "p_lo_eff": 0.12967753410339355,
  "p_hi_eff": 1.9451630115509033,
  "f_lo_eff": 0.20659340918064117,
  "f_hi_eff": 1.6527472734451294
}