{
  "tag": "490_f97eb1c2",
  "lmb1": 4.881432909032726e-07,
  "lmb2": 8.195052340260079e-07,
  "nonzero_count": 86,
  "complexity_norm": 0.6935483870967742,
  "train_gen_window": 0.01330335604096488,
  "generalizability": 0.023638335078230856,
  "equation": "0.18112 E^{0.5} n P^{-0.5} + 0.084449 F dT_{e} + 0.0052855 F dT_{i} + 0.023076 F dn + 0.0012591 P^{-1} F dT_{e} + 7.1926 \\cdot 10^{-5} P^{-1} F dT_{i} + 0.0081997 P^{-1} F dn - 0.001432 P^{-1} dT_{e} - 0.00022604 P F dT_{i} - 0.0096875 P dn - 0.14439 T_{e}^{0.5} F dT_{e} + 0.0032113 T_{e}^{0.5} F dn + 0.0073752 T_{e}^{0.5} P^{-1} dT_{e} - 0.068897 T_{e}^{0.5} P^{-1} dn + 0.024467 T_{e}^{0.5} T_{i}^{0.5} F dT_{e} - 4.7491 \\cdot 10^{-5} T_{e}^{0.5} T_{i}^{0.5} F dT_{i} - 0.049376 T_{e}^{0.5} T_{i}^{0.5} F dn + 6.0522 \\cdot 10^{-5} T_{e}^{0.5} T_{i}^{0.5} P^{-1} dT_{i} + 0.039188 T_{e}^{0.5} T_{i}^{0.5} P^{-1} dn + 0.0025211 T_{e}^{0.5} T_{i}^{0.5} P dT_{e} + 8.1933 \\cdot 10^{-6} T_{e}^{0.5} T_{i}^{0.5} P dT_{i} + 0.015082 T_{e}^{0.5} T_{i}^{0.5} P dn + 4.9453 \\cdot 10^{-5} T_{e}^{0.5} T_{i}^{0.5} dT_{i} + 0.1731 T_{e}^{0.5} T_{i}^{0.5} dn - 0.000236 T_{e}^{0.5} T_{i} dT_{e} - 8.0768 \\cdot 10^{-7} T_{e}^{0.5} T_{i} dT_{i} + 0.0036798 T_{e}^{0.5} T_{i} dn - 0.15038 T_{e}^{0.5} dn - 0.0021905 T_{e} F dT_{i} - 0.024699 T_{e} F dn + 0.0067485 T_{e} P^{-1} dn + 6.6796 \\cdot 10^{-5} T_{e} P dT_{i} - 0.007276 T_{e} T_{i}^{0.5} dT_{e} + 0.0011247 T_{e} T_{i} dT_{e} - 3.8201 \\cdot 10^{-7} T_{e} T_{i} dT_{i} + 0.0069799 T_{e} T_{i} dn + 0.0029141 T_{e} dT_{e} - 6.3739 \\cdot 10^{-5} T_{e} dT_{i} - 0.0019096 T_{e} dn + 0.012174 T_{i}^{0.5} F dT_{e} + 0.002378 T_{i}^{0.5} F dn + 0.0012428 T_{i}^{0.5} P^{-1} dT_{e} - 5.4439 \\cdot 10^{-5} T_{i}^{0.5} P^{-1} dT_{i} + 0.015513 T_{i}^{0.5} P^{-1} dn - 1.1123 \\cdot 10^{-5} T_{i}^{0.5} P dT_{i} + 0.030438 T_{i}^{0.5} P dn + 0.0016103 T_{i}^{0.5} dT_{e} + 3.6883 \\cdot 10^{-6} T_{i}^{0.5} dT_{i} - 0.0048817 T_{i}^{0.5} dn - 0.0047194 T_{i} F dT_{e} - 2.5542 \\cdot 10^{-5} T_{i} F dT_{i} - 0.00016484 T_{i} P^{-1} dT_{e} - 0.011595 T_{i} P^{-1} dn - 0.00039298 T_{i} P dT_{e} - 0.018982 T_{i} P dn - 0.00050003 T_{i} dT_{e} - 0.046163 T_{i} dn - 0.0046919 dT_{e} - 0.00077004 dT_{i} + 0.0030589 n^{-1} F dn + 0.0059242 n^{-1} P^{-1} dn - 0.013928 n^{-1} T_{e}^{0.5} T_{i}^{0.5} dn - 0.0054672 n^{-1} T_{e}^{0.5} dn - 0.0015259 n^{-1} T_{e} dn + 0.01347 n^{-1} T_{i}^{0.5} dn + 0.00057804 n^{-1} T_{i} dn - 0.0030346 n^{-1} dn - 0.27639 n E^{0.5} - 0.066344 n E^{0.5} P^{-1} - 0.0045225 n E^{0.5} T_{e}^{0.5} P^{-1} - 0.0031103 n E^{0.5} T_{e}^{0.5} T_{i}^{0.5} + 0.044611 n E^{0.5} T_{e}^{0.5} T_{i} - 0.049195 n E^{0.5} T_{e} + 0.0020531 n E^{0.5} T_{e} T_{i}^{0.5} + 0.0029935 n E^{0.5} T_{i}^{0.5} - 0.01317 n E^{0.5} T_{i}^{0.5} F + 0.050499 n E^{0.5} T_{i}^{0.5} P^{-1} + 0.019608 n E^{0.5} T_{i}^{0.5} P + 0.15187 n E^{0.5} T_{i} - 0.053113 n E F - 0.02567 n E P^{-1} - 0.0096562 n E P + 0.70769 n E T_{e}^{0.5} - 0.4756 n E T_{e}^{0.5} T_{i}^{0.5} - 0.11658 n E T_{i}^{0.5} + 0.026901 n E T_{i}",
  "coefficients": [
    0.08853771873096572,
    0.01355875673332298,
    -0.00454731754596941,
    0.0015567926617288449,
    0.057265124630073265,
    0.010860701066236024,
    -0.008389404044189409,
    -0.06755015947329873,
    -0.0025107279934150134,
    0.0025501254213569635,
    -0.04624799371668914,
    0.08316282035475323,
    -0.0035116911427589253,
    -0.024289818354302193,
    0.00140355891018603,
    -0.004693574626014399,
    -0.01758299140214512,
    0.03357015588703661,
    0.022594369453016714,
    -0.005717768257851795,
    0.004013720370638166,
    -0.0025709474751546262,
    -0.005566595375300877,
    -0.052372601551056636,
    0.006321634356841513,
    -0.0014645889210505416,
    -0.0025534139422186287,
    0.0013636823740362557,
    -0.006064250597427715,
    0.03180040154219729,
    0.0070706074125939725,
    0.006170440670704038,
    0.014552955788984181,
    -0.003990036937010478,
    -0.008619845444282917,
    -0.024285825963915455,
    -0.0069639328310219925,
    0.015098486307026607,
    -0.06004844907352169,
    0.03327211704005874,
    0.011104104575768032,
    -0.004739651950340088,
    0.004248366927578804,
    -0.035497995663950704,
    0.026571652000101052,
    0.010364383913567383,
    0.02468772306291482,
    -0.011209066545186525,
    0.016634048683723354,
    -0.003869926342356806,
    0.002913002525586186,
    0.039749310398240804,
    -0.01808430789423092,
    -0.043697666812097864,
    -0.028403396912260324,
    -0.06210520403068249,
    -0.09915449056643641,
    0.0033200044996414763,
    0.048355939108802065,
    0.13235370646628017,
    -0.0586496897551632,
    0.018813086311197606,
    0.0034070519697606966,
    0.0070466904246111696,
    -0.0012137435057113883,
    -0.024742155511159093,
    0.006404924913293252,
    -0.05072382592168912,
    -0.1525672895279358,
    0.04756555831670542,
    0.0018465377527020236,
    -0.01308632702613123,
    0.02033679225403297,
    0.10658005637329075,
    -0.0040029047208022805,
    -0.001854865313114495,
    0.030498268675700324,
    -0.025297356403653593,
    0.0011906050287235495,
    -0.012254376801395963,
    -0.030321267598500345,
    -0.00586580673067926,
    -0.04864171111914121,
    0.013983406987662077,
    0.24833269637206612,
    -0.1923259655128718,
    0.0889208357088364
  ],
  "val_sse_masked": 0.0001365983480354771,
  "val_nrmse_masked": 0.031812865287065506,
  "val_mse_masked": 4.553278358798707e-06,
  "val_r2_masked": 0.99898761510849,
  "val_sse_full": 0.0001365983480354771,
  "val_nrmse_full": 0.031812865287065506,
  "val_mse_full": 4.553278358798707e-06,
  "val_r2_full": 0.99898761510849,
  "iteration": 490,
  "p_lo_eff": 0.12967753410339355,
  "p_hi_eff": 1.9451630115509033,
  "f_lo_eff": 0.20659340918064117,
  "f_hi_eff": 1.6527472734451294
}