{
  "tag": "409_61f1cd61",
  "lmb1": 1e-08,
  "lmb2": 2.431325655036836e-06,
  "nonzero_count": 86,
  "complexity_norm": 0.6935483870967742,
  "train_gen_window": 0.012949588542275507,
  "generalizability": 0.02605387760577908,
  "equation": "0.17986 E^{0.5} n P^{-0.5} + 0.13179 F dT_{e} + 0.0061368 F dT_{i} + 0.028766 F dn + 0.0018449 P^{-1} F dT_{e} - 2.0753 \\cdot 10^{-5} P^{-1} F dT_{i} + 0.0083796 P^{-1} F dn - 0.008981 P^{-1} dT_{e} - 0.0005323 P F dT_{i} - 0.0289 P dn - 0.1946 T_{e}^{0.5} F dT_{e} + 0.010548 T_{e}^{0.5} F dn + 0.013945 T_{e}^{0.5} P^{-1} dT_{e} - 0.084487 T_{e}^{0.5} P^{-1} dn + 0.032588 T_{e}^{0.5} T_{i}^{0.5} F dT_{e} - 0.00025923 T_{e}^{0.5} T_{i}^{0.5} F dT_{i} - 0.050553 T_{e}^{0.5} T_{i}^{0.5} F dn + 0.00014135 T_{e}^{0.5} T_{i}^{0.5} P^{-1} dT_{i} + 0.038017 T_{e}^{0.5} T_{i}^{0.5} P^{-1} dn + 0.0029191 T_{e}^{0.5} T_{i}^{0.5} P dT_{e} + 9.2791 \\cdot 10^{-6} T_{e}^{0.5} T_{i}^{0.5} P dT_{i} + 0.017994 T_{e}^{0.5} T_{i}^{0.5} P dn + 0.00010717 T_{e}^{0.5} T_{i}^{0.5} dT_{i} + 0.13968 T_{e}^{0.5} T_{i}^{0.5} dn - 0.00076183 T_{e}^{0.5} T_{i} dT_{e} + 9.2564 \\cdot 10^{-7} T_{e}^{0.5} T_{i} dT_{i} + 0.012341 T_{e}^{0.5} T_{i} dn - 0.13489 T_{e}^{0.5} dn - 0.0020115 T_{e} F dT_{i} - 0.040712 T_{e} F dn + 0.015152 T_{e} P^{-1} dn + 0.00015814 T_{e} P dT_{i} - 0.010519 T_{e} T_{i}^{0.5} dT_{e} + 0.0016981 T_{e} T_{i} dT_{e} - 2.4997 \\cdot 10^{-6} T_{e} T_{i} dT_{i} + 0.019558 T_{e} T_{i} dn + 0.0077806 T_{e} dT_{e} - 0.00030796 T_{e} dT_{i} - 0.0065453 T_{e} dn + 0.0082712 T_{i}^{0.5} F dT_{e} + 0.0047273 T_{i}^{0.5} F dn + 0.0014215 T_{i}^{0.5} P^{-1} dT_{e} - 0.00015827 T_{i}^{0.5} P^{-1} dT_{i} + 0.027576 T_{i}^{0.5} P^{-1} dn - 3.975 \\cdot 10^{-5} T_{i}^{0.5} P dT_{i} + 0.058911 T_{i}^{0.5} P dn + 0.0049568 T_{i}^{0.5} dT_{e} + 2.2049 \\cdot 10^{-5} T_{i}^{0.5} dT_{i} + 0.0090352 T_{i}^{0.5} dn - 0.0065645 T_{i} F dT_{e} - 1.7222 \\cdot 10^{-5} T_{i} F dT_{i} - 0.0001958 T_{i} P^{-1} dT_{e} - 0.015357 T_{i} P^{-1} dn - 0.00065971 T_{i} P dT_{e} - 0.032394 T_{i} P dn - 3.0411 \\cdot 10^{-5} T_{i} dT_{e} - 0.058382 T_{i} dn - 0.010547 dT_{e} - 0.00072271 dT_{i} + 0.0086728 n^{-1} F dn + 0.0047747 n^{-1} P^{-1} dn - 0.018521 n^{-1} T_{e}^{0.5} T_{i}^{0.5} dn - 0.011489 n^{-1} T_{e}^{0.5} dn + 0.0045276 n^{-1} T_{e} dn + 0.018003 n^{-1} T_{i}^{0.5} dn + 0.00074948 n^{-1} T_{i} dn - 0.0037743 n^{-1} dn - 0.25097 n E^{0.5} - 0.077007 n E^{0.5} P^{-1} + 0.0033079 n E^{0.5} T_{e}^{0.5} P^{-1} - 0.020366 n E^{0.5} T_{e}^{0.5} T_{i}^{0.5} + 0.049365 n E^{0.5} T_{e}^{0.5} T_{i} - 0.066185 n E^{0.5} T_{e} - 0.00032349 n E^{0.5} T_{e} T_{i}^{0.5} + 0.019447 n E^{0.5} T_{i}^{0.5} - 0.01213 n E^{0.5} T_{i}^{0.5} F + 0.05535 n E^{0.5} T_{i}^{0.5} P^{-1} + 0.018638 n E^{0.5} T_{i}^{0.5} P + 0.13965 n E^{0.5} T_{i} - 0.059141 n E F - 0.031799 n E P^{-1} - 0.011505 n E P + 0.70155 n E T_{e}^{0.5} - 0.42149 n E T_{e}^{0.5} T_{i}^{0.5} - 0.15262 n E T_{i}^{0.5} + 0.031939 n E T_{i}",
  "coefficients": [
    0.0885377205886938,
    0.010927907761183742,
    -0.005655668183021212,
    0.0044139722771680545,
    0.07653840629806824,
    0.014081849227168541,
    -0.017629683330096096,
    -0.08982747994039739,
    0.00744985573700141,
    -0.0007358047550152791,
    -0.043405057662498275,
    0.09655619177767427,
    -0.008269790474221744,
    -0.07061642655986017,
    0.008390600974160972,
    -0.016772770645261975,
    -0.011855492353525093,
    0.07840424080394462,
    0.048966987417903174,
    -0.031210760090460754,
    0.004545620795495364,
    0.002946423666116804,
    -0.026895438460908777,
    -0.04809251322306174,
    0.01496623519454604,
    -0.009583561903445725,
    -0.016014426302836948,
    0.0019980603321266,
    -0.013632265506029362,
    0.04962876143939435,
    0.008087403047199071,
    0.01899388012985606,
    0.009887898320269789,
    -0.004739382473504028,
    -0.0005242365685572126,
    -0.03378070701342073,
    -0.011690709104271835,
    0.02854910437472541,
    -0.08093234564541174,
    0.04431527612875513,
    0.012857141572086284,
    -0.015300145382644348,
    0.01134309934614891,
    -0.05131829528651388,
    0.04011917174868962,
    0.010591843863842765,
    0.03077555694343173,
    -0.033439521105877446,
    0.029568121278968823,
    0.007162648398165161,
    0.005790837801985055,
    0.07693289907485451,
    -0.023950957961205888,
    -0.05526379047090557,
    -0.04847087933347863,
    -0.07615798185440009,
    -0.08894055391818717,
    0.010905146918479602,
    0.04691113347585901,
    0.10680672345344525,
    -0.06004745914737586,
    0.022445794815836445,
    0.011426535386849762,
    0.01582158827954061,
    -0.004160289538941819,
    -0.0407836894406296,
    0.017946846213440892,
    -0.0588766340700384,
    -0.13853487005326118,
    0.05213447607383523,
    0.011995722514276441,
    -0.012052596871384741,
    0.019331452891695244,
    0.0980064177164893,
    0.0029278188274115824,
    -0.0121456898574836,
    0.03374849953567077,
    -0.0340339393688357,
    -0.00018758960008752323,
    -0.01518036078729379,
    -0.03376306362595355,
    -0.006989055101388919,
    -0.063677292063446,
    0.016602195154639676,
    0.24617957286144831,
    -0.17044424029372915,
    0.08830361184391836
  ],
  "val_sse_masked": 0.00013276012032292783,
  "val_nrmse_masked": 0.031362731009721756,
  "val_mse_masked": 4.425337465363555e-06,
  "val_r2_masked": 0.9990160465240479,
  "val_sse_full": 0.00013276012032292783,
  "val_nrmse_full": 0.031362731009721756,
  "val_mse_full": 4.425337465363555e-06,
  "val_r2_full": 0.9990160465240479,
  "iteration": 409,
  "p_lo_eff": 0.12967753410339355,
  "p_hi_eff": 1.9451630115509033,
  "f_lo_eff": 0.20659340918064117,
  "f_hi_eff": 1.6527472734451294
}