{
  "tag": "272_6792e6a5",
  "lmb1": 0.002036168438341602,
  "lmb2": 9.261732454012669e-05,
  "nonzero_count": 12,
  "complexity_norm": 0.0967741935483871,
  "train_gen_window": 0.09419476992829899,
  "generalizability": 0.10178081821286308,
  "equation": "0.068855 E^{0.5} n P^{-0.5} - 0.004135 P^{-1} F dT_{e} - 3.1507 \\cdot 10^{-5} P^{-1} F dT_{i} - 0.0042849 P^{-1} F dn - 0.00057848 T_{e}^{0.5} T_{i}^{0.5} F dn - 0.037394 T_{e}^{0.5} T_{i}^{0.5} dn - 0.0031341 T_{e} dn - 0.010719 T_{i}^{0.5} P^{-1} dn + 0.0003547 n^{-1} P^{-1} dn + 0.00010217 n^{-1} T_{i}^{0.5} dn - 0.011272 n E^{0.5} T_{i}^{0.5} P + 0.022035 n E T_{e}^{0.5} T_{i}^{0.5}",
  "coefficients": [
    0.08853770611642153,
    0.000811807669877752,
    1.214756280003758e-05,
    -1.462079194572693e-06,
    0.0004343425568926479,
    5.8816350293627246e-06,
    7.800204500781899e-06,
    1.0144286405708508e-05,
    5.706673374494566e-06,
    -0.0011170715659923653,
    -1.9535282126816933e-06,
    -4.402473517734751e-07,
    -1.3478584679526076e-06,
    -1.630224066693756e-06,
    -1.5522535531193507e-06,
    -1.8246910156437037e-06,
    -1.1732780218197107e-06,
    -1.6443545426250997e-06,
    -1.5413866773315372e-06,
    -1.288729070648905e-06,
    -1.8021984574934019e-06,
    -1.2374457768122108e-06,
    -1.8647757432107923e-06,
    -1.0451278632976954e-06,
    -2.6760966207076805e-06,
    -1.2522753928026314e-06,
    -2.287282940423896e-06,
    -0.004478349212821727,
    -8.594935032723838e-07,
    -6.336044405998787e-07,
    -8.458241351937589e-07,
    -4.0144980464397365e-07,
    -4.935370096423768e-07,
    -1.0299023626994332e-07,
    1.4330549108739102e-07,
    -3.469349762383816e-08,
    -5.1677572617607116e-08,
    -2.4702345176720336e-06,
    -7.093627295192678e-07,
    -4.577697674344866e-07,
    -6.455607205345479e-07,
    2.3853866032056637e-07,
    -5.960668320849958e-07,
    -1.449395906250772e-07,
    3.2390645211375027e-07,
    -0.005416073868870396,
    -4.078192948120537e-06,
    6.6978940023186656e-06,
    -0.011493599076973391,
    -1.4611502725521047e-05,
    -2.495940405386129e-05,
    4.878129480763927e-06,
    -1.6240150994661712e-06,
    -6.320172798469595e-06,
    6.023578819593978e-06,
    -7.947017055906597e-06,
    -1.5924024808598357e-05,
    -5.63488666801134e-06,
    -2.047087827437687e-06,
    -0.028592760470951762,
    -0.0006871305276213467,
    3.412116831513886e-06,
    -8.042546052758332e-06,
    -1.1826894703382252e-06,
    -0.001992093073186087,
    -7.558342848913597e-06,
    -7.3318882027016866e-06,
    6.54824011584766e-07,
    8.740044847783702e-07,
    1.3062190170124325e-06,
    2.963511675190135e-06,
    1.0475468806340177e-06,
    -0.011690847194643346,
    1.5099180980339566e-05,
    -3.953830921800105e-07,
    3.6209602297208494e-06,
    2.274936232245221e-05,
    1.1196757798184146e-06,
    3.895103189768365e-06,
    4.672894908586986e-06,
    2.201482713668333e-06,
    -4.479324074390952e-06,
    3.3791204558290766e-05,
    6.8412569505204975e-06,
    8.858632008609676e-06,
    0.008910505122113162,
    0.03380443602077149
  ],
  "val_sse_masked": 0.0021881964057683945,
  "val_nrmse_masked": 0.1273277997970581,
  "val_mse_masked": 7.293988164747134e-05,
  "val_r2_masked": 0.9837822318077087,
  "val_sse_full": 0.002149535808712244,
  "val_nrmse_full": 0.12619797885417938,
  "val_mse_full": 7.165120041463524e-05,
  "val_r2_full": 0.984068751335144,
  "iteration": 272,
  "p_lo_eff": 0.12967753410339355,
  "p_hi_eff": 1.9451630115509033,
  "f_lo_eff": 0.20659340918064117,
  "f_hi_eff": 1.6527472734451294
}