{
  "tag": "54_bc2682dc",
  "lmb1": 0.046140699093763164,
  "lmb2": 1.0930142947222307e-05,
  "nonzero_count": 4,
  "complexity_norm": 0.03225806451612903,
  "train_gen_window": 0.3513165086895473,
  "generalizability": 0.34914404101527574,
  "equation": "0.055319 E^{0.5} n P^{-0.5} - 0.0047669 P^{-1} F dn - 0.0032881 T_{e}^{0.5} T_{i}^{0.5} dn + 0.04168 n E T_{e}^{0.5} T_{i}^{0.5}",
  "coefficients": [
    0.08853770406366457,
    1.4587088099509694e-09,
    1.0246916119316613e-08,
    -1.2827957106411517e-07,
    1.841085122060837e-08,
    2.0449775119777254e-08,
    9.55983753353694e-09,
    1.8069552295925775e-08,
    9.324502677482348e-09,
    7.881290304077585e-09,
    -1.644777252464478e-08,
    2.660786823328609e-09,
    -4.1731728101096385e-09,
    -1.3916350660293228e-08,
    -1.636936792246924e-08,
    -1.6781775456927664e-08,
    -1.3649342857063335e-08,
    -1.385408320722208e-08,
    -1.635769923270754e-08,
    -1.224011226245151e-08,
    -1.6958268741948013e-08,
    -1.503879276563553e-08,
    -1.6480471445399458e-08,
    -2.5984305321748454e-09,
    -1.792278755755627e-08,
    -1.5015208598543358e-08,
    -7.563737685094455e-09,
    4.259901531943465e-09,
    -1.0481199934514299e-08,
    3.92830461600232e-09,
    -4.128028514119907e-09,
    -4.199514210847837e-09,
    6.146094917801363e-10,
    1.4920899367482712e-09,
    3.859884793339561e-09,
    3.4746230817829554e-09,
    4.535496840128338e-09,
    -6.895855565849185e-09,
    3.95479700788175e-09,
    8.470284247471164e-10,
    -3.39755115290529e-09,
    4.47422972365182e-09,
    -8.593667056862407e-09,
    -2.29423087240408e-09,
    4.980288279311816e-09,
    -0.006025389791863356,
    -6.041090720263803e-07,
    -9.834322261435503e-08,
    -1.2102377022038275e-06,
    -1.5935794117193097e-06,
    -1.6010041667133363e-06,
    -1.1010233976341472e-07,
    -2.487724582986632e-07,
    -1.3030843953492758e-06,
    -1.1384293930025706e-07,
    -8.343985702900255e-07,
    -1.281766384701346e-06,
    -8.804958088009293e-07,
    -3.5018242128384616e-07,
    -0.0025141814073359483,
    -8.315899706504755e-06,
    -1.1722995345161886e-07,
    -2.157378269658404e-06,
    -2.994889902027533e-07,
    -7.92555354265829e-06,
    -1.5884898339272143e-06,
    -2.477720146468482e-06,
    2.3255326469995873e-07,
    2.3635215303609742e-07,
    3.114837404867839e-07,
    4.7219852884695233e-07,
    3.473565866919288e-07,
    7.952025405194782e-08,
    1.5008798747425505e-06,
    1.5398509289871323e-07,
    6.993584231287258e-07,
    7.318195879257806e-06,
    3.5999915426226326e-07,
    1.2187870235352775e-06,
    7.978187136088596e-07,
    4.873959299229954e-07,
    9.99193997251575e-08,
    2.023421911856464e-06,
    5.34996587509028e-07,
    1.1643842634977024e-06,
    0.01685496289261931,
    0.027158802701719133
  ],
  "val_sse_masked": 0.024787627160549164,
  "val_nrmse_masked": 0.42854610085487366,
  "val_mse_masked": 0.000826254312414676,
  "val_r2_masked": 0.8162870407104492,
  "val_sse_full": 0.024730999022722244,
  "val_nrmse_full": 0.4280562996864319,
  "val_mse_full": 0.0008243666961789131,
  "val_r2_full": 0.8167067170143127,
  "iteration": 54,
  "p_lo_eff": 0.12967753410339355,
  "p_hi_eff": 1.9451630115509033,
  "f_lo_eff": 0.20659340918064117,
  "f_hi_eff": 1.6527472734451294
}