{
  "tag": "73_10bbcb1f",
  "lmb1": 0.0028878773441251334,
  "lmb2": 0.0008927980074304512,
  "nonzero_count": 9,
  "complexity_norm": 0.07258064516129033,
  "train_gen_window": 0.11069392286660948,
  "generalizability": 0.12260441875641967,
  "equation": "0.06389 E^{0.5} n P^{-0.5} - 0.0043194 P^{-1} F dT_{e} - 1.6438 \\cdot 10^{-5} P^{-1} F dT_{i} - 0.0076098 P^{-1} F dn - 0.039859 T_{e}^{0.5} T_{i}^{0.5} dn - 0.010492 T_{i}^{0.5} P^{-1} dn + 0.00028254 n^{-1} P^{-1} dn - 0.0044461 n E^{0.5} T_{i}^{0.5} P + 0.0067457 n E T_{e}^{0.5} T_{i}^{0.5}",
  "coefficients": [
    0.08853770603768601,
    0.0006466530954429715,
    7.150041524484854e-06,
    -9.565521839043887e-07,
    1.6650117257422642e-05,
    3.327236328810719e-06,
    5.739869455526439e-06,
    7.838652741203504e-06,
    4.796354030207691e-06,
    -0.0005827976463550415,
    -1.3827049558559702e-06,
    -4.1022976315155556e-07,
    -8.264275853647336e-07,
    -1.1662099853120241e-06,
    -9.98507888110188e-07,
    -1.0482389382968433e-06,
    -7.527838881570274e-07,
    -1.1881327765106118e-06,
    -1.0097205903180784e-06,
    -9.049154612859005e-07,
    -1.0549006944610341e-06,
    -7.686131934184744e-07,
    -1.3844711263803656e-06,
    -8.717337539451221e-07,
    -1.6816880429160163e-06,
    -7.881187931921904e-07,
    -2.096483688806503e-06,
    -0.004677963397269424,
    -8.828930991640526e-07,
    -6.230686266657362e-07,
    -6.797164620028283e-07,
    -4.305705711884925e-07,
    -4.1594047497193587e-07,
    -9.473183445282285e-08,
    1.1497003262158654e-08,
    -4.9722528688935634e-08,
    -1.4848329208040375e-07,
    -2.2867569921116408e-06,
    -6.932897665199003e-07,
    -3.981329470962575e-07,
    -6.278947304187943e-07,
    7.385741965838808e-08,
    -6.902022412830699e-07,
    -2.511687989265217e-07,
    1.291007451335068e-07,
    -0.009618715332740673,
    -2.5578449931472596e-06,
    3.18730994516041e-06,
    -0.01125041874470005,
    -1.4874595335262401e-05,
    -1.2573639055293661e-05,
    2.0474016732420495e-06,
    -1.3783753189072676e-06,
    -9.262321645084636e-06,
    1.8579352285566109e-06,
    -6.8857104567515815e-06,
    -8.363829099694425e-06,
    -3.387145842124151e-06,
    -1.6742390056161287e-06,
    -0.030477370058449117,
    -6.27329719410015e-05,
    1.579066957019185e-06,
    -1.3429773828145425e-05,
    -1.0572418609517282e-06,
    -3.178622969736967e-05,
    -4.360407712670209e-06,
    -1.0482770995189496e-05,
    9.68212687595315e-07,
    5.199188353881983e-07,
    1.4224382267190044e-06,
    1.7374112780493466e-06,
    7.161147224026051e-07,
    -0.00461141644956898,
    7.044001504332928e-06,
    1.6288529537036587e-07,
    2.1502957137935644e-06,
    1.000867836135746e-05,
    7.521662805896206e-07,
    2.4248678361385933e-06,
    4.9084709890302215e-06,
    1.526532242475332e-06,
    -2.563727523777201e-06,
    2.3557858071360166e-05,
    7.71895306838024e-06,
    5.163193425073041e-06,
    0.0027278723599730493,
    0.03136666132737254
  ],
  "val_sse_masked": 0.003195087891072035,
  "val_nrmse_masked": 0.153858482837677,
  "val_mse_masked": 0.00010650293552316725,
  "val_r2_masked": 0.9763196706771851,
  "val_sse_full": 0.0031383526511490345,
  "val_nrmse_full": 0.15248633921146393,
  "val_mse_full": 0.00010461176134413108,
  "val_r2_full": 0.9767401814460754,
  "iteration": 73,
  "p_lo_eff": 0.12967753410339355,
  "p_hi_eff": 1.9451630115509033,
  "f_lo_eff": 0.20659340918064117,
  "f_hi_eff": 1.6527472734451294
}