{
  "tag": "333_d8584359",
  "lmb1": 1.252669619592223e-06,
  "lmb2": 0.05579027423688267,
  "nonzero_count": 80,
  "complexity_norm": 0.6451612903225806,
  "train_gen_window": 0.07054132563758507,
  "generalizability": 0.059580945813439125,
  "equation": "0.018004 E^{0.5} n P^{-0.5} + 0.001517 F dT_{e} + 0.00019939 F dT_{i} - 0.0024526 F dn - 0.0036698 P^{-1} F dT_{e} - 0.00013502 P^{-1} F dT_{i} - 0.0039441 P^{-1} F dn - 0.00032935 P^{-1} dT_{e} + 6.6871 \\cdot 10^{-5} P F dT_{i} + 0.0033489 P dn + 0.0010673 T_{e}^{0.5} F dT_{e} - 0.0028045 T_{e}^{0.5} F dn - 0.00033449 T_{e}^{0.5} P^{-1} dT_{e} - 0.0058 T_{e}^{0.5} P^{-1} dn - 9.1166 \\cdot 10^{-5} T_{e}^{0.5} T_{i}^{0.5} F dT_{e} + 1.661 \\cdot 10^{-6} T_{e}^{0.5} T_{i}^{0.5} F dT_{i} - 0.0021591 T_{e}^{0.5} T_{i}^{0.5} F dn - 8.2103 \\cdot 10^{-7} T_{e}^{0.5} T_{i}^{0.5} P^{-1} dT_{i} - 9.8922 \\cdot 10^{-5} T_{e}^{0.5} T_{i}^{0.5} P^{-1} dn - 3.6924 \\cdot 10^{-7} T_{e}^{0.5} T_{i}^{0.5} P dT_{i} + 0.0032779 T_{e}^{0.5} T_{i}^{0.5} P dn - 0.006637 T_{e}^{0.5} T_{i}^{0.5} dn + 1.2751 \\cdot 10^{-5} T_{e}^{0.5} T_{i} dT_{e} - 8.0711 \\cdot 10^{-8} T_{e}^{0.5} T_{i} dT_{i} - 0.0025484 T_{e}^{0.5} T_{i} dn - 0.010037 T_{e}^{0.5} dn + 6.288 \\cdot 10^{-5} T_{e} F dT_{i} - 0.0029793 T_{e} F dn - 0.00052767 T_{e} P^{-1} dn + 0.00012654 T_{e} T_{i}^{0.5} dT_{e} + 8.2938 \\cdot 10^{-6} T_{e} T_{i} dT_{e} - 4.4748 \\cdot 10^{-8} T_{e} T_{i} dT_{i} - 0.0022202 T_{e} T_{i} dn + 0.00057456 T_{e} dT_{e} + 4.2249 \\cdot 10^{-6} T_{e} dT_{i} - 0.010881 T_{e} dn - 0.0019983 T_{i}^{0.5} F dn - 1.0737 \\cdot 10^{-6} T_{i}^{0.5} P^{-1} dT_{i} - 0.0039404 T_{i}^{0.5} P^{-1} dn - 9.3099 \\cdot 10^{-7} T_{i}^{0.5} P dT_{i} + 0.0033418 T_{i}^{0.5} P dn + 0.00013428 T_{i}^{0.5} dT_{e} - 3.83 \\cdot 10^{-7} T_{i}^{0.5} dT_{i} - 0.0060037 T_{i}^{0.5} dn - 6.231 \\cdot 10^{-5} T_{i} F dT_{e} - 3.6215 \\cdot 10^{-7} T_{i} F dT_{i} - 5.1448 \\cdot 10^{-6} T_{i} P^{-1} dT_{e} + 0.00091504 T_{i} P^{-1} dn + 1.4887 \\cdot 10^{-5} T_{i} P dT_{e} + 0.0035364 T_{i} P dn + 1.7934 \\cdot 10^{-5} T_{i} dT_{e} - 0.0024671 T_{i} dn + 0.00021623 dT_{e} - 0.014987 n^{-1} F dn + 0.0014605 n^{-1} P^{-1} dn + 0.00026186 n^{-1} T_{e}^{0.5} T_{i}^{0.5} dn + 0.00095449 n^{-1} T_{e}^{0.5} dn + 0.00052048 n^{-1} T_{e} dn + 0.00044085 n^{-1} T_{i}^{0.5} dn + 5.0973 \\cdot 10^{-5} n^{-1} T_{i} dn + 0.0014711 n^{-1} dn + 0.0024228 n E^{0.5} + 0.0045099 n E^{0.5} P^{-1} - 0.0012888 n E^{0.5} T_{e}^{0.5} P^{-1} + 0.0044636 n E^{0.5} T_{e}^{0.5} T_{i}^{0.5} + 0.003797 n E^{0.5} T_{e}^{0.5} T_{i} + 0.0034848 n E^{0.5} T_{e} + 0.0043482 n E^{0.5} T_{e} T_{i}^{0.5} + 0.0039849 n E^{0.5} T_{i}^{0.5} - 0.0024979 n E^{0.5} T_{i}^{0.5} F + 0.0015806 n E^{0.5} T_{i}^{0.5} P^{-1} - 0.0085972 n E^{0.5} T_{i}^{0.5} P + 0.0038255 n E^{0.5} T_{i} + 0.00087361 n E F + 0.0072092 n E P^{-1} - 0.0076959 n E P + 0.01519 n E T_{e}^{0.5} + 0.010551 n E T_{e}^{0.5} T_{i}^{0.5} + 0.010534 n E T_{i}^{0.5} + 0.0044518 n E T_{i}",
  "coefficients": [
    0.08853770609800299,
    0.00334277420645741,
    0.0022043717769312378,
    -0.007627513304213082,
    0.001874201812637813,
    0.0009577236524316176,
    0.0014646748950236184,
    0.0012700069227110655,
    0.0008564168047604393,
    -0.0047871376111071435,
    7.324058457913295e-05,
    0.0031371566093833948,
    0.001038905881766333,
    -0.0004790842215601349,
    -0.00014574739933841336,
    -0.0003928353219298834,
    -0.00024930430028743305,
    -0.0004554021429484499,
    -1.643049507909491e-05,
    0.00019998101318421946,
    -0.00018088392509273523,
    -0.00025691316702037203,
    0.0003689811708643381,
    0.0015034047113016296,
    5.630205127452872e-05,
    -0.00017156144884291008,
    -0.0005872707880443489,
    -0.003974522865381365,
    0.00027948120485096826,
    0.0005712429977776285,
    -3.817716215645138e-05,
    0.0005145450949220975,
    -9.239721734454983e-05,
    -0.0001245294267838476,
    0.0003091642214772285,
    -0.0003206445264410996,
    0.0002638105915405832,
    -0.0006847644097344849,
    0.00044387802852681826,
    -0.0001239740388269085,
    -8.004961144818376e-05,
    0.0002560851725999969,
    0.00083763238181028,
    0.0006173672964423611,
    0.00019594894332247335,
    -0.004985341464584235,
    -0.0026239409150537636,
    0.0038749237023736477,
    -0.0042250138502593956,
    -0.0047594376448028605,
    -0.002447871113207499,
    0.0043640705028832,
    0.0014271380379262673,
    -0.002335299389958477,
    0.005291582031505161,
    -0.005228171032594038,
    -0.006618151490900295,
    -0.002899374664231038,
    -0.00012206581612898208,
    -0.005074854191382583,
    -0.002564621242776676,
    0.004088897064223404,
    -0.0023594956288883586,
    -0.0005509863535781518,
    -0.0069159918901395626,
    -0.0029845017587362428,
    -0.002037335943111435,
    0.0034481026159279855,
    0.0013373826875612042,
    0.0014887502169978048,
    0.0024580465765588312,
    -0.0024819283264730925,
    -0.008916889550657696,
    0.0026847319423346588,
    -0.001140734520591074,
    0.0026619324030085966,
    0.002595867739350612,
    0.001791992915036556,
    0.0025215181231781608,
    0.0034415641386580393,
    0.0004987334840663312,
    -0.004674960189918982,
    0.004395083893947807,
    0.0023141070846678753,
    0.005330460603707734,
    0.004266561036480575,
    0.008839163634783133
  ],
  "val_sse_masked": 0.0010419003665447235,
  "val_nrmse_masked": 0.08786039799451828,
  "val_mse_masked": 3.473001561360434e-05,
  "val_r2_masked": 0.992277979850769,
  "val_sse_full": 0.0010388821829110384,
  "val_nrmse_full": 0.08773304522037506,
  "val_mse_full": 3.4629407309694216e-05,
  "val_r2_full": 0.9923003315925598,
  "iteration": 333,
  "p_lo_eff": 0.12967753410339355,
  "p_hi_eff": 1.9451630115509033,
  "f_lo_eff": 0.20659340918064117,
  "f_hi_eff": 1.6527472734451294
}