{
  "tag": "307_f7991ed1",
  "lmb1": 5.865654337836228e-05,
  "lmb2": 4.650880698062506e-05,
  "nonzero_count": 43,
  "complexity_norm": 0.3467741935483871,
  "train_gen_window": 0.032148066603108594,
  "generalizability": 0.02729406422611703,
  "equation": "0.11576 E^{0.5} n P^{-0.5} + 0.00013794 F dT_{i} - 0.0030003 P^{-1} F dT_{e} - 9.5684 \\cdot 10^{-5} P^{-1} F dn - 0.023288 T_{e}^{0.5} P^{-1} dn - 0.018869 T_{e}^{0.5} T_{i}^{0.5} F dn - 7.4898 \\cdot 10^{-7} T_{e}^{0.5} T_{i}^{0.5} P^{-1} dT_{i} + 0.0050673 T_{e}^{0.5} T_{i}^{0.5} P^{-1} dn + 0.00053914 T_{e}^{0.5} T_{i}^{0.5} P dn - 0.00014845 T_{e}^{0.5} T_{i}^{0.5} dn - 0.00046782 T_{e}^{0.5} dn - 0.00010449 T_{e} F dn + 0.0013437 T_{e} P^{-1} dn + 2.3956 \\cdot 10^{-6} T_{e} P dT_{i} - 0.00013092 T_{e} dT_{e} - 0.047361 T_{e} dn + 9.2577 \\cdot 10^{-5} T_{i}^{0.5} F dT_{e} - 0.00044275 T_{i}^{0.5} F dn + 0.00046089 T_{i}^{0.5} P^{-1} dT_{e} - 1.1437 \\cdot 10^{-6} T_{i}^{0.5} P^{-1} dT_{i} - 0.0010858 T_{i}^{0.5} P^{-1} dn + 0.0055162 T_{i}^{0.5} P dn + 0.0019317 T_{i} P^{-1} dn + 2.4877 \\cdot 10^{-5} T_{i} P dT_{e} + 0.008442 T_{i} P dn - 0.017504 n^{-1} F dn + 0.0032782 n^{-1} P^{-1} dn + 0.00023828 n^{-1} T_{e}^{0.5} dn + 0.00092049 n^{-1} T_{e} dn - 4.4087 \\cdot 10^{-5} n^{-1} T_{i} dn + 0.00044797 n^{-1} dn - 0.049383 n E^{0.5} - 0.025043 n E^{0.5} T_{e}^{0.5} P^{-1} + 0.012279 n E^{0.5} T_{e}^{0.5} T_{i} - 0.019667 n E^{0.5} T_{i}^{0.5} F - 0.00098405 n E^{0.5} T_{i}^{0.5} P + 0.0013274 n E^{0.5} T_{i} + 0.017336 n E P^{-1} - 0.00064725 n E P + 0.029795 n E T_{e}^{0.5} + 0.0031529 n E T_{e}^{0.5} T_{i}^{0.5} + 0.0015493 n E T_{i}^{0.5} + 0.00025267 n E T_{i}",
  "coefficients": [
    0.08853770732948019,
    0.007502970771286052,
    0.0006712649472674136,
    -0.008908669864474915,
    -3.5490849068882125e-05,
    -0.0008283419282949808,
    0.00036564871419255145,
    -1.4901015542654693e-05,
    0.001514589889653729,
    -6.530566927118082e-05,
    -9.697463073588837e-05,
    0.0021702807537777426,
    7.586176322402132e-05,
    -0.0005103008420184969,
    -3.4571849232060804e-05,
    5.5827543093587266e-05,
    -1.238463816232816e-05,
    -0.000415441917196318,
    -3.102766509155778e-05,
    -3.215674236011359e-05,
    6.496337249024376e-05,
    -1.730541901624012e-05,
    -8.322962580884132e-05,
    1.0501932728179848e-05,
    0.0002267270905081117,
    -9.513952889307846e-06,
    4.6084155158095717e-05,
    -0.003249354811904192,
    -9.32930913450189e-05,
    -2.9967452737617272e-06,
    0.0026221379386055003,
    4.0425621792629273e-05,
    0.00011067199086628565,
    6.498475878770736e-05,
    3.334795448110974e-05,
    5.4391971333775255e-05,
    0.00044083513321289746,
    1.1666391642567782e-05,
    -2.4897946334390546e-05,
    2.9037917154238474e-05,
    9.2081129500406e-06,
    -6.864722485810681e-06,
    -0.0001908626738479099,
    -3.788263521349605e-05,
    -9.248666711809964e-06,
    -0.00012094396178005836,
    -4.5030120811039105e-05,
    9.673773656046047e-05,
    -0.001164242749155554,
    -5.781037667596123e-05,
    -0.0005423645518084085,
    0.00720374569230869,
    0.0030127085626795295,
    -2.947586086384694e-05,
    0.01263183339217952,
    -0.020992022604654638,
    -0.0003084657750459314,
    -7.775800246517506e-05,
    0.006252864671605729,
    -0.00011351147650121462,
    -0.022412286232282235,
    0.0006725269678272548,
    -3.9197683077043114e-05,
    0.0014030490075941787,
    -0.030103155590763722,
    -0.0001046755000188773,
    -2.3201067270532606e-05,
    2.4673014841199246e-05,
    -0.027259223673128705,
    1.967248521060089e-05,
    1.574932481975609e-05,
    -0.019541526368972884,
    -0.0010206491158089113,
    0.000931561078437483,
    -0.022165593023605108,
    3.7885219981353e-05,
    0.008394304792072323,
    -7.333119845756626e-05,
    5.054036624020346e-05,
    0.008275713519305835,
    -2.6859396128077702e-05,
    -0.0003931805495475611,
    0.0006464115999891642,
    0.00013134234969434925,
    0.010455315438042304,
    0.001275006219277803,
    0.05683371475147772
  ],
  "val_sse_masked": 0.0004434581205714494,
  "val_nrmse_masked": 0.05732002481818199,
  "val_mse_masked": 1.4781938261876348e-05,
  "val_r2_masked": 0.9967133402824402,
  "val_sse_full": 0.00043842283776029944,
  "val_nrmse_full": 0.056993670761585236,
  "val_mse_full": 1.4614095562137663e-05,
  "val_r2_full": 0.9967506527900696,
  "iteration": 307,
  "p_lo_eff": 0.12967753410339355,
  "p_hi_eff": 1.9451630115509033,
  "f_lo_eff": 0.20659340918064117,
  "f_hi_eff": 1.6527472734451294
}