{
  "tag": "344_5f9ca01b",
  "lmb1": 1.03883407749514e-06,
  "lmb2": 3.213220708213665e-08,
  "nonzero_count": 86,
  "complexity_norm": 0.6935483870967742,
  "train_gen_window": 0.014178985305450986,
  "generalizability": 0.02034402939980893,
  "equation": "0.17852 E^{0.5} n P^{-0.5} + 0.055148 F dT_{e} + 0.0043942 F dT_{i} + 0.010934 F dn + 0.0011256 P^{-1} F dT_{e} + 9.2764 \\cdot 10^{-5} P^{-1} F dT_{i} + 0.0070843 P^{-1} F dn + 0.0024479 P^{-1} dT_{e} + 1.8328 \\cdot 10^{-5} P F dT_{i} + 0.00081773 P dn - 0.10725 T_{e}^{0.5} F dT_{e} + 0.00076676 T_{e}^{0.5} F dn + 0.0037716 T_{e}^{0.5} P^{-1} dT_{e} - 0.060872 T_{e}^{0.5} P^{-1} dn + 0.017809 T_{e}^{0.5} T_{i}^{0.5} F dT_{e} - 1.3658 \\cdot 10^{-6} T_{e}^{0.5} T_{i}^{0.5} F dT_{i} - 0.04413 T_{e}^{0.5} T_{i}^{0.5} F dn + 2.6806 \\cdot 10^{-5} T_{e}^{0.5} T_{i}^{0.5} P^{-1} dT_{i} + 0.042745 T_{e}^{0.5} T_{i}^{0.5} P^{-1} dn + 0.0018209 T_{e}^{0.5} T_{i}^{0.5} P dT_{e} + 8.6291 \\cdot 10^{-6} T_{e}^{0.5} T_{i}^{0.5} P dT_{i} + 0.017933 T_{e}^{0.5} T_{i}^{0.5} P dn + 1.7 \\cdot 10^{-5} T_{e}^{0.5} T_{i}^{0.5} dT_{i} + 0.13623 T_{e}^{0.5} T_{i}^{0.5} dn - 7.259 \\cdot 10^{-5} T_{e}^{0.5} T_{i} dT_{e} - 1.0394 \\cdot 10^{-6} T_{e}^{0.5} T_{i} dT_{i} - 0.00054606 T_{e}^{0.5} T_{i} dn - 0.13329 T_{e}^{0.5} dn - 0.001888 T_{e} F dT_{i} - 0.0083704 T_{e} F dn + 0.0029388 T_{e} P^{-1} dn + 2.8947 \\cdot 10^{-5} T_{e} P dT_{i} - 0.0037967 T_{e} T_{i}^{0.5} dT_{e} + 0.0006241 T_{e} T_{i} dT_{e} - 5.1905 \\cdot 10^{-7} T_{e} T_{i} dT_{i} - 0.00032182 T_{e} T_{i} dn - 0.0011691 T_{e} dT_{e} - 2.3243 \\cdot 10^{-5} T_{e} dT_{i} - 0.0017232 T_{e} dn + 0.010379 T_{i}^{0.5} F dT_{e} + 0.00034445 T_{i}^{0.5} F dn + 0.00086813 T_{i}^{0.5} P^{-1} dT_{e} + 1.0554 \\cdot 10^{-6} T_{i}^{0.5} P^{-1} dT_{i} + 0.0078769 T_{i}^{0.5} P^{-1} dn + 2.0955 \\cdot 10^{-6} T_{i}^{0.5} P dT_{i} + 0.0069591 T_{i}^{0.5} P dn - 0.00033144 T_{i}^{0.5} dT_{e} + 2.8555 \\cdot 10^{-6} T_{i}^{0.5} dT_{i} - 0.00039347 T_{i}^{0.5} dn - 0.0019738 T_{i} F dT_{e} - 2.6574 \\cdot 10^{-5} T_{i} F dT_{i} - 0.00020764 T_{i} P^{-1} dT_{e} - 0.010228 T_{i} P^{-1} dn - 0.00016217 T_{i} P dT_{e} - 0.0083419 T_{i} P dn - 0.00076608 T_{i} dT_{e} - 0.02594 T_{i} dn - 0.00055973 dT_{e} - 0.00071551 dT_{i} - 0.00036635 n^{-1} F dn + 0.0061858 n^{-1} P^{-1} dn - 0.0094887 n^{-1} T_{e}^{0.5} T_{i}^{0.5} dn - 0.0036707 n^{-1} T_{e}^{0.5} dn - 0.0034338 n^{-1} T_{e} dn + 0.008935 n^{-1} T_{i}^{0.5} dn + 0.00029013 n^{-1} T_{i} dn - 0.0010877 n^{-1} dn - 0.28418 n E^{0.5} - 0.059585 n E^{0.5} P^{-1} - 0.0094014 n E^{0.5} T_{e}^{0.5} P^{-1} - 0.00045931 n E^{0.5} T_{e}^{0.5} T_{i}^{0.5} + 0.053437 n E^{0.5} T_{e}^{0.5} T_{i} - 0.026223 n E^{0.5} T_{e} + 0.0018219 n E^{0.5} T_{e} T_{i}^{0.5} + 0.00045371 n E^{0.5} T_{i}^{0.5} - 0.015686 n E^{0.5} T_{i}^{0.5} F + 0.046479 n E^{0.5} T_{i}^{0.5} P^{-1} + 0.019707 n E^{0.5} T_{i}^{0.5} P + 0.13677 n E^{0.5} T_{i} - 0.040082 n E F - 0.01685 n E P^{-1} - 0.0092937 n E P + 0.64792 n E T_{e}^{0.5} - 0.50993 n E T_{e}^{0.5} T_{i}^{0.5} - 0.04436 n E T_{i}^{0.5} + 0.019255 n E T_{i}",
  "coefficients": [
    0.08853771861279752,
    0.014157584868668641,
    -0.0016298146452660524,
    -0.00018645085870930929,
    0.03798583857796839,
    0.005451194500654274,
    -0.005632646268884257,
    -0.046019406965192244,
    -0.0056500215077787035,
    0.003288940413286322,
    -0.04297287668018992,
    0.06913904502449406,
    0.0002847352307947374,
    0.00047090474929608987,
    0.0010866636150551065,
    0.0008842027937178932,
    -0.018294042261646153,
    0.014868816915416137,
    0.007767204753425221,
    -0.000164442297353737,
    0.0042272176912388475,
    -0.0033085510650828626,
    -0.0020298789171700636,
    -0.04513906612961279,
    0.0027396223596394954,
    -0.0019899952175332263,
    0.00436496549922546,
    0.0012190211868247998,
    -0.0007234440595219951,
    0.020766541333489087,
    0.004939061552045678,
    -0.0012700413047284553,
    0.012407485035501018,
    -0.005026031614421469,
    -0.01320608727328858,
    -0.01015724842492703,
    -0.002873856050736304,
    0.007721292513623586,
    -0.04460439690604227,
    0.02421799844321962,
    0.008020228397797423,
    -0.0014578583556026023,
    -0.0017044543036848167,
    -0.018523242335179727,
    0.014745018802482756,
    0.00895457691630014,
    0.011697859372124187,
    0.000946165104519418,
    0.008445875501340459,
    -0.0003119239126093214,
    0.00042194525507216604,
    0.009088045098696004,
    -0.01595202227433083,
    -0.024554123711812138,
    -0.01248213655981957,
    -0.05487074662355703,
    -0.08788455513392665,
    0.000792706514853293,
    0.052745361747025515,
    0.10416668093117042,
    -0.05241862011319081,
    0.022369850001603696,
    -0.0005055926208848084,
    0.003068641991194973,
    -0.0010953232062304993,
    -0.00838510156037525,
    -0.00029530652046705873,
    -0.045556590767495325,
    -0.15686390312092577,
    0.04377903948353461,
    0.00027986668236414537,
    -0.015585881071375308,
    0.02043999526789088,
    0.09598475956177599,
    -0.008321241695630255,
    -0.0002739169008415007,
    0.03653240363183836,
    -0.013484746216929014,
    0.0010565055501026636,
    -0.008043848885305072,
    -0.02288240099554161,
    -0.00564557147454129,
    -0.01850858555008123,
    0.010009089782580267,
    0.2273606416522953,
    -0.20620901218142737,
    0.08764664637037023
  ],
  "val_sse_masked": 0.00014590144564863294,
  "val_nrmse_masked": 0.0328783355653286,
  "val_mse_masked": 4.863381946051959e-06,
  "val_r2_masked": 0.9989186525344849,
  "val_sse_full": 0.00014590144564863294,
  "val_nrmse_full": 0.0328783355653286,
  "val_mse_full": 4.863381946051959e-06,
  "val_r2_full": 0.9989186525344849,
  "iteration": 344,
  "p_lo_eff": 0.12967753410339355,
  "p_hi_eff": 1.9451630115509033,
  "f_lo_eff": 0.20659340918064117,
  "f_hi_eff": 1.6527472734451294
}