{
  "tag": "169_60baf9d8",
  "lmb1": 8.038477436079002e-07,
  "lmb2": 7.82923993023717e-08,
  "nonzero_count": 84,
  "complexity_norm": 0.6774193548387096,
  "train_gen_window": 0.013979914202456752,
  "generalizability": 0.021988267781961616,
  "equation": "0.18038 E^{0.5} n P^{-0.5} + 0.062091 F dT_{e} + 0.0046979 F dT_{i} + 0.016944 F dn + 0.00099707 P^{-1} F dT_{e} + 8.8195 \\cdot 10^{-5} P^{-1} F dT_{i} + 0.0077198 P^{-1} F dn + 0.001636 P^{-1} dT_{e} - 6.9692 \\cdot 10^{-5} P F dT_{i} + 0.00097924 P dn - 0.1162 T_{e}^{0.5} F dT_{e} + 0.0010308 T_{e}^{0.5} F dn + 0.0045231 T_{e}^{0.5} P^{-1} dT_{e} - 0.061922 T_{e}^{0.5} P^{-1} dn + 0.020432 T_{e}^{0.5} T_{i}^{0.5} F dT_{e} - 9.0842 \\cdot 10^{-6} T_{e}^{0.5} T_{i}^{0.5} F dT_{i} - 0.047472 T_{e}^{0.5} T_{i}^{0.5} F dn + 3.0509 \\cdot 10^{-5} T_{e}^{0.5} T_{i}^{0.5} P^{-1} dT_{i} + 0.03948 T_{e}^{0.5} T_{i}^{0.5} P^{-1} dn + 0.0021128 T_{e}^{0.5} T_{i}^{0.5} P dT_{e} + 7.9725 \\cdot 10^{-6} T_{e}^{0.5} T_{i}^{0.5} P dT_{i} + 0.014844 T_{e}^{0.5} T_{i}^{0.5} P dn + 2.5696 \\cdot 10^{-5} T_{e}^{0.5} T_{i}^{0.5} dT_{i} + 0.17158 T_{e}^{0.5} T_{i}^{0.5} dn - 9.9614 \\cdot 10^{-5} T_{e}^{0.5} T_{i} dT_{e} - 8.6411 \\cdot 10^{-7} T_{e}^{0.5} T_{i} dT_{i} - 0.15359 T_{e}^{0.5} dn - 0.0020227 T_{e} F dT_{i} - 0.01409 T_{e} F dn + 0.0039398 T_{e} P^{-1} dn + 4.4869 \\cdot 10^{-5} T_{e} P dT_{i} - 0.0050103 T_{e} T_{i}^{0.5} dT_{e} + 0.0007693 T_{e} T_{i} dT_{e} - 4.6582 \\cdot 10^{-7} T_{e} T_{i} dT_{i} + 0.00043582 T_{e} T_{i} dn - 1.8236 \\cdot 10^{-5} T_{e} dT_{i} - 0.0016259 T_{e} dn + 0.0109 T_{i}^{0.5} F dT_{e} + 0.001086 T_{i}^{0.5} F dn + 0.0010097 T_{i}^{0.5} P^{-1} dT_{e} - 5.5339 \\cdot 10^{-6} T_{i}^{0.5} P^{-1} dT_{i} + 0.0098723 T_{i}^{0.5} P^{-1} dn - 1.0389 \\cdot 10^{-6} T_{i}^{0.5} P dT_{i} + 0.011925 T_{i}^{0.5} P dn + 0.00015469 T_{i}^{0.5} dT_{e} + 3.209 \\cdot 10^{-6} T_{i}^{0.5} dT_{i} - 0.0017484 T_{i}^{0.5} dn - 0.0033204 T_{i} F dT_{e} - 2.8152 \\cdot 10^{-5} T_{i} F dT_{i} - 0.00014757 T_{i} P^{-1} dT_{e} - 0.0096779 T_{i} P^{-1} dn - 0.00024557 T_{i} P dT_{e} - 0.010508 T_{i} P dn - 0.00060998 T_{i} dT_{e} - 0.037969 T_{i} dn - 0.0017276 dT_{e} - 0.00075885 dT_{i} + 0.00043966 n^{-1} F dn + 0.0061948 n^{-1} P^{-1} dn - 0.011167 n^{-1} T_{e}^{0.5} T_{i}^{0.5} dn - 0.004394 n^{-1} T_{e}^{0.5} dn - 0.0027526 n^{-1} T_{e} dn + 0.010568 n^{-1} T_{i}^{0.5} dn + 0.00045069 n^{-1} T_{i} dn - 0.0017404 n^{-1} dn - 0.28942 n E^{0.5} - 0.061747 n E^{0.5} P^{-1} - 0.0079621 n E^{0.5} T_{e}^{0.5} P^{-1} - 0.0010143 n E^{0.5} T_{e}^{0.5} T_{i}^{0.5} + 0.048903 n E^{0.5} T_{e}^{0.5} T_{i} - 0.033597 n E^{0.5} T_{e} + 0.0018368 n E^{0.5} T_{e} T_{i}^{0.5} + 0.00062677 n E^{0.5} T_{i}^{0.5} - 0.014348 n E^{0.5} T_{i}^{0.5} F + 0.047922 n E^{0.5} T_{i}^{0.5} P^{-1} + 0.019832 n E^{0.5} T_{i}^{0.5} P + 0.14971 n E^{0.5} T_{i} - 0.045801 n E F - 0.020334 n E P^{-1} - 0.0091634 n E P + 0.69085 n E T_{e}^{0.5} - 0.5191 n E T_{e}^{0.5} T_{i}^{0.5} - 0.070724 n E T_{i}^{0.5} + 0.023971 n E T_{i}",
  "coefficients": [
    0.08853771854377185,
    0.014178220725702262,
    -0.002607860598890371,
    0.00022376300055322986,
    0.04492671480331081,
    0.00846786089711709,
    -0.006742667160506695,
    -0.05415888589235565,
    -0.004529109596546727,
    0.0031269288709270225,
    -0.045575521731587736,
    0.0739177126722104,
    -0.0010827247413232963,
    -0.002469121837594577,
    0.0012211737501962696,
    -0.00043835050092920274,
    -0.019379950598955406,
    0.01692273739514228,
    0.01174026409239074,
    -0.0010937209875496049,
    0.003905542391407574,
    -0.002750552633390616,
    -0.0015926653755397755,
    -0.04836178748746246,
    0.004246425918033907,
    -0.0017859256504958489,
    0.0029171246544908522,
    0.0010798498378171042,
    -0.0022328982873595477,
    0.023381017789369154,
    0.005744615953070675,
    0.0005927493374592047,
    0.01303036682641509,
    -0.0035718310903342125,
    -0.010515161044018506,
    -0.01708644013469698,
    -0.0043517084813203604,
    0.009259594981672791,
    -0.04832781646824335,
    0.027784377479853954,
    0.009305709836581428,
    -0.0020005982330054592,
    -6.577394288388282e-05,
    -0.024444132439171814,
    0.018175375150936774,
    0.009757818983517654,
    0.018127645574292434,
    0.0011330448638440403,
    0.010585485151990868,
    -0.0013860080630076791,
    0.0013303590234297743,
    0.01557311479555663,
    -0.015094201377785273,
    -0.03594105050892442,
    -0.01572323427662681,
    -0.05581738696660503,
    -0.10127425862716631,
    0.001065704566870049,
    0.04871634823156842,
    0.13119398913031896,
    -0.05638764072983134,
    0.018516395463209604,
    -5.118523536919422e-05,
    0.0041138484317501285,
    -0.0010334776322838283,
    -0.014114604635926046,
    0.0003999239211911988,
    -0.04720942223890142,
    -0.15975740298451838,
    0.045137779187951255,
    0.0003866210007434268,
    -0.014256766663944898,
    0.020569183789512453,
    0.10506247314638242,
    -0.007047336236501886,
    -0.0006048973284113134,
    0.03343271865511375,
    -0.017276330656689626,
    0.0010651467111291116,
    -0.009707088239083523,
    -0.02614728427163497,
    -0.005566421111760854,
    -0.02950840215474915,
    0.012460296893860644,
    0.24242570510367728,
    -0.20991559040079497,
    0.08855927586673026
  ],
  "val_sse_masked": 0.00013999469229020178,
  "val_nrmse_masked": 0.03220592811703682,
  "val_mse_masked": 4.666489985538647e-06,
  "val_r2_masked": 0.9989624619483948,
  "val_sse_full": 0.00014062192349229008,
  "val_nrmse_full": 0.032277997583150864,
  "val_mse_full": 4.6873979044903535e-06,
  "val_r2_full": 0.9989578127861023,
  "iteration": 169,
  "p_lo_eff": 0.12967753410339355,
  "p_hi_eff": 1.9451630115509033,
  "f_lo_eff": 0.20659340918064117,
  "f_hi_eff": 1.6527472734451294
}