{
  "tag": "495_02777722",
  "lmb1": 5.171245123669189e-07,
  "lmb2": 1.1545349080376842e-05,
  "nonzero_count": 85,
  "complexity_norm": 0.6854838709677419,
  "train_gen_window": 0.016818923027423265,
  "generalizability": 0.01754325711417692,
  "equation": "0.15822 E^{0.5} n P^{-0.5} + 0.05142 F dT_{e} + 0.0045905 F dT_{i} + 0.0077746 F dn + 0.0007918 P^{-1} F dT_{e} + 0.00012079 P^{-1} F dT_{i} + 0.0056591 P^{-1} F dn + 0.003251 P^{-1} dT_{e} - 0.00014423 P F dT_{i} - 0.015926 P dn - 0.12018 T_{e}^{0.5} F dT_{e} + 0.00025244 T_{e}^{0.5} F dn + 0.0040395 T_{e}^{0.5} P^{-1} dT_{e} - 0.065162 T_{e}^{0.5} P^{-1} dn + 0.016364 T_{e}^{0.5} T_{i}^{0.5} F dT_{e} - 3.15 \\cdot 10^{-5} T_{e}^{0.5} T_{i}^{0.5} F dT_{i} - 0.02711 T_{e}^{0.5} T_{i}^{0.5} F dn + 3.801 \\cdot 10^{-5} T_{e}^{0.5} T_{i}^{0.5} P^{-1} dT_{i} + 0.046103 T_{e}^{0.5} T_{i}^{0.5} P^{-1} dn + 0.0028836 T_{e}^{0.5} T_{i}^{0.5} P dT_{e} + 1.8897 \\cdot 10^{-5} T_{e}^{0.5} T_{i}^{0.5} P dT_{i} + 0.03011 T_{e}^{0.5} T_{i}^{0.5} P dn + 4.0554 \\cdot 10^{-5} T_{e}^{0.5} T_{i}^{0.5} dT_{i} + 0.057504 T_{e}^{0.5} T_{i}^{0.5} dn - 7.9789 \\cdot 10^{-5} T_{e}^{0.5} T_{i} dT_{e} - 3.7648 \\cdot 10^{-6} T_{e}^{0.5} T_{i} dT_{i} + 0.0044584 T_{e}^{0.5} T_{i} dn - 0.067137 T_{e}^{0.5} dn - 0.0018544 T_{e} F dT_{i} - 0.015993 T_{e} F dn + 0.0079711 T_{e} P^{-1} dn - 4.1466 \\cdot 10^{-6} T_{e} P dT_{i} - 0.0038962 T_{e} T_{i}^{0.5} dT_{e} + 0.00078254 T_{e} T_{i} dT_{e} + 3.41 \\cdot 10^{-7} T_{e} T_{i} dT_{i} + 0.023834 T_{e} T_{i} dn - 0.0014794 T_{e} dT_{e} - 0.00010546 T_{e} dT_{i} - 0.022017 T_{e} dn + 0.01823 T_{i}^{0.5} F dT_{e} - 0.0062376 T_{i}^{0.5} F dn + 0.0018961 T_{i}^{0.5} P^{-1} dT_{e} - 2.322 \\cdot 10^{-5} T_{i}^{0.5} P^{-1} dT_{i} + 0.0057795 T_{i}^{0.5} P^{-1} dn - 3.0217 \\cdot 10^{-6} T_{i}^{0.5} P dT_{i} + 0.016471 T_{i}^{0.5} P dn - 0.0030358 T_{i}^{0.5} dT_{e} - 4.2269 \\cdot 10^{-6} T_{i}^{0.5} dT_{i} + 0.00084823 T_{i}^{0.5} dn - 0.00081913 T_{i} F dT_{e} - 1.8588 \\cdot 10^{-5} T_{i} F dT_{i} - 0.00051985 T_{i} P^{-1} dT_{e} - 0.011555 T_{i} P^{-1} dn - 0.00021492 T_{i} P dT_{e} - 0.011176 T_{i} P dn - 0.00093604 T_{i} dT_{e} - 0.027893 T_{i} dn + 0.0012936 dT_{e} - 0.00063034 dT_{i} - 0.002108 n^{-1} F dn + 0.0069191 n^{-1} P^{-1} dn - 0.006695 n^{-1} T_{e}^{0.5} T_{i}^{0.5} dn - 0.0070738 n^{-1} T_{e}^{0.5} dn - 0.0057153 n^{-1} T_{e} dn + 0.0088557 n^{-1} T_{i}^{0.5} dn - 0.0004861 n^{-1} T_{i} dn + 0.0015013 n^{-1} dn - 0.19636 n E^{0.5} - 0.043639 n E^{0.5} P^{-1} - 0.012846 n E^{0.5} T_{e}^{0.5} P^{-1} + 0.057911 n E^{0.5} T_{e}^{0.5} T_{i} - 0.050301 n E^{0.5} T_{e} + 0.023028 n E^{0.5} T_{e} T_{i}^{0.5} - 0.00099983 n E^{0.5} T_{i}^{0.5} - 0.020558 n E^{0.5} T_{i}^{0.5} F + 0.037851 n E^{0.5} T_{i}^{0.5} P^{-1} + 0.01656 n E^{0.5} T_{i}^{0.5} P + 0.073282 n E^{0.5} T_{i} - 0.032857 n E F - 0.01274 n E P^{-1} - 0.0042294 n E P + 0.38339 n E T_{e}^{0.5} - 0.20663 n E T_{e}^{0.5} T_{i}^{0.5} - 0.0744 n E T_{i}^{0.5} - 0.014091 n E T_{i}",
  "coefficients": [
    0.08853771526665805,
    0.015835927132708268,
    0.0022496547731682475,
    -0.0010728670455763412,
    0.03764881172984405,
    -0.009133282400878158,
    -0.010854749522918318,
    -0.0324703003442887,
    -0.009404008210177926,
    0.004282654353266361,
    -0.03785739310511711,
    0.07222802621592982,
    -0.002240806293223491,
    -0.010360155810860036,
    -0.0016085166498056372,
    -0.0012750184816871816,
    -0.01279585501332662,
    0.0210834415628219,
    0.01852878786955399,
    -0.003792514305990584,
    0.009257143452085725,
    -0.011983941313197095,
    -0.00920991890909863,
    -0.04433786866352202,
    -0.00039243696417978844,
    0.0013073760807153119,
    0.005796983023966886,
    0.0008575378879707579,
    0.001671994262536218,
    0.01936284887921451,
    0.010787596260949824,
    -0.011632719865430635,
    0.021793596640647353,
    -0.012582986717947005,
    -0.0161359621538108,
    -0.004215196033664121,
    -0.0038085517986035013,
    0.008269737506700368,
    -0.04998180036900325,
    0.02225325629389853,
    0.01270079698721294,
    -0.0016024408906965921,
    -0.002156825606921162,
    -0.019008931222202596,
    0.018488112478943268,
    0.007153108885948596,
    0.00831756896332617,
    -0.01842769655943855,
    0.006197048458204786,
    0.0006724320533888616,
    -0.007640930826406304,
    0.02150968353770624,
    -0.01802131998675889,
    -0.026403146143583342,
    -0.01672272320048091,
    -0.05873794060560726,
    -0.04426731595897824,
    0.00026098820835345014,
    0.05688882155591752,
    0.04396949570008133,
    -0.03220213470657038,
    0.03755905473629029,
    0.0041279716401314715,
    0.008323310971593095,
    -0.013994635963168092,
    -0.01602070004429617,
    0.021870992369737455,
    -0.03336485829356834,
    -0.10839064918565094,
    0.03565208966847269,
    -0.0006167389266224094,
    -0.020426529277373,
    0.017176144400602313,
    0.05142871123393449,
    -0.011370203861778033,
    9.025735933392964e-05,
    0.03959111564538225,
    -0.02586589868863903,
    0.013353820657477906,
    -0.006081987851252729,
    -0.018757835291440345,
    -0.00256919200042749,
    -0.031042296071137593,
    -0.0073245471591490445,
    0.13453542035247462,
    -0.08355800975264248,
    0.07767946772641146
  ],
  "val_sse_masked": 0.00016995843907352537,
  "val_nrmse_masked": 0.03548554331064224,
  "val_mse_masked": 5.665281605615746e-06,
  "val_r2_masked": 0.9987403750419617,
  "val_sse_full": 0.0001705144823063165,
  "val_nrmse_full": 0.035543542355298996,
  "val_mse_full": 5.683816652890528e-06,
  "val_r2_full": 0.9987362623214722,
  "iteration": 495,
  "p_lo_eff": 0.12967753410339355,
  "p_hi_eff": 1.9451630115509033,
  "f_lo_eff": 0.20659340918064117,
  "f_hi_eff": 1.6527472734451294
}