{
  "tag": "144_88fe10a8",
  "lmb1": 4.868811785958749e-06,
  "lmb2": 3.273902516713328e-08,
  "nonzero_count": 84,
  "complexity_norm": 0.6774193548387096,
  "train_gen_window": 0.022677596048885026,
  "generalizability": 0.016646509482567254,
  "equation": "0.14163 E^{0.5} n P^{-0.5} + 0.0023508 F dT_{e} + 0.0023148 F dT_{i} - 0.00070907 F dn - 0.00044803 P^{-1} F dT_{e} + 4.4067 \\cdot 10^{-5} P^{-1} F dT_{i} + 0.0014111 P^{-1} F dn + 0.00278 P^{-1} dT_{e} + 4.3781 \\cdot 10^{-5} P F dT_{i} - 0.0036827 P dn - 0.024768 T_{e}^{0.5} F dT_{e} - 0.0015107 T_{e}^{0.5} F dn + 0.00029136 T_{e}^{0.5} P^{-1} dT_{e} - 0.050652 T_{e}^{0.5} P^{-1} dn + 0.0090646 T_{e}^{0.5} T_{i}^{0.5} F dT_{e} - 4.7698 \\cdot 10^{-6} T_{e}^{0.5} T_{i}^{0.5} F dT_{i} - 0.017346 T_{e}^{0.5} T_{i}^{0.5} F dn - 2.9499 \\cdot 10^{-7} T_{e}^{0.5} T_{i}^{0.5} P^{-1} dT_{i} + 0.028409 T_{e}^{0.5} T_{i}^{0.5} P^{-1} dn + 0.0011039 T_{e}^{0.5} T_{i}^{0.5} P dT_{e} + 2.9657 \\cdot 10^{-6} T_{e}^{0.5} T_{i}^{0.5} P dT_{i} + 0.014831 T_{e}^{0.5} T_{i}^{0.5} P dn + 0.0045749 T_{e}^{0.5} T_{i}^{0.5} dn - 6.0565 \\cdot 10^{-5} T_{e}^{0.5} T_{i} dT_{e} - 2.6133 \\cdot 10^{-7} T_{e}^{0.5} T_{i} dT_{i} + 0.0042418 T_{e}^{0.5} T_{i} dn - 0.067363 T_{e}^{0.5} dn - 0.00036376 T_{e} F dT_{i} - 0.0029595 T_{e} F dn + 0.015621 T_{e} P^{-1} dn + 1.9273 \\cdot 10^{-5} T_{e} P dT_{i} - 0.00079145 T_{e} T_{i}^{0.5} dT_{e} - 1.4159 \\cdot 10^{-5} T_{e} T_{i} dT_{e} - 5.2977 \\cdot 10^{-8} T_{e} T_{i} dT_{i} + 0.0040931 T_{e} T_{i} dn - 0.0034168 T_{e} dT_{e} - 0.0001841 T_{e} dT_{i} - 0.0038729 T_{e} dn + 0.003412 T_{i}^{0.5} F dT_{e} - 0.0017288 T_{i}^{0.5} F dn + 0.00066304 T_{i}^{0.5} P^{-1} dT_{e} - 1.4473 \\cdot 10^{-6} T_{i}^{0.5} P^{-1} dT_{i} - 0.00087724 T_{i}^{0.5} P^{-1} dn + 1.2225 \\cdot 10^{-6} T_{i}^{0.5} P dT_{i} + 0.0010672 T_{i}^{0.5} P dn - 0.0015277 T_{i}^{0.5} dT_{e} - 9.0918 \\cdot 10^{-7} T_{i}^{0.5} dT_{i} + 0.001333 T_{i}^{0.5} dn + 8.1002 \\cdot 10^{-5} T_{i} F dT_{e} - 5.315 \\cdot 10^{-6} T_{i} F dT_{i} - 1.2779 \\cdot 10^{-5} T_{i} P^{-1} dT_{e} - 0.003076 T_{i} P^{-1} dn + 7.7421 \\cdot 10^{-5} T_{i} P dT_{e} + 0.0034954 T_{i} P dn - 0.00044612 T_{i} dT_{e} + 0.0039149 T_{i} dn + 0.001747 dT_{e} - 0.00029266 dT_{i} + 0.0035884 n^{-1} P^{-1} dn - 0.0013445 n^{-1} T_{e}^{0.5} T_{i}^{0.5} dn - 0.00042702 n^{-1} T_{e}^{0.5} dn - 0.0013075 n^{-1} T_{e} dn + 0.0001221 n^{-1} T_{i}^{0.5} dn - 0.00036763 n^{-1} T_{i} dn + 0.00050335 n^{-1} dn - 0.18904 n E^{0.5} - 0.022078 n E^{0.5} P^{-1} - 0.020421 n E^{0.5} T_{e}^{0.5} P^{-1} + 0.0014903 n E^{0.5} T_{e}^{0.5} T_{i}^{0.5} + 0.058554 n E^{0.5} T_{e}^{0.5} T_{i} - 0.0004475 n E^{0.5} T_{e} + 0.0041358 n E^{0.5} T_{e} T_{i}^{0.5} + 0.00078038 n E^{0.5} T_{i}^{0.5} - 0.02429 n E^{0.5} T_{i}^{0.5} F + 0.020993 n E^{0.5} T_{i}^{0.5} P^{-1} + 0.011484 n E^{0.5} T_{i}^{0.5} P + 0.060961 n E^{0.5} T_{i} - 0.0040345 n E F + 0.0076137 n E P^{-1} - 0.0050722 n E P + 0.24286 n E T_{e}^{0.5} - 0.18959 n E T_{e}^{0.5} T_{i}^{0.5} - 0.0039515 n E T_{i}^{0.5} - 0.017597 n E T_{i}",
  "coefficients": [
    0.08853771403823224,
    0.008212843656922666,
    0.000754257124419803,
    8.259938115159221e-05,
    0.0005190752315146503,
    -0.006907433977572501,
    -0.000655256628754299,
    -0.006520668661043236,
    -0.0021513632684835742,
    0.0015624021368671815,
    -0.017576550680108983,
    0.03642189129072377,
    0.0006801737341629044,
    -0.0006457457344591167,
    -0.00034598305697122625,
    0.0005158489460030013,
    -0.003658849573801535,
    -0.000163624638719363,
    2.43333845556102e-05,
    -0.0005742769361527125,
    0.0014528253809509074,
    -0.0008318578440363494,
    -0.016078018345648402,
    -0.008697223669776344,
    0.0018239809423510694,
    -0.00020311081166552618,
    0.004957067018186569,
    -0.00048522956999066274,
    0.002258005526512414,
    0.0008852213859653459,
    0.003772264051731966,
    -0.005854017172592614,
    0.004078871937644553,
    -0.0003093162351178865,
    -0.007690488641989476,
    0.00041683124361416074,
    0.0013719724435666025,
    0.0005964757631183984,
    -0.010300588988413018,
    0.012326767122043437,
    0.004861909318915757,
    -0.0012163550634058057,
    -0.004981257163064439,
    -0.003861325016046572,
    -0.0003345083734193945,
    0.0017836354320044504,
    -0.0007585903891201211,
    -0.004261150371014344,
    -0.0009406080648641001,
    0.001056756086949415,
    -0.0021177084479506616,
    0.0013936944940721892,
    -0.004797475163743758,
    0.003705788820972777,
    0.005230179603885365,
    -0.04565859483417217,
    -0.04441669601789325,
    -0.0015617842423840396,
    0.035055767884172064,
    0.0034980987314890875,
    -0.02060392145431276,
    0.018500651288353924,
    0.003927422248095481,
    0.016311132443897414,
    -0.0024617098024828947,
    -0.0029647041285016766,
    0.0037559636606238653,
    -0.01688026885160758,
    -0.10435022243165785,
    0.019773220379979885,
    0.00048137146984245425,
    -0.02413496208350797,
    0.011911294159636272,
    0.04278163931330746,
    -0.01807481576382535,
    0.0008887842400792789,
    0.04003108600472757,
    -0.00023011382382252593,
    0.002398298967084541,
    0.003634662399995291,
    -0.002303245308430778,
    -0.0030811803559912436,
    -0.0016487158433463683,
    -0.00914738884230944,
    0.08522302459871696,
    -0.07666577940174027,
    0.06953164051515816
  ],
  "val_sse_masked": 0.0002014696947298944,
  "val_nrmse_masked": 0.03863535448908806,
  "val_mse_masked": 6.715657036693301e-06,
  "val_r2_masked": 0.9985067844390869,
  "val_sse_full": 0.00019933865405619144,
  "val_nrmse_full": 0.038430482149124146,
  "val_mse_full": 6.644622317253379e-06,
  "val_r2_full": 0.9985225796699524,
  "iteration": 144,
  "p_lo_eff": 0.12967753410339355,
  "p_hi_eff": 1.9451630115509033,
  "f_lo_eff": 0.20659340918064117,
  "f_hi_eff": 1.6527472734451294
}