{
  "tag": "256_2617bb3f",
  "lmb1": 0.0002828747419278854,
  "lmb2": 6.411593781531083e-07,
  "nonzero_count": 26,
  "complexity_norm": 0.20967741935483872,
  "train_gen_window": 0.04988700859426703,
  "generalizability": 0.04753425153531994,
  "equation": "0.055374 E^{0.5} n P^{-0.5} + 3.9676 \\cdot 10^{-5} F dT_{i} - 0.0039082 P^{-1} F dT_{e} - 6.2743 \\cdot 10^{-5} P^{-1} F dT_{i} - 0.0035193 P^{-1} F dn + 0.00047564 P dn - 0.00474 T_{e}^{0.5} P^{-1} dn + 0.0001219 T_{e}^{0.5} T_{i}^{0.5} P dn - 0.00022497 T_{e}^{0.5} T_{i}^{0.5} dn + 3.3702 \\cdot 10^{-5} T_{e} T_{i}^{0.5} dT_{e} - 0.068776 T_{e} dn + 9.1313 \\cdot 10^{-5} T_{i}^{0.5} F dT_{e} - 0.0061026 T_{i}^{0.5} P^{-1} dn + 0.0010965 T_{i}^{0.5} P dn + 7.3818 \\cdot 10^{-5} T_{i}^{0.5} dT_{e} + 5.7444 \\cdot 10^{-6} T_{i} P^{-1} dT_{e} + 0.0076869 T_{i} P dn - 0.0061879 n^{-1} F dn + 0.001375 n^{-1} P^{-1} dn + 0.0006337 n^{-1} dn - 0.0050488 n E^{0.5} T_{e}^{0.5} P^{-1} + 0.00046114 n E^{0.5} T_{e}^{0.5} T_{i} - 0.020885 n E^{0.5} T_{i}^{0.5} P + 0.00038706 n E^{0.5} T_{i} + 0.05664 n E T_{e}^{0.5} T_{i}^{0.5} + 0.00060883 n E T_{i}^{0.5}",
  "coefficients": [
    0.08853770294331076,
    0.003147036223113429,
    0.0009495832198470794,
    -0.0031493042069394087,
    7.580706681566057e-07,
    -7.097830587428775e-06,
    1.5243548816438351e-05,
    -2.979976635935246e-06,
    4.123992722302495e-06,
    -0.0022245578754728555,
    7.309464375883646e-06,
    0.0006242623977447491,
    1.8005140102806514e-05,
    -5.4209764336099194e-06,
    2.8449095833600477e-06,
    8.595092870287237e-06,
    -2.0415295310099183e-06,
    -5.463459257000624e-06,
    2.872314274600197e-06,
    8.762958115083398e-07,
    9.632650321568257e-06,
    1.1506132481249164e-07,
    9.405366856902306e-06,
    2.2104787804553926e-05,
    1.570702358196796e-05,
    -6.432258312043266e-08,
    6.9958180302873885e-06,
    -0.004232643135799375,
    2.3861517732367053e-05,
    4.3773428980998384e-05,
    5.296376618076517e-05,
    0.00028286219613099837,
    0.0001091608607097398,
    0.00013904401429878452,
    5.409401504868528e-05,
    9.192353211431413e-05,
    1.1144500830005632e-05,
    4.858331862462556e-06,
    3.4912595132865623e-05,
    6.660886565090066e-05,
    1.556199688350868e-05,
    3.8749053739608234e-05,
    9.110109232817071e-05,
    0.00016442328165838563,
    2.869892838672767e-05,
    -0.004448357497954494,
    -6.90804184172823e-06,
    0.0005503439046974497,
    -0.006543397539138421,
    -3.688426611305704e-05,
    -2.1762818964893916e-05,
    0.0014319789519381054,
    3.0767170287193724e-06,
    -3.053339962158284e-05,
    0.011502030671097334,
    -0.004272708402010458,
    -5.937830169719816e-05,
    -9.51322746643274e-06,
    -1.384962446893374e-08,
    -0.00017201793834362289,
    -2.831556071556261e-05,
    0.00015205663002151667,
    -5.6284369193044346e-05,
    1.0033645168550908e-06,
    -0.0437153039150477,
    -1.1324113169132174e-05,
    -6.220656920468715e-05,
    -1.3200113866241935e-06,
    -2.213633982529105e-06,
    1.541979983333214e-06,
    1.336097123594945e-05,
    -1.3808039385035073e-05,
    -0.021662126082440024,
    0.0002716386577133892,
    -0.0044686868979482135,
    1.675271842288841e-05,
    0.00031526257019341426,
    -9.967843890903729e-07,
    1.542723233272794e-05,
    3.7581772780101607e-05,
    -1.0566392329723711e-06,
    -7.998014432306717e-05,
    0.0002540244735659546,
    9.280723049871816e-05,
    8.904804073728611e-05,
    0.022904357051230867,
    0.02718591708862362
  ],
  "val_sse_masked": 0.000744864228181541,
  "val_nrmse_masked": 0.07428798824548721,
  "val_mse_masked": 2.4828808818710968e-05,
  "val_r2_masked": 0.9944794774055481,
  "val_sse_full": 0.0007282417500391603,
  "val_nrmse_full": 0.07345440983772278,
  "val_mse_full": 2.4274726456496865e-05,
  "val_r2_full": 0.9946026802062988,
  "iteration": 256,
  "p_lo_eff": 0.12967753410339355,
  "p_hi_eff": 1.9451630115509033,
  "f_lo_eff": 0.20659340918064117,
  "f_hi_eff": 1.6527472734451294
}