{
  "tag": "63_93a4b397",
  "lmb1": 0.0003178683530576436,
  "lmb2": 0.005537347869807473,
  "nonzero_count": 33,
  "complexity_norm": 0.2661290322580645,
  "train_gen_window": 0.05551870986375774,
  "generalizability": 0.05027047609585554,
  "equation": "0.042432 E^{0.5} n P^{-0.5} + 5.417 \\cdot 10^{-5} F dT_{i} - 0.0038542 P^{-1} F dT_{e} - 7.4997 \\cdot 10^{-5} P^{-1} F dT_{i} - 0.004159 P^{-1} F dn + 0.0013006 P dn - 0.00014454 T_{e}^{0.5} F dn - 0.0064564 T_{e}^{0.5} P^{-1} dn - 0.0023393 T_{e}^{0.5} T_{i}^{0.5} F dn + 0.00076364 T_{e}^{0.5} T_{i}^{0.5} P dn - 0.0085478 T_{e}^{0.5} T_{i}^{0.5} dn - 0.017495 T_{e}^{0.5} dn - 0.00053248 T_{e} F dn + 3.3455 \\cdot 10^{-5} T_{e} T_{i}^{0.5} dT_{e} + 0.00013818 T_{e} dT_{e} - 0.025079 T_{e} dn - 0.00066305 T_{i}^{0.5} F dn - 0.0047647 T_{i}^{0.5} P^{-1} dn + 0.0034112 T_{i}^{0.5} P dn + 3.2835 \\cdot 10^{-5} T_{i}^{0.5} dT_{e} - 0.0019849 T_{i}^{0.5} dn + 0.0059773 T_{i} P dn - 0.013747 n^{-1} F dn + 0.0019241 n^{-1} P^{-1} dn + 0.0019122 n^{-1} dn - 0.00091435 n E^{0.5} T_{e}^{0.5} P^{-1} + 0.0042762 n E^{0.5} T_{e}^{0.5} T_{i} - 0.016412 n E^{0.5} T_{i}^{0.5} P + 0.0033081 n E^{0.5} T_{i} - 0.001661 n E P + 0.024267 n E T_{e}^{0.5} + 0.018958 n E T_{e}^{0.5} T_{i}^{0.5} + 0.015998 n E T_{i}^{0.5}",
  "coefficients": [
    0.08853770573139141,
    0.004403677913326946,
    0.0028653344175362853,
    -0.006996322384771729,
    1.3186296616139743e-05,
    2.842390259972855e-06,
    2.3407546298427117e-05,
    4.76473752714379e-06,
    6.170291999518954e-06,
    -0.0026590128252430593,
    2.2070253088463944e-06,
    0.000852314645511291,
    9.157105313938076e-06,
    -6.529807061263582e-06,
    -3.1848168740305656e-06,
    -1.9461473333772993e-06,
    -7.851022736303669e-06,
    -6.008649587799492e-06,
    -2.636141253848425e-06,
    -1.6787250528783913e-06,
    -1.3208968999319067e-06,
    -7.23949538973038e-06,
    3.618342677717649e-06,
    1.598114681049495e-05,
    4.180018238022776e-06,
    -6.810869444216868e-06,
    2.0859704074952635e-06,
    -0.004174194958669744,
    3.395871601409644e-05,
    2.1257216711965816e-05,
    1.02699479644638e-05,
    0.00012582011444114917,
    2.0690213883602127e-05,
    1.6617669685871014e-05,
    6.86593710715075e-05,
    1.980251986331418e-05,
    5.5674652114711916e-05,
    1.461847987145022e-06,
    1.724818902128132e-05,
    1.799152260477914e-05,
    9.359296536202572e-05,
    4.077415884584856e-05,
    0.00020145541507623935,
    0.00016322245031341745,
    5.471710742364486e-05,
    -0.005256993224000597,
    -5.47969844316594e-05,
    0.0015048779370043241,
    -0.0051088740720478315,
    -0.001573523672485562,
    -0.0008122258446910665,
    0.004454713200312135,
    2.834762373232952e-06,
    -1.875317877458751e-05,
    0.008943872221642332,
    -0.005819926739498757,
    -0.011535266587343742,
    -0.0001494346878134788,
    -1.7092846697225691e-06,
    -0.006535855339859736,
    -0.002778693389680458,
    0.0009525745596906183,
    -3.6191024907099976e-05,
    -1.1492284370228467e-07,
    -0.015940843890738805,
    -0.0005334173779927931,
    -5.2751816909809895e-05,
    2.1116638029014745e-06,
    4.42695759456264e-06,
    2.596101505471884e-06,
    4.252213435380677e-05,
    -5.5669877724042544e-06,
    -0.017022394349011913,
    0.0023216297539498105,
    -0.0008092925083025275,
    7.013321666114833e-05,
    0.002923424448354705,
    6.704739700282365e-06,
    7.345413480037509e-05,
    3.4417407144827055e-05,
    4.7795014308756305e-06,
    -0.0010089721943587113,
    0.006675009867794255,
    4.4411579736998966e-05,
    0.008515373905860008,
    0.007666216526362882,
    0.02083196005471722
  ],
  "val_sse_masked": 0.0007951895240694284,
  "val_nrmse_masked": 0.0767565444111824,
  "val_mse_masked": 2.650631904543843e-05,
  "val_r2_masked": 0.9941064715385437,
  "val_sse_full": 0.0007743341266177595,
  "val_nrmse_full": 0.07574331015348434,
  "val_mse_full": 2.581113949418068e-05,
  "val_r2_full": 0.9942610263824463,
  "iteration": 63,
  "p_lo_eff": 0.12967753410339355,
  "p_hi_eff": 1.9451630115509033,
  "f_lo_eff": 0.20659340918064117,
  "f_hi_eff": 1.6527472734451294
}