{
  "tag": "161_db203eba",
  "lmb1": 2.7321762460858978e-08,
  "lmb2": 0.00017325153833882257,
  "nonzero_count": 86,
  "complexity_norm": 0.6935483870967742,
  "train_gen_window": 0.02548864906668357,
  "generalizability": 0.03100243433184905,
  "equation": "0.090763 E^{0.5} n P^{-0.5} + 0.0084825 F dT_{e} + 0.0023079 F dT_{i} + 0.0017325 F dn - 0.0029834 P^{-1} F dT_{e} + 8.8437 \\cdot 10^{-5} P^{-1} F dT_{i} + 0.0025478 P^{-1} F dn + 0.003194 P^{-1} dT_{e} - 0.00035356 P F dT_{i} - 0.0088318 P dn - 0.043316 T_{e}^{0.5} F dT_{e} - 0.0050079 T_{e}^{0.5} F dn + 0.0026587 T_{e}^{0.5} P^{-1} dT_{e} - 0.039554 T_{e}^{0.5} P^{-1} dn + 0.0077769 T_{e}^{0.5} T_{i}^{0.5} F dT_{e} - 4.4212 \\cdot 10^{-5} T_{e}^{0.5} T_{i}^{0.5} F dT_{i} - 0.012132 T_{e}^{0.5} T_{i}^{0.5} F dn - 3.1736 \\cdot 10^{-6} T_{e}^{0.5} T_{i}^{0.5} P^{-1} dT_{i} + 0.022454 T_{e}^{0.5} T_{i}^{0.5} P^{-1} dn + 0.0021608 T_{e}^{0.5} T_{i}^{0.5} P dT_{e} + 1.0511 \\cdot 10^{-5} T_{e}^{0.5} T_{i}^{0.5} P dT_{i} + 0.011411 T_{e}^{0.5} T_{i}^{0.5} P dn + 1.2908 \\cdot 10^{-6} T_{e}^{0.5} T_{i}^{0.5} dT_{i} + 0.0036082 T_{e}^{0.5} T_{i}^{0.5} dn - 0.00024845 T_{e}^{0.5} T_{i} dT_{e} - 4.8617 \\cdot 10^{-7} T_{e}^{0.5} T_{i} dT_{i} + 0.0042755 T_{e}^{0.5} T_{i} dn - 0.025287 T_{e}^{0.5} dn - 0.00021079 T_{e} F dT_{i} - 0.010108 T_{e} F dn + 0.019713 T_{e} P^{-1} dn + 1.0877 \\cdot 10^{-5} T_{e} P dT_{i} - 0.00067245 T_{e} T_{i}^{0.5} dT_{e} + 1.5721 \\cdot 10^{-5} T_{e} T_{i} dT_{e} + 1.0574 \\cdot 10^{-6} T_{e} T_{i} dT_{i} + 0.011934 T_{e} T_{i} dn - 0.0055892 T_{e} dT_{e} - 0.00016634 T_{e} dT_{i} - 0.028964 T_{e} dn + 0.0075056 T_{i}^{0.5} F dT_{e} - 0.0077729 T_{i}^{0.5} F dn + 0.0017964 T_{i}^{0.5} P^{-1} dT_{e} - 1.1039 \\cdot 10^{-5} T_{i}^{0.5} P^{-1} dT_{i} - 0.020814 T_{i}^{0.5} P^{-1} dn - 1.6877 \\cdot 10^{-6} T_{i}^{0.5} P dT_{i} + 0.0058762 T_{i}^{0.5} P dn - 0.0031111 T_{i}^{0.5} dT_{e} - 1.0609 \\cdot 10^{-5} T_{i}^{0.5} dT_{i} + 0.00089419 T_{i}^{0.5} dn + 0.00072787 T_{i} F dT_{e} - 2.375 \\cdot 10^{-6} T_{i} F dT_{i} - 0.00013448 T_{i} P^{-1} dT_{e} + 0.0043922 T_{i} P^{-1} dn + 0.00015657 T_{i} P dT_{e} + 0.0056462 T_{i} P dn - 0.00061585 T_{i} dT_{e} - 0.00128 T_{i} dn + 0.0026613 dT_{e} - 0.00021659 dT_{i} - 0.014858 n^{-1} F dn + 0.0064752 n^{-1} P^{-1} dn - 0.0010984 n^{-1} T_{e}^{0.5} T_{i}^{0.5} dn - 0.0031096 n^{-1} T_{e}^{0.5} dn - 0.0025406 n^{-1} T_{e} dn + 0.0019138 n^{-1} T_{i}^{0.5} dn - 0.00073783 n^{-1} T_{i} dn + 0.002083 n^{-1} dn - 0.080861 n E^{0.5} + 0.006161 n E^{0.5} P^{-1} - 0.026167 n E^{0.5} T_{e}^{0.5} P^{-1} + 0.0094649 n E^{0.5} T_{e}^{0.5} T_{i}^{0.5} + 0.029759 n E^{0.5} T_{e}^{0.5} T_{i} - 0.025941 n E^{0.5} T_{e} + 0.025611 n E^{0.5} T_{e} T_{i}^{0.5} - 0.0071422 n E^{0.5} T_{i}^{0.5} - 0.023207 n E^{0.5} T_{i}^{0.5} F + 0.0121 n E^{0.5} T_{i}^{0.5} P^{-1} + 0.0036944 n E^{0.5} T_{i}^{0.5} P + 0.02499 n E^{0.5} T_{i} - 0.013695 n E F + 0.012297 n E P^{-1} - 0.0044124 n E P + 0.080544 n E T_{e}^{0.5} - 0.014335 n E T_{e}^{0.5} T_{i}^{0.5} - 0.0040734 n E T_{i}^{0.5} - 0.019703 n E T_{i}",
  "coefficients": [
    0.08853770901822589,
    0.01481996494303777,
    0.0031213336612513007,
    -0.007562015639465507,
    0.008136314254595461,
    -0.013862937849171204,
    -0.004771679414095981,
    -0.005327369159563333,
    -0.004180342640263124,
    0.0031355060843213517,
    -0.013008038392487459,
    0.036313346633784216,
    -0.0054928728418530415,
    -0.00492528411411336,
    -0.004037243306674335,
    -0.0007121494852940155,
    -0.0016349766674966654,
    -0.001760313654634707,
    0.0005897357301901107,
    -0.005323036858752364,
    0.005148958492300709,
    -0.0015475386780776923,
    -0.014527445081046954,
    -0.0050397397954394935,
    0.0010293949602281707,
    0.004054061701474931,
    0.0056952742505397,
    -0.0032311259685891963,
    0.003439658603920495,
    0.003194186028029178,
    0.010220045920431964,
    -0.011921329058550617,
    0.008972660816598546,
    -0.0032550211085706285,
    -0.010616276823234932,
    0.0037455883220199465,
    0.002774550985112284,
    0.005442968189211597,
    -0.01801462153932598,
    0.010575622884210864,
    0.0095169873248949,
    -0.004989698575850271,
    -0.008148377478983185,
    -0.0032807624422184142,
    0.00037142425788722067,
    0.0032204011737155883,
    0.0018534903716599799,
    -0.010218936806154787,
    -0.02231727419161747,
    0.0007088614072480737,
    -0.009521647738687702,
    0.007673811026082847,
    0.006850316813919684,
    -0.0012116398263987138,
    0.008448431416245572,
    -0.03565471457608757,
    -0.016673195492032868,
    -0.005177399675239919,
    0.027707856015069234,
    0.002758909367087184,
    -0.014410962555388457,
    0.01423351887446564,
    0.003958610637338822,
    0.020584429231627926,
    -0.018410092436977388,
    -0.010125868891158019,
    0.010950572510175921,
    0.00471048053053269,
    -0.04463460498918834,
    0.011397257090897284,
    -0.004405646867306115,
    -0.023059027891548622,
    0.0038317967330171177,
    0.017537635086157286,
    -0.023160430419616365,
    0.005644580926505341,
    0.02034482066959553,
    -0.01333978082387334,
    0.014851666936694055,
    0.005870417414435482,
    -0.007818519337894222,
    -0.0026803687065922177,
    -0.0016995678389618435,
    -0.010241860855621301,
    0.028263423996306727,
    -0.0057970232999934035,
    0.04456011560345229
  ],
  "val_sse_masked": 0.00026500673266127706,
  "val_nrmse_masked": 0.044310688972473145,
  "val_mse_masked": 8.833558240439743e-06,
  "val_r2_masked": 0.9980359077453613,
  "val_sse_full": 0.00026500673266127706,
  "val_nrmse_full": 0.044310688972473145,
  "val_mse_full": 8.833558240439743e-06,
  "val_r2_full": 0.9980359077453613,
  "iteration": 161,
  "p_lo_eff": 0.12967753410339355,
  "p_hi_eff": 1.9451630115509033,
  "f_lo_eff": 0.20659340918064117,
  "f_hi_eff": 1.6527472734451294
}