{
  "tag": "14_b74fe5c0",
  "lmb1": 0.00037649625731175175,
  "lmb2": 3.443766368137612e-07,
  "nonzero_count": 18,
  "complexity_norm": 0.14516129032258066,
  "train_gen_window": 0.05194936478556168,
  "generalizability": 0.05101590894679565,
  "equation": "0.053023 E^{0.5} n P^{-0.5} - 0.0038753 P^{-1} F dT_{e} - 5.9464 \\cdot 10^{-5} P^{-1} F dT_{i} - 0.0030819 P^{-1} F dn + 0.00020555 P dn + 6.7617 \\cdot 10^{-5} T_{e} T_{i}^{0.5} dT_{e} - 0.07218 T_{e} dn - 0.0088405 T_{i}^{0.5} P^{-1} dn + 0.0019925 T_{i}^{0.5} P dn + 0.0068468 T_{i} P dn - 0.0030842 n^{-1} F dn + 0.0010022 n^{-1} P^{-1} dn - 0.002221 n E^{0.5} T_{e}^{0.5} P^{-1} + 0.0018681 n E^{0.5} T_{e}^{0.5} T_{i} - 0.021131 n E^{0.5} T_{i}^{0.5} P + 0.00083832 n E^{0.5} T_{i} + 0.053032 n E T_{e}^{0.5} T_{i}^{0.5} + 0.00050771 n E T_{i}^{0.5}",
  "coefficients": [
    0.08853770250725695,
    0.002293639758114327,
    8.617619048472487e-05,
    -0.0015697001846928604,
    7.589872862949027e-07,
    -5.046997786360017e-06,
    9.247764565911689e-06,
    -2.5303343741017487e-06,
    2.174793944715071e-06,
    -0.0021082993091815507,
    4.35590801512478e-06,
    8.254600303458804e-05,
    9.597552033270224e-06,
    -1.912484825460532e-06,
    1.7282088371243025e-06,
    3.117859416517647e-06,
    -8.504184768038385e-07,
    -1.6641301990050134e-06,
    2.1099636698379226e-06,
    1.7233735769527157e-06,
    3.7134617895509224e-06,
    1.148714026630165e-07,
    6.212359380862163e-06,
    1.289399050886468e-05,
    7.429554731819629e-06,
    2.4778107225576195e-07,
    2.8570023146283075e-06,
    -0.0041970660238837415,
    9.271636534916471e-06,
    1.8134524690066036e-05,
    1.7787257821658883e-05,
    5.2404899390475434e-05,
    4.530774315679684e-05,
    2.602793350702345e-05,
    2.7588246009535464e-05,
    2.9346912366877327e-05,
    9.231912705324754e-06,
    2.0335504490011067e-06,
    1.7137458051559866e-05,
    3.435939181728995e-05,
    9.715942975071853e-06,
    2.4020751958422948e-05,
    2.3538599641090587e-05,
    0.0003298916296465226,
    2.087085654425224e-05,
    -0.0038955445807545438,
    -6.135315515077157e-06,
    0.0002378382544507868,
    -0.009479073066498058,
    -2.7859792002508937e-05,
    -1.667302428044379e-05,
    0.002602043464811526,
    -4.239898978765374e-07,
    -2.3701229208798076e-05,
    0.01024496616687598,
    -8.336070316316952e-05,
    -5.365183643977232e-05,
    -8.18967647013565e-06,
    -1.7288755879666308e-06,
    -9.927059090034813e-05,
    -2.2386799994268352e-05,
    6.140381512131158e-05,
    -4.555501392060903e-05,
    1.54072222503906e-07,
    -0.045878771736569963,
    -9.623382296092128e-06,
    -5.4655896351099556e-05,
    -2.040636459400084e-06,
    5.995641295728305e-07,
    9.87557520177288e-07,
    1.220429764506388e-05,
    -4.892718991351538e-06,
    -0.02191655662899547,
    0.0005883253686001496,
    -0.001965796489368584,
    1.4196060412282081e-05,
    0.0012771206916481134,
    9.37348745518438e-07,
    1.2811061842995936e-05,
    1.8721547110799416e-05,
    7.025261756712281e-07,
    -4.180314166783338e-05,
    0.0002118327820631693,
    6.86790987624854e-05,
    4.612949848044815e-05,
    0.02144547366110927,
    0.026031856856588292
  ],
  "val_sse_masked": 0.0007911633583717048,
  "val_nrmse_masked": 0.07656197994947433,
  "val_mse_masked": 2.6372114007244818e-05,
  "val_r2_masked": 0.9941363334655762,
  "val_sse_full": 0.0007663775468245149,
  "val_nrmse_full": 0.07535316050052643,
  "val_mse_full": 2.5545919925207272e-05,
  "val_r2_full": 0.9943200349807739,
  "iteration": 14,
  "p_lo_eff": 0.12967753410339355,
  "p_hi_eff": 1.9451630115509033,
  "f_lo_eff": 0.20659340918064117,
  "f_hi_eff": 1.6527472734451294
}