{
  "tag": "11_60c9050b",
  "lmb1": 0.00015681860695241137,
  "lmb2": 2.6351858873474048e-08,
  "nonzero_count": 27,
  "complexity_norm": 0.21774193548387097,
  "train_gen_window": 0.04421325533936046,
  "generalizability": 0.04378710899974261,
  "equation": "0.061485 E^{0.5} n P^{-0.5} + 0.00032479 F dT_{e} + 0.00011373 F dT_{i} - 0.0039923 P^{-1} F dT_{e} - 7.1032 \\cdot 10^{-5} P^{-1} F dT_{i} - 0.0033965 P^{-1} F dn + 0.00014043 P dn - 0.016056 T_{e}^{0.5} P^{-1} dn - 0.001545 T_{e}^{0.5} T_{i}^{0.5} F dn - 0.059022 T_{e} dn + 0.00026445 T_{i}^{0.5} F dT_{e} - 0.00016978 T_{i}^{0.5} F dn + 5.1274 \\cdot 10^{-5} T_{i}^{0.5} P^{-1} dT_{e} + 0.00034569 T_{i}^{0.5} P dn + 0.00022168 T_{i}^{0.5} dT_{e} + 1.0052 \\cdot 10^{-5} T_{i} P^{-1} dT_{e} + 0.0085434 T_{i} P dn - 0.011783 n^{-1} F dn + 0.0020511 n^{-1} P^{-1} dn + 0.0015991 n^{-1} dn - 0.010705 n E^{0.5} T_{e}^{0.5} P^{-1} - 0.0017216 n E^{0.5} T_{i}^{0.5} F - 0.020392 n E^{0.5} T_{i}^{0.5} P + 0.00024818 n E P^{-1} + 0.00097042 n E T_{e}^{0.5} + 0.059015 n E T_{e}^{0.5} T_{i}^{0.5} + 0.001615 n E T_{i}^{0.5}",
  "coefficients": [
    0.08853770421933538,
    0.004694373009550867,
    0.002396165604329215,
    -0.005996828759426316,
    4.928202445963142e-06,
    -7.114182492928009e-06,
    5.8349596090268915e-05,
    3.2373977321614635e-06,
    2.837836922395218e-05,
    -0.0025184282084363937,
    2.222367084203036e-06,
    0.0017894552355686953,
    2.1098844366520774e-05,
    -7.103276152861872e-05,
    -2.8308261427386528e-06,
    2.040277398256589e-05,
    -1.944919284706448e-05,
    -7.48324405538981e-05,
    -3.4206889092891504e-06,
    -1.1241414985171463e-05,
    2.2166931015936695e-05,
    -8.30096029916148e-06,
    1.620819756465774e-06,
    1.6052491854691458e-05,
    3.300682485291222e-05,
    -9.201817050443364e-06,
    2.464606695649259e-05,
    -0.004323792035078914,
    3.175113139642886e-05,
    0.00012230317854948069,
    0.00029171347309912496,
    0.0008494448282921624,
    0.00031613501305673825,
    0.00024331139201848087,
    4.739599169228447e-05,
    9.59570912500626e-05,
    1.2376648844109695e-05,
    1.3178502729696175e-05,
    4.505257875130953e-05,
    6.333024420799056e-05,
    8.18447275896028e-06,
    2.7858279084023988e-05,
    3.449879291007271e-05,
    3.985597532087524e-05,
    1.7486104833484926e-05,
    -0.004293208826991075,
    -1.76813546341288e-05,
    0.0001624884150559019,
    -9.622967853045706e-05,
    -3.168351080292726e-05,
    -0.00020797751438210273,
    0.00045144808195341234,
    8.976496545104739e-05,
    -1.7401504467880323e-05,
    0.012783564136310774,
    -0.014473234632893432,
    -7.795328507768327e-05,
    -2.6948214310799088e-05,
    2.3239911366589813e-05,
    -8.251282936182684e-05,
    -0.0018351805029658962,
    9.703769312850885e-05,
    -2.338981820565701e-05,
    1.7355249346811738e-05,
    -0.037515222777348374,
    -3.413913477461349e-05,
    -1.8545534624586646e-05,
    5.355510627567397e-06,
    -3.445317057685803e-05,
    1.3642174031370162e-06,
    7.482546718436545e-06,
    -0.0017105945386823303,
    -0.021150168256419643,
    7.766587986389162e-05,
    -0.009475231412025482,
    1.1992759577390682e-05,
    7.781101102052534e-05,
    -1.646825324963014e-05,
    1.2315972240013334e-05,
    0.00011847816631253094,
    -4.666000591604647e-06,
    -5.082817350787343e-05,
    0.0006738507660567002,
    4.629469450051031e-05,
    0.0003405278259717518,
    0.02386491372969697,
    0.030186147682351165
  ],
  "val_sse_masked": 0.0006836419925093651,
  "val_nrmse_masked": 0.07116958498954773,
  "val_mse_masked": 2.278806823596824e-05,
  "val_r2_masked": 0.9949331879615784,
  "val_sse_full": 0.000676628784276545,
  "val_nrmse_full": 0.07080359011888504,
  "val_mse_full": 2.255429353681393e-05,
  "val_r2_full": 0.9949851632118225,
  "iteration": 11,
  "p_lo_eff": 0.12967753410339355,
  "p_hi_eff": 1.9451630115509033,
  "f_lo_eff": 0.20659340918064117,
  "f_hi_eff": 1.6527472734451294
}