{
  "tag": "182_d02b262f",
  "lmb1": 1.5925053784365013e-07,
  "lmb2": 4.765282341762209e-07,
  "nonzero_count": 86,
  "complexity_norm": 0.6935483870967742,
  "train_gen_window": 0.01345997484678799,
  "generalizability": 0.028984613605319762,
  "equation": "0.17512 E^{0.5} n P^{-0.5} + 0.15272 F dT_{e} + 0.0062221 F dT_{i} + 0.032124 F dn + 0.0014182 P^{-1} F dT_{e} - 7.0391 \\cdot 10^{-5} P^{-1} F dT_{i} + 0.0092261 P^{-1} F dn - 0.01069 P^{-1} dT_{e} - 0.00076428 P F dT_{i} - 0.023449 P dn - 0.2066 T_{e}^{0.5} F dT_{e} + 0.01586 T_{e}^{0.5} F dn + 0.015706 T_{e}^{0.5} P^{-1} dT_{e} - 0.079141 T_{e}^{0.5} P^{-1} dn + 0.032756 T_{e}^{0.5} T_{i}^{0.5} F dT_{e} - 0.00041647 T_{e}^{0.5} T_{i}^{0.5} F dT_{i} - 0.061488 T_{e}^{0.5} T_{i}^{0.5} F dn + 0.00019246 T_{e}^{0.5} T_{i}^{0.5} P^{-1} dT_{i} + 0.029685 T_{e}^{0.5} T_{i}^{0.5} P^{-1} dn + 0.0022593 T_{e}^{0.5} T_{i}^{0.5} P dT_{e} + 9.9644 \\cdot 10^{-6} T_{e}^{0.5} T_{i}^{0.5} P dT_{i} + 0.0049258 T_{e}^{0.5} T_{i}^{0.5} P dn + 0.00012002 T_{e}^{0.5} T_{i}^{0.5} dT_{i} + 0.20749 T_{e}^{0.5} T_{i}^{0.5} dn - 0.0017048 T_{e}^{0.5} T_{i} dT_{e} + 5.7512 \\cdot 10^{-6} T_{e}^{0.5} T_{i} dT_{i} + 0.010879 T_{e}^{0.5} T_{i} dn - 0.17709 T_{e}^{0.5} dn - 0.0017071 T_{e} F dT_{i} - 0.047109 T_{e} F dn + 0.015404 T_{e} P^{-1} dn + 0.00025498 T_{e} P dT_{i} - 0.011129 T_{e} T_{i}^{0.5} dT_{e} + 0.0021173 T_{e} T_{i} dT_{e} - 5.7058 \\cdot 10^{-6} T_{e} T_{i} dT_{i} + 0.0020179 T_{e} T_{i} dn + 0.0098287 T_{e} dT_{e} - 0.00047028 T_{e} dT_{i} + 0.0079062 T_{e} dn + 0.0064379 T_{i}^{0.5} F dT_{e} + 0.012714 T_{i}^{0.5} F dn + 0.00051355 T_{i}^{0.5} P^{-1} dT_{e} - 0.00020681 T_{i}^{0.5} P^{-1} dT_{i} + 0.025874 T_{i}^{0.5} P^{-1} dn - 6.1639 \\cdot 10^{-5} T_{i}^{0.5} P dT_{i} + 0.063545 T_{i}^{0.5} P dn + 0.0077456 T_{i}^{0.5} dT_{e} + 3.9782 \\cdot 10^{-5} T_{i}^{0.5} dT_{i} - 0.0093375 T_{i}^{0.5} dn - 0.0080532 T_{i} F dT_{e} - 1.7603 \\cdot 10^{-5} T_{i} F dT_{i} + 0.00012797 T_{i} P^{-1} dT_{e} - 0.011848 T_{i} P^{-1} dn - 0.00061076 T_{i} P dT_{e} - 0.032363 T_{i} P dn + 0.00041663 T_{i} dT_{e} - 0.055668 T_{i} dn - 0.014686 dT_{e} - 0.00062082 dT_{i} + 0.0099933 n^{-1} F dn + 0.0045089 n^{-1} P^{-1} dn - 0.020568 n^{-1} T_{e}^{0.5} T_{i}^{0.5} dn - 0.0089608 n^{-1} T_{e}^{0.5} dn + 0.0054332 n^{-1} T_{e} dn + 0.018476 n^{-1} T_{i}^{0.5} dn + 0.0012328 n^{-1} T_{i} dn - 0.0057323 n^{-1} dn - 0.28756 n E^{0.5} - 0.073556 n E^{0.5} P^{-1} + 0.0012514 n E^{0.5} T_{e}^{0.5} P^{-1} - 0.011868 n E^{0.5} T_{e}^{0.5} T_{i}^{0.5} + 0.016632 n E^{0.5} T_{e}^{0.5} T_{i} - 0.055685 n E^{0.5} T_{e} - 0.00051984 n E^{0.5} T_{e} T_{i}^{0.5} + 0.025152 n E^{0.5} T_{i}^{0.5} - 0.010141 n E^{0.5} T_{i}^{0.5} F + 0.056297 n E^{0.5} T_{i}^{0.5} P^{-1} + 0.017551 n E^{0.5} T_{i}^{0.5} P + 0.18585 n E^{0.5} T_{i} - 0.0638 n E F - 0.033705 n E P^{-1} - 0.014817 n E P + 0.81481 n E T_{e}^{0.5} - 0.54251 n E T_{e}^{0.5} T_{i}^{0.5} - 0.15667 n E T_{i}^{0.5} + 0.058408 n E T_{i}",
  "coefficients": [
    0.08853772174252467,
    0.010319494572543315,
    -0.008589641908550882,
    0.00508604627788984,
    0.07854976796022237,
    0.023162544720560015,
    -0.013750314232919393,
    -0.09975285577864593,
    0.00893992260463202,
    -0.0024957101047751937,
    -0.03728572712830458,
    0.09789899185503184,
    -0.011873829552746254,
    -0.0922737333951745,
    0.015138951201490978,
    -0.026008867004652242,
    -0.012118117889102874,
    0.1067534463585931,
    0.05483765196068993,
    -0.050142388234919545,
    0.004881336771484173,
    0.018306850428779865,
    -0.04107179062942856,
    -0.040814597307956696,
    0.024132078836159046,
    -0.021875508245088,
    -0.01906103119648916,
    0.0015359688398156705,
    -0.01898205142813615,
    0.05750897754438841,
    0.002921726715211081,
    0.029680024228746667,
    0.007696176962526679,
    0.0030974508909725196,
    0.007182109088732414,
    -0.04144127376494833,
    -0.010823198208281103,
    0.032153643069229715,
    -0.08592368371927063,
    0.04454360321316733,
    0.009951155202205172,
    -0.03423768554583446,
    0.01432909046430599,
    -0.0542938420399542,
    0.05002303696912375,
    0.011661804343722014,
    0.0343675940401568,
    -0.027132270836699425,
    0.027743446246451902,
    -0.007402268957519481,
    0.015574445773883614,
    0.08298522208462336,
    -0.018478472773749706,
    -0.05269460567418758,
    -0.04842443241514669,
    -0.07133916454164084,
    -0.11676764593793548,
    0.016396268469433924,
    0.03663044442887893,
    0.15865529700184258,
    -0.07303593517465853,
    0.006144473499130472,
    0.010072327496149797,
    0.016084646920762308,
    0.00502529961559805,
    -0.047191751917738486,
    0.0018516583279491192,
    -0.05623813628874237,
    -0.15872937855987548,
    0.053026783415311175,
    0.015515147948705305,
    -0.0100763954298956,
    0.018203939119792966,
    0.13042765472421702,
    0.0011075847020749884,
    -0.007077911647390422,
    0.011370294409311792,
    -0.028634595404132504,
    -0.00030144998061040415,
    -0.0160904003060994,
    -0.03642274821735048,
    -0.009001005643472513,
    -0.0653688876067643,
    0.030361479780074332,
    0.28592249524349017,
    -0.2193837499227347,
    0.08597461939120919
  ],
  "val_sse_masked": 0.00012558115122374147,
  "val_nrmse_masked": 0.030502982437610626,
  "val_mse_masked": 4.186038495390676e-06,
  "val_r2_masked": 0.9990692734718323,
  "val_sse_full": 0.00012558115122374147,
  "val_nrmse_full": 0.030502982437610626,
  "val_mse_full": 4.186038495390676e-06,
  "val_r2_full": 0.9990692734718323,
  "iteration": 182,
  "p_lo_eff": 0.12967753410339355,
  "p_hi_eff": 1.9451630115509033,
  "f_lo_eff": 0.20659340918064117,
  "f_hi_eff": 1.6527472734451294
}