{
  "tag": "436_4b94d481",
  "lmb1": 5.6391942329725253e-05,
  "lmb2": 6.005417730694484e-08,
  "nonzero_count": 44,
  "complexity_norm": 0.3548387096774194,
  "train_gen_window": 0.03160021765431862,
  "generalizability": 0.02602885726456808,
  "equation": "0.12048 E^{0.5} n P^{-0.5} + 0.00014086 F dT_{i} - 0.0027512 P^{-1} F dT_{e} - 8.0203 \\cdot 10^{-5} P^{-1} F dn - 0.023627 T_{e}^{0.5} P^{-1} dn - 0.018261 T_{e}^{0.5} T_{i}^{0.5} F dn - 9.4208 \\cdot 10^{-7} T_{e}^{0.5} T_{i}^{0.5} P^{-1} dT_{i} + 0.0065013 T_{e}^{0.5} T_{i}^{0.5} P^{-1} dn + 0.00044945 T_{e}^{0.5} T_{i}^{0.5} P dn - 0.00035213 T_{e}^{0.5} dn - 0.00010246 T_{e} F dn + 0.00096807 T_{e} P^{-1} dn + 2.4015 \\cdot 10^{-6} T_{e} P dT_{i} - 0.00016277 T_{e} dT_{e} - 0.05023 T_{e} dn + 0.00010216 T_{i}^{0.5} F dT_{e} - 0.00031067 T_{i}^{0.5} F dn + 0.00043495 T_{i}^{0.5} P^{-1} dT_{e} - 1.3065 \\cdot 10^{-6} T_{i}^{0.5} P^{-1} dT_{i} - 0.00064272 T_{i}^{0.5} P^{-1} dn + 0.0052802 T_{i}^{0.5} P dn + 0.0015091 T_{i} P^{-1} dn + 3.0411 \\cdot 10^{-5} T_{i} P dT_{e} + 0.0087571 T_{i} P dn - 8.291 \\cdot 10^{-5} dT_{e} - 1.8342 \\cdot 10^{-6} dT_{i} - 0.015829 n^{-1} F dn + 0.0030884 n^{-1} P^{-1} dn + 0.00019433 n^{-1} T_{e}^{0.5} dn + 0.00094293 n^{-1} T_{e} dn - 4.4698 \\cdot 10^{-5} n^{-1} T_{i} dn + 0.00026041 n^{-1} dn - 0.056374 n E^{0.5} - 0.026364 n E^{0.5} T_{e}^{0.5} P^{-1} + 0.015196 n E^{0.5} T_{e}^{0.5} T_{i} - 0.019529 n E^{0.5} T_{i}^{0.5} F - 0.00020491 n E^{0.5} T_{i}^{0.5} P + 0.0013203 n E^{0.5} T_{i} + 0.01898 n E P^{-1} - 0.00038899 n E P + 0.029575 n E T_{e}^{0.5} + 0.0012022 n E T_{e}^{0.5} T_{i}^{0.5} + 0.00092631 n E T_{i}^{0.5} + 0.00019623 n E T_{i}",
  "coefficients": [
    0.08853770733465194,
    0.0070684252380671785,
    0.0003902171005945265,
    -0.008056281053539817,
    -4.819138559343732e-05,
    -0.0008398278402684091,
    0.00029820100686919754,
    -1.747333462156253e-05,
    0.001551522609015287,
    -2.704812198831353e-05,
    -0.00011016300291583299,
    0.0022163409752093614,
    7.745652005629954e-05,
    -0.0005829244460880513,
    -3.921623428270801e-05,
    5.844109551318212e-05,
    -1.3317146223136072e-05,
    -0.0005225469070300894,
    -3.7077294156473374e-05,
    -3.631145737055218e-05,
    6.635987634533342e-05,
    -1.927223327988448e-05,
    -9.618130474891488e-05,
    9.98516458496927e-06,
    0.00022727846697424757,
    -1.1435738657896894e-05,
    4.853747164622477e-05,
    -0.002979661611247217,
    -0.00010716104221251269,
    -2.8543818248131307e-06,
    0.0024745920876244882,
    4.5034188669291524e-05,
    0.00012212711753624558,
    5.4191970286260575e-05,
    3.1059592897506e-05,
    4.718937401509025e-05,
    0.0005389077631779986,
    1.22977019532259e-05,
    -2.5070810948526723e-05,
    2.997036441716749e-05,
    9.602221382509635e-06,
    -1.235375518629625e-05,
    -0.0002373051702484072,
    -4.0681344486063745e-05,
    -1.3599718553373164e-05,
    -0.00010137621159240615,
    -4.524242887498563e-05,
    6.687246494235649e-05,
    -0.0006891511187412755,
    -4.879550704134566e-05,
    -0.00038056610504637415,
    0.006895498734755051,
    0.0023537126860047716,
    -2.5978056717099612e-05,
    0.013103340604535437,
    -0.02129796181976983,
    -0.0002321844993054395,
    -7.667839058812756e-05,
    0.008022311724284999,
    -8.859322749785773e-05,
    -0.021690940092150696,
    0.0005606448924238565,
    -3.131026970271561e-05,
    0.0010108484890612574,
    -0.03192678181366592,
    -0.00010264046721585327,
    -1.5005405101202044e-05,
    1.9594213501507254e-05,
    -0.031117886072471894,
    2.048522577340538e-05,
    1.838391196347885e-05,
    -0.019404162500744202,
    -0.0002125328301336714,
    0.0009265455942008408,
    -0.023334801884879536,
    4.135263194469695e-05,
    0.010388550654863623,
    -6.748575481504342e-05,
    5.5464385511380546e-05,
    0.009060705970537484,
    -2.6373690929844472e-05,
    -0.00023629969064342375,
    0.0003864891461784864,
    0.00010200074809050908,
    0.01037827747650776,
    0.0004861597866475939,
    0.05915107097627804
  ],
  "val_sse_masked": 0.00042809080332517624,
  "val_nrmse_masked": 0.05631810054183006,
  "val_mse_masked": 1.4269694474933203e-05,
  "val_r2_masked": 0.9968271851539612,
  "val_sse_full": 0.00042168059735558927,
  "val_nrmse_full": 0.05589485913515091,
  "val_mse_full": 1.4056020518182777e-05,
  "val_r2_full": 0.9968747496604919,
  "iteration": 436,
  "p_lo_eff": 0.12967753410339355,
  "p_hi_eff": 1.9451630115509033,
  "f_lo_eff": 0.20659340918064117,
  "f_hi_eff": 1.6527472734451294
}