{
  "tag": "322_0fa5c05f",
  "lmb1": 2.939089804950116e-07,
  "lmb2": 1.2353551963244896e-05,
  "nonzero_count": 86,
  "complexity_norm": 0.6935483870967742,
  "train_gen_window": 0.01649813019509476,
  "generalizability": 0.017183117403899845,
  "equation": "0.1588 E^{0.5} n P^{-0.5} + 0.052776 F dT_{e} + 0.0047468 F dT_{i} + 0.010215 F dn + 0.00081625 P^{-1} F dT_{e} + 0.00011199 P^{-1} F dT_{i} + 0.0057941 P^{-1} F dn + 0.0028831 P^{-1} dT_{e} - 0.00018212 P F dT_{i} - 0.017702 P dn - 0.124 T_{e}^{0.5} F dT_{e} - 0.00077192 T_{e}^{0.5} F dn + 0.004283 T_{e}^{0.5} P^{-1} dT_{e} - 0.06727 T_{e}^{0.5} P^{-1} dn + 0.017382 T_{e}^{0.5} T_{i}^{0.5} F dT_{e} - 4.9552 \\cdot 10^{-5} T_{e}^{0.5} T_{i}^{0.5} F dT_{i} - 0.027484 T_{e}^{0.5} T_{i}^{0.5} F dn + 4.5244 \\cdot 10^{-5} T_{e}^{0.5} T_{i}^{0.5} P^{-1} dT_{i} + 0.045965 T_{e}^{0.5} T_{i}^{0.5} P^{-1} dn + 0.0031376 T_{e}^{0.5} T_{i}^{0.5} P dT_{e} + 2.2732 \\cdot 10^{-5} T_{e}^{0.5} T_{i}^{0.5} P dT_{i} + 0.031397 T_{e}^{0.5} T_{i}^{0.5} P dn + 4.5527 \\cdot 10^{-5} T_{e}^{0.5} T_{i}^{0.5} dT_{i} + 0.06063 T_{e}^{0.5} T_{i}^{0.5} dn + 2.9633 \\cdot 10^{-5} T_{e}^{0.5} T_{i} dT_{e} - 4.5237 \\cdot 10^{-6} T_{e}^{0.5} T_{i} dT_{i} + 0.0044578 T_{e}^{0.5} T_{i} dn - 0.068168 T_{e}^{0.5} dn - 0.0018918 T_{e} F dT_{i} - 0.016749 T_{e} F dn + 0.0086598 T_{e} P^{-1} dn - 4.2187 \\cdot 10^{-6} T_{e} P dT_{i} - 0.0045672 T_{e} T_{i}^{0.5} dT_{e} + 0.00087035 T_{e} T_{i} dT_{e} + 8.2718 \\cdot 10^{-7} T_{e} T_{i} dT_{i} + 0.027195 T_{e} T_{i} dn - 0.00093829 T_{e} dT_{e} - 0.00011824 T_{e} dT_{i} - 0.02631 T_{e} dn + 0.018864 T_{i}^{0.5} F dT_{e} - 0.0068795 T_{i}^{0.5} F dn + 0.0022032 T_{i}^{0.5} P^{-1} dT_{e} - 3.0934 \\cdot 10^{-5} T_{i}^{0.5} P^{-1} dT_{i} + 0.0080695 T_{i}^{0.5} P^{-1} dn - 5.8745 \\cdot 10^{-6} T_{i}^{0.5} P dT_{i} + 0.019289 T_{i}^{0.5} P dn - 0.0029544 T_{i}^{0.5} dT_{e} - 5.2252 \\cdot 10^{-6} T_{i}^{0.5} dT_{i} + 0.0040783 T_{i}^{0.5} dn - 0.0011769 T_{i} F dT_{e} - 1.8282 \\cdot 10^{-5} T_{i} F dT_{i} - 0.00058388 T_{i} P^{-1} dT_{e} - 0.012266 T_{i} P^{-1} dn - 0.00028079 T_{i} P dT_{e} - 0.013094 T_{i} P dn - 0.00099248 T_{i} dT_{e} - 0.032855 T_{i} dn + 0.0010061 dT_{e} - 0.0006372 dT_{i} - 0.0016517 n^{-1} F dn + 0.0068748 n^{-1} P^{-1} dn - 0.0072442 n^{-1} T_{e}^{0.5} T_{i}^{0.5} dn - 0.008102 n^{-1} T_{e}^{0.5} dn - 0.0051567 n^{-1} T_{e} dn + 0.0096335 n^{-1} T_{i}^{0.5} dn - 0.00049977 n^{-1} T_{i} dn + 0.0014994 n^{-1} dn - 0.19134 n E^{0.5} - 0.045129 n E^{0.5} P^{-1} - 0.012045 n E^{0.5} T_{e}^{0.5} P^{-1} - 0.00039438 n E^{0.5} T_{e}^{0.5} T_{i}^{0.5} + 0.058754 n E^{0.5} T_{e}^{0.5} T_{i} - 0.056519 n E^{0.5} T_{e} + 0.025983 n E^{0.5} T_{e} T_{i}^{0.5} - 0.0060899 n E^{0.5} T_{i}^{0.5} - 0.020335 n E^{0.5} T_{i}^{0.5} F + 0.038879 n E^{0.5} T_{i}^{0.5} P^{-1} + 0.01663 n E^{0.5} T_{i}^{0.5} P + 0.075063 n E^{0.5} T_{i} - 0.033963 n E F - 0.013914 n E P^{-1} - 0.0036499 n E P + 0.38592 n E T_{e}^{0.5} - 0.20239 n E T_{e}^{0.5} T_{i}^{0.5} - 0.077855 n E T_{i}^{0.5} - 0.015895 n E T_{i}",
  "coefficients": [
    0.08853771500206975,
    0.015734575869535493,
    0.002246830590832179,
    -0.0008405993511455927,
    0.04095554952768069,
    -0.009390103913113571,
    -0.01243251472740603,
    -0.03513398105976449,
    -0.008484934872247794,
    0.003970506186295026,
    -0.038269839534189845,
    0.07468701758663085,
    -0.0028293868674800484,
    -0.013802048534015744,
    -0.0019884084012735236,
    -0.0024787728948789675,
    -0.0125855103113809,
    0.025095869527175147,
    0.020800889041808414,
    -0.0059660171201584,
    0.011136070501583838,
    -0.01439929963432712,
    -0.010326677768098357,
    -0.04522995445539806,
    -0.0003992591529101315,
    0.003171327623414995,
    0.005141018935820151,
    0.0008840137548302464,
    0.0013004395089600378,
    0.01987363572530107,
    0.012534654517249364,
    -0.011320699050618888,
    0.022550679987798784,
    -0.014132814480656165,
    -0.0171089298544077,
    -0.006056364917573095,
    -0.004975875935184715,
    0.008768041175914568,
    -0.05157155014295776,
    0.02363698024714302,
    0.013819318410858759,
    0.0005951273869188017,
    -0.0013679163203126933,
    -0.02228237618575238,
    0.020562693081219593,
    0.007323768587377957,
    0.010927954295015226,
    -0.020482546251063938,
    0.0086524037128961,
    0.0032330854120661418,
    -0.008427275513887087,
    0.025189953364071677,
    -0.01913048169480114,
    -0.031099838778265512,
    -0.01959301089222295,
    -0.060638556158603175,
    -0.04494763936109102,
    -0.0007980479212626249,
    0.056718308297454216,
    0.04635917666745904,
    -0.032646049177087744,
    0.039164172503587134,
    0.004127441764795179,
    0.009042482509033731,
    -0.016722771783193105,
    -0.01677823370536144,
    0.024954480973029422,
    -0.034504074439461616,
    -0.10562088402764942,
    0.03662050542584885,
    -0.0037565537112073527,
    -0.020205139945617605,
    0.017248783754516255,
    0.05267854408236723,
    -0.010661219488888056,
    -0.0002351950111278804,
    0.04016753074462208,
    -0.029063710379792013,
    0.015067358438083708,
    -0.006642495753244854,
    -0.019389286531234028,
    -0.002217185550861084,
    -0.03248358297738006,
    -0.0082621743582204,
    0.13542189080944864,
    -0.08184180455840366,
    0.07796171049933467
  ],
  "val_sse_masked": 0.0001682103902567178,
  "val_nrmse_masked": 0.03530258312821388,
  "val_mse_masked": 5.607013463304611e-06,
  "val_r2_masked": 0.9987533092498779,
  "val_sse_full": 0.0001682103902567178,
  "val_nrmse_full": 0.03530258312821388,
  "val_mse_full": 5.607013463304611e-06,
  "val_r2_full": 0.9987533092498779,
  "iteration": 322,
  "p_lo_eff": 0.12967753410339355,
  "p_hi_eff": 1.9451630115509033,
  "f_lo_eff": 0.20659340918064117,
  "f_hi_eff": 1.6527472734451294
}