{
  "tag": "476_52eaf8aa",
  "lmb1": 0.0004886675535461159,
  "lmb2": 1.8553727969378236e-07,
  "nonzero_count": 18,
  "complexity_norm": 0.14516129032258066,
  "train_gen_window": 0.05344359111673692,
  "generalizability": 0.052219161968767504,
  "equation": "0.050295 E^{0.5} n P^{-0.5} - 0.0038333 P^{-1} F dT_{e} - 7.1085 \\cdot 10^{-5} P^{-1} F dT_{i} - 0.0026219 P^{-1} F dn + 0.00055976 P dn - 0.00028808 T_{e}^{0.5} T_{i}^{0.5} dn - 0.071708 T_{e} dn - 0.0086105 T_{i}^{0.5} P^{-1} dn + 0.00070512 T_{i}^{0.5} P dn + 0.0065045 T_{i} P dn - 0.0014708 n^{-1} F dn + 0.00057321 n^{-1} P^{-1} dn - 0.00044942 n E^{0.5} T_{e}^{0.5} P^{-1} + 0.0061562 n E^{0.5} T_{e}^{0.5} T_{i} - 0.021833 n E^{0.5} T_{i}^{0.5} P + 0.0015215 n E^{0.5} T_{i} + 0.046833 n E T_{e}^{0.5} T_{i}^{0.5} + 0.00044509 n E T_{i}^{0.5}",
  "coefficients": [
    0.08853770256923638,
    0.0013119170508268092,
    1.4400475904042378e-05,
    -0.0007485500599978992,
    1.5373875745471739e-06,
    -3.90748854747941e-07,
    4.347404547038873e-06,
    -6.046666940752817e-07,
    7.872831849038122e-07,
    -0.00252030203461666,
    9.991618103964121e-07,
    1.420214422245626e-05,
    3.198697426605633e-06,
    -2.5565313442244207e-06,
    -1.5577303100470632e-06,
    -1.766179767881093e-06,
    -3.03260231459648e-06,
    -2.2330179765790627e-06,
    -1.1668775155231518e-06,
    -4.657678966958658e-07,
    -1.3682366684456015e-06,
    -3.0365986507598485e-06,
    2.021999566043889e-06,
    5.624766224227883e-06,
    1.423335580956414e-06,
    -2.733921914211259e-06,
    3.453034725150458e-07,
    -0.0041515525123092915,
    8.81998014971915e-06,
    9.834041921672547e-06,
    6.691824670241172e-06,
    4.768527022473359e-05,
    1.5950758931372565e-05,
    1.5356473860022347e-05,
    3.5360765946264334e-05,
    2.0671802606031047e-05,
    1.9390034768000872e-05,
    -1.980226242481768e-08,
    9.285736734496977e-06,
    1.4801429868875286e-05,
    2.7538876461538576e-05,
    3.188646252345637e-05,
    2.9678673112528748e-05,
    7.513377832304923e-05,
    2.832663728727291e-05,
    -0.0033140667599400875,
    -6.360332542233776e-06,
    0.0006476792261506765,
    -0.009232513451252783,
    -3.016984794811981e-05,
    -1.702181563303117e-05,
    0.0009208328315604554,
    -1.911179379704519e-06,
    -2.413454433982648e-05,
    0.009732726516743798,
    -3.075312082369536e-05,
    -4.8420010828619875e-05,
    -8.26761601479054e-06,
    -2.4245985771178687e-06,
    -0.00022027088899678607,
    -2.421288410810534e-05,
    5.568464574732656e-05,
    -5.172703768419622e-05,
    -4.588806340248577e-08,
    -0.04557889522583232,
    -9.65836067251642e-06,
    -6.595513783932412e-05,
    -2.1513833952219687e-06,
    1.7855509845933436e-06,
    6.871337745360089e-07,
    1.2121076972183504e-05,
    -1.0947589290325537e-06,
    -0.02264527663426118,
    0.0010677693433288836,
    -0.00039778254941942885,
    1.372617842770966e-05,
    0.004208723503365631,
    1.8189015371893123e-06,
    1.1918739177273952e-05,
    1.148028802416286e-05,
    2.2668357093023246e-06,
    -3.7014292310779506e-05,
    0.00018570690979219313,
    1.9267578759058782e-05,
    3.9133082438784816e-05,
    0.018938476743405038,
    0.024692414011961927
  ],
  "val_sse_masked": 0.0008192085660994053,
  "val_nrmse_masked": 0.07790715247392654,
  "val_mse_masked": 2.7306954507366754e-05,
  "val_r2_masked": 0.9939284324645996,
  "val_sse_full": 0.0008013391052372754,
  "val_nrmse_full": 0.0770527645945549,
  "val_mse_full": 2.671130459930282e-05,
  "val_r2_full": 0.9940608739852905,
  "iteration": 476,
  "p_lo_eff": 0.12967753410339355,
  "p_hi_eff": 1.9451630115509033,
  "f_lo_eff": 0.20659340918064117,
  "f_hi_eff": 1.6527472734451294
}