{
  "tag": "70_0b2f0ccf",
  "lmb1": 1.18319757161994e-05,
  "lmb2": 1.8090526466864486e-05,
  "nonzero_count": 77,
  "complexity_norm": 0.6209677419354839,
  "train_gen_window": 0.023738627231874018,
  "generalizability": 0.028024002404091957,
  "equation": "0.11007 E^{0.5} n P^{-0.5} - 0.00034994 F dT_{e} + 0.0014588 F dT_{i} - 0.00051432 F dn - 0.0009679 P^{-1} F dT_{e} + 6.1255 \\cdot 10^{-5} P^{-1} F dT_{i} + 8.9537 \\cdot 10^{-5} P^{-1} dT_{e} - 0.00089818 P dn - 0.0019285 T_{e}^{0.5} F dT_{e} - 0.0011255 T_{e}^{0.5} F dn + 6.5768 \\cdot 10^{-5} T_{e}^{0.5} P^{-1} dT_{e} - 0.051236 T_{e}^{0.5} P^{-1} dn + 0.0011765 T_{e}^{0.5} T_{i}^{0.5} F dT_{e} - 3.2626 \\cdot 10^{-6} T_{e}^{0.5} T_{i}^{0.5} F dT_{i} - 0.013118 T_{e}^{0.5} T_{i}^{0.5} F dn - 2.3728 \\cdot 10^{-6} T_{e}^{0.5} T_{i}^{0.5} P^{-1} dT_{i} + 0.020194 T_{e}^{0.5} T_{i}^{0.5} P^{-1} dn + 0.00051066 T_{e}^{0.5} T_{i}^{0.5} P dT_{e} + 2.2175 \\cdot 10^{-6} T_{e}^{0.5} T_{i}^{0.5} P dT_{i} + 0.00055089 T_{e}^{0.5} T_{i}^{0.5} P dn - 4.0776 \\cdot 10^{-5} T_{e}^{0.5} T_{i} dT_{e} + 0.0016237 T_{e}^{0.5} T_{i} dn - 0.026603 T_{e}^{0.5} dn - 7.3213 \\cdot 10^{-6} T_{e} F dT_{i} - 0.003287 T_{e} F dn + 0.023062 T_{e} P^{-1} dn + 1.9718 \\cdot 10^{-5} T_{e} P dT_{i} - 9.8147 \\cdot 10^{-5} T_{e} T_{i}^{0.5} dT_{e} - 0.00017299 T_{e} T_{i} dT_{e} + 0.0063919 T_{e} T_{i} dn - 0.0036557 T_{e} dT_{e} - 0.00025603 T_{e} dT_{i} - 0.036899 T_{e} dn + 0.00076337 T_{i}^{0.5} F dT_{e} - 0.0014618 T_{i}^{0.5} F dn + 0.0014753 T_{i}^{0.5} P^{-1} dT_{e} - 5.7183 \\cdot 10^{-6} T_{i}^{0.5} P^{-1} dT_{i} - 0.0047428 T_{i}^{0.5} P^{-1} dn + 1.1192 \\cdot 10^{-6} T_{i}^{0.5} P dT_{i} + 0.00019349 T_{i}^{0.5} P dn - 3.4173 \\cdot 10^{-5} T_{i}^{0.5} dT_{e} - 2.7086 \\cdot 10^{-7} T_{i}^{0.5} dT_{i} + 4.3351 \\cdot 10^{-5} T_{i} F dT_{e} - 2.7795 \\cdot 10^{-7} T_{i} F dT_{i} + 0.0002068 T_{i} P^{-1} dn + 5.3127 \\cdot 10^{-5} T_{i} P dT_{e} + 0.012563 T_{i} P dn - 3.0869 \\cdot 10^{-5} T_{i} dT_{e} + 0.0013969 T_{i} dn - 0.00013378 dT_{e} - 5.6269 \\cdot 10^{-5} dT_{i} - 0.0040865 n^{-1} F dn + 0.0035855 n^{-1} P^{-1} dn - 0.0002751 n^{-1} T_{e}^{0.5} T_{i}^{0.5} dn - 0.00029473 n^{-1} T_{e}^{0.5} dn - 0.00018866 n^{-1} T_{e} dn - 0.00017806 n^{-1} T_{i}^{0.5} dn - 0.00044459 n^{-1} T_{i} dn - 0.00022139 n^{-1} dn - 0.10187 n E^{0.5} - 0.00020239 n E^{0.5} P^{-1} - 0.024783 n E^{0.5} T_{e}^{0.5} P^{-1} + 0.00071477 n E^{0.5} T_{e}^{0.5} T_{i}^{0.5} + 0.052028 n E^{0.5} T_{e}^{0.5} T_{i} - 0.00030786 n E^{0.5} T_{e} + 0.0033019 n E^{0.5} T_{e} T_{i}^{0.5} + 0.00026566 n E^{0.5} T_{i}^{0.5} - 0.02252 n E^{0.5} T_{i}^{0.5} F + 0.0048912 n E^{0.5} T_{i}^{0.5} P^{-1} + 0.0017255 n E^{0.5} T_{i}^{0.5} P + 0.017051 n E^{0.5} T_{i} - 0.0005524 n E F + 0.019863 n E P^{-1} - 0.00038371 n E P + 0.045677 n E T_{e}^{0.5} - 0.00025338 n E T_{e}^{0.5} T_{i}^{0.5} - 0.029618 n E T_{i}",
  "coefficients": [
    0.08853771008582983,
    0.008206103348476169,
    -0.00033175249831283234,
    -0.002079808686143439,
    -0.0007569989035428007,
    -0.008353362021075283,
    -0.00045226306993852324,
    -0.0013342007972404779,
    -0.00031042081393337496,
    0.002171803414041807,
    -0.0033794509315970625,
    0.022952633083524018,
    4.6149060952614424e-05,
    -0.002551385859449265,
    -0.0001030751220878709,
    0.0004722572948900152,
    -0.00019133978150847624,
    -0.0013161102403813423,
    -3.904139453374394e-05,
    -0.0003928083267109724,
    0.001086297092095693,
    -2.4882946997318748e-05,
    -0.022360336775697057,
    -0.00017504470367136652,
    0.001866137071334332,
    6.471244406957194e-05,
    0.00015965745998472848,
    -0.0010482546094950234,
    -0.00017290482851156234,
    -0.00013177366070365112,
    0.008393540112323935,
    -0.00013094662444204799,
    0.0009125728152518247,
    7.313359960681894e-05,
    -0.0005321367333566634,
    0.00022308333443833407,
    0.0009414623567203437,
    0.00013464002106863615,
    -0.0008020481308854593,
    0.00159985187693391,
    0.0022491739819475018,
    -0.0008189339902673529,
    -0.0053295956089291965,
    -0.00047883840117202213,
    -0.004087072480384783,
    5.117613327620913e-05,
    -0.0005502383996993341,
    -0.0010392475827218294,
    -0.005085404103004953,
    5.940070346656333e-05,
    -0.0017907090393381178,
    0.00025268406370337144,
    0.0003225311026905339,
    0.0013223218429762116,
    0.01879793691424271,
    -0.046184455488790584,
    -0.01754071357950656,
    -0.0011636363522829175,
    0.024918474421380607,
    7.682844033679497e-05,
    -0.015581388217912237,
    0.0006871812249242073,
    0.0015033478275676734,
    0.024081412796791653,
    -0.023453488314039237,
    -0.0032928215021406863,
    0.005865381572679823,
    -0.00015474016328482872,
    -0.056233390864202024,
    0.004607029603076834,
    0.00016387286104054346,
    -0.022376118044000158,
    0.0017896579137689265,
    0.011966383872360105,
    -0.021935627600560358,
    0.0004262640476381815,
    0.03556927329734155,
    -0.00015830869325386747,
    0.0019147563749954812,
    0.009482216146374789,
    -0.0003153557773175631,
    -0.00023308811891112132,
    -5.515866810597617e-05,
    -0.015395601718169435,
    0.016028607349438822,
    -0.00010246423911907927,
    0.054039499854969565
  ],
  "val_sse_masked": 0.00025911646662279963,
  "val_nrmse_masked": 0.043815478682518005,
  "val_mse_masked": 8.637216524221003e-06,
  "val_r2_masked": 0.9980795383453369,
  "val_sse_full": 0.00025914370780810714,
  "val_nrmse_full": 0.043817780911922455,
  "val_mse_full": 8.638124199933372e-06,
  "val_r2_full": 0.9980793595314026,
  "iteration": 70,
  "p_lo_eff": 0.12967753410339355,
  "p_hi_eff": 1.9451630115509033,
  "f_lo_eff": 0.20659340918064117,
  "f_hi_eff": 1.6527472734451294
}