{
  "tag": "273_a2bf5a13",
  "lmb1": 0.004766506768960188,
  "lmb2": 0.0001359164692651889,
  "nonzero_count": 5,
  "complexity_norm": 0.04032258064516129,
  "train_gen_window": 0.12749034440685547,
  "generalizability": 0.14126008217675742,
  "equation": "0.05929 E^{0.5} n P^{-0.5} - 0.0031224 P^{-1} F dT_{e} - 0.011369 P^{-1} F dn - 0.038509 T_{e}^{0.5} T_{i}^{0.5} dn - 0.0070816 T_{i}^{0.5} P^{-1} dn",
  "coefficients": [
    0.08853770579780923,
    1.1191918259676378e-05,
    1.983141129364878e-06,
    -4.893711374550063e-07,
    3.0271883619486435e-06,
    1.27633196206989e-06,
    2.076253170572956e-06,
    2.482359616840071e-06,
    2.165903303470383e-06,
    -2.7027275721924294e-06,
    -5.689316065081332e-07,
    -1.927604072096815e-07,
    -3.108052692887949e-07,
    -5.081799886194184e-07,
    -4.229252545318045e-07,
    -4.2202744400229336e-07,
    -3.280347391267085e-07,
    -5.247691492822238e-07,
    -4.322175339885117e-07,
    -3.9857224952803553e-07,
    -4.282893154102315e-07,
    -3.356247757979491e-07,
    -5.941497850052275e-07,
    -4.205720424455951e-07,
    -6.279934097284298e-07,
    -3.4538035686914597e-07,
    -2.7153689572128096e-06,
    -0.003381582417567284,
    -8.441177001392714e-07,
    -6.715763002328876e-07,
    -7.384357829131327e-07,
    -4.6560512051759974e-07,
    -4.783937122163087e-07,
    -2.3101526547796702e-07,
    -1.2742352051567463e-07,
    -1.8330108369630716e-07,
    -1.513182929773116e-07,
    -3.2394842524390736e-06,
    -7.672364906048498e-07,
    -4.797509060095052e-07,
    -4.650110678575417e-07,
    -9.568802924802033e-08,
    -7.652564467806583e-07,
    -3.6071152809529527e-07,
    -6.781533122289168e-08,
    -0.014370423800253709,
    -1.5065505667843967e-06,
    5.229682087603762e-07,
    -0.007593195068845716,
    -9.396831222564388e-06,
    -4.662834949161571e-06,
    3.6064014965117817e-07,
    -9.904903984431395e-07,
    -7.526574738927595e-06,
    3.012509801756396e-07,
    -5.513141731653777e-06,
    -4.575175075207817e-06,
    -1.8891409298843146e-06,
    -1.2983350333037823e-06,
    -0.029445163820299897,
    -8.092539562276472e-06,
    2.908584068408392e-07,
    -8.968669246376915e-06,
    -9.239520930459413e-07,
    -9.95970863324851e-06,
    -2.321029784977683e-06,
    -6.292320593973574e-06,
    1.0104586682156886e-06,
    4.447842518953479e-07,
    1.404071237110986e-06,
    1.1846770332124925e-06,
    5.666709180385919e-07,
    -1.1173842359707999e-06,
    4.029748759779397e-06,
    3.9908898350103065e-07,
    1.4549832655292165e-06,
    5.505031461132278e-06,
    6.141515257515657e-07,
    1.6757754749563856e-06,
    4.808674892960957e-06,
    9.982886132713776e-07,
    -5.022094319379126e-07,
    9.349603701423822e-06,
    4.4705975699298745e-06,
    2.8934732571127322e-06,
    2.447446066495225e-05,
    0.029108212668499757
  ],
  "val_sse_masked": 0.004415552131831646,
  "val_nrmse_masked": 0.18087251484394073,
  "val_mse_masked": 0.0001471850846428424,
  "val_r2_masked": 0.9672742486000061,
  "val_sse_full": 0.004377353936433792,
  "val_nrmse_full": 0.18008847534656525,
  "val_mse_full": 0.00014591180661227554,
  "val_r2_full": 0.9675573110580444,
  "iteration": 273,
  "p_lo_eff": 0.12967753410339355,
  "p_hi_eff": 1.9451630115509033,
  "f_lo_eff": 0.20659340918064117,
  "f_hi_eff": 1.6527472734451294
}