{
  "tag": "452_3399c1ef",
  "lmb1": 1.3046147050047453e-07,
  "lmb2": 0.04702193824352818,
  "nonzero_count": 79,
  "complexity_norm": 0.6370967741935484,
  "train_gen_window": 0.06805564738950785,
  "generalizability": 0.05616879147927283,
  "equation": "0.019059 E^{0.5} n P^{-0.5} + 0.0015297 F dT_{e} + 0.00021638 F dT_{i} - 0.0025076 F dn - 0.0036323 P^{-1} F dT_{e} - 0.00013853 P^{-1} F dT_{i} - 0.0040386 P^{-1} F dn - 0.00027809 P^{-1} dT_{e} + 6.8061 \\cdot 10^{-5} P F dT_{i} + 0.0032856 P dn + 0.0010947 T_{e}^{0.5} F dT_{e} - 0.0028789 T_{e}^{0.5} F dn - 0.0002856 T_{e}^{0.5} P^{-1} dT_{e} - 0.0061193 T_{e}^{0.5} P^{-1} dn - 9.149 \\cdot 10^{-5} T_{e}^{0.5} T_{i}^{0.5} F dT_{e} + 1.8209 \\cdot 10^{-6} T_{e}^{0.5} T_{i}^{0.5} F dT_{i} - 0.0021308 T_{e}^{0.5} T_{i}^{0.5} F dn - 8.9304 \\cdot 10^{-7} T_{e}^{0.5} T_{i}^{0.5} P^{-1} dT_{i} - 2.8708 \\cdot 10^{-7} T_{e}^{0.5} T_{i}^{0.5} P dT_{i} + 0.003359 T_{e}^{0.5} T_{i}^{0.5} P dn - 0.006778 T_{e}^{0.5} T_{i}^{0.5} dn + 1.17 \\cdot 10^{-5} T_{e}^{0.5} T_{i} dT_{e} - 8.2468 \\cdot 10^{-8} T_{e}^{0.5} T_{i} dT_{i} - 0.0022934 T_{e}^{0.5} T_{i} dn - 0.010627 T_{e}^{0.5} dn + 6.9191 \\cdot 10^{-5} T_{e} F dT_{i} - 0.0030613 T_{e} F dn - 0.00038134 T_{e} P^{-1} dn + 1.51 \\cdot 10^{-6} T_{e} P dT_{i} + 0.00011802 T_{e} T_{i}^{0.5} dT_{e} + 5.397 \\cdot 10^{-6} T_{e} T_{i} dT_{e} - 4.093 \\cdot 10^{-8} T_{e} T_{i} dT_{i} - 0.0019614 T_{e} T_{i} dn + 0.00053774 T_{e} dT_{e} + 4.1644 \\cdot 10^{-6} T_{e} dT_{i} - 0.011537 T_{e} dn - 0.0019631 T_{i}^{0.5} F dn - 1.1912 \\cdot 10^{-6} T_{i}^{0.5} P^{-1} dT_{i} - 0.0040863 T_{i}^{0.5} P^{-1} dn - 9.0637 \\cdot 10^{-7} T_{i}^{0.5} P dT_{i} + 0.00342 T_{i}^{0.5} P dn + 0.00014414 T_{i}^{0.5} dT_{e} - 4.374 \\cdot 10^{-7} T_{i}^{0.5} dT_{i} - 0.0061006 T_{i}^{0.5} dn - 6.3828 \\cdot 10^{-5} T_{i} F dT_{e} - 3.5884 \\cdot 10^{-7} T_{i} F dT_{i} + 0.0011329 T_{i} P^{-1} dn + 2.1142 \\cdot 10^{-5} T_{i} P dT_{e} + 0.0037353 T_{i} P dn + 1.9631 \\cdot 10^{-5} T_{i} dT_{e} - 0.0021943 T_{i} dn + 0.0001856 dT_{e} - 0.015918 n^{-1} F dn + 0.0015143 n^{-1} P^{-1} dn + 0.00026615 n^{-1} T_{e}^{0.5} T_{i}^{0.5} dn + 0.0010295 n^{-1} T_{e}^{0.5} dn + 0.00057954 n^{-1} T_{e} dn + 0.000449 n^{-1} T_{i}^{0.5} dn + 4.6546 \\cdot 10^{-5} n^{-1} T_{i} dn + 0.0015574 n^{-1} dn + 0.0023515 n E^{0.5} + 0.0045561 n E^{0.5} P^{-1} - 0.0017749 n E^{0.5} T_{e}^{0.5} P^{-1} + 0.0044865 n E^{0.5} T_{e}^{0.5} T_{i}^{0.5} + 0.0036889 n E^{0.5} T_{e}^{0.5} T_{i} + 0.0034682 n E^{0.5} T_{e} + 0.0043494 n E^{0.5} T_{e} T_{i}^{0.5} + 0.0039786 n E^{0.5} T_{i}^{0.5} - 0.0030376 n E^{0.5} T_{i}^{0.5} F + 0.0014645 n E^{0.5} T_{i}^{0.5} P^{-1} - 0.0090293 n E^{0.5} T_{i}^{0.5} P + 0.0037224 n E^{0.5} T_{i} + 0.00064559 n E F + 0.0073662 n E P^{-1} - 0.007668 n E P + 0.016237 n E T_{e}^{0.5} + 0.010931 n E T_{e}^{0.5} T_{i}^{0.5} + 0.010931 n E T_{i}^{0.5} + 0.0042449 n E T_{i}",
  "coefficients": [
    0.08853770643507891,
    0.00346588368519468,
    0.0023336947392184355,
    -0.008101129512589376,
    0.0019088709835632395,
    0.0008745439034448226,
    0.0015797409943277396,
    0.0012908253032856715,
    0.0009535825420986938,
    -0.004911444243751973,
    2.559740892924857e-05,
    0.0034045851195970856,
    0.0010573919166556433,
    -0.0005314724714849187,
    -0.00016644906000342144,
    -0.000382445456021124,
    -0.00024702642063822826,
    -0.0004953487129020634,
    -1.5409351610550653e-05,
    0.00021923614345197538,
    -0.00014063286650653484,
    -0.00026250656282405214,
    0.00036369276254846414,
    0.001654280850810673,
    0.00014290426864915426,
    -0.00015692228012571807,
    -0.0004958685073528923,
    -0.003933892408782813,
    0.0002398823619026002,
    0.0005760267540215452,
    7.533696849692899e-05,
    0.0005523280996310598,
    -7.799156697824161e-05,
    -8.982644054991544e-05,
    0.00033841103462591525,
    -0.00032845474520001687,
    0.00037464999534053516,
    -0.0005846790479102984,
    0.0004552850105398326,
    -0.0001244144975176449,
    -6.290814775514533e-05,
    0.00023496970113137672,
    0.0007839588788332835,
    0.0005757835554158867,
    0.00012750952634199043,
    -0.005104802330599043,
    -0.00268270621449148,
    0.003801631839269192,
    -0.00438150654391785,
    -0.00483625945734744,
    -0.002404811412077797,
    0.00446620733344677,
    0.0017669818838966771,
    -0.0020771344156699893,
    0.0055891845034262665,
    -0.00551605091817034,
    -0.007007055273066299,
    -0.002976361636781593,
    7.932027936134213e-05,
    -0.005182683444817359,
    -0.002530951335859599,
    0.004190034219864639,
    -0.0021234403546527003,
    -0.0003981854612529513,
    -0.007333063863183048,
    -0.0030666646810888695,
    -0.001799828931068493,
    0.003483442542949876,
    0.0012980326959252976,
    0.0013794703469817166,
    0.002454184664919725,
    -0.0030181582873097922,
    -0.009365149083832382,
    0.0026123736531154587,
    -0.0015709763667795425,
    0.0026755991861359425,
    0.0025219628805630556,
    0.0017834293501465589,
    0.002522169343854448,
    0.0035165153811388527,
    0.0003685616990458541,
    -0.004658012709199329,
    0.004560677944026039,
    0.0022065479870185464,
    0.005697865383830139,
    0.004420311791680001,
    0.009357022515282263
  ],
  "val_sse_masked": 0.0009811199270188808,
  "val_nrmse_masked": 0.08525916934013367,
  "val_mse_masked": 3.270399975008331e-05,
  "val_r2_masked": 0.9927284717559814,
  "val_sse_full": 0.0009791796328499913,
  "val_nrmse_full": 0.08517482876777649,
  "val_mse_full": 3.2639323762850836e-05,
  "val_r2_full": 0.9927428364753723,
  "iteration": 452,
  "p_lo_eff": 0.12967753410339355,
  "p_hi_eff": 1.9451630115509033,
  "f_lo_eff": 0.20659340918064117,
  "f_hi_eff": 1.6527472734451294
}