{
  "tag": "64_4c5703aa",
  "lmb1": 1e-08,
  "lmb2": 0.00944061693008738,
  "nonzero_count": 82,
  "complexity_norm": 0.6612903225806451,
  "train_gen_window": 0.04940523309210013,
  "generalizability": 0.036393263834817335,
  "equation": "0.032255 E^{0.5} n P^{-0.5} + 0.00046837 F dT_{i} - 0.0029648 F dn - 0.0033005 P^{-1} F dT_{e} - 0.00014434 P^{-1} F dT_{i} - 0.0046115 P^{-1} F dn + 0.0001001 P^{-1} dT_{e} + 0.001497 P dn + 0.00032464 T_{e}^{0.5} F dT_{e} - 0.0038936 T_{e}^{0.5} F dn + 0.00021732 T_{e}^{0.5} P^{-1} dT_{e} - 0.010465 T_{e}^{0.5} P^{-1} dn + 0.00024452 T_{e}^{0.5} T_{i}^{0.5} F dT_{e} - 0.002824 T_{e}^{0.5} T_{i}^{0.5} F dn - 3.1254 \\cdot 10^{-6} T_{e}^{0.5} T_{i}^{0.5} P^{-1} dT_{i} + 0.0021099 T_{e}^{0.5} T_{i}^{0.5} P^{-1} dn + 0.00017945 T_{e}^{0.5} T_{i}^{0.5} P dT_{e} + 1.0598 \\cdot 10^{-6} T_{e}^{0.5} T_{i}^{0.5} P dT_{i} + 0.003588 T_{e}^{0.5} T_{i}^{0.5} P dn - 8.7703 \\cdot 10^{-7} T_{e}^{0.5} T_{i}^{0.5} dT_{i} - 0.0069131 T_{e}^{0.5} T_{i}^{0.5} dn - 3.3349 \\cdot 10^{-5} T_{e}^{0.5} T_{i} dT_{e} + 0.0010644 T_{e}^{0.5} T_{i} dn - 0.014909 T_{e}^{0.5} dn + 0.00013826 T_{e} F dT_{i} - 0.0043799 T_{e} F dn + 0.0025102 T_{e} P^{-1} dn + 1.105 \\cdot 10^{-5} T_{e} P dT_{i} - 6.41 \\cdot 10^{-5} T_{e} T_{i}^{0.5} dT_{e} - 6.655 \\cdot 10^{-5} T_{e} T_{i} dT_{e} + 9.356 \\cdot 10^{-8} T_{e} T_{i} dT_{i} + 0.00095278 T_{e} T_{i} dn - 0.0002369 T_{e} dT_{e} - 1.1936 \\cdot 10^{-5} T_{e} dT_{i} - 0.017377 T_{e} dn + 0.00034916 T_{i}^{0.5} F dT_{e} - 0.0022616 T_{i}^{0.5} F dn + 0.00035624 T_{i}^{0.5} P^{-1} dT_{e} - 4.1666 \\cdot 10^{-6} T_{i}^{0.5} P^{-1} dT_{i} - 0.007124 T_{i}^{0.5} P^{-1} dn - 2.7975 \\cdot 10^{-7} T_{i}^{0.5} P dT_{i} + 0.0036559 T_{i}^{0.5} P dn + 0.00026027 T_{i}^{0.5} dT_{e} - 2.0214 \\cdot 10^{-6} T_{i}^{0.5} dT_{i} - 0.0050332 T_{i}^{0.5} dn - 5.9713 \\cdot 10^{-5} T_{i} F dT_{e} + 2.5496 \\cdot 10^{-7} T_{i} F dT_{i} + 2.3869 \\cdot 10^{-5} T_{i} P^{-1} dT_{e} + 0.0030403 T_{i} P^{-1} dn + 0.00011273 T_{i} P dT_{e} + 0.0055199 T_{i} P dn + 1.4518 \\cdot 10^{-5} T_{i} dT_{e} + 0.001959 T_{i} dn - 0.00022563 dT_{e} - 2.5315 \\cdot 10^{-5} dT_{i} - 0.02402 n^{-1} F dn + 0.0022997 n^{-1} P^{-1} dn + 0.00018873 n^{-1} T_{e}^{0.5} T_{i}^{0.5} dn + 0.001652 n^{-1} T_{e}^{0.5} dn + 0.0014347 n^{-1} T_{e} dn + 0.00025201 n^{-1} T_{i}^{0.5} dn - 6.9644 \\cdot 10^{-5} n^{-1} T_{i} dn + 0.0018053 n^{-1} dn - 0.002009 n E^{0.5} + 0.0056867 n E^{0.5} P^{-1} - 0.0085025 n E^{0.5} T_{e}^{0.5} P^{-1} + 0.0049719 n E^{0.5} T_{e}^{0.5} T_{i}^{0.5} + 0.0044342 n E^{0.5} T_{e}^{0.5} T_{i} + 0.0018638 n E^{0.5} T_{e} + 0.0055071 n E^{0.5} T_{e} T_{i}^{0.5} + 0.0030689 n E^{0.5} T_{i}^{0.5} - 0.0094473 n E^{0.5} T_{i}^{0.5} F + 0.0013102 n E^{0.5} T_{i}^{0.5} P^{-1} - 0.01179 n E^{0.5} T_{i}^{0.5} P + 0.0036536 n E^{0.5} T_{i} - 0.0034698 n E F + 0.009439 n E P^{-1} - 0.0055357 n E P + 0.025971 n E T_{e}^{0.5} + 0.014747 n E T_{e}^{0.5} T_{i}^{0.5} + 0.013936 n E T_{i}^{0.5} + 0.0022323 n E T_{i}",
  "coefficients": [
    0.08853770689080731,
    0.005263465692909475,
    0.0027051546008700633,
    -0.012224718381729116,
    0.0010713691710019235,
    -0.0013085315731202751,
    0.0025349772838090256,
    0.0009153326902609504,
    0.0023607093943619484,
    -0.005117535237685822,
    -0.001520409177574511,
    0.007369310771435211,
    4.830720878368222e-05,
    -0.0018590419318317286,
    -0.000769215478561458,
    -0.00011804153250288829,
    0.00017551901569656803,
    -0.001733586901178752,
    -0.00040070549828941093,
    8.628402330279616e-05,
    0.0005191568426047843,
    -5.2179677267394364e-05,
    -0.0010423844932893056,
    0.0033057111610034773,
    0.0010457871968277965,
    0.0003587001767738074,
    0.00017848753124866112,
    -0.0035745310503361716,
    -0.0002916265935403728,
    3.6974950473611656e-06,
    0.002026745298821242,
    0.0009973278013234443,
    0.0004174038058738505,
    0.0005777560401807325,
    0.0002502746455064764,
    -0.0003072810218325839,
    0.001997708320151226,
    0.0004448991045983286,
    0.00013501372241503384,
    0.0003325178204716117,
    0.0007903906401441341,
    -0.0006697575381470755,
    -0.00034537817557978023,
    -0.00031273101486151145,
    -0.001572314942472508,
    -0.0058289443862301615,
    -0.0031719094890519384,
    0.0017321590930052255,
    -0.00763860912676767,
    -0.003990008732977557,
    -0.0027704713997613872,
    0.004774269944088416,
    0.004741766178197493,
    0.0018543202926639135,
    0.00825941723654211,
    -0.009433059596933246,
    -0.009830712396635077,
    -0.004025344539389186,
    0.0026035096292497673,
    -0.005285927546379632,
    -0.0033543944449132,
    0.004475693379272616,
    0.0009855067506167048,
    0.0026211431690414955,
    -0.011044879249857364,
    -0.004387626566133396,
    0.000874293848584895,
    0.004347810698780985,
    -0.0011089472728234573,
    0.0012341298388700572,
    0.0018930270976637575,
    -0.009386916558391967,
    -0.012228871771228278,
    0.0025640530237739934,
    -0.007525586171843401,
    0.0029650992819548194,
    0.0030314536998858332,
    0.0009583929746864728,
    0.003193555158046535,
    0.004506031046566883,
    -0.0019808767986220777,
    -0.0033627557317900125,
    0.0058145122541262695,
    0.0011603716106434736,
    0.009113314313429322,
    0.005963553925732057,
    0.01583544987615043
  ],
  "val_sse_masked": 0.0006334965582937002,
  "val_nrmse_masked": 0.06850972026586533,
  "val_mse_masked": 2.1116553398314863e-05,
  "val_r2_masked": 0.9953048825263977,
  "val_sse_full": 0.0006333828787319362,
  "val_nrmse_full": 0.06850357353687286,
  "val_mse_full": 2.1112764443387277e-05,
  "val_r2_full": 0.9953057169914246,
  "iteration": 64,
  "p_lo_eff": 0.12967753410339355,
  "p_hi_eff": 1.9451630115509033,
  "f_lo_eff": 0.20659340918064117,
  "f_hi_eff": 1.6527472734451294
}