{
  "tag": "30_35a34cae",
  "lmb1": 1.272011401913918e-06,
  "lmb2": 2.7033088663310496e-05,
  "nonzero_count": 86,
  "complexity_norm": 0.6935483870967742,
  "train_gen_window": 0.021295673776201056,
  "generalizability": 0.025612967006095725,
  "equation": "0.13506 E^{0.5} n P^{-0.5} + 0.033419 F dT_{e} + 0.0034284 F dT_{i} + 0.00015962 F dn - 0.00023216 P^{-1} F dT_{e} + 0.00012087 P^{-1} F dT_{i} + 0.0035789 P^{-1} F dn + 0.0050741 P^{-1} dT_{e} - 0.00010874 P F dT_{i} - 0.010805 P dn - 0.088225 T_{e}^{0.5} F dT_{e} - 0.0010397 T_{e}^{0.5} F dn + 0.0020815 T_{e}^{0.5} P^{-1} dT_{e} - 0.05594 T_{e}^{0.5} P^{-1} dn + 0.012593 T_{e}^{0.5} T_{i}^{0.5} F dT_{e} - 8.5983 \\cdot 10^{-6} T_{e}^{0.5} T_{i}^{0.5} F dT_{i} - 0.018041 T_{e}^{0.5} T_{i}^{0.5} F dn + 8.0854 \\cdot 10^{-6} T_{e}^{0.5} T_{i}^{0.5} P^{-1} dT_{i} + 0.03678 T_{e}^{0.5} T_{i}^{0.5} P^{-1} dn + 0.0022135 T_{e}^{0.5} T_{i}^{0.5} P dT_{e} + 1.1323 \\cdot 10^{-5} T_{e}^{0.5} T_{i}^{0.5} P dT_{i} + 0.022724 T_{e}^{0.5} T_{i}^{0.5} P dn + 1.1576 \\cdot 10^{-5} T_{e}^{0.5} T_{i}^{0.5} dT_{i} + 0.017229 T_{e}^{0.5} T_{i}^{0.5} dn - 5.8428 \\cdot 10^{-5} T_{e}^{0.5} T_{i} dT_{e} - 1.4881 \\cdot 10^{-6} T_{e}^{0.5} T_{i} dT_{i} + 0.0013304 T_{e}^{0.5} T_{i} dn - 0.046758 T_{e}^{0.5} dn - 0.00107 T_{e} F dT_{i} - 0.0084877 T_{e} F dn + 0.013867 T_{e} P^{-1} dn - 2.0567 \\cdot 10^{-6} T_{e} P dT_{i} - 0.0011021 T_{e} T_{i}^{0.5} dT_{e} + 0.00018145 T_{e} T_{i} dT_{e} + 2.858 \\cdot 10^{-8} T_{e} T_{i} dT_{i} + 0.018357 T_{e} T_{i} dn - 0.0035439 T_{e} dT_{e} - 0.00013227 T_{e} dT_{i} - 0.022872 T_{e} dn + 0.014735 T_{i}^{0.5} F dT_{e} - 0.0062017 T_{i}^{0.5} F dn + 0.00096238 T_{i}^{0.5} P^{-1} dT_{e} - 2.5234 \\cdot 10^{-6} T_{i}^{0.5} P^{-1} dT_{i} - 0.0039463 T_{i}^{0.5} P^{-1} dn + 1.2118 \\cdot 10^{-6} T_{i}^{0.5} P dT_{i} + 0.0058549 T_{i}^{0.5} P dn - 0.0042085 T_{i}^{0.5} dT_{e} - 1.1673 \\cdot 10^{-6} T_{i}^{0.5} dT_{i} - 0.00022796 T_{i}^{0.5} dn + 0.00018557 T_{i} F dT_{e} - 1.2078 \\cdot 10^{-5} T_{i} F dT_{i} - 0.00023134 T_{i} P^{-1} dT_{e} - 0.0053556 T_{i} P^{-1} dn + 3.1897 \\cdot 10^{-5} T_{i} P dT_{e} - 0.00039808 T_{i} P dn - 0.00080959 T_{i} dT_{e} - 0.0072671 T_{i} dn + 0.0026976 dT_{e} - 0.00046419 dT_{i} - 0.0048078 n^{-1} F dn + 0.0064802 n^{-1} P^{-1} dn - 0.0029199 n^{-1} T_{e}^{0.5} T_{i}^{0.5} dn - 0.0037438 n^{-1} T_{e}^{0.5} dn - 0.0055069 n^{-1} T_{e} dn + 0.004131 n^{-1} T_{i}^{0.5} dn - 0.0006812 n^{-1} T_{i} dn + 0.0018393 n^{-1} dn - 0.1612 n E^{0.5} - 0.021776 n E^{0.5} P^{-1} - 0.02014 n E^{0.5} T_{e}^{0.5} P^{-1} + 0.0024123 n E^{0.5} T_{e}^{0.5} T_{i}^{0.5} + 0.046885 n E^{0.5} T_{e}^{0.5} T_{i} - 0.02728 n E^{0.5} T_{e} + 0.023949 n E^{0.5} T_{e} T_{i}^{0.5} + 0.00034483 n E^{0.5} T_{i}^{0.5} - 0.024046 n E^{0.5} T_{i}^{0.5} F + 0.025014 n E^{0.5} T_{i}^{0.5} P^{-1} + 0.01213 n E^{0.5} T_{i}^{0.5} P + 0.05155 n E^{0.5} T_{i} - 0.014917 n E F + 0.00095653 n E P^{-1} - 0.0040362 n E P + 0.21192 n E T_{e}^{0.5} - 0.1092 n E T_{e}^{0.5} T_{i}^{0.5} - 0.030595 n E T_{i}^{0.5} - 0.023462 n E T_{i}",
  "coefficients": [
    0.08853771332828603,
    0.014831395416843567,
    0.0027561965788781002,
    -0.0024469017381167873,
    0.017562305542668605,
    -0.01279891091595304,
    -0.005744928909751865,
    -0.014161356933431327,
    -0.009061149899304517,
    0.004285542832585021,
    -0.02787877830928905,
    0.05394247522039321,
    -0.0016893575291571127,
    -0.0011258713245035305,
    -0.0004442227502135129,
    0.0005113428720274807,
    -0.00831440007991398,
    0.004484776307604658,
    0.005288934752181858,
    -0.001035221422636585,
    0.005547039282878821,
    -0.0047366720086679534,
    -0.01155167438326519,
    -0.025583297123523387,
    -0.0001946509469625844,
    0.00010957475818393369,
    0.00904778680791036,
    -0.00025143670887286715,
    0.00348661859565112,
    0.012584562663439311,
    0.005475289979604354,
    -0.016126526405031462,
    0.017615520000422668,
    -0.00559967316468338,
    -0.013956069752942628,
    0.0009549387726244174,
    0.0005652447629438105,
    0.004261133619157415,
    -0.036691788749135035,
    0.01712515108378752,
    0.009749447656148786,
    -0.001173447345032053,
    -0.005166588581820868,
    -0.005376904504397243,
    0.004286904634204963,
    0.004523666200619076,
    0.00017077183180808065,
    -0.012502583862016182,
    -0.0042313846942249244,
    -0.0001807130873738654,
    -0.0075970082514615666,
    0.007645970194821415,
    -0.008352930286966716,
    -0.006878975356082066,
    -0.0005956574714723418,
    -0.05042482520406466,
    -0.03083040420172414,
    -0.0010748875612145415,
    0.04538528198418332,
    0.013174125285255243,
    -0.021429052753893764,
    0.028346317698611262,
    0.0012317860129530422,
    0.01447995817855587,
    -0.014537529933069024,
    -0.008502619971571783,
    0.016844412578780502,
    -0.01664907450709972,
    -0.08898049141369466,
    0.023560524097152112,
    0.00021270478974733911,
    -0.023892386555072937,
    0.012581283305647629,
    0.03617709885641456,
    -0.01782559939809408,
    0.0014386264266766867,
    0.032053196521509515,
    -0.014027924906530357,
    0.013888015500741552,
    0.00045663022935355175,
    -0.008516074745528283,
    -0.002451840136612885,
    -0.012765074853487332,
    -0.012195944560216854,
    0.07436433739507016,
    -0.04415971191776508,
    0.06630640534378422
  ],
  "val_sse_masked": 0.00020398067135829479,
  "val_nrmse_masked": 0.03887537121772766,
  "val_mse_masked": 6.79935601510806e-06,
  "val_r2_masked": 0.998488187789917,
  "val_sse_full": 0.00020398067135829479,
  "val_nrmse_full": 0.03887537121772766,
  "val_mse_full": 6.79935601510806e-06,
  "val_r2_full": 0.998488187789917,
  "iteration": 30,
  "p_lo_eff": 0.12967753410339355,
  "p_hi_eff": 1.9451630115509033,
  "f_lo_eff": 0.20659340918064117,
  "f_hi_eff": 1.6527472734451294
}