{
  "tag": "45_5bb26338",
  "lmb1": 7.298547478098469e-05,
  "lmb2": 5.143602066130754e-08,
  "nonzero_count": 44,
  "complexity_norm": 0.3548387096774194,
  "train_gen_window": 0.033502794327261186,
  "generalizability": 0.02992704030039296,
  "equation": "0.11235 E^{0.5} n P^{-0.5} + 9.1785 \\cdot 10^{-5} F dT_{i} - 0.0037468 P^{-1} F dT_{e} - 6.1431 \\cdot 10^{-6} P^{-1} F dT_{i} - 0.00011938 P^{-1} F dn + 9.2361 \\cdot 10^{-5} P dn - 0.020205 T_{e}^{0.5} P^{-1} dn - 0.018516 T_{e}^{0.5} T_{i}^{0.5} F dn - 2.0213 \\cdot 10^{-7} T_{e}^{0.5} T_{i}^{0.5} P^{-1} dT_{i} + 0.0011115 T_{e}^{0.5} T_{i}^{0.5} P^{-1} dn + 0.00033598 T_{e}^{0.5} T_{i}^{0.5} P dn - 0.0001726 T_{e}^{0.5} T_{i}^{0.5} dn - 0.00030832 T_{e}^{0.5} dn + 0.00031607 T_{e} P^{-1} dn + 2.0833 \\cdot 10^{-6} T_{e} P dT_{i} - 0.048489 T_{e} dn + 0.00012518 T_{i}^{0.5} F dT_{e} - 0.00028592 T_{i}^{0.5} F dn + 0.00046339 T_{i}^{0.5} P^{-1} dT_{e} - 3.1232 \\cdot 10^{-7} T_{i}^{0.5} P^{-1} dT_{i} - 0.00029906 T_{i}^{0.5} P^{-1} dn + 0.0064816 T_{i}^{0.5} P dn + 2.0883 \\cdot 10^{-5} T_{i} F dT_{e} + 6.6316 \\cdot 10^{-6} T_{i} P^{-1} dT_{e} + 0.0023504 T_{i} P^{-1} dn + 0.0078855 T_{i} P dn - 0.017949 n^{-1} F dn + 0.0033203 n^{-1} P^{-1} dn + 0.00029832 n^{-1} T_{e}^{0.5} dn + 0.00049431 n^{-1} T_{e} dn - 2.6015 \\cdot 10^{-5} n^{-1} T_{i} dn + 0.00071038 n^{-1} dn - 0.037058 n E^{0.5} - 0.023761 n E^{0.5} T_{e}^{0.5} P^{-1} + 0.0018221 n E^{0.5} T_{e}^{0.5} T_{i} - 0.018445 n E^{0.5} T_{i}^{0.5} F - 0.002474 n E^{0.5} T_{i}^{0.5} P + 0.0009305 n E^{0.5} T_{i} + 0.01451 n E P^{-1} - 0.00049693 n E P + 0.0096141 n E T_{e}^{0.5} + 0.024681 n E T_{e}^{0.5} T_{i}^{0.5} + 0.0033226 n E T_{i}^{0.5} + 0.00024761 n E T_{i}",
  "coefficients": [
    0.08853770662884985,
    0.007599184186802013,
    0.0010644861481555609,
    -0.009135080741091239,
    -1.9003013365743764e-05,
    -0.0004887931841211202,
    0.00045777229290124336,
    -9.786994843874138e-06,
    0.0008133422862974478,
    -0.00021780263429680685,
    -3.658793703559731e-05,
    0.0014441491810518326,
    6.803251882716328e-05,
    -0.00013934948330718283,
    -8.012611384637535e-06,
    6.442250834333052e-05,
    -6.120944590769334e-06,
    -0.00011211392193027494,
    -4.66291872499335e-06,
    -1.2856230270303022e-05,
    8.411896376648168e-05,
    -1.344517855927776e-06,
    -4.5404682952794646e-05,
    2.1080996935647982e-05,
    0.00019716659727251156,
    3.954313095112563e-06,
    3.1618109631036435e-05,
    -0.004057915751376913,
    -3.476100738684502e-05,
    1.09623729104238e-05,
    0.002636360866481377,
    4.0745118570673866e-05,
    0.00014964495588414028,
    0.00016051754608480264,
    4.014023319418033e-05,
    0.0001074636618186047,
    9.377228619586843e-05,
    4.598952320172325e-06,
    -9.58787353937155e-06,
    3.2930222546353495e-05,
    1.6693753518780112e-06,
    2.990623831972533e-06,
    -9.410522623171756e-05,
    -2.049297398008054e-05,
    -1.512115311564462e-05,
    -0.00015089780555574468,
    -2.986039644975679e-05,
    0.00010686796134001786,
    -0.00032065942890258494,
    -6.35182443179964e-05,
    -0.0003502430793085982,
    0.008464449125194225,
    0.0036658697756027305,
    -4.3540148566639724e-05,
    0.01179917628933641,
    -0.018213131475201764,
    -0.00020329197941920652,
    -5.039496548367871e-05,
    0.0013715723777940922,
    -0.00013197117649280742,
    -0.021993829354663097,
    0.0004190971814227329,
    -5.3946811440556486e-05,
    0.0003300375423324004,
    -0.03082013859684839,
    -6.701164357816563e-05,
    -3.1891582281658325e-05,
    1.9980933743157855e-05,
    -0.02045551747412253,
    8.023263769603457e-06,
    1.224509655358103e-05,
    -0.018326906502121924,
    -0.002565970135510471,
    0.0006530171429582223,
    -0.02103118697884259,
    2.6564458027430204e-05,
    0.001245704098240649,
    -6.70797844674065e-05,
    3.129211081100829e-05,
    0.006926817982558862,
    -1.7001103543762603e-05,
    -0.00030186717935581724,
    0.0013863110611746685,
    0.00012871042100165493,
    0.00337365978365969,
    0.009980635407623988,
    0.05515717848154028
  ],
  "val_sse_masked": 0.0004950239090248942,
  "val_nrmse_masked": 0.06056101620197296,
  "val_mse_masked": 1.6500798665219918e-05,
  "val_r2_masked": 0.9963311553001404,
  "val_sse_full": 0.0004830664547625929,
  "val_nrmse_full": 0.0598251074552536,
  "val_mse_full": 1.610221625014674e-05,
  "val_r2_full": 0.9964197874069214,
  "iteration": 45,
  "p_lo_eff": 0.12967753410339355,
  "p_hi_eff": 1.9451630115509033,
  "f_lo_eff": 0.20659340918064117,
  "f_hi_eff": 1.6527472734451294
}