{
  "tag": "346_47263f44",
  "lmb1": 1.3488624780413563e-07,
  "lmb2": 8.908024191464477e-06,
  "nonzero_count": 86,
  "complexity_norm": 0.6935483870967742,
  "train_gen_window": 0.014981370153173064,
  "generalizability": 0.017986043532450507,
  "equation": "0.16669 E^{0.5} n P^{-0.5} + 0.063542 F dT_{e} + 0.0051536 F dT_{i} + 0.014169 F dn + 0.0012868 P^{-1} F dT_{e} + 9.5064 \\cdot 10^{-5} P^{-1} F dT_{i} + 0.0064664 P^{-1} F dn + 0.00088253 P^{-1} dT_{e} - 0.00019414 P F dT_{i} - 0.02027 P dn - 0.13636 T_{e}^{0.5} F dT_{e} + 0.0021786 T_{e}^{0.5} F dn + 0.0057083 T_{e}^{0.5} P^{-1} dT_{e} - 0.071742 T_{e}^{0.5} P^{-1} dn + 0.019971 T_{e}^{0.5} T_{i}^{0.5} F dT_{e} - 6.6387 \\cdot 10^{-5} T_{e}^{0.5} T_{i}^{0.5} F dT_{i} - 0.031908 T_{e}^{0.5} T_{i}^{0.5} F dn + 5.993 \\cdot 10^{-5} T_{e}^{0.5} T_{i}^{0.5} P^{-1} dT_{i} + 0.046937 T_{e}^{0.5} T_{i}^{0.5} P^{-1} dn + 0.0032248 T_{e}^{0.5} T_{i}^{0.5} P dT_{e} + 2.2098 \\cdot 10^{-5} T_{e}^{0.5} T_{i}^{0.5} P dT_{i} + 0.031719 T_{e}^{0.5} T_{i}^{0.5} P dn + 5.7889 \\cdot 10^{-5} T_{e}^{0.5} T_{i}^{0.5} dT_{i} + 0.077048 T_{e}^{0.5} T_{i}^{0.5} dn + 5.7661 \\cdot 10^{-5} T_{e}^{0.5} T_{i} dT_{e} - 4.6991 \\cdot 10^{-6} T_{e}^{0.5} T_{i} dT_{i} + 0.0057081 T_{e}^{0.5} T_{i} dn - 0.080402 T_{e}^{0.5} dn - 0.0020874 T_{e} F dT_{i} - 0.022428 T_{e} F dn + 0.0086028 T_{e} P^{-1} dn + 6.05 \\cdot 10^{-6} T_{e} P dT_{i} - 0.0060605 T_{e} T_{i}^{0.5} dT_{e} + 0.0010603 T_{e} T_{i} dT_{e} + 8.9389 \\cdot 10^{-7} T_{e} T_{i} dT_{i} + 0.027843 T_{e} T_{i} dn + 0.00087806 T_{e} dT_{e} - 0.0001101 T_{e} dT_{i} - 0.024628 T_{e} dn + 0.018818 T_{i}^{0.5} F dT_{e} - 0.0055936 T_{i}^{0.5} F dn + 0.002299 T_{i}^{0.5} P^{-1} dT_{e} - 5.1462 \\cdot 10^{-5} T_{i}^{0.5} P^{-1} dT_{i} + 0.013016 T_{i}^{0.5} P^{-1} dn - 9.6449 \\cdot 10^{-6} T_{i}^{0.5} P dT_{i} + 0.026426 T_{i}^{0.5} P dn - 0.0016974 T_{i}^{0.5} dT_{e} - 4.0345 \\cdot 10^{-6} T_{i}^{0.5} dT_{i} + 0.0058618 T_{i}^{0.5} dn - 0.0022971 T_{i} F dT_{e} - 1.8473 \\cdot 10^{-5} T_{i} F dT_{i} - 0.00057901 T_{i} P^{-1} dT_{e} - 0.014087 T_{i} P^{-1} dn - 0.00037635 T_{i} P dT_{e} - 0.017932 T_{i} P dn - 0.00094241 T_{i} dT_{e} - 0.040167 T_{i} dn - 0.00069327 dT_{e} - 0.00069958 dT_{i} + 0.00070508 n^{-1} F dn + 0.0065012 n^{-1} P^{-1} dn - 0.0094537 n^{-1} T_{e}^{0.5} T_{i}^{0.5} dn - 0.0082576 n^{-1} T_{e}^{0.5} dn - 0.0041448 n^{-1} T_{e} dn + 0.01157 n^{-1} T_{i}^{0.5} dn - 0.0002856 n^{-1} T_{i} dn + 0.00022611 n^{-1} dn - 0.20302 n E^{0.5} - 0.054199 n E^{0.5} P^{-1} - 0.0082738 n E^{0.5} T_{e}^{0.5} P^{-1} - 0.0063066 n E^{0.5} T_{e}^{0.5} T_{i}^{0.5} + 0.061053 n E^{0.5} T_{e}^{0.5} T_{i} - 0.063083 n E^{0.5} T_{e} + 0.022922 n E^{0.5} T_{e} T_{i}^{0.5} - 0.0048914 n E^{0.5} T_{i}^{0.5} - 0.018492 n E^{0.5} T_{i}^{0.5} F + 0.043606 n E^{0.5} T_{i}^{0.5} P^{-1} + 0.017785 n E^{0.5} T_{i}^{0.5} P + 0.087727 n E^{0.5} T_{i} - 0.040584 n E F - 0.018658 n E P^{-1} - 0.0044576 n E P + 0.4574 n E T_{e}^{0.5} - 0.24704 n E T_{e}^{0.5} T_{i}^{0.5} - 0.095369 n E T_{i}^{0.5} - 0.0091265 n E T_{i}",
  "coefficients": [
    0.08853771631364271,
    0.014879344705946646,
    0.000338811301184086,
    0.0003588434053911505,
    0.049189844442759076,
    -0.005366121501464387,
    -0.012671314065376856,
    -0.045849727185661354,
    -0.006819914252830451,
    0.0033704866729778443,
    -0.04201579126090646,
    0.08108658344513883,
    -0.003016110998872775,
    -0.02296148071586386,
    -0.0015353127314925632,
    -0.004069706900389632,
    -0.012716942012648867,
    0.03324157625922198,
    0.02644885463439544,
    -0.00799286305305275,
    0.010825256061075402,
    -0.01495786475603718,
    -0.009615516081310137,
    -0.04990658819982432,
    0.0005725759017197272,
    0.0034270861232921276,
    0.0015736749947843874,
    0.001393627801937792,
    -0.0008960465977711028,
    0.023927678629998325,
    0.0130796448070835,
    -0.006504229699189679,
    0.022495942694402492,
    -0.014014866049244679,
    -0.016245715347054678,
    -0.011820561586012532,
    -0.006669192448163575,
    0.011686071478575165,
    -0.056711659245734826,
    0.02715757931345151,
    0.014203434330739192,
    0.0011580273054094814,
    0.0012801061572687879,
    -0.029568124908516253,
    0.025050219358277788,
    0.00817354303019404,
    0.015159118664464516,
    -0.02345316686246172,
    0.013955999102716882,
    0.004646911797003179,
    -0.00685209449898202,
    0.034509868558032966,
    -0.02197090862438058,
    -0.038021563559769114,
    -0.026831405691673305,
    -0.06466900110111735,
    -0.05301382221917983,
    0.002252287218978863,
    0.05791855186372266,
    0.05891277089820236,
    -0.03790052327473917,
    0.039566903730992635,
    0.005285096215457651,
    0.008982891611947095,
    -0.01565426346945549,
    -0.022467068973905945,
    0.025549209841018973,
    -0.041438532967327996,
    -0.1120666366760032,
    0.04107285189235573,
    -0.00301725336775294,
    -0.018373562312479094,
    0.018446204014536685,
    0.0615658317835176,
    -0.0073231654999651764,
    -0.0037610229670887157,
    0.04173953363688036,
    -0.03243870879236891,
    0.013292418658197261,
    -0.008907170425799521,
    -0.023169085088463097,
    -0.002707803524979256,
    -0.03979092453932519,
    -0.004744088816202226,
    0.160504030860885,
    -0.0998999281383746,
    0.08183631668098798
  ],
  "val_sse_masked": 0.00015732779866084456,
  "val_nrmse_masked": 0.03414151445031166,
  "val_mse_masked": 5.244260137260426e-06,
  "val_r2_masked": 0.998833954334259,
  "val_sse_full": 0.00015732779866084456,
  "val_nrmse_full": 0.03414151445031166,
  "val_mse_full": 5.244260137260426e-06,
  "val_r2_full": 0.998833954334259,
  "iteration": 346,
  "p_lo_eff": 0.12967753410339355,
  "p_hi_eff": 1.9451630115509033,
  "f_lo_eff": 0.20659340918064117,
  "f_hi_eff": 1.6527472734451294
}