{
  "tag": "383_5ebaa2bc",
  "lmb1": 3.0101808743020684e-07,
  "lmb2": 0.002211092025004689,
  "nonzero_count": 84,
  "complexity_norm": 0.6774193548387096,
  "train_gen_window": 0.031038388882438685,
  "generalizability": 0.03074763393024554,
  "equation": "0.049758 E^{0.5} n P^{-0.5} - 0.0040572 F dT_{e} + 0.00096486 F dT_{i} - 0.0028874 F dn - 0.0034809 P^{-1} F dT_{e} - 8.4811 \\cdot 10^{-5} P^{-1} F dT_{i} - 0.0028329 P^{-1} F dn + 0.00024075 P^{-1} dT_{e} - 0.00019718 P F dT_{i} - 0.0014786 P dn - 0.0028951 T_{e}^{0.5} F dT_{e} - 0.0051361 T_{e}^{0.5} F dn + 0.0011236 T_{e}^{0.5} P^{-1} dT_{e} - 0.018047 T_{e}^{0.5} P^{-1} dn + 0.0017229 T_{e}^{0.5} T_{i}^{0.5} F dT_{e} - 9.9466 \\cdot 10^{-6} T_{e}^{0.5} T_{i}^{0.5} F dT_{i} - 0.0060362 T_{e}^{0.5} T_{i}^{0.5} F dn - 8.2852 \\cdot 10^{-6} T_{e}^{0.5} T_{i}^{0.5} P^{-1} dT_{i} + 0.0065406 T_{e}^{0.5} T_{i}^{0.5} P^{-1} dn + 0.00064596 T_{e}^{0.5} T_{i}^{0.5} P dT_{e} + 2.6204 \\cdot 10^{-6} T_{e}^{0.5} T_{i}^{0.5} P dT_{i} + 0.0036336 T_{e}^{0.5} T_{i}^{0.5} P dn - 3.11 \\cdot 10^{-6} T_{e}^{0.5} T_{i}^{0.5} dT_{i} - 0.005759 T_{e}^{0.5} T_{i}^{0.5} dn - 0.00013871 T_{e}^{0.5} T_{i} dT_{e} + 2.7166 \\cdot 10^{-7} T_{e}^{0.5} T_{i} dT_{i} + 0.0037068 T_{e}^{0.5} T_{i} dn - 0.015802 T_{e}^{0.5} dn + 0.00020091 T_{e} F dT_{i} - 0.0064299 T_{e} F dn + 0.0093346 T_{e} P^{-1} dn + 2.3501 \\cdot 10^{-5} T_{e} P dT_{i} - 0.00033263 T_{e} T_{i}^{0.5} dT_{e} - 0.00017193 T_{e} T_{i} dT_{e} + 4.9033 \\cdot 10^{-7} T_{e} T_{i} dT_{i} + 0.0031013 T_{e} T_{i} dn - 0.0012554 T_{e} dT_{e} - 5.532 \\cdot 10^{-5} T_{e} dT_{i} - 0.021101 T_{e} dn + 0.0010001 T_{i}^{0.5} F dT_{e} - 0.0045108 T_{i}^{0.5} F dn + 0.00096034 T_{i}^{0.5} P^{-1} dT_{e} - 1.0396 \\cdot 10^{-5} T_{i}^{0.5} P^{-1} dT_{i} - 0.013832 T_{i}^{0.5} P^{-1} dn - 5.4287 \\cdot 10^{-7} T_{i}^{0.5} P dT_{i} + 0.0035423 T_{i}^{0.5} P dn - 5.3936 \\cdot 10^{-5} T_{i}^{0.5} dT_{e} - 5.622 \\cdot 10^{-6} T_{i}^{0.5} dT_{i} - 0.0018282 T_{i}^{0.5} dn + 1.8225 \\cdot 10^{-6} T_{i} F dT_{i} + 7.8952 \\cdot 10^{-5} T_{i} P^{-1} dT_{e} + 0.0051179 T_{i} P^{-1} dn + 0.00022399 T_{i} P dT_{e} + 0.0071147 T_{i} P dn - 8.7103 \\cdot 10^{-5} T_{i} dT_{e} + 0.0058883 T_{i} dn - 0.00041702 dT_{e} - 7.4289 \\cdot 10^{-5} dT_{i} - 0.026786 n^{-1} F dn + 0.0035618 n^{-1} P^{-1} dn + 0.0015294 n^{-1} T_{e}^{0.5} dn + 0.0020393 n^{-1} T_{e} dn - 4.7254 \\cdot 10^{-5} n^{-1} T_{i}^{0.5} dn - 0.00025969 n^{-1} T_{i} dn + 0.00096396 n^{-1} dn - 0.01759 n E^{0.5} + 0.0097569 n E^{0.5} P^{-1} - 0.017315 n E^{0.5} T_{e}^{0.5} P^{-1} + 0.006198 n E^{0.5} T_{e}^{0.5} T_{i}^{0.5} + 0.010687 n E^{0.5} T_{e}^{0.5} T_{i} - 0.0049101 n E^{0.5} T_{e} + 0.0093921 n E^{0.5} T_{e} T_{i}^{0.5} + 0.00059855 n E^{0.5} T_{i}^{0.5} - 0.016012 n E^{0.5} T_{i}^{0.5} F + 0.003316 n E^{0.5} T_{i}^{0.5} P^{-1} - 0.0093834 n E^{0.5} T_{i}^{0.5} P + 0.007865 n E^{0.5} T_{i} - 0.011229 n E F + 0.012525 n E P^{-1} - 0.0036516 n E P + 0.030894 n E T_{e}^{0.5} + 0.015389 n E T_{e}^{0.5} T_{i}^{0.5} + 0.012912 n E T_{i}^{0.5} - 0.0012106 n E T_{i}",
  "coefficients": [
    0.08853770681274686,
    0.008151883010824446,
    0.0014444662095276072,
    -0.013632410366427088,
    -0.00020089590167179754,
    -0.004879200824055111,
    0.002346898869017247,
    -3.637580610089779e-05,
    0.0033555333607421358,
    -0.0030069773256456147,
    -0.004461706701912451,
    0.015181109970605622,
    -0.0030633110262092336,
    -0.004638534775303672,
    -0.002139438256049256,
    -0.00022906692015264157,
    0.0012546485610139806,
    -0.004595618234900941,
    -0.001420910219610075,
    -0.0011975504618753881,
    0.001283695920375783,
    0.0008647182115847432,
    -0.004831303370618696,
    0.004803619333597596,
    0.0022241815478645,
    0.0018798755181643851,
    0.0004292829041358439,
    -0.0037699391772810908,
    -0.0005389939770599934,
    -0.0015277860995628664,
    0.00546371098030764,
    -0.00020667429280822776,
    0.0011955841264392206,
    0.0019110341376217359,
    -0.0015015355258755237,
    7.250013459742313e-06,
    0.003969321740462862,
    0.002300319249924118,
    -0.0012040401520063944,
    0.002342975179867544,
    0.0028451179995966696,
    -0.0027858570506245272,
    -0.0018302123111239802,
    -0.0016228578125847938,
    -0.00406196577102859,
    -0.003580718061615011,
    -0.0030890904897436233,
    -0.0017108217676300736,
    -0.014830941072392209,
    -0.0014492943677005196,
    -0.005525725121442247,
    0.004625904135566898,
    0.007982184098125494,
    0.005573797739532898,
    0.010645780460359092,
    -0.016267723601608306,
    -0.01041893169130213,
    -0.005309885025590156,
    0.008070834747670154,
    -0.004403469701639396,
    -0.007169875422696507,
    0.00453253568534681,
    0.0034321143838843375,
    0.009747013300953756,
    -0.013412019746227993,
    -0.0064412267959995315,
    0.0028458576284351392,
    0.007459774981693377,
    -0.00970965133256068,
    0.003123358267584039,
    0.0003692134798006959,
    -0.015910071412433446,
    -0.009732371999556011,
    0.005519604801250991,
    -0.015325378305064015,
    0.0036962912099316597,
    0.007306211431777872,
    -0.002524897476636874,
    0.0054463773129770285,
    0.0059791337333418475,
    -0.006410220905092999,
    -0.0022182379364147726,
    0.005387152978865607,
    -0.0006292652143419404,
    0.01084085736655392,
    0.006223092747043473,
    0.024428442096314267
  ],
  "val_sse_masked": 0.0004458191688172519,
  "val_nrmse_masked": 0.057472411543130875,
  "val_mse_masked": 1.4860639566904865e-05,
  "val_r2_masked": 0.9966958165168762,
  "val_sse_full": 0.0004459740302991122,
  "val_nrmse_full": 0.05748239532113075,
  "val_mse_full": 1.4865801858832128e-05,
  "val_r2_full": 0.9966946840286255,
  "iteration": 383,
  "p_lo_eff": 0.12967753410339355,
  "p_hi_eff": 1.9451630115509033,
  "f_lo_eff": 0.20659340918064117,
  "f_hi_eff": 1.6527472734451294
}