{
  "tag": "72_2206300e",
  "lmb1": 0.0039412978613737664,
  "lmb2": 8.284092248275776e-07,
  "nonzero_count": 5,
  "complexity_norm": 0.04032258064516129,
  "train_gen_window": 0.12370356849930725,
  "generalizability": 0.13860691609556677,
  "equation": "0.059669 E^{0.5} n P^{-0.5} - 0.0040992 P^{-1} F dT_{e} - 0.010229 P^{-1} F dn - 0.038428 T_{e}^{0.5} T_{i}^{0.5} dn - 0.0091721 T_{i}^{0.5} P^{-1} dn",
  "coefficients": [
    0.08853770583955622,
    6.66399929471817e-05,
    3.3675329832722134e-06,
    -6.646342798189287e-07,
    6.230060161232681e-06,
    2.2486925891139732e-06,
    3.4247488084602858e-06,
    4.739040603223232e-06,
    3.49732835393674e-06,
    -6.282108479790569e-05,
    -1.0528404500151652e-06,
    -3.7662294504693604e-07,
    -5.427242316349015e-07,
    -9.499337490537022e-07,
    -7.272439134835785e-07,
    -6.749852073964586e-07,
    -5.636056365065779e-07,
    -9.773134178183545e-07,
    -7.474561159237167e-07,
    -7.148495500893921e-07,
    -6.901705915777677e-07,
    -5.580991552449827e-07,
    -1.1066654480577034e-06,
    -7.706723140317626e-07,
    -1.0983220404867077e-06,
    -5.782307688558506e-07,
    -1.932929557775904e-06,
    -0.004439502515036355,
    -7.4506526250435e-07,
    -5.430119765277756e-07,
    -5.529580281905899e-07,
    -3.441013494956675e-07,
    -3.31394849901875e-07,
    -8.844652753433451e-08,
    -5.939162852556651e-09,
    -4.404248466627937e-08,
    -1.0140964475399785e-07,
    -2.170177463491801e-06,
    -6.16585509462985e-07,
    -3.291540473444069e-07,
    -4.4408088315238574e-07,
    3.363836461902748e-08,
    -6.247643221235138e-07,
    -2.2960189150191982e-07,
    6.862535332331875e-08,
    -0.012930002291246986,
    -1.6049395864689576e-06,
    1.2675397079267357e-06,
    -0.009834699769569624,
    -9.549509096718835e-06,
    -5.307496957044399e-06,
    8.511929166401111e-07,
    -1.121474905491674e-06,
    -9.390065650386206e-06,
    7.124333641609939e-07,
    -5.548326356984907e-06,
    -4.645192040310931e-06,
    -2.027024465720055e-06,
    -1.3746548552519508e-06,
    -0.029382974243362083,
    -9.576425102291848e-06,
    6.961177941345414e-07,
    -1.5141668592858679e-05,
    -9.303355499324858e-07,
    -9.562859400190646e-06,
    -2.4913301622976475e-06,
    -9.5333159925443e-06,
    1.0371793756063227e-06,
    3.8905295953631886e-07,
    1.4085117352265602e-06,
    1.1822106589972617e-06,
    5.317698002276929e-07,
    -4.567286588524571e-06,
    3.7927233214713013e-06,
    3.460870177828937e-07,
    1.4501466836683295e-06,
    4.737547100316458e-06,
    5.715692966383756e-07,
    1.6522293196147864e-06,
    4.6240998878368605e-06,
    1.0270262675927276e-06,
    -1.1957869394870884e-06,
    8.184475018273797e-06,
    3.7130435295618773e-06,
    2.958618149925132e-06,
    1.2975768845240295e-05,
    0.029294418233424175
  ],
  "val_sse_masked": 0.004134980961680412,
  "val_nrmse_masked": 0.17503175139427185,
  "val_mse_masked": 0.00013783271424472332,
  "val_r2_masked": 0.9693536758422852,
  "val_sse_full": 0.004092828836292028,
  "val_nrmse_full": 0.17413730919361115,
  "val_mse_full": 0.00013642763951793313,
  "val_r2_full": 0.969666063785553,
  "iteration": 72,
  "p_lo_eff": 0.12967753410339355,
  "p_hi_eff": 1.9451630115509033,
  "f_lo_eff": 0.20659340918064117,
  "f_hi_eff": 1.6527472734451294
}