{
  "tag": "449_019086b1",
  "lmb1": 7.125870729371786e-06,
  "lmb2": 6.261041502681031e-08,
  "nonzero_count": 80,
  "complexity_norm": 0.6451612903225806,
  "train_gen_window": 0.02724252422370532,
  "generalizability": 0.028142081744070128,
  "equation": "0.12518 E^{0.5} n P^{-0.5} + 0.00046054 F dT_{e} + 0.0018071 F dT_{i} - 0.00097224 F dn - 0.00075405 P^{-1} F dT_{e} + 5.2378 \\cdot 10^{-5} P^{-1} F dT_{i} + 0.00035543 P^{-1} F dn + 0.000942 P^{-1} dT_{e} + 3.357 \\cdot 10^{-5} P F dT_{i} - 0.002598 P dn - 0.011658 T_{e}^{0.5} F dT_{e} - 0.0026196 T_{e}^{0.5} F dn + 0.00025107 T_{e}^{0.5} P^{-1} dT_{e} - 0.053394 T_{e}^{0.5} P^{-1} dn + 0.0044738 T_{e}^{0.5} T_{i}^{0.5} F dT_{e} - 5.2001 \\cdot 10^{-6} T_{e}^{0.5} T_{i}^{0.5} F dT_{i} - 0.009887 T_{e}^{0.5} T_{i}^{0.5} F dn - 1.2885 \\cdot 10^{-6} T_{e}^{0.5} T_{i}^{0.5} P^{-1} dT_{i} + 0.01986 T_{e}^{0.5} T_{i}^{0.5} P^{-1} dn + 0.00088498 T_{e}^{0.5} T_{i}^{0.5} P dT_{e} + 2.6938 \\cdot 10^{-6} T_{e}^{0.5} T_{i}^{0.5} P dT_{i} + 0.0059106 T_{e}^{0.5} T_{i}^{0.5} P dn + 0.00084682 T_{e}^{0.5} T_{i}^{0.5} dn - 0.00012459 T_{e}^{0.5} T_{i} dT_{e} - 1.2043 \\cdot 10^{-7} T_{e}^{0.5} T_{i} dT_{i} + 0.0022318 T_{e}^{0.5} T_{i} dn - 0.061066 T_{e}^{0.5} dn - 2.5991 \\cdot 10^{-5} T_{e} F dT_{i} - 0.00637 T_{e} F dn + 0.024089 T_{e} P^{-1} dn + 1.9736 \\cdot 10^{-5} T_{e} P dT_{i} - 0.00055308 T_{e} T_{i}^{0.5} dT_{e} - 4.5548 \\cdot 10^{-5} T_{e} T_{i} dT_{e} + 0.0080175 T_{e} T_{i} dn - 0.0036847 T_{e} dT_{e} - 0.00031561 T_{e} dT_{i} - 0.00688 T_{e} dn + 0.0027498 T_{i}^{0.5} F dT_{e} - 0.0018606 T_{i}^{0.5} F dn + 0.0011586 T_{i}^{0.5} P^{-1} dT_{e} - 3.8377 \\cdot 10^{-6} T_{i}^{0.5} P^{-1} dT_{i} - 0.0017071 T_{i}^{0.5} P^{-1} dn + 1.328 \\cdot 10^{-6} T_{i}^{0.5} P dT_{i} + 0.00070339 T_{i}^{0.5} P dn - 0.00034671 T_{i}^{0.5} dT_{e} - 7.4648 \\cdot 10^{-7} T_{i}^{0.5} dT_{i} + 0.00046339 T_{i}^{0.5} dn + 0.00011211 T_{i} F dT_{e} - 1.1908 \\cdot 10^{-6} T_{i} F dT_{i} - 0.00029043 T_{i} P^{-1} dn + 3.1959 \\cdot 10^{-5} T_{i} P dT_{e} + 0.0099051 T_{i} P dn - 0.00025923 T_{i} dT_{e} + 0.0019811 T_{i} dn + 0.00022188 dT_{e} - 9.7132 \\cdot 10^{-5} dT_{i} - 0.00024717 n^{-1} F dn + 0.0033749 n^{-1} P^{-1} dn - 0.0004053 n^{-1} T_{e}^{0.5} T_{i}^{0.5} dn - 0.00042249 n^{-1} T_{e}^{0.5} dn - 0.0010159 n^{-1} T_{e} dn - 0.00062475 n^{-1} T_{i} dn - 0.14307 n E^{0.5} - 0.0064415 n E^{0.5} P^{-1} - 0.023457 n E^{0.5} T_{e}^{0.5} P^{-1} + 0.0013373 n E^{0.5} T_{e}^{0.5} T_{i}^{0.5} + 0.052049 n E^{0.5} T_{e}^{0.5} T_{i} + 0.0069879 n E^{0.5} T_{e} T_{i}^{0.5} + 0.0005285 n E^{0.5} T_{i}^{0.5} - 0.024239 n E^{0.5} T_{i}^{0.5} F + 0.0092406 n E^{0.5} T_{i}^{0.5} P^{-1} + 0.0070052 n E^{0.5} T_{i}^{0.5} P + 0.038047 n E^{0.5} T_{i} - 0.0011834 n E F + 0.014322 n E P^{-1} - 0.0026669 n E P + 0.075493 n E T_{e}^{0.5} - 0.011236 n E T_{e}^{0.5} T_{i}^{0.5} - 0.0022185 n E T_{i}^{0.5} - 0.043254 n E T_{i}",
  "coefficients": [
    0.08853771185881892,
    0.00772413864436722,
    1.723560665404893e-05,
    -0.00012579328155342496,
    3.348458881242424e-05,
    -0.01173835789040027,
    -0.0006483138073340175,
    -0.0019656989881291264,
    -0.0016716451149586203,
    0.0018570617249530298,
    -0.0058336625614131676,
    0.02843342991013881,
    0.0005215422731537002,
    -0.0017122845681522055,
    -0.00028407072639664497,
    0.0005603640174480523,
    -0.0008197338620989157,
    -0.0007147141066879998,
    -4.64393068597066e-05,
    -0.0006260755595434761,
    0.0013196268093990707,
    -0.0003833489642980291,
    -0.027563387852366505,
    -0.0006214247087369804,
    0.0018678380771673063,
    -8.064072441730526e-05,
    0.0016797198673702217,
    -0.0008166586649208369,
    0.0002867747610778075,
    0.00017342295300706184,
    0.006591848704297857,
    -0.0013285421182916738,
    0.0032872441372737045,
    -3.4354290159571287e-06,
    -0.00446876283324731,
    0.0005769147934765767,
    0.0005663464071282527,
    0.0005139803221131671,
    -0.004848374946916212,
    0.006083752613879998,
    0.0038978796341220894,
    -0.0025022533613426774,
    -0.0053718767038826686,
    -0.0026983537220445553,
    -0.0010761238197917525,
    0.0004492644654274057,
    -0.0010401442709081382,
    -0.0030060682726169726,
    -0.0018304097777505034,
    0.00036735168805844266,
    -0.0022792659291861702,
    0.0009185641037288977,
    -0.0004529631234421133,
    0.0018752527038932852,
    0.014821043242158539,
    -0.048130539989125615,
    -0.04026484652135662,
    -0.0027082472173948014,
    0.02450646212006116,
    0.0006475032604027798,
    -0.011743949557061458,
    0.007372901988801255,
    0.0020663912303068663,
    0.0251536121028781,
    -0.004373019469224764,
    -0.00638119147921703,
    0.007357111196920447,
    -0.004924909627049852,
    -0.07897254966072467,
    0.008703802623108471,
    0.0003260020272502377,
    -0.02408380331578024,
    0.007265727258413403,
    0.02670119747343348,
    -0.020762244329931175,
    0.0007975290989481727,
    0.035583638558237186,
    -7.4200312103563e-05,
    0.0040522132683593216,
    0.00683685275793124,
    -0.0006755996312126737,
    -0.0016200429555803747,
    -0.0009256149495687753,
    -0.022484174580102472,
    0.026490982445865997,
    -0.004543547632786291,
    0.06145722802500716
  ],
  "val_sse_masked": 0.0002341858926229179,
  "val_nrmse_masked": 0.04165435582399368,
  "val_mse_masked": 7.80619666329585e-06,
  "val_r2_masked": 0.9982643127441406,
  "val_sse_full": 0.00023235649859998375,
  "val_nrmse_full": 0.04149134084582329,
  "val_mse_full": 7.745216862531379e-06,
  "val_r2_full": 0.9982779026031494,
  "iteration": 449,
  "p_lo_eff": 0.12967753410339355,
  "p_hi_eff": 1.9451630115509033,
  "f_lo_eff": 0.20659340918064117,
  "f_hi_eff": 1.6527472734451294
}