{
  "tag": "36_8cdddbe0",
  "lmb1": 0.00028939846318891307,
  "lmb2": 1e-08,
  "nonzero_count": 26,
  "complexity_norm": 0.20967741935483872,
  "train_gen_window": 0.05014900727864302,
  "generalizability": 0.04773137898111391,
  "equation": "0.055149 E^{0.5} n P^{-0.5} + 3.661 \\cdot 10^{-5} F dT_{i} - 0.0039122 P^{-1} F dT_{e} - 6.2103 \\cdot 10^{-5} P^{-1} F dT_{i} - 0.0035126 P^{-1} F dn + 0.00049837 P dn - 0.0040862 T_{e}^{0.5} P^{-1} dn + 0.00012424 T_{e}^{0.5} T_{i}^{0.5} P dn - 0.00022816 T_{e}^{0.5} T_{i}^{0.5} dn + 3.389 \\cdot 10^{-5} T_{e} T_{i}^{0.5} dT_{e} - 0.069243 T_{e} dn + 8.5126 \\cdot 10^{-5} T_{i}^{0.5} F dT_{e} - 0.0064748 T_{i}^{0.5} P^{-1} dn + 0.0011393 T_{i}^{0.5} P dn + 6.677 \\cdot 10^{-5} T_{i}^{0.5} dT_{e} + 5.5666 \\cdot 10^{-6} T_{i} P^{-1} dT_{e} + 0.0076456 T_{i} P dn - 0.0059023 n^{-1} F dn + 0.0013436 n^{-1} P^{-1} dn + 0.00058085 n^{-1} dn - 0.0047468 n E^{0.5} T_{e}^{0.5} P^{-1} + 0.00048565 n E^{0.5} T_{e}^{0.5} T_{i} - 0.02087 n E^{0.5} T_{i}^{0.5} P + 0.00040725 n E^{0.5} T_{i} + 0.056312 n E T_{e}^{0.5} T_{i}^{0.5} + 0.00059781 n E T_{i}^{0.5}",
  "coefficients": [
    0.08853770287831075,
    0.0030752324333084067,
    0.0008703912599160727,
    -0.0030039456264266628,
    7.000189073026933e-07,
    -6.988341858427163e-06,
    1.4591215037468119e-05,
    -3.023595446025311e-06,
    3.823977100025162e-06,
    -0.0022018384423142185,
    7.32925340765148e-06,
    0.000576017986885921,
    1.775771215367687e-05,
    -4.958378020131977e-06,
    2.911936587475846e-06,
    8.332392170056157e-06,
    -1.7761420237031291e-06,
    -4.9901525861943685e-06,
    2.9448155496776168e-06,
    1.0312571797799704e-06,
    9.341608029167675e-06,
    2.642245674093471e-07,
    9.500041126951017e-06,
    2.211330112261583e-05,
    1.5210397696298916e-05,
    9.620623193543807e-08,
    6.6604689484967785e-06,
    -0.004237055450931878,
    2.3557658699550516e-05,
    4.210333395646822e-05,
    5.007711051720544e-05,
    0.0002558519352701933,
    0.00010176418562945587,
    0.00013473911420316592,
    5.3733780983455724e-05,
    9.026548169098952e-05,
    1.1019004544482257e-05,
    4.6661694109984165e-06,
    3.41253767544868e-05,
    6.478218772420182e-05,
    1.600992227145358e-05,
    3.8931194143385664e-05,
    9.329429376030996e-05,
    0.0001653443972455497,
    2.8957214800035805e-05,
    -0.004439876072012188,
    -6.64965962069179e-06,
    0.0005766447179765229,
    -0.006942532366104931,
    -3.676572699648725e-05,
    -2.004038125711004e-05,
    0.001487786052249446,
    2.781027944340668e-06,
    -3.0905414309569165e-05,
    0.011440232740666087,
    -0.003683337262759684,
    -5.863116263272414e-05,
    -9.122828789815643e-06,
    -2.0541254772794907e-07,
    -0.0001744538774609752,
    -2.5293169538569313e-05,
    0.00015498001535159354,
    -5.764493760702653e-05,
    7.975636565016994e-07,
    -0.04401199505157863,
    -1.084349903939723e-05,
    -6.433112441307818e-05,
    -1.4197639449209586e-06,
    -1.888539663461828e-06,
    1.5025693285769856e-06,
    1.3477836542028497e-05,
    -1.2864019678593974e-05,
    -0.02164623366073613,
    0.00028580483834995116,
    -0.004201389390395539,
    1.682826377181907e-05,
    0.00033201983535151796,
    -7.855756824700629e-07,
    1.540681878174963e-05,
    3.752359389844897e-05,
    -9.65126390426469e-07,
    -8.096630099695225e-05,
    0.00024942693621863427,
    9.511858171695895e-05,
    8.646859109795932e-05,
    0.02277187356224572,
    0.027075152005882407
  ],
  "val_sse_masked": 0.0007486472022719681,
  "val_nrmse_masked": 0.07447639852762222,
  "val_mse_masked": 2.495490844012238e-05,
  "val_r2_masked": 0.9944514036178589,
  "val_sse_full": 0.0007317491108551621,
  "val_nrmse_full": 0.07363107800483704,
  "val_mse_full": 2.4391638362430967e-05,
  "val_r2_full": 0.994576632976532,
  "iteration": 36,
  "p_lo_eff": 0.12967753410339355,
  "p_hi_eff": 1.9451630115509033,
  "f_lo_eff": 0.20659340918064117,
  "f_hi_eff": 1.6527472734451294
}