{
  "tag": "26_051da6bf",
  "lmb1": 0.0005907575997095764,
  "lmb2": 6.393812373880403e-07,
  "nonzero_count": 14,
  "complexity_norm": 0.11290322580645161,
  "train_gen_window": 0.053226581333792614,
  "generalizability": 0.054400221985995055,
  "equation": "0.050443 E^{0.5} n P^{-0.5} - 0.0038221 P^{-1} F dT_{e} - 8.0292 \\cdot 10^{-5} P^{-1} F dT_{i} - 0.0024392 P^{-1} F dn + 0.00020146 P dn - 0.070314 T_{e} dn - 0.0087721 T_{i}^{0.5} P^{-1} dn + 8.1286 \\cdot 10^{-5} T_{i}^{0.5} P dn + 0.0058121 T_{i} P dn + 0.00023308 n^{-1} P^{-1} dn + 0.009804 n E^{0.5} T_{e}^{0.5} T_{i} - 0.022666 n E^{0.5} T_{i}^{0.5} P + 0.00066788 n E^{0.5} T_{i} + 0.043037 n E T_{e}^{0.5} T_{i}^{0.5}",
  "coefficients": [
    0.08853770299495689,
    0.0005334633829914409,
    2.7298346481528242e-06,
    -8.888571104852049e-05,
    8.646049318263013e-07,
    6.783878306668293e-07,
    1.0871799026683536e-06,
    2.850508691176169e-07,
    2.72444364424788e-07,
    -0.002846738214633806,
    -3.32632143179751e-07,
    2.039397192163115e-06,
    1.7915433314045242e-07,
    -1.2775695696957047e-06,
    -1.3167275779736695e-06,
    -1.7131148010081014e-06,
    -1.6930270775811758e-06,
    -1.134630844527962e-06,
    -1.1366656513949758e-06,
    -6.864026563984532e-07,
    -1.5253257477380043e-06,
    -1.9541231700826624e-06,
    -5.604186628491945e-08,
    8.530904113827589e-07,
    -4.216439540593299e-07,
    -1.7613350910190825e-06,
    -1.8017109671833218e-07,
    -0.004139375981147355,
    2.504104753164244e-06,
    2.35135669659837e-06,
    1.2840577629346267e-06,
    1.212948158225619e-05,
    3.3046146585732483e-06,
    2.5425255003061427e-06,
    1.9952552833913347e-05,
    4.155972588929215e-06,
    6.472840224407253e-05,
    -2.7346261033658157e-07,
    2.1929004057903363e-06,
    3.139548567728902e-06,
    1.547250143214866e-05,
    1.7893533239378095e-05,
    5.966707335199922e-06,
    3.156709187307852e-05,
    1.5234037443800932e-05,
    -0.0030831484262796895,
    -2.1697364707268484e-06,
    0.00023310639985661994,
    -0.009405757463334946,
    -1.0577122644037418e-05,
    -5.876085520736095e-06,
    0.00010615306833067552,
    -8.463141935839735e-07,
    -7.023631991504324e-06,
    0.008696713933710364,
    -7.5474074352143424e-06,
    -1.5627398221232883e-05,
    -2.805824741580399e-06,
    -1.0024234685412762e-06,
    -8.991965651426737e-05,
    -8.628927920829433e-06,
    1.3339529942202194e-05,
    -1.221839754859256e-05,
    -1.9888211259884936e-07,
    -0.044692855846674484,
    -3.3069272779068087e-06,
    -1.3543779347949508e-05,
    -4.854019056145415e-07,
    7.264803977581094e-07,
    3.6814598810429017e-07,
    3.985162570211643e-06,
    3.709734423277983e-08,
    -0.023508507853044328,
    0.0004687098865675559,
    -9.873939557805516e-06,
    4.569832536990618e-06,
    0.006702578755851221,
    7.518917307119763e-07,
    4.104706792957029e-06,
    3.462329533787204e-06,
    9.67544905716977e-07,
    -1.0544874238574489e-05,
    5.511280326187847e-05,
    5.871155441861074e-06,
    1.188984056961843e-05,
    0.017403736218296384,
    0.024765169711680118
  ],
  "val_sse_masked": 0.0008591511286795139,
  "val_nrmse_masked": 0.07978382706642151,
  "val_mse_masked": 2.863837289623916e-05,
  "val_r2_masked": 0.993632435798645,
  "val_sse_full": 0.0008449737215414643,
  "val_nrmse_full": 0.07912280410528183,
  "val_mse_full": 2.8165792173240334e-05,
  "val_r2_full": 0.993737518787384,
  "iteration": 26,
  "p_lo_eff": 0.12967753410339355,
  "p_hi_eff": 1.9451630115509033,
  "f_lo_eff": 0.20659340918064117,
  "f_hi_eff": 1.6527472734451294
}