{
  "tag": "375_f3923877",
  "lmb1": 6.68911689085674e-08,
  "lmb2": 0.024306823576415285,
  "nonzero_count": 78,
  "complexity_norm": 0.6290322580645161,
  "train_gen_window": 0.060488332094510516,
  "generalizability": 0.04539187439451732,
  "equation": "0.023722 E^{0.5} n P^{-0.5} + 0.0013301 F dT_{e} + 0.00029352 F dT_{i} - 0.0027172 F dn - 0.0034438 P^{-1} F dT_{e} - 0.00014837 P^{-1} F dT_{i} - 0.0044083 P^{-1} F dn - 8.7706 \\cdot 10^{-5} P^{-1} dT_{e} + 6.0269 \\cdot 10^{-5} P F dT_{i} + 0.0027874 P dn + 0.0010165 T_{e}^{0.5} F dT_{e} - 0.0032226 T_{e}^{0.5} F dn - 9.76 \\cdot 10^{-5} T_{e}^{0.5} P^{-1} dT_{e} - 0.0075925 T_{e}^{0.5} P^{-1} dn + 2.1332 \\cdot 10^{-6} T_{e}^{0.5} T_{i}^{0.5} F dT_{i} - 0.0021277 T_{e}^{0.5} T_{i}^{0.5} F dn - 1.3905 \\cdot 10^{-6} T_{e}^{0.5} T_{i}^{0.5} P^{-1} dT_{i} + 0.00074099 T_{e}^{0.5} T_{i}^{0.5} P^{-1} dn + 2.8407 \\cdot 10^{-5} T_{e}^{0.5} T_{i}^{0.5} P dT_{e} + 0.003564 T_{e}^{0.5} T_{i}^{0.5} P dn - 0.0070989 T_{e}^{0.5} T_{i}^{0.5} dn - 7.6774 \\cdot 10^{-8} T_{e}^{0.5} T_{i} dT_{i} - 0.0010605 T_{e}^{0.5} T_{i} dn - 0.012781 T_{e}^{0.5} dn + 9.46 \\cdot 10^{-5} T_{e} F dT_{i} - 0.0034577 T_{e} F dn + 0.00038152 T_{e} P^{-1} dn + 5.3359 \\cdot 10^{-6} T_{e} P dT_{i} + 6.1664 \\cdot 10^{-5} T_{e} T_{i}^{0.5} dT_{e} - 1.3947 \\cdot 10^{-5} T_{e} T_{i} dT_{e} - 0.0007959 T_{e} T_{i} dn + 0.00028977 T_{e} dT_{e} + 1.4009 \\cdot 10^{-6} T_{e} dT_{i} - 0.014097 T_{e} dn - 0.0018845 T_{i}^{0.5} F dn + 0.00011526 T_{i}^{0.5} P^{-1} dT_{e} - 1.9242 \\cdot 10^{-6} T_{i}^{0.5} P^{-1} dT_{i} - 0.0049123 T_{i}^{0.5} P^{-1} dn - 7.1341 \\cdot 10^{-7} T_{i}^{0.5} P dT_{i} + 0.0036165 T_{i}^{0.5} P dn + 0.00019347 T_{i}^{0.5} dT_{e} - 8.1318 \\cdot 10^{-7} T_{i}^{0.5} dT_{i} - 0.0061209 T_{i}^{0.5} dn - 6.5288 \\cdot 10^{-5} T_{i} F dT_{e} - 2.4629 \\cdot 10^{-7} T_{i} F dT_{i} + 0.0019433 T_{i} P^{-1} dn + 5.2973 \\cdot 10^{-5} T_{i} P dT_{e} + 0.0044953 T_{i} P dn + 2.4394 \\cdot 10^{-5} T_{i} dT_{e} - 0.00078921 T_{i} dn - 5.9149 \\cdot 10^{-6} dT_{i} - 0.019495 n^{-1} F dn + 0.0017709 n^{-1} P^{-1} dn + 0.0002578 n^{-1} T_{e}^{0.5} T_{i}^{0.5} dn + 0.0013156 n^{-1} T_{e}^{0.5} dn + 0.00087234 n^{-1} T_{e} dn + 0.00042627 n^{-1} T_{i}^{0.5} dn + 1.4181 \\cdot 10^{-5} n^{-1} T_{i} dn + 0.0018036 n^{-1} dn + 0.0015964 n E^{0.5} + 0.0047764 n E^{0.5} P^{-1} - 0.0040615 n E^{0.5} T_{e}^{0.5} P^{-1} + 0.0045983 n E^{0.5} T_{e}^{0.5} T_{i}^{0.5} + 0.003456 n E^{0.5} T_{e}^{0.5} T_{i} + 0.0032278 n E^{0.5} T_{e} + 0.0044956 n E^{0.5} T_{e} T_{i}^{0.5} + 0.0038065 n E^{0.5} T_{i}^{0.5} - 0.0053997 n E^{0.5} T_{i}^{0.5} F + 0.0011433 n E^{0.5} T_{i}^{0.5} P^{-1} - 0.010541 n E^{0.5} T_{i}^{0.5} P + 0.0033732 n E^{0.5} T_{i} - 0.00048224 n E F + 0.0081277 n E P^{-1} - 0.0070903 n E P + 0.020513 n E T_{e}^{0.5} + 0.012514 n E T_{e}^{0.5} T_{i}^{0.5} + 0.012425 n E T_{i}^{0.5} + 0.0034024 n E T_{i}",
  "coefficients": [
    0.08853770634297542,
    0.00405308374636365,
    0.002702561704870987,
    -0.009921915242648793,
    0.0018122487256056474,
    0.00026643929039898984,
    0.002018790545633087,
    0.0012502978859819103,
    0.001435364754378332,
    -0.005260293637478319,
    -0.0003552432885196022,
    0.004618253597105826,
    0.0009363307808179511,
    -0.0008585225375972727,
    -0.0003094523043146169,
    -0.0003010265370306797,
    -0.00016954485232184568,
    -0.0007712764465140354,
    -7.159370430065426e-05,
    0.00025683265181969395,
    7.467991370835314e-05,
    -0.0002443791173212806,
    0.00012234899859953074,
    0.0022617802419029887,
    0.0005049949094413364,
    -3.801246549139936e-05,
    -0.00015639268607525736,
    -0.003729727274379535,
    5.02082083412847e-05,
    0.0005008642856806356,
    0.0006557623408793845,
    0.0007413337383342378,
    4.5731233381640646e-05,
    9.45313885943877e-05,
    0.00042050870615684133,
    -0.0003359706682120045,
    0.00093873323379845,
    -0.0001998071085868025,
    0.0004227513629078694,
    -7.295084421832243e-05,
    0.00012511908406132033,
    4.489155623910168e-05,
    0.00042244828832571635,
    0.00030084898350091205,
    -0.0003295059145608792,
    -0.005572068900392357,
    -0.002907022298003936,
    0.0032252145940257493,
    -0.0052671660170108825,
    -0.004852327386121902,
    -0.0023085356783540956,
    0.00472289420464006,
    0.0030308353544527544,
    -0.0007470597668624013,
    0.006726408609553536,
    -0.006844019934467038,
    -0.008427254420016128,
    -0.003331631130528312,
    0.0009143484950265846,
    -0.005428019252908145,
    -0.0025272894522756495,
    0.004445760948212973,
    -0.000981870137782892,
    0.0003983747407321214,
    -0.008960304603186586,
    -0.0034638151222700087,
    -0.0007303439406492473,
    0.003651867166622025,
    0.0008811976252673936,
    0.0010768909099902468,
    0.0023480007061957853,
    -0.005365231232400847,
    -0.01093296384579484,
    0.0023672898314595625,
    -0.0035948633276815523,
    0.00274228483044886,
    0.002362746185564313,
    0.0016598145277987308,
    0.0026069858716453176,
    0.0038800389007862535,
    -0.0002753075507242464,
    -0.004307107207539573,
    0.005184218178308608,
    0.0017686141476909722,
    0.007198030476076922,
    0.005060577834294422,
    0.011646537794997025
  ],
  "val_sse_masked": 0.0008009173325262964,
  "val_nrmse_masked": 0.07703248411417007,
  "val_mse_masked": 2.6697245630202815e-05,
  "val_r2_masked": 0.9940640330314636,
  "val_sse_full": 0.0008031816105358303,
  "val_nrmse_full": 0.07714129984378815,
  "val_mse_full": 2.6772722776513547e-05,
  "val_r2_full": 0.994047224521637,
  "iteration": 375,
  "p_lo_eff": 0.12967753410339355,
  "p_hi_eff": 1.9451630115509033,
  "f_lo_eff": 0.20659340918064117,
  "f_hi_eff": 1.6527472734451294
}