{
  "tag": "183_7aae4c20",
  "lmb1": 1.7953966230755168e-07,
  "lmb2": 8.336245500755254e-05,
  "nonzero_count": 86,
  "complexity_norm": 0.6935483870967742,
  "train_gen_window": 0.02379296172674035,
  "generalizability": 0.028568895223496343,
  "equation": "0.10854 E^{0.5} n P^{-0.5} + 0.019353 F dT_{e} + 0.0028835 F dT_{i} + 0.0037773 F dn - 0.0021433 P^{-1} F dT_{e} + 0.00011514 P^{-1} F dT_{i} + 0.0035133 P^{-1} F dn + 0.0045483 P^{-1} dT_{e} - 0.00030955 P F dT_{i} - 0.011277 P dn - 0.068071 T_{e}^{0.5} F dT_{e} - 0.0044593 T_{e}^{0.5} F dn + 0.0026418 T_{e}^{0.5} P^{-1} dT_{e} - 0.047056 T_{e}^{0.5} P^{-1} dn + 0.010113 T_{e}^{0.5} T_{i}^{0.5} F dT_{e} - 4.9778 \\cdot 10^{-5} T_{e}^{0.5} T_{i}^{0.5} F dT_{i} - 0.014336 T_{e}^{0.5} T_{i}^{0.5} F dn + 7.4939 \\cdot 10^{-6} T_{e}^{0.5} T_{i}^{0.5} P^{-1} dT_{i} + 0.029148 T_{e}^{0.5} T_{i}^{0.5} P^{-1} dn + 0.0026188 T_{e}^{0.5} T_{i}^{0.5} P dT_{e} + 1.633 \\cdot 10^{-5} T_{e}^{0.5} T_{i}^{0.5} P dT_{i} + 0.017386 T_{e}^{0.5} T_{i}^{0.5} P dn + 9.5157 \\cdot 10^{-6} T_{e}^{0.5} T_{i}^{0.5} dT_{i} + 0.012899 T_{e}^{0.5} T_{i}^{0.5} dn - 0.00018964 T_{e}^{0.5} T_{i} dT_{e} - 1.7809 \\cdot 10^{-6} T_{e}^{0.5} T_{i} dT_{i} + 0.0041305 T_{e}^{0.5} T_{i} dn - 0.032901 T_{e}^{0.5} dn - 0.00060895 T_{e} F dT_{i} - 0.01126 T_{e} F dn + 0.01776 T_{e} P^{-1} dn - 2.4765 \\cdot 10^{-6} T_{e} P dT_{i} - 0.0009634 T_{e} T_{i}^{0.5} dT_{e} + 0.00020108 T_{e} T_{i} dT_{e} + 1.0098 \\cdot 10^{-6} T_{e} T_{i} dT_{i} + 0.018043 T_{e} T_{i} dn - 0.0058786 T_{e} dT_{e} - 0.00018498 T_{e} dT_{i} - 0.030851 T_{e} dn + 0.011815 T_{i}^{0.5} F dT_{e} - 0.0085333 T_{i}^{0.5} F dn + 0.0019434 T_{i}^{0.5} P^{-1} dT_{e} - 8.1382 \\cdot 10^{-6} T_{i}^{0.5} P^{-1} dT_{i} - 0.014941 T_{i}^{0.5} P^{-1} dn - 1.921 \\cdot 10^{-6} T_{i}^{0.5} P dT_{i} + 0.0078835 T_{i}^{0.5} P dn - 0.004155 T_{i}^{0.5} dT_{e} - 1.0379 \\cdot 10^{-5} T_{i}^{0.5} dT_{i} + 0.0015001 T_{i}^{0.5} dn + 0.00088899 T_{i} F dT_{e} - 7.4908 \\cdot 10^{-6} T_{i} F dT_{i} - 0.00032948 T_{i} P^{-1} dT_{e} + 0.00037953 T_{i} P^{-1} dn + 4.0889 \\cdot 10^{-5} T_{i} P dT_{e} + 0.002016 T_{i} P dn - 0.00080554 T_{i} dT_{e} - 0.0090447 T_{i} dn + 0.0035588 dT_{e} - 0.00029344 dT_{i} - 0.01119 n^{-1} F dn + 0.007061 n^{-1} P^{-1} dn - 0.0018902 n^{-1} T_{e}^{0.5} T_{i}^{0.5} dn - 0.0052337 n^{-1} T_{e}^{0.5} dn - 0.0044478 n^{-1} T_{e} dn + 0.0035924 n^{-1} T_{i}^{0.5} dn - 0.00085725 n^{-1} T_{i} dn + 0.0029563 n^{-1} dn - 0.10959 n E^{0.5} - 0.0038735 n E^{0.5} P^{-1} - 0.02448 n E^{0.5} T_{e}^{0.5} P^{-1} + 0.0098397 n E^{0.5} T_{e}^{0.5} T_{i}^{0.5} + 0.037507 n E^{0.5} T_{e}^{0.5} T_{i} - 0.034513 n E^{0.5} T_{e} + 0.031597 n E^{0.5} T_{e} T_{i}^{0.5} - 0.0092661 n E^{0.5} T_{i}^{0.5} - 0.024172 n E^{0.5} T_{i}^{0.5} F + 0.017632 n E^{0.5} T_{i}^{0.5} P^{-1} + 0.0077093 n E^{0.5} T_{i}^{0.5} P + 0.034314 n E^{0.5} T_{i} - 0.014716 n E F + 0.0069473 n E P^{-1} - 0.0036192 n E P + 0.12739 n E T_{e}^{0.5} - 0.042093 n E T_{e}^{0.5} T_{i}^{0.5} - 0.016002 n E T_{i}^{0.5} - 0.02525 n E T_{i}",
  "coefficients": [
    0.08853771006524325,
    0.016160527749206188,
    0.0044299575434356645,
    -0.005694852570442461,
    0.015272432483952894,
    -0.016106683852742117,
    -0.008031071070097463,
    -0.009167278208942801,
    -0.00731846561212425,
    0.004082314207700109,
    -0.01762392102080154,
    0.045369531559586014,
    -0.00480912331010251,
    -0.0036310903005632774,
    -0.003949778353448667,
    -0.0008105786835707895,
    -0.005156694004389313,
    0.004156665398251828,
    0.004347646157031457,
    -0.005993212965292342,
    0.007999644997822394,
    -0.005668744465355506,
    -0.016154923717169232,
    -0.0145594591659482,
    -0.0002343782305620403,
    0.003871325779437669,
    0.008110316420034415,
    -0.002321222570666517,
    0.004599692813348627,
    0.007287632111530509,
    0.011056628157137129,
    -0.015921269751137716,
    0.014123974899061063,
    -0.007975031492080039,
    -0.013886411702988401,
    0.004574678599506183,
    0.0007245984087349243,
    0.005408196860809037,
    -0.02830990001360427,
    0.013752342312729853,
    0.011534234359755209,
    -0.003808635256143984,
    -0.00857031678023692,
    -0.004700256399399834,
    0.00475071814166418,
    0.0044407861427515315,
    0.0040411429700082085,
    -0.01304782032080877,
    -0.016020195531506527,
    0.001189171662987194,
    -0.01045320598388846,
    0.010295212965137262,
    0.0005919274754843697,
    -0.008561584837068389,
    0.003016559348479317,
    -0.04241713654052523,
    -0.02169353287054548,
    -0.0046102306435391385,
    0.03596793590424942,
    0.00986304104004291,
    -0.017028246671380743,
    0.02168787866546621,
    0.00382438509719279,
    0.01854477628857654,
    -0.019609251257501233,
    -0.011280249299609222,
    0.01655718528348249,
    -0.002961536618477416,
    -0.06049096056132113,
    0.016608123559839188,
    -0.005715761365178424,
    -0.024017671161427973,
    0.007996068557842668,
    0.024081506256356543,
    -0.021667605630356475,
    0.0058680960489490355,
    0.025641940282425627,
    -0.017747275299957788,
    0.018322907791029585,
    0.003316539399482484,
    -0.008401236758713822,
    -0.002198546947950677,
    -0.0066766214151889915,
    -0.01312548336096468,
    0.04470351769011153,
    -0.01702178233400189,
    0.053286297924824255
  ],
  "val_sse_masked": 0.00023275586136151105,
  "val_nrmse_masked": 0.04152698069810867,
  "val_mse_masked": 7.75852913648123e-06,
  "val_r2_masked": 0.9982749223709106,
  "val_sse_full": 0.00023275586136151105,
  "val_nrmse_full": 0.04152698069810867,
  "val_mse_full": 7.75852913648123e-06,
  "val_r2_full": 0.9982749223709106,
  "iteration": 183,
  "p_lo_eff": 0.12967753410339355,
  "p_hi_eff": 1.9451630115509033,
  "f_lo_eff": 0.20659340918064117,
  "f_hi_eff": 1.6527472734451294
}