{
  "tag": "58_a4789835",
  "lmb1": 4.677729028988999e-06,
  "lmb2": 1.2929167125921425e-07,
  "nonzero_count": 84,
  "complexity_norm": 0.6774193548387096,
  "train_gen_window": 0.022239284786656467,
  "generalizability": 0.01579308800166222,
  "equation": "0.14316 E^{0.5} n P^{-0.5} + 0.0028241 F dT_{e} + 0.0024022 F dT_{i} - 0.00066238 F dn - 0.00041712 P^{-1} F dT_{e} + 4.5135 \\cdot 10^{-5} P^{-1} F dT_{i} + 0.0015522 P^{-1} F dn + 0.0030118 P^{-1} dT_{e} + 4.5365 \\cdot 10^{-5} P F dT_{i} - 0.0038097 P dn - 0.026476 T_{e}^{0.5} F dT_{e} - 0.001399 T_{e}^{0.5} F dn + 0.00029354 T_{e}^{0.5} P^{-1} dT_{e} - 0.05023 T_{e}^{0.5} P^{-1} dn + 0.0094671 T_{e}^{0.5} T_{i}^{0.5} F dT_{e} - 4.552 \\cdot 10^{-6} T_{e}^{0.5} T_{i}^{0.5} F dT_{i} - 0.018101 T_{e}^{0.5} T_{i}^{0.5} F dn - 1.9063 \\cdot 10^{-7} T_{e}^{0.5} T_{i}^{0.5} P^{-1} dT_{i} + 0.02978 T_{e}^{0.5} T_{i}^{0.5} P^{-1} dn + 0.0011386 T_{e}^{0.5} T_{i}^{0.5} P dT_{e} + 3.068 \\cdot 10^{-6} T_{e}^{0.5} T_{i}^{0.5} P dT_{i} + 0.01575 T_{e}^{0.5} T_{i}^{0.5} P dn + 0.0055837 T_{e}^{0.5} T_{i}^{0.5} dn - 5.7884 \\cdot 10^{-5} T_{e}^{0.5} T_{i} dT_{e} - 2.6462 \\cdot 10^{-7} T_{e}^{0.5} T_{i} dT_{i} + 0.0043888 T_{e}^{0.5} T_{i} dn - 0.068352 T_{e}^{0.5} dn - 0.00042539 T_{e} F dT_{i} - 0.0027527 T_{e} F dn + 0.014305 T_{e} P^{-1} dn + 1.8581 \\cdot 10^{-5} T_{e} P dT_{i} - 0.00079198 T_{e} T_{i}^{0.5} dT_{e} - 1.1788 \\cdot 10^{-5} T_{e} T_{i} dT_{e} - 5.4202 \\cdot 10^{-8} T_{e} T_{i} dT_{i} + 0.0038274 T_{e} T_{i} dn - 0.0034078 T_{e} dT_{e} - 0.00016269 T_{e} dT_{i} - 0.0037956 T_{e} dn + 0.0036558 T_{i}^{0.5} F dT_{e} - 0.0016933 T_{i}^{0.5} F dn + 0.00060367 T_{i}^{0.5} P^{-1} dT_{e} - 1.2894 \\cdot 10^{-6} T_{i}^{0.5} P^{-1} dT_{i} - 0.00082268 T_{i}^{0.5} P^{-1} dn + 1.266 \\cdot 10^{-6} T_{i}^{0.5} P dT_{i} + 0.0011764 T_{i}^{0.5} P dn - 0.0017209 T_{i}^{0.5} dT_{e} - 8.7347 \\cdot 10^{-7} T_{i}^{0.5} dT_{i} + 0.0014369 T_{i}^{0.5} dn + 7.6827 \\cdot 10^{-5} T_{i} F dT_{e} - 5.7705 \\cdot 10^{-6} T_{i} F dT_{i} - 1.5091 \\cdot 10^{-5} T_{i} P^{-1} dT_{e} - 0.0035816 T_{i} P^{-1} dn + 7.944 \\cdot 10^{-5} T_{i} P dT_{e} + 0.0028043 T_{i} P dn - 0.00045392 T_{i} dT_{e} + 0.0040309 T_{i} dn + 0.00193 dT_{e} - 0.00032384 dT_{i} + 0.0036496 n^{-1} P^{-1} dn - 0.0014673 n^{-1} T_{e}^{0.5} T_{i}^{0.5} dn - 0.00044092 n^{-1} T_{e}^{0.5} dn - 0.0013719 n^{-1} T_{e} dn + 0.00014524 n^{-1} T_{i}^{0.5} dn - 0.00033432 n^{-1} T_{i} dn + 0.00055829 n^{-1} dn - 0.19353 n E^{0.5} - 0.023473 n E^{0.5} P^{-1} - 0.020291 n E^{0.5} T_{e}^{0.5} P^{-1} + 0.0015168 n E^{0.5} T_{e}^{0.5} T_{i}^{0.5} + 0.058089 n E^{0.5} T_{e}^{0.5} T_{i} - 0.00050572 n E^{0.5} T_{e} + 0.0041714 n E^{0.5} T_{e} T_{i}^{0.5} + 0.00080649 n E^{0.5} T_{i}^{0.5} - 0.024178 n E^{0.5} T_{i}^{0.5} F + 0.022219 n E^{0.5} T_{i}^{0.5} P^{-1} + 0.011932 n E^{0.5} T_{i}^{0.5} P + 0.063805 n E^{0.5} T_{i} - 0.0046025 n E F + 0.00687 n E P^{-1} - 0.0052889 n E P + 0.25813 n E T_{e}^{0.5} - 0.20548 n E T_{e}^{0.5} T_{i}^{0.5} - 0.0042751 n E T_{i}^{0.5} - 0.014978 n E T_{i}",
  "coefficients": [
    0.08853771419366752,
    0.008352960183269186,
    0.0008365732272595515,
    9.814562580413584e-05,
    0.0006174850380011833,
    -0.006281480405814606,
    -0.0006765984750380674,
    -0.007116428092027746,
    -0.0022573289080260674,
    0.0016002593158938165,
    -0.019449775612910385,
    0.037796221724444634,
    0.0007047931108939381,
    -0.0005752977998563666,
    -0.00033239434221374553,
    0.0005341754053486468,
    -0.003972440194719927,
    -0.00010573784494054251,
    4.5509832405350595e-05,
    -0.0005480542793675528,
    0.0015029398174585121,
    -0.0008423015713246173,
    -0.014208111942190198,
    -0.010170693750840894,
    0.0017585463716300693,
    -0.00020780542872196627,
    0.005370520560563677,
    -0.00045174593817815575,
    0.002494515870544912,
    0.0010634586251891016,
    0.0034344509161447294,
    -0.0065942271361111296,
    0.004370331851099552,
    -0.00036527017210328703,
    -0.00782486731746083,
    0.00039534777398800823,
    0.0014077429837996214,
    0.000600944166849991,
    -0.011011005599649765,
    0.01287406816201895,
    0.005014757325578414,
    -0.0011625049939558987,
    -0.004968203589557627,
    -0.0038639092494333034,
    -0.0002785108619640324,
    0.001961936714965743,
    -0.0007086439637374252,
    -0.004408071594191756,
    -0.0008821126477910733,
    0.001139118617944963,
    -0.002074294502809156,
    0.0015362993530550156,
    -0.005585981464051776,
    0.003815643394821313,
    0.004196151354594855,
    -0.04527782647161905,
    -0.04506886957357179,
    -0.0014463424242231056,
    0.03674750527306812,
    0.004269432236362619,
    -0.021500419602321474,
    0.019646027669433564,
    0.004063557087173768,
    0.01493757830131168,
    -0.002412578327245337,
    -0.0027575770703525473,
    0.0035121674574645455,
    -0.017946714563001787,
    -0.1068243344698122,
    0.020928126684006485,
    0.0004974785420750897,
    -0.024023828937348047,
    0.012375474949636199,
    0.044778124085358355,
    -0.01795941225562093,
    0.0009045742552815115,
    0.03971308288748314,
    -0.0002600538045673087,
    0.0024189461354547637,
    0.0032796382696554417,
    -0.0026275095219169546,
    -0.0032128035064619325,
    -0.0017837304350752786,
    -0.007785945437728226,
    0.09057827709068,
    -0.08309181315460495,
    0.07028486087435962
  ],
  "val_sse_masked": 0.00019925975357182324,
  "val_nrmse_masked": 0.038422875106334686,
  "val_mse_masked": 6.641992058575852e-06,
  "val_r2_masked": 0.9985231757164001,
  "val_sse_full": 0.00019670635811053216,
  "val_nrmse_full": 0.03817589581012726,
  "val_mse_full": 6.556878815899836e-06,
  "val_r2_full": 0.9985421299934387,
  "iteration": 58,
  "p_lo_eff": 0.12967753410339355,
  "p_hi_eff": 1.9451630115509033,
  "f_lo_eff": 0.20659340918064117,
  "f_hi_eff": 1.6527472734451294
}