{
  "tag": "154_6a2916b1",
  "lmb1": 1.1728461103082858e-08,
  "lmb2": 9.435052334422869e-07,
  "nonzero_count": 86,
  "complexity_norm": 0.6935483870967742,
  "train_gen_window": 0.013399275469894304,
  "generalizability": 0.029266941102946264,
  "equation": "0.17252 E^{0.5} n P^{-0.5} + 0.18945 F dT_{e} + 0.0065868 F dT_{i} + 0.031754 F dn + 0.0011108 P^{-1} F dT_{e} - 0.00014885 P^{-1} F dT_{i} + 0.0091955 P^{-1} F dn - 0.015574 P^{-1} dT_{e} - 0.00096747 P F dT_{i} - 0.033039 P dn - 0.2383 T_{e}^{0.5} F dT_{e} + 0.023111 T_{e}^{0.5} F dn + 0.020369 T_{e}^{0.5} P^{-1} dT_{e} - 0.0857 T_{e}^{0.5} P^{-1} dn + 0.042375 T_{e}^{0.5} T_{i}^{0.5} F dT_{e} - 0.00059604 T_{e}^{0.5} T_{i}^{0.5} F dT_{i} - 0.063212 T_{e}^{0.5} T_{i}^{0.5} F dn + 0.00024352 T_{e}^{0.5} T_{i}^{0.5} P^{-1} dT_{i} + 0.029257 T_{e}^{0.5} T_{i}^{0.5} P^{-1} dn + 0.0026383 T_{e}^{0.5} T_{i}^{0.5} P dT_{e} + 1.8568 \\cdot 10^{-5} T_{e}^{0.5} T_{i}^{0.5} P dT_{i} + 0.00674 T_{e}^{0.5} T_{i}^{0.5} P dn + 0.00016107 T_{e}^{0.5} T_{i}^{0.5} dT_{i} + 0.17381 T_{e}^{0.5} T_{i}^{0.5} dn - 0.0033476 T_{e}^{0.5} T_{i} dT_{e} + 1.214 \\cdot 10^{-5} T_{e}^{0.5} T_{i} dT_{i} + 0.020208 T_{e}^{0.5} T_{i} dn - 0.17298 T_{e}^{0.5} dn - 0.0013744 T_{e} F dT_{i} - 0.055413 T_{e} F dn + 0.018822 T_{e} P^{-1} dn + 0.00036435 T_{e} P dT_{i} - 0.012044 T_{e} T_{i}^{0.5} dT_{e} + 0.0025947 T_{e} T_{i} dT_{e} - 1.1338 \\cdot 10^{-5} T_{e} T_{i} dT_{i} + 0.0029316 T_{e} T_{i} dn + 0.012033 T_{e} dT_{e} - 0.00070689 T_{e} dT_{i} + 0.014935 T_{e} dn - 0.0044783 T_{i}^{0.5} F dT_{e} + 0.015593 T_{i}^{0.5} F dn + 0.00032718 T_{i}^{0.5} P^{-1} dT_{e} - 0.00025919 T_{i}^{0.5} P^{-1} dT_{i} + 0.031625 T_{i}^{0.5} P^{-1} dn - 0.00010295 T_{i}^{0.5} P dT_{i} + 0.076973 T_{i}^{0.5} P dn + 0.0087205 T_{i}^{0.5} dT_{e} + 7.2479 \\cdot 10^{-5} T_{i}^{0.5} dT_{i} + 0.0064141 T_{i}^{0.5} dn - 0.0092328 T_{i} F dT_{e} - 1.8551 \\cdot 10^{-5} T_{i} F dT_{i} + 0.00017468 T_{i} P^{-1} dT_{e} - 0.013421 T_{i} P^{-1} dn - 0.00088701 T_{i} P dT_{e} - 0.038918 T_{i} P dn + 0.0022577 T_{i} dT_{e} - 0.059689 T_{i} dn - 0.018297 dT_{e} - 0.00058842 dT_{i} + 0.012712 n^{-1} F dn + 0.0036596 n^{-1} P^{-1} dn - 0.022619 n^{-1} T_{e}^{0.5} T_{i}^{0.5} dn - 0.018683 n^{-1} T_{e}^{0.5} dn + 0.013154 n^{-1} T_{e} dn + 0.020147 n^{-1} T_{i}^{0.5} dn + 0.0013838 n^{-1} T_{i} dn - 0.0032506 n^{-1} dn - 0.29013 n E^{0.5} - 0.079366 n E^{0.5} P^{-1} + 0.00478 n E^{0.5} T_{e}^{0.5} P^{-1} - 0.027947 n E^{0.5} T_{e}^{0.5} T_{i}^{0.5} + 0.019952 n E^{0.5} T_{e}^{0.5} T_{i} - 0.052244 n E^{0.5} T_{e} - 0.010549 n E^{0.5} T_{e} T_{i}^{0.5} + 0.060409 n E^{0.5} T_{i}^{0.5} - 0.0097747 n E^{0.5} T_{i}^{0.5} F + 0.060364 n E^{0.5} T_{i}^{0.5} P^{-1} + 0.016654 n E^{0.5} T_{i}^{0.5} P + 0.1733 n E^{0.5} T_{i} - 0.065321 n E F - 0.036406 n E P^{-1} - 0.016024 n E P + 0.82806 n E T_{e}^{0.5} - 0.54238 n E T_{e}^{0.5} T_{i}^{0.5} - 0.17757 n E T_{i}^{0.5} + 0.072365 n E T_{i}",
  "coefficients": [
    0.08853772385001529,
    0.008375693852882227,
    -0.004870924217900197,
    0.00646985796468974,
    0.08565417878845483,
    0.026000827004299565,
    -0.02866864656651061,
    -0.10970129486451849,
    0.021643958505489558,
    -0.005277574067567875,
    -0.035339573630618126,
    0.10363654882693563,
    -0.015030557914741116,
    -0.1156469803919597,
    0.027581460125046697,
    -0.043439221262963845,
    -0.012770776367834052,
    0.1350745411799917,
    0.07359221172858449,
    -0.07176230041478401,
    0.009096056639990718,
    0.03864374116486341,
    -0.061736030751220305,
    -0.03286011952506668,
    0.03448243521395655,
    -0.04346839256618021,
    -0.027770121651437496,
    0.0012030199905996575,
    -0.023648804472006846,
    0.07134050496068298,
    0.0018614345605890426,
    0.03341585248915563,
    -0.0053536621627952585,
    0.004228236316719869,
    0.03891971860654567,
    -0.04751169067100594,
    -0.01571855236874725,
    0.041699291502231395,
    -0.09910598682780264,
    0.05762416814874033,
    0.011620236310293075,
    -0.0672320028973172,
    0.017542019871354203,
    -0.05875794692513636,
    0.061302679185375436,
    0.01162304244764878,
    0.03397230282428035,
    -0.03822862473660227,
    0.03390932919954601,
    0.005084776201564639,
    0.01910114878705843,
    0.10052029815711266,
    -0.020932275950234225,
    -0.05650118844316521,
    -0.05823378426403619,
    -0.07725133699423872,
    -0.11405724369677986,
    0.023893139321267826,
    0.0361016029682418,
    0.13289918282908753,
    -0.07508455857896723,
    0.008407524481253092,
    0.018710315858436355,
    0.019653740061016223,
    0.00949311234186212,
    -0.05551012184560325,
    0.002690156685140499,
    -0.06068029662032909,
    -0.1601473337600461,
    0.056857239996980974,
    0.037262846178444886,
    -0.009712252009950406,
    0.017273888648272367,
    0.1216179543590725,
    0.004230848152053768,
    -0.016666677243383582,
    0.013640093944655401,
    -0.026865108739474536,
    -0.006117509971541146,
    -0.01737941991233513,
    -0.03729117050551639,
    -0.00973379511732958,
    -0.07408980582239164,
    0.037616125097942044,
    0.2905739384911453,
    -0.21933272694586164,
    0.08470087186914363
  ],
  "val_sse_masked": 0.00012544449418783188,
  "val_nrmse_masked": 0.03048637881875038,
  "val_mse_masked": 4.181483291176846e-06,
  "val_r2_masked": 0.9990702867507935,
  "val_sse_full": 0.00012544449418783188,
  "val_nrmse_full": 0.03048637881875038,
  "val_mse_full": 4.181483291176846e-06,
  "val_r2_full": 0.9990702867507935,
  "iteration": 154,
  "p_lo_eff": 0.12967753410339355,
  "p_hi_eff": 1.9451630115509033,
  "f_lo_eff": 0.20659340918064117,
  "f_hi_eff": 1.6527472734451294
}