{
  "tag": "403_387cbe4b",
  "lmb1": 0.00011817144020801955,
  "lmb2": 4.024654644731317e-08,
  "nonzero_count": 32,
  "complexity_norm": 0.25806451612903225,
  "train_gen_window": 0.04015195764529582,
  "generalizability": 0.036682685498704404,
  "equation": "0.075605 E^{0.5} n P^{-0.5} + 0.00011859 F dT_{i} - 0.004172 P^{-1} F dT_{e} - 5.1794 \\cdot 10^{-5} P^{-1} F dT_{i} - 0.0016112 P^{-1} F dn + 0.00012995 P dn - 0.020737 T_{e}^{0.5} P^{-1} dn - 0.012063 T_{e}^{0.5} T_{i}^{0.5} F dn + 0.00012217 T_{e}^{0.5} T_{i}^{0.5} P dn - 0.00015684 T_{e}^{0.5} dn - 0.043495 T_{e} dn + 0.00024194 T_{i}^{0.5} F dT_{e} - 0.00019421 T_{i}^{0.5} F dn + 0.0002961 T_{i}^{0.5} P^{-1} dT_{e} + 0.00056452 T_{i}^{0.5} P dn + 4.2181 \\cdot 10^{-5} T_{i}^{0.5} dT_{e} + 1.961 \\cdot 10^{-5} T_{i} F dT_{e} + 7.091 \\cdot 10^{-6} T_{i} P^{-1} dT_{e} + 0.0012828 T_{i} P^{-1} dn + 0.0091653 T_{i} P dn - 0.017418 n^{-1} F dn + 0.0029631 n^{-1} P^{-1} dn + 6.9075 \\cdot 10^{-5} n^{-1} T_{e}^{0.5} dn + 0.0016003 n^{-1} dn - 0.00022313 n E^{0.5} - 0.014651 n E^{0.5} T_{e}^{0.5} P^{-1} - 0.011447 n E^{0.5} T_{i}^{0.5} F - 0.01589 n E^{0.5} T_{i}^{0.5} P + 0.0025832 n E P^{-1} + 0.0024271 n E T_{e}^{0.5} + 0.048795 n E T_{e}^{0.5} T_{i}^{0.5} + 0.0023845 n E T_{i}^{0.5}",
  "coefficients": [
    0.0885377056295647,
    0.006781636654011643,
    0.002397999559973056,
    -0.008864945746384318,
    8.264363156601783e-07,
    -2.85155558767719e-05,
    0.00010599609338008007,
    1.342853914899536e-06,
    6.886625081319382e-05,
    -0.00183633314366965,
    -2.2008265625347384e-06,
    0.001865908713293298,
    2.8990382295102677e-05,
    -6.467016740733572e-05,
    -2.2867047775883723e-06,
    3.4780092148401705e-05,
    -1.0133760608425645e-05,
    -6.158679029874356e-05,
    -1.9699335013258754e-06,
    -9.007113690876971e-06,
    4.0503937243838964e-05,
    -3.5562780608220224e-06,
    -2.6417299794139324e-06,
    1.782365693676515e-05,
    6.321869005094748e-05,
    -2.963639640505159e-06,
    2.8470612783856477e-05,
    -0.0045183534639914435,
    2.2982789365260766e-05,
    6.019522384772966e-05,
    0.0016845813528119722,
    0.0001616319264503882,
    0.0002892304691541259,
    0.00017163853075055654,
    4.792896124727418e-05,
    0.00010091365726951852,
    2.8695080773116066e-05,
    1.1977642374008116e-05,
    2.6052154187474902e-05,
    5.046795453486731e-05,
    1.3538925044533277e-05,
    1.890691844599599e-05,
    1.1780347226023036e-05,
    1.799824884058573e-05,
    6.188128359697328e-06,
    -0.002036504364133651,
    -2.4286502194229748e-05,
    0.0001503567024565373,
    -9.896494563526093e-05,
    -3.513456476194696e-05,
    -0.00023790545489816266,
    0.0007372121756720091,
    0.002000734061373811,
    -2.0883604455521284e-05,
    0.013714116291917934,
    -0.01869287767689944,
    -0.0001034176773375041,
    -3.890236050711631e-05,
    8.220353390318513e-05,
    -7.651317975783793e-05,
    -0.014328401621824575,
    0.00015240104978161368,
    -2.645713059131038e-05,
    4.527507802777179e-05,
    -0.0276459977843167,
    -5.033261741265953e-05,
    -1.8507468595069856e-05,
    1.1185816673251434e-05,
    -0.0001231659868058282,
    1.7380012862454658e-06,
    5.169538024174262e-06,
    -0.011373433620206657,
    -0.01648068742517767,
    7.534074950846615e-05,
    -0.012967875321987992,
    1.1640167791343452e-05,
    7.718996809064065e-05,
    -3.2431713449274236e-05,
    1.3071526182724014e-05,
    0.001233181383014479,
    -4.5276166515085484e-06,
    -6.280294309174768e-05,
    0.0009948961250844956,
    6.639433917377159e-05,
    0.0008516887893521126,
    0.01973202198995259,
    0.03711813539484389
  ],
  "val_sse_masked": 0.0006216242909431458,
  "val_nrmse_masked": 0.06786471605300903,
  "val_mse_masked": 2.072081042570062e-05,
  "val_r2_masked": 0.9953928589820862,
  "val_sse_full": 0.0006115196738392115,
  "val_nrmse_full": 0.0673108845949173,
  "val_mse_full": 2.0383989976835437e-05,
  "val_r2_full": 0.9954677224159241,
  "iteration": 403,
  "p_lo_eff": 0.12967753410339355,
  "p_hi_eff": 1.9451630115509033,
  "f_lo_eff": 0.20659340918064117,
  "f_hi_eff": 1.6527472734451294
}