{
  "tag": "481_a1ff9934",
  "lmb1": 0.0003329430452885342,
  "lmb2": 1.29752883195419e-06,
  "nonzero_count": 21,
  "complexity_norm": 0.1693548387096774,
  "train_gen_window": 0.05077522402650511,
  "generalizability": 0.04920978894257368,
  "equation": "0.053914 E^{0.5} n P^{-0.5} + 1.5218 \\cdot 10^{-5} F dT_{i} - 0.0039276 P^{-1} F dT_{e} - 5.7665 \\cdot 10^{-5} P^{-1} F dT_{i} - 0.0033959 P^{-1} F dn + 0.0001957 P dn - 0.00031305 T_{e}^{0.5} P^{-1} dn + 8.1468 \\cdot 10^{-5} T_{e} T_{i}^{0.5} dT_{e} - 0.072043 T_{e} dn - 0.0087105 T_{i}^{0.5} P^{-1} dn + 0.0022383 T_{i}^{0.5} P dn + 0.0070423 T_{i} P dn - 0.0042268 n^{-1} F dn + 0.0011671 n^{-1} P^{-1} dn + 0.00024438 n^{-1} dn - 0.0029799 n E^{0.5} T_{e}^{0.5} P^{-1} + 0.00060212 n E^{0.5} T_{e}^{0.5} T_{i} - 0.0208 n E^{0.5} T_{i}^{0.5} P + 0.00042323 n E^{0.5} T_{i} + 0.054804 n E T_{e}^{0.5} T_{i}^{0.5} + 0.00055222 n E T_{i}^{0.5}",
  "coefficients": [
    0.08853770252736504,
    0.0026710546413494956,
    0.00036619542516487844,
    -0.0021511944016346916,
    6.018420366378407e-07,
    -7.211567405183649e-06,
    1.2313680179704237e-05,
    -3.0762077701215013e-06,
    3.146083824787009e-06,
    -0.00204450620234243,
    5.837001503457929e-06,
    0.00023944714840000648,
    1.4450148137792234e-05,
    -2.763192086335731e-06,
    2.9129849858080118e-06,
    6.312816567108229e-06,
    -7.122293098179162e-07,
    -2.5950726119969627e-06,
    3.206164084098446e-06,
    1.95438839054569e-06,
    7.0871099695518855e-06,
    9.518084303986444e-07,
    7.757163835741442e-06,
    1.555823797273819e-05,
    1.2456608883426518e-05,
    9.515848544753835e-07,
    4.5882657347975656e-06,
    -0.004253730716985286,
    1.2028550661288048e-05,
    2.6778896927252857e-05,
    2.81811739184692e-05,
    6.838415459006624e-05,
    8.541459346151443e-05,
    4.1739084778771515e-05,
    2.6533779887160333e-05,
    3.903700717523736e-05,
    7.578992815018737e-06,
    3.26041860335871e-06,
    2.3739446176626825e-05,
    5.1205462486298304e-05,
    9.136588005574026e-06,
    2.278544077592539e-05,
    3.143900139601098e-05,
    0.00039746538637761236,
    1.9720856208546517e-05,
    -0.004292372730040974,
    -6.161810915376912e-06,
    0.00022643984654645521,
    -0.009339745093194322,
    -2.6963181829533075e-05,
    -1.741632172970896e-05,
    0.0029230906366461413,
    1.0131875672714218e-06,
    -2.2131274719085058e-05,
    0.010537394439103107,
    -0.0002821870250010676,
    -5.6050998540914356e-05,
    -8.397855062821837e-06,
    -1.193002578705609e-06,
    -8.115370026016294e-05,
    -2.324956516589614e-05,
    6.93599682440333e-05,
    -3.8803049640019906e-05,
    1.3884197951643363e-07,
    -0.04579180417944568,
    -9.942517052339568e-06,
    -4.3329554294595105e-05,
    -1.7745167262652768e-06,
    -3.6621021660908846e-07,
    1.2804818467525645e-06,
    1.2123977869107668e-05,
    -8.172280713631284e-06,
    -0.02157377927068195,
    0.00029701906642337747,
    -0.002637504424128872,
    1.4347521403457577e-05,
    0.0004116402844118369,
    2.4498749505786277e-07,
    1.3151238246448452e-05,
    2.630279557388706e-05,
    -1.559591450876622e-07,
    -4.5001331661508565e-05,
    0.00023040322762166325,
    8.213756338158203e-05,
    5.352632549098662e-05,
    0.022162145316391955,
    0.026469082373408084
  ],
  "val_sse_masked": 0.0007692251820117235,
  "val_nrmse_masked": 0.07549302279949188,
  "val_mse_masked": 2.5640840249252506e-05,
  "val_r2_masked": 0.9942988753318787,
  "val_sse_full": 0.0007540166843682528,
  "val_nrmse_full": 0.07474300265312195,
  "val_mse_full": 2.5133891540463082e-05,
  "val_r2_full": 0.9944116473197937,
  "iteration": 481,
  "p_lo_eff": 0.12967753410339355,
  "p_hi_eff": 1.9451630115509033,
  "f_lo_eff": 0.20659340918064117,
  "f_hi_eff": 1.6527472734451294
}