{
  "tag": "17_fe5b1e21",
  "lmb1": 7.754548011577693e-05,
  "lmb2": 1e-08,
  "nonzero_count": 40,
  "complexity_norm": 0.3225806451612903,
  "train_gen_window": 0.03454032468844233,
  "generalizability": 0.030673701273370556,
  "equation": "0.10776 E^{0.5} n P^{-0.5} + 7.8134 \\cdot 10^{-5} F dT_{i} - 0.0039971 P^{-1} F dT_{e} - 7.072 \\cdot 10^{-6} P^{-1} F dT_{i} - 0.00014922 P^{-1} F dn + 9.6028 \\cdot 10^{-5} P dn - 0.020738 T_{e}^{0.5} P^{-1} dn - 0.018561 T_{e}^{0.5} T_{i}^{0.5} F dn + 0.00080879 T_{e}^{0.5} T_{i}^{0.5} P^{-1} dn + 0.00029304 T_{e}^{0.5} T_{i}^{0.5} P dn - 0.00024976 T_{e}^{0.5} dn + 0.00025236 T_{e} P^{-1} dn + 3.4585 \\cdot 10^{-6} T_{e} P dT_{i} - 0.045991 T_{e} dn + 9.8034 \\cdot 10^{-5} T_{i}^{0.5} F dT_{e} - 0.00025143 T_{i}^{0.5} F dn + 0.00049329 T_{i}^{0.5} P^{-1} dT_{e} - 0.0002331 T_{i}^{0.5} P^{-1} dn + 0.0054153 T_{i}^{0.5} P dn + 4.4808 \\cdot 10^{-6} T_{i} P^{-1} dT_{e} + 0.0022918 T_{i} P^{-1} dn + 0.0082689 T_{i} P dn - 0.018813 n^{-1} F dn + 0.0033951 n^{-1} P^{-1} dn + 0.00028099 n^{-1} T_{e}^{0.5} dn + 0.00038817 n^{-1} T_{e} dn - 1.8817 \\cdot 10^{-5} n^{-1} T_{i} dn + 0.00090408 n^{-1} dn - 0.029878 n E^{0.5} - 0.022719 n E^{0.5} T_{e}^{0.5} P^{-1} + 0.00064034 n E^{0.5} T_{e}^{0.5} T_{i} - 0.018139 n E^{0.5} T_{i}^{0.5} F - 0.0043601 n E^{0.5} T_{i}^{0.5} P + 0.00044996 n E^{0.5} T_{i} + 0.012754 n E P^{-1} - 0.00031345 n E P + 0.0056557 n E T_{e}^{0.5} + 0.031035 n E T_{e}^{0.5} T_{i}^{0.5} + 0.0027061 n E T_{i}^{0.5} + 0.00030479 n E T_{i}",
  "coefficients": [
    0.08853770655660559,
    0.007770327292296657,
    0.0013547281632094405,
    -0.009574603620930577,
    -1.5032089902156731e-05,
    -0.00035355469412341577,
    0.0004311881706301452,
    -7.3895613087608204e-06,
    0.0006387019016922266,
    -0.0002507367207802468,
    -2.0535909547054012e-05,
    0.0012293619891129348,
    5.510170584051359e-05,
    -8.861145059263584e-05,
    -6.6878455908912245e-06,
    5.274183657641368e-05,
    -2.5735106000783966e-06,
    -7.359031722137072e-05,
    -3.5158043302272485e-06,
    -9.045059758331722e-06,
    6.769485847217925e-05,
    6.874969229495479e-07,
    -1.9017462597324878e-05,
    1.949043587298649e-05,
    0.00032731658721999195,
    5.6637639098358124e-06,
    3.192848222248812e-05,
    -0.004328981288531388,
    -2.84044540969556e-05,
    1.2546171414786362e-05,
    0.002806465568256276,
    3.709758205036941e-05,
    0.00011719560749337928,
    0.00010845779052370298,
    3.578078211549988e-05,
    7.663505564834013e-05,
    7.577703702211307e-05,
    5.050199478779344e-06,
    -5.55201840689952e-06,
    3.0074249198820044e-05,
    -7.835110556114131e-07,
    2.531593822395485e-06,
    -6.929433995764354e-05,
    -1.772588954381063e-05,
    -2.6961088982270603e-05,
    -0.000188612535131256,
    -2.9949410781135602e-05,
    0.00011111041658317227,
    -0.00024993475608371966,
    -5.123187450797679e-05,
    -0.0003080012600148501,
    0.007072003071479232,
    0.003574444458583026,
    -3.9703337575639306e-05,
    0.012372793304559064,
    -0.018693611780339865,
    -0.0001646837656939508,
    -4.982427008162052e-05,
    0.0009980166586415651,
    -9.96826758953336e-05,
    -0.022047087216537597,
    0.00036553704974946614,
    -4.8527896681478734e-05,
    0.0002635077781984712,
    -0.029232515401527416,
    -6.408518367838066e-05,
    -3.134115434929029e-05,
    1.959677967020134e-05,
    -0.016492450971910644,
    6.46210884103184e-06,
    9.42803559896597e-06,
    -0.018023250528665352,
    -0.004522267392816467,
    0.0003157790792558564,
    -0.02010886038685034,
    2.227120613715449e-05,
    0.00043777526708981544,
    -6.088579551668857e-05,
    2.702858855560761e-05,
    0.006088670212194373,
    -1.4186209516547699e-05,
    -0.00019041180320686365,
    0.0011290654737124036,
    0.00015843570822923243,
    0.001984647584859636,
    0.012550201341963347,
    0.05290526825547025
  ],
  "val_sse_masked": 0.000513921957463026,
  "val_nrmse_masked": 0.06170617789030075,
  "val_mse_masked": 1.7130732885561883e-05,
  "val_r2_masked": 0.9961910843849182,
  "val_sse_full": 0.0005026598810218275,
  "val_nrmse_full": 0.06102631986141205,
  "val_mse_full": 1.675532985245809e-05,
  "val_r2_full": 0.9962745308876038,
  "iteration": 17,
  "p_lo_eff": 0.12967753410339355,
  "p_hi_eff": 1.9451630115509033,
  "f_lo_eff": 0.20659340918064117,
  "f_hi_eff": 1.6527472734451294
}