{
  "tag": "438_e62c137b",
  "lmb1": 8.223474562108507e-08,
  "lmb2": 1.0693034120932617e-05,
  "nonzero_count": 86,
  "complexity_norm": 0.6935483870967742,
  "train_gen_window": 0.015447726861270624,
  "generalizability": 0.017668378606853375,
  "equation": "0.16371 E^{0.5} n P^{-0.5} + 0.065177 F dT_{e} + 0.0051167 F dT_{i} + 0.014336 F dn + 0.00124 P^{-1} F dT_{e} + 9.5168 \\cdot 10^{-5} P^{-1} F dT_{i} + 0.0063563 P^{-1} F dn + 0.00057902 P^{-1} dT_{e} - 0.00020269 P F dT_{i} - 0.021579 P dn - 0.1406 T_{e}^{0.5} F dT_{e} + 0.0024792 T_{e}^{0.5} F dn + 0.0061315 T_{e}^{0.5} P^{-1} dT_{e} - 0.069965 T_{e}^{0.5} P^{-1} dn + 0.019246 T_{e}^{0.5} T_{i}^{0.5} F dT_{e} - 6.7616 \\cdot 10^{-5} T_{e}^{0.5} T_{i}^{0.5} F dT_{i} - 0.030356 T_{e}^{0.5} T_{i}^{0.5} F dn + 5.7315 \\cdot 10^{-5} T_{e}^{0.5} T_{i}^{0.5} P^{-1} dT_{i} + 0.047587 T_{e}^{0.5} T_{i}^{0.5} P^{-1} dn + 0.0033682 T_{e}^{0.5} T_{i}^{0.5} P dT_{e} + 2.2227 \\cdot 10^{-5} T_{e}^{0.5} T_{i}^{0.5} P dT_{i} + 0.032103 T_{e}^{0.5} T_{i}^{0.5} P dn + 6.7348 \\cdot 10^{-5} T_{e}^{0.5} T_{i}^{0.5} dT_{i} + 0.070963 T_{e}^{0.5} T_{i}^{0.5} dn + 5.0825 \\cdot 10^{-5} T_{e}^{0.5} T_{i} dT_{e} - 5.339 \\cdot 10^{-6} T_{e}^{0.5} T_{i} dT_{i} + 0.0062657 T_{e}^{0.5} T_{i} dn - 0.07722 T_{e}^{0.5} dn - 0.0020282 T_{e} F dT_{i} - 0.023645 T_{e} F dn + 0.007999 T_{e} P^{-1} dn - 1.412 \\cdot 10^{-6} T_{e} P dT_{i} - 0.0060383 T_{e} T_{i}^{0.5} dT_{e} + 0.0010937 T_{e} T_{i} dT_{e} + 9.6496 \\cdot 10^{-7} T_{e} T_{i} dT_{i} + 0.028667 T_{e} T_{i} dn + 0.0012419 T_{e} dT_{e} - 0.00012173 T_{e} dT_{i} - 0.02575 T_{e} dn + 0.020786 T_{i}^{0.5} F dT_{e} - 0.0060823 T_{i}^{0.5} F dn + 0.0024261 T_{i}^{0.5} P^{-1} dT_{e} - 5.357 \\cdot 10^{-5} T_{i}^{0.5} P^{-1} dT_{i} + 0.011436 T_{i}^{0.5} P^{-1} dn - 1.0183 \\cdot 10^{-5} T_{i}^{0.5} P dT_{i} + 0.027822 T_{i}^{0.5} P dn - 0.0022897 T_{i}^{0.5} dT_{e} - 7.7228 \\cdot 10^{-6} T_{i}^{0.5} dT_{i} + 0.0060652 T_{i}^{0.5} dn - 0.0022212 T_{i} F dT_{e} - 1.5978 \\cdot 10^{-5} T_{i} F dT_{i} - 0.00061581 T_{i} P^{-1} dT_{e} - 0.013949 T_{i} P^{-1} dn - 0.00037098 T_{i} P dT_{e} - 0.0182 T_{i} P dn - 0.00096957 T_{i} dT_{e} - 0.039212 T_{i} dn - 0.0005166 dT_{e} - 0.00068826 dT_{i} + 0.00046655 n^{-1} F dn + 0.0065243 n^{-1} P^{-1} dn - 0.0088354 n^{-1} T_{e}^{0.5} T_{i}^{0.5} dn - 0.0080539 n^{-1} T_{e}^{0.5} dn - 0.0047013 n^{-1} T_{e} dn + 0.011205 n^{-1} T_{i}^{0.5} dn - 0.00037329 n^{-1} T_{i} dn + 0.00040787 n^{-1} dn - 0.19335 n E^{0.5} - 0.051082 n E^{0.5} P^{-1} - 0.0094941 n E^{0.5} T_{e}^{0.5} P^{-1} - 0.0068519 n E^{0.5} T_{e}^{0.5} T_{i}^{0.5} + 0.058557 n E^{0.5} T_{e}^{0.5} T_{i} - 0.066697 n E^{0.5} T_{e} + 0.029536 n E^{0.5} T_{e} T_{i}^{0.5} - 0.0070509 n E^{0.5} T_{i}^{0.5} - 0.01907 n E^{0.5} T_{i}^{0.5} F + 0.042386 n E^{0.5} T_{i}^{0.5} P^{-1} + 0.0174 n E^{0.5} T_{i}^{0.5} P + 0.083721 n E^{0.5} T_{i} - 0.038893 n E F - 0.017418 n E P^{-1} - 0.0038837 n E P + 0.42719 n E T_{e}^{0.5} - 0.22461 n E T_{e}^{0.5} T_{i}^{0.5} - 0.089063 n E T_{i}^{0.5} - 0.012835 n E T_{i}",
  "coefficients": [
    0.08853771558956158,
    0.01493225286517836,
    0.0006111845491237194,
    0.0002374488879962472,
    0.04763479092534685,
    -0.007013749018274312,
    -0.012358679839590325,
    -0.04285120184430722,
    -0.007735553179521293,
    0.0033741769060173232,
    -0.041335998789344235,
    0.08050659043656469,
    -0.0031489720921345915,
    -0.023902089232727936,
    -0.0029388693264397678,
    -0.004296929887448217,
    -0.010999095904183256,
    0.031791166553747224,
    0.0307708455824931,
    -0.0081407807886765,
    0.01088838169598852,
    -0.01699469465474973,
    -0.010631095666357449,
    -0.048492030297543495,
    -0.00013363186505284397,
    0.0036995701934231587,
    0.0010324646690663408,
    0.0013429539580012834,
    -0.0006676993124213673,
    0.024543165674667432,
    0.01380266274599732,
    -0.008773759797946014,
    0.024848886744574222,
    -0.0149057611761703,
    -0.01671395535937034,
    -0.011430308350803955,
    -0.006574108407917091,
    0.012552391047760764,
    -0.05847191547432287,
    0.026171832765936293,
    0.014835265321764296,
    0.0010207353989925005,
    0.0018105279659386964,
    -0.029459615750979717,
    0.025838555734245067,
    0.008034348613820477,
    0.015337172948255977,
    -0.02496880984742071,
    0.012262219661363094,
    0.004808156906950328,
    -0.007450693490528043,
    0.036333343187372885,
    -0.02175565189892923,
    -0.037117621847269994,
    -0.027232289607899723,
    -0.06306777825832675,
    -0.0509161985873436,
    0.00256310314882513,
    0.05872009434586578,
    0.05426027141966985,
    -0.0360569972116851,
    0.04004580115998378,
    0.0058013751952805115,
    0.008352474260120007,
    -0.016366936744893285,
    -0.023686526447039113,
    0.026305440943275943,
    -0.039055065247002155,
    -0.10672687811400022,
    0.03992365109226678,
    -0.004349320876538859,
    -0.01894800042587308,
    0.018046728106545756,
    0.058754954744484694,
    -0.00840329124067793,
    -0.0040862256507351175,
    0.04003260916881862,
    -0.03429725814601364,
    0.01712752888426991,
    -0.00831519121839934,
    -0.022203476184490673,
    -0.0023591863616176448,
    -0.03715983486545686,
    -0.006672049744653505,
    0.1499052314763555,
    -0.09082844120871203,
    0.08037425295119904
  ],
  "val_sse_masked": 0.00016030170081648976,
  "val_nrmse_masked": 0.034462686628103256,
  "val_mse_masked": 5.343390512280166e-06,
  "val_r2_masked": 0.9988119006156921,
  "val_sse_full": 0.00016030170081648976,
  "val_nrmse_full": 0.034462686628103256,
  "val_mse_full": 5.343390512280166e-06,
  "val_r2_full": 0.9988119006156921,
  "iteration": 438,
  "p_lo_eff": 0.12967753410339355,
  "p_hi_eff": 1.9451630115509033,
  "f_lo_eff": 0.20659340918064117,
  "f_hi_eff": 1.6527472734451294
}