{
  "tag": "207_dc664de5",
  "lmb1": 0.00125024003933875,
  "lmb2": 9.744381586888814e-08,
  "nonzero_count": 14,
  "complexity_norm": 0.11290322580645161,
  "train_gen_window": 0.07642464401127325,
  "generalizability": 0.07644439895005388,
  "equation": "0.060841 E^{0.5} n P^{-0.5} - 0.0038806 P^{-1} F dT_{e} - 6.7519 \\cdot 10^{-5} P^{-1} F dT_{i} - 0.0019374 P^{-1} F dn - 0.000399 T_{e}^{0.5} T_{i}^{0.5} F dn - 0.0083703 T_{e}^{0.5} T_{i}^{0.5} dn - 0.045659 T_{e} dn - 0.011198 T_{i}^{0.5} P^{-1} dn + 0.001011 T_{i} P dn + 0.00030508 n^{-1} P^{-1} dn + 0.0069287 n E^{0.5} T_{e}^{0.5} T_{i} - 0.019486 n E^{0.5} T_{i}^{0.5} P + 0.0001985 n E^{0.5} T_{i} + 0.03311 n E T_{e}^{0.5} T_{i}^{0.5}",
  "coefficients": [
    0.08853770422506713,
    0.0006982330987219781,
    2.667163329831115e-05,
    -3.429903887384809e-06,
    5.929048547800718e-05,
    1.2932887770483135e-05,
    1.0264540918673533e-05,
    1.306107426836533e-05,
    6.091895531308801e-06,
    -0.002393881341880061,
    -3.765320753358309e-06,
    -3.2830007453441167e-07,
    -3.164839115137804e-06,
    -2.6417084125491675e-06,
    -3.8745319504280955e-06,
    -7.557015360073159e-06,
    -2.661327396588313e-06,
    -2.4775924023480005e-06,
    -3.5134353813925884e-06,
    -2.220387592633815e-06,
    -6.782112833009842e-06,
    -3.307552978928665e-06,
    -2.9716395313017974e-06,
    -1.1072527027064339e-06,
    -7.827450741656239e-06,
    -3.0928296133302624e-06,
    -2.277168819547735e-06,
    -0.004202765913979,
    -3.5010865336096265e-07,
    -1.4814468734131352e-07,
    -5.611063657498634e-07,
    5.708358142203681e-07,
    1.0202949488499451e-07,
    4.920026007526809e-07,
    1.646595418210828e-06,
    8.096764472599625e-07,
    1.6466102241969833e-06,
    -2.418105290948893e-06,
    -2.25842504891257e-07,
    1.4567991423582278e-07,
    3.735059938270965e-07,
    1.8073878754690119e-06,
    1.8060033293017215e-07,
    1.0366090307099175e-06,
    1.938727699592439e-06,
    -0.0024488459714545247,
    -5.730358608103472e-06,
    4.4489173994667734e-05,
    -0.01200676677884826,
    -2.0278048336808715e-05,
    -3.23493267286597e-05,
    2.6695017397125293e-05,
    -2.1934840677714905e-06,
    -8.753670779763732e-06,
    0.0015127329787478546,
    -9.462639092103767e-06,
    -2.408728864274869e-05,
    -7.798505648422985e-06,
    -2.5309867229257993e-06,
    -0.006400170185527852,
    -0.00047393684559092605,
    1.1790046478954604e-05,
    -1.166839671319851e-05,
    -1.1543390953841586e-06,
    -0.029021472873696687,
    -1.0023332733412936e-05,
    -1.1118972940598627e-05,
    1.8378268356291948e-07,
    1.5275924775799373e-06,
    1.2400654013897694e-06,
    6.049436552039827e-06,
    1.5545390748581598e-06,
    -0.020210685545035287,
    0.00013930657023252096,
    -2.2713196663542746e-06,
    7.250275283735762e-06,
    0.004736848744544356,
    1.7416140825111967e-06,
    7.172936570291857e-06,
    5.211732008509781e-06,
    3.040578266548999e-06,
    -1.2023345108512651e-05,
    6.192381876148375e-05,
    7.554894620261805e-06,
    1.4978398820591679e-05,
    0.013389226509058858,
    0.029869687022831097
  ],
  "val_sse_masked": 0.001390819437801838,
  "val_nrmse_masked": 0.10151154547929764,
  "val_mse_masked": 4.636065204977058e-05,
  "val_r2_masked": 0.989691972732544,
  "val_sse_full": 0.001344229793176055,
  "val_nrmse_full": 0.0997968465089798,
  "val_mse_full": 4.4807664380641654e-05,
  "val_r2_full": 0.9900372624397278,
  "iteration": 207,
  "p_lo_eff": 0.12967753410339355,
  "p_hi_eff": 1.9451630115509033,
  "f_lo_eff": 0.20659340918064117,
  "f_hi_eff": 1.6527472734451294
}