{
  "tag": "289_b9f6fc70",
  "lmb1": 1e-08,
  "lmb2": 0.029094146642311535,
  "nonzero_count": 78,
  "complexity_norm": 0.6290322580645161,
  "train_gen_window": 0.06218595014389603,
  "generalizability": 0.048074310885016916,
  "equation": "0.022354 E^{0.5} n P^{-0.5} + 0.0014297 F dT_{e} + 0.00026998 F dT_{i} - 0.002661 F dn - 0.0034963 P^{-1} F dT_{e} - 0.00014643 P^{-1} F dT_{i} - 0.0043126 P^{-1} F dn - 0.00013645 P^{-1} dT_{e} + 6.4612 \\cdot 10^{-5} P F dT_{i} + 0.00296 P dn + 0.0010686 T_{e}^{0.5} F dT_{e} - 0.0031192 T_{e}^{0.5} F dn - 0.00014923 T_{e}^{0.5} P^{-1} dT_{e} - 0.0071524 T_{e}^{0.5} P^{-1} dn + 2.1136 \\cdot 10^{-6} T_{e}^{0.5} T_{i}^{0.5} F dT_{i} - 0.0021034 T_{e}^{0.5} T_{i}^{0.5} F dn - 1.2102 \\cdot 10^{-6} T_{e}^{0.5} T_{i}^{0.5} P^{-1} dT_{i} + 0.00054468 T_{e}^{0.5} T_{i}^{0.5} P^{-1} dn + 0.0035243 T_{e}^{0.5} T_{i}^{0.5} P dn - 0.0070484 T_{e}^{0.5} T_{i}^{0.5} dn + 5.858 \\cdot 10^{-6} T_{e}^{0.5} T_{i} dT_{e} - 8.0611 \\cdot 10^{-8} T_{e}^{0.5} T_{i} dT_{i} - 0.0014301 T_{e}^{0.5} T_{i} dn - 0.012227 T_{e}^{0.5} dn + 8.7367 \\cdot 10^{-5} T_{e} F dT_{i} - 0.0033316 T_{e} F dn + 0.00013288 T_{e} P^{-1} dn + 4.2752 \\cdot 10^{-6} T_{e} P dT_{i} + 8.0383 \\cdot 10^{-5} T_{e} T_{i}^{0.5} dT_{e} - 7.2854 \\cdot 10^{-6} T_{e} T_{i} dT_{e} - 0.0011316 T_{e} T_{i} dn + 0.00037182 T_{e} dT_{e} + 2.6151 \\cdot 10^{-6} T_{e} dT_{i} - 0.013406 T_{e} dn - 0.0018904 T_{i}^{0.5} F dn + 8.2909 \\cdot 10^{-5} T_{i}^{0.5} P^{-1} dT_{e} - 1.6696 \\cdot 10^{-6} T_{i}^{0.5} P^{-1} dT_{i} - 0.0046397 T_{i}^{0.5} P^{-1} dn - 7.8107 \\cdot 10^{-7} T_{i}^{0.5} P dT_{i} + 0.0035779 T_{i}^{0.5} P dn + 0.00017844 T_{i}^{0.5} dT_{e} - 6.8005 \\cdot 10^{-7} T_{i}^{0.5} dT_{i} - 0.0061748 T_{i}^{0.5} dn - 6.5446 \\cdot 10^{-5} T_{i} F dT_{e} - 2.9387 \\cdot 10^{-7} T_{i} F dT_{i} + 0.0017275 T_{i} P^{-1} dn + 4.3232 \\cdot 10^{-5} T_{i} P dT_{e} + 0.0042903 T_{i} P dn + 2.3589 \\cdot 10^{-5} T_{i} dT_{e} - 0.0012253 T_{i} dn + 8.2755 \\cdot 10^{-5} dT_{e} - 3.6217 \\cdot 10^{-6} dT_{i} - 0.018532 n^{-1} F dn + 0.0016923 n^{-1} P^{-1} dn + 0.00026388 n^{-1} T_{e}^{0.5} T_{i}^{0.5} dn + 0.0012391 n^{-1} T_{e}^{0.5} dn + 0.00078269 n^{-1} T_{e} dn + 0.00044127 n^{-1} T_{i}^{0.5} dn + 2.538 \\cdot 10^{-5} n^{-1} T_{i} dn + 0.0017525 n^{-1} dn + 0.0019 n E^{0.5} + 0.0047012 n E^{0.5} P^{-1} - 0.0033699 n E^{0.5} T_{e}^{0.5} P^{-1} + 0.0045609 n E^{0.5} T_{e}^{0.5} T_{i}^{0.5} + 0.0034751 n E^{0.5} T_{e}^{0.5} T_{i} + 0.0033297 n E^{0.5} T_{e} + 0.0044238 n E^{0.5} T_{e} T_{i}^{0.5} + 0.0038774 n E^{0.5} T_{i}^{0.5} - 0.0047112 n E^{0.5} T_{i}^{0.5} F + 0.0012045 n E^{0.5} T_{i}^{0.5} P^{-1} - 0.010162 n E^{0.5} T_{i}^{0.5} P + 0.0034487 n E^{0.5} T_{i} + 0.0079001 n E P^{-1} - 0.0073115 n E P + 0.019335 n E T_{e}^{0.5} + 0.012068 n E T_{e}^{0.5} T_{i}^{0.5} + 0.012033 n E T_{i}^{0.5} + 0.0036316 n E T_{i}",
  "coefficients": [
    0.08853770629643803,
    0.0038732284825954144,
    0.002626072531903667,
    -0.009431759300612796,
    0.001876014421825778,
    0.00047685224208693366,
    0.001901398029586554,
    0.0012797925076754035,
    0.001287854336939176,
    -0.0051917126003004355,
    -0.00021751348410048443,
    0.004247949129147832,
    0.0010038047024338304,
    -0.0007449383015443733,
    -0.0002587898811240996,
    -0.00032957585446513615,
    -0.00020230466203685626,
    -0.000671257673165504,
    -4.5343526745567075e-05,
    0.0002544675317402989,
    6.995268065967952e-06,
    -0.0002565953914224206,
    0.0002283900972689934,
    0.0020888427296659184,
    0.0004046137479377099,
    -8.08008957321471e-05,
    -0.0002433062803546826,
    -0.003786606343646748,
    0.00010696008482752317,
    0.0005383708467808224,
    0.000471698707609991,
    0.0006837707095651013,
    1.7309732097681163e-07,
    3.493915886887411e-05,
    0.00040664120833838746,
    -0.0003367797003933637,
    0.0007661158209402719,
    -0.0003054954812236055,
    0.0004444331759093645,
    -9.914946963140991e-05,
    5.339643804130878e-05,
    0.00011764826406002182,
    0.0005420689912131182,
    0.0003921713410053873,
    -0.00017212416073064674,
    -0.0054511361733795005,
    -0.002846814417032051,
    0.0034249023239532606,
    -0.0049748630879316025,
    -0.004895025265340636,
    -0.00231569077136512,
    0.004672433140534449,
    0.002694282159972805,
    -0.0011598416912959042,
    0.006419578431865525,
    -0.006447287977814797,
    -0.008062110470874573,
    -0.0032247995314418354,
    0.0006721178231232083,
    -0.005389427214569031,
    -0.002498458229982514,
    0.0043962365900345746,
    -0.0013241287656197698,
    0.00013874792574236627,
    -0.008520825244693553,
    -0.0033374656579798767,
    -0.0010383627454943478,
    0.0035943592007278147,
    0.0010487684502678563,
    0.0011344972973241774,
    0.0023917802111462216,
    -0.004681086041740945,
    -0.010539679980593741,
    0.0024202847740475986,
    -0.002982758711758682,
    0.0027199668491452167,
    0.0023757998327657015,
    0.0017122248441488463,
    0.002565328527380839,
    0.0037713589317920904,
    -6.943263337783057e-05,
    -0.004441487698608582,
    0.005020465776481298,
    0.001887734225249793,
    0.0067847089889219725,
    0.004879971971806563,
    0.010974889168775204
  ],
  "val_sse_masked": 0.0008424267871305346,
  "val_nrmse_masked": 0.0790034607052803,
  "val_mse_masked": 2.8080894480808638e-05,
  "val_r2_masked": 0.9937563538551331,
  "val_sse_full": 0.0008445369312539697,
  "val_nrmse_full": 0.07910235226154327,
  "val_mse_full": 2.8151232982054353e-05,
  "val_r2_full": 0.9937407374382019,
  "iteration": 289,
  "p_lo_eff": 0.12967753410339355,
  "p_hi_eff": 1.9451630115509033,
  "f_lo_eff": 0.20659340918064117,
  "f_hi_eff": 1.6527472734451294
}