{
  "tag": "407_e7311ea0",
  "lmb1": 8.518679007898991e-07,
  "lmb2": 2.522682888721204e-07,
  "nonzero_count": 83,
  "complexity_norm": 0.6693548387096774,
  "train_gen_window": 0.013910293750168667,
  "generalizability": 0.020446034358446216,
  "equation": "0.17982 E^{0.5} n P^{-0.5} + 0.060236 F dT_{e} + 0.0046351 F dT_{i} + 0.014572 F dn + 0.0011049 P^{-1} F dT_{e} + 9.1618 \\cdot 10^{-5} P^{-1} F dT_{i} + 0.0074811 P^{-1} F dn + 0.0018714 P^{-1} dT_{e} - 4.1562 \\cdot 10^{-5} P F dT_{i} + 0.00019886 P dn - 0.11464 T_{e}^{0.5} F dT_{e} + 0.00098284 T_{e}^{0.5} F dn + 0.0043398 T_{e}^{0.5} P^{-1} dT_{e} - 0.062333 T_{e}^{0.5} P^{-1} dn + 0.019577 T_{e}^{0.5} T_{i}^{0.5} F dT_{e} - 7.2393 \\cdot 10^{-6} T_{e}^{0.5} T_{i}^{0.5} F dT_{i} - 0.04605 T_{e}^{0.5} T_{i}^{0.5} F dn + 2.9859 \\cdot 10^{-5} T_{e}^{0.5} T_{i}^{0.5} P^{-1} dT_{i} + 0.041392 T_{e}^{0.5} T_{i}^{0.5} P^{-1} dn + 0.0020506 T_{e}^{0.5} T_{i}^{0.5} P dT_{e} + 8.2161 \\cdot 10^{-6} T_{e}^{0.5} T_{i}^{0.5} P dT_{i} + 0.016873 T_{e}^{0.5} T_{i}^{0.5} P dn + 2.4221 \\cdot 10^{-5} T_{e}^{0.5} T_{i}^{0.5} dT_{i} + 0.15603 T_{e}^{0.5} T_{i}^{0.5} dn - 9.0744 \\cdot 10^{-5} T_{e}^{0.5} T_{i} dT_{e} - 9.9581 \\cdot 10^{-7} T_{e}^{0.5} T_{i} dT_{i} - 0.14386 T_{e}^{0.5} dn - 0.0020046 T_{e} F dT_{i} - 0.012302 T_{e} F dn + 0.0036466 T_{e} P^{-1} dn + 3.893 \\cdot 10^{-5} T_{e} P dT_{i} - 0.004658 T_{e} T_{i}^{0.5} dT_{e} + 0.00073207 T_{e} T_{i} dT_{e} - 4.841 \\cdot 10^{-7} T_{e} T_{i} dT_{i} + 0.00099595 T_{e} T_{i} dn - 0.00035336 T_{e} dT_{e} - 2.0541 \\cdot 10^{-5} T_{e} dT_{i} - 0.0018232 T_{e} dn + 0.011098 T_{i}^{0.5} F dT_{e} + 0.0007305 T_{i}^{0.5} F dn + 0.0009915 T_{i}^{0.5} P^{-1} dT_{e} - 3.7482 \\cdot 10^{-6} T_{i}^{0.5} P^{-1} dT_{i} + 0.0093906 T_{i}^{0.5} P^{-1} dn + 0.010553 T_{i}^{0.5} P dn - 5.2799 \\cdot 10^{-5} T_{i}^{0.5} dT_{e} + 2.9513 \\cdot 10^{-6} T_{i}^{0.5} dT_{i} - 0.0014374 T_{i}^{0.5} dn - 0.002872 T_{i} F dT_{e} - 2.7737 \\cdot 10^{-5} T_{i} F dT_{i} - 0.00017889 T_{i} P^{-1} dT_{e} - 0.010192 T_{i} P^{-1} dn - 0.00022645 T_{i} P dT_{e} - 0.010142 T_{i} P dn - 0.000657 T_{i} dT_{e} - 0.033834 T_{i} dn - 0.001332 dT_{e} - 0.00074812 dT_{i} + 0.0062309 n^{-1} P^{-1} dn - 0.010557 n^{-1} T_{e}^{0.5} T_{i}^{0.5} dn - 0.0043476 n^{-1} T_{e}^{0.5} dn - 0.0030866 n^{-1} T_{e} dn + 0.010113 n^{-1} T_{i}^{0.5} dn + 0.00037045 n^{-1} T_{i} dn - 0.001435 n^{-1} dn - 0.28474 n E^{0.5} - 0.061469 n E^{0.5} P^{-1} - 0.0081728 n E^{0.5} T_{e}^{0.5} P^{-1} - 0.00087408 n E^{0.5} T_{e}^{0.5} T_{i}^{0.5} + 0.050666 n E^{0.5} T_{e}^{0.5} T_{i} - 0.032542 n E^{0.5} T_{e} + 0.0018793 n E^{0.5} T_{e} T_{i}^{0.5} + 0.00058007 n E^{0.5} T_{i}^{0.5} - 0.014855 n E^{0.5} T_{i}^{0.5} F + 0.047685 n E^{0.5} T_{i}^{0.5} P^{-1} + 0.019829 n E^{0.5} T_{i}^{0.5} P + 0.14341 n E^{0.5} T_{i} - 0.044199 n E F - 0.019543 n E P^{-1} - 0.0090031 n E P + 0.67123 n E T_{e}^{0.5} - 0.50371 n E T_{e}^{0.5} T_{i}^{0.5} - 0.06736 n E T_{i}^{0.5} + 0.021387 n E T_{i}",
  "coefficients": [
    0.08853771846882941,
    0.014260875203831961,
    -0.0021503709303346474,
    7.074483475067459e-05,
    0.04299486006088102,
    0.006960398289660379,
    -0.006671401647240413,
    -0.05120167078856235,
    -0.005078793800690396,
    0.0032483087934437917,
    -0.04493159985822954,
    0.07292901667817234,
    -0.000645696846741697,
    -0.0016723821615928823,
    0.0011231016492774058,
    2.7414385866088124e-05,
    -0.019094563922082357,
    0.016561952419048565,
    0.011066512500084441,
    -0.000871598790047608,
    0.004024879059984674,
    -0.0031697924522579276,
    -0.0017939389434147423,
    -0.047927025632597854,
    0.003684425301427402,
    -0.0018559902596511787,
    0.0033370516811667035,
    0.001196594368501168,
    -0.0017215555164440807,
    0.02268280241665927,
    0.005640992813385035,
    -0.00020231738312544156,
    0.013267413350172341,
    -0.0043299858962490894,
    -0.011325744949214385,
    -0.014779394053608504,
    -0.004012951326572836,
    0.00888451106945127,
    -0.04767709007603984,
    0.026622129626790864,
    0.009032017015726142,
    -0.0018224506133114908,
    -0.0005151571783965536,
    -0.022725381410446905,
    0.01729589022827014,
    0.009456063543439388,
    0.015589440487136,
    0.00023009714585609528,
    0.010068919705741176,
    -0.00113948198530358,
    0.0008948488833583719,
    0.013781838875572465,
    -0.01589583506249816,
    -0.0320266770864726,
    -0.01517540501020399,
    -0.05618745692792785,
    -0.09485393154432194,
    0.001016097477396984,
    0.05107635460528784,
    0.1193035052667959,
    -0.05469846280662995,
    0.021047486787934062,
    6.739600721677574e-05,
    0.003807737176164278,
    -0.0011588562955895322,
    -0.012323106792340336,
    0.0009139086689745786,
    -0.046997106993237045,
    -0.1571719499370081,
    0.044914827055542325,
    0.0003578124013462222,
    -0.014760204852751894,
    0.020566460675368162,
    0.10064498407510207,
    -0.007233788167608612,
    -0.0005212748619647213,
    0.034638248158545604,
    -0.016733957781540215,
    0.0010898079607781826,
    -0.009329449320905915,
    -0.02523278991260243,
    -0.0054690713575297045,
    -0.028104684556769448,
    0.01111733731729396,
    0.23554072176277888,
    -0.20369228210162046,
    0.0882820122373113
  ],
  "val_sse_masked": 0.0001444368390366435,
  "val_nrmse_masked": 0.0327128991484642,
  "val_mse_masked": 4.814561634702841e-06,
  "val_r2_masked": 0.998929500579834,
  "val_sse_full": 0.0001427073439117521,
  "val_nrmse_full": 0.03251645714044571,
  "val_mse_full": 4.756911948788911e-06,
  "val_r2_full": 0.9989423155784607,
  "iteration": 407,
  "p_lo_eff": 0.12967753410339355,
  "p_hi_eff": 1.9451630115509033,
  "f_lo_eff": 0.20659340918064117,
  "f_hi_eff": 1.6527472734451294
}