{
  "tag": "135_702ab371",
  "lmb1": 0.0006075812167300566,
  "lmb2": 0.00033319614398301427,
  "nonzero_count": 17,
  "complexity_norm": 0.13709677419354838,
  "train_gen_window": 0.05408979532382221,
  "generalizability": 0.05608658761529252,
  "equation": "0.051549 E^{0.5} n P^{-0.5} - 0.0038351 P^{-1} F dT_{e} - 7.4428 \\cdot 10^{-5} P^{-1} F dT_{i} - 0.0027291 P^{-1} F dn + 0.00018167 P dn - 0.0049858 T_{e}^{0.5} T_{i}^{0.5} dn - 0.063365 T_{e} dn - 0.0086231 T_{i}^{0.5} P^{-1} dn + 0.00016255 T_{i}^{0.5} P dn + 0.0059818 T_{i} P dn - 0.00027959 n^{-1} F dn + 0.00031764 n^{-1} P^{-1} dn + 0.0069537 n E^{0.5} T_{e}^{0.5} T_{i} - 0.021704 n E^{0.5} T_{i}^{0.5} P + 0.0020117 n E^{0.5} T_{i} + 0.042729 n E T_{e}^{0.5} T_{i}^{0.5} + 0.001042 n E T_{i}^{0.5}",
  "coefficients": [
    0.08853770295464614,
    0.0007269931336723865,
    8.757848722251429e-06,
    -0.00014229405363745258,
    3.334038248946296e-06,
    2.5360310849888835e-06,
    3.6808871471208096e-06,
    1.6193365262403694e-06,
    1.3848472404428832e-06,
    -0.0026388244819891106,
    -1.1473433699784718e-06,
    4.843589839797975e-06,
    2.888161973617541e-07,
    -3.6838627827730267e-06,
    -3.5408150296602442e-06,
    -4.33840859856965e-06,
    -4.4512198049925686e-06,
    -3.3631523748381176e-06,
    -3.137444341555613e-06,
    -2.0438266181295334e-06,
    -3.923058810162088e-06,
    -4.987994735905706e-06,
    -5.122273374572584e-07,
    1.8212611962109973e-06,
    -1.373909122376617e-06,
    -4.596641178202454e-06,
    -7.618656345308223e-07,
    -0.004153502221216278,
    5.510246737123042e-06,
    5.252854118886505e-06,
    2.7090188076941375e-06,
    1.7371369158995077e-05,
    6.653563851694885e-06,
    5.477443113724984e-06,
    2.2458877588087755e-05,
    8.234080789554282e-06,
    2.656464666827691e-05,
    -1.0258103063355715e-06,
    4.8862961395412166e-06,
    6.412793710674266e-06,
    1.8010728792957483e-05,
    2.2279872458482776e-05,
    1.176906666374826e-05,
    2.8472628431252255e-05,
    2.1366978342289318e-05,
    -0.0034495276837469718,
    -6.812022613306964e-06,
    0.00021020482625227216,
    -0.009246042285630461,
    -3.349268267190991e-05,
    -1.8701122093793652e-05,
    0.00021228274718768396,
    -2.1968452374615986e-06,
    -1.741105970695284e-05,
    0.008950587751151175,
    -2.399256554410304e-05,
    -7.786326570002899e-05,
    -8.898451227917449e-06,
    -2.8827191277465473e-06,
    -0.0038122857494637934,
    -2.8971702915272562e-05,
    3.3161230040507906e-05,
    -2.873561844429605e-05,
    -8.049031812162218e-07,
    -0.04027595703784309,
    -1.0612384110564528e-05,
    -3.1201389599813526e-05,
    -1.1735379791363821e-06,
    2.1532714620017366e-06,
    1.0686679408943188e-06,
    1.124450489583855e-05,
    2.6361074024250797e-07,
    -0.02251171820317281,
    0.0014117849771815762,
    -2.322096765351741e-05,
    1.3112399646218858e-05,
    0.004753974127186378,
    2.287750220604266e-06,
    1.190004643094214e-05,
    9.717463200899537e-06,
    2.9663897674309864e-06,
    -2.7329543166753514e-05,
    0.0004347390167483556,
    1.6419649803905118e-05,
    4.374292177238442e-05,
    0.017278929890610212,
    0.025307953886882246
  ],
  "val_sse_masked": 0.0008759055053815246,
  "val_nrmse_masked": 0.08055800199508667,
  "val_mse_masked": 2.9196851755841635e-05,
  "val_r2_masked": 0.9935082197189331,
  "val_sse_full": 0.000856369617395103,
  "val_nrmse_full": 0.07965456694364548,
  "val_mse_full": 2.8545655368361622e-05,
  "val_r2_full": 0.9936530590057373,
  "iteration": 135,
  "p_lo_eff": 0.12967753410339355,
  "p_hi_eff": 1.9451630115509033,
  "f_lo_eff": 0.20659340918064117,
  "f_hi_eff": 1.6527472734451294
}