{
  "tag": "270_b8499175",
  "lmb1": 0.0002878480240470926,
  "lmb2": 0.1,
  "nonzero_count": 57,
  "complexity_norm": 0.4596774193548387,
  "train_gen_window": 0.08812640197500561,
  "generalizability": 0.08034838677202946,
  "equation": "0.016061 E^{0.5} n P^{-0.5} + 8.2257 \\cdot 10^{-5} F dT_{i} - 0.00195 F dn - 0.00394 P^{-1} F dT_{e} - 9.9437 \\cdot 10^{-5} P^{-1} F dT_{i} - 0.0039564 P^{-1} F dn - 0.00023641 P^{-1} dT_{e} + 0.0031253 P dn - 0.0023451 T_{e}^{0.5} F dn - 0.00026699 T_{e}^{0.5} P^{-1} dT_{e} - 0.0050754 T_{e}^{0.5} P^{-1} dn - 0.0022889 T_{e}^{0.5} T_{i}^{0.5} F dn - 0.00045026 T_{e}^{0.5} T_{i}^{0.5} P^{-1} dn + 4.1845 \\cdot 10^{-5} T_{e}^{0.5} T_{i}^{0.5} P dT_{e} - 2.6678 \\cdot 10^{-7} T_{e}^{0.5} T_{i}^{0.5} P dT_{i} + 0.0024612 T_{e}^{0.5} T_{i}^{0.5} P dn - 0.0060463 T_{e}^{0.5} T_{i}^{0.5} dn - 0.002996 T_{e}^{0.5} T_{i} dn - 0.0078091 T_{e}^{0.5} dn - 0.0026083 T_{e} F dn - 0.00065316 T_{e} P^{-1} dn + 3.1721 \\cdot 10^{-5} T_{e} T_{i}^{0.5} dT_{e} - 0.0027443 T_{e} T_{i} dn + 0.00024442 T_{e} dT_{e} - 0.008705 T_{e} dn - 0.0020521 T_{i}^{0.5} F dn - 0.0038219 T_{i}^{0.5} P^{-1} dn - 4.3809 \\cdot 10^{-7} T_{i}^{0.5} P dT_{i} + 0.0026566 T_{i}^{0.5} P dn - 0.0053293 T_{i}^{0.5} dn + 8.1259 \\cdot 10^{-6} T_{i} P dT_{e} + 0.0025302 T_{i} P dn - 0.0028515 T_{i} dn - 0.010267 n^{-1} F dn + 0.0013223 n^{-1} P^{-1} dn + 0.00012815 n^{-1} T_{e}^{0.5} T_{i}^{0.5} dn + 0.00026527 n^{-1} T_{e}^{0.5} dn + 0.00031121 n^{-1} T_{i}^{0.5} dn + 5.1972 \\cdot 10^{-5} n^{-1} T_{i} dn + 0.00087848 n^{-1} dn + 0.0014696 n E^{0.5} + 0.0043242 n E^{0.5} P^{-1} + 0.0042731 n E^{0.5} T_{e}^{0.5} T_{i}^{0.5} + 0.0043765 n E^{0.5} T_{e}^{0.5} T_{i} + 0.002794 n E^{0.5} T_{e} + 0.0044239 n E^{0.5} T_{e} T_{i}^{0.5} + 0.0036531 n E^{0.5} T_{i}^{0.5} + 0.0020539 n E^{0.5} T_{i}^{0.5} P^{-1} - 0.006761 n E^{0.5} T_{i}^{0.5} P + 0.0042263 n E^{0.5} T_{i} + 0.00072244 n E F + 0.0072163 n E P^{-1} - 0.0067015 n E P + 0.011515 n E T_{e}^{0.5} + 0.0094347 n E T_{e}^{0.5} T_{i}^{0.5} + 0.0090978 n E T_{i}^{0.5} + 0.0042649 n E T_{i}",
  "coefficients": [
    0.08853770580640397,
    0.0030264797488892214,
    0.0013163718626878487,
    -0.005225430497542665,
    0.0013230630273270364,
    0.000976489553164052,
    0.0004070518774653544,
    0.0006215320413462762,
    2.4954024626656778e-05,
    -0.003525530417604891,
    -3.2796643665220864e-06,
    0.0012942414603139172,
    1.1379891982048194e-05,
    -3.748477717977043e-05,
    -3.366870208818854e-05,
    -0.00018485312902622204,
    -5.459414737598471e-05,
    -3.757259694577637e-05,
    -1.7774403525688365e-05,
    -7.5497080356838854e-06,
    -0.00013069235453012313,
    -9.142532967955456e-05,
    -5.536473139363696e-07,
    3.691207607657839e-05,
    -2.1887567695073644e-05,
    -7.800549637532806e-05,
    -0.00042155579295248845,
    -0.00426713518400973,
    3.8039194005840757e-05,
    8.374714994984868e-06,
    -2.789116919097747e-05,
    3.8911103352375575e-05,
    -2.8992667425352784e-06,
    -5.454943528440772e-06,
    4.250034667220052e-05,
    -1.99779494935386e-06,
    0.00014399887603191704,
    -0.0005465898200685774,
    4.796717299460901e-06,
    -2.375529005982612e-06,
    0.00018430492212828534,
    3.603360377593791e-05,
    0.00035633346941113075,
    0.00015476179593534693,
    8.528438999257807e-05,
    -0.0050008684300435185,
    -0.0020861922294549127,
    0.0036161622261709635,
    -0.004097992015671446,
    -0.0042247478526951645,
    -0.002513787427159297,
    0.00346927732209531,
    -8.605373560648926e-06,
    -0.002699207876210691,
    0.0037859185713271584,
    -0.004575077542636548,
    -0.005149014821424967,
    -0.002424506002131747,
    -0.0005556078920027902,
    -0.00462315283144096,
    -0.0027187678026347655,
    0.0030700910671581367,
    -0.002773929382292587,
    -0.0006820220032301016,
    -0.00553303476645324,
    -0.002612931179178609,
    -0.0025182723187585853,
    0.0033061248400655897,
    0.0008112091419101124,
    0.0019345733190167067,
    0.00225341120977121,
    7.556372474620659e-07,
    -0.0070124442789348184,
    0.002965973618931078,
    2.6513181070908682e-05,
    0.002548313328737353,
    0.0029920420643464235,
    0.0014367670785095162,
    0.0025653641288932135,
    0.0034449653793408256,
    0.00041243335450223277,
    -0.004070918824617965,
    0.0037959017860508043,
    0.002216946975458933,
    0.004040813988265191,
    0.003815275733710636,
    0.007885232602275773
  ],
  "val_sse_masked": 0.0014915100764483213,
  "val_nrmse_masked": 0.10512188822031021,
  "val_mse_masked": 4.97170040034689e-05,
  "val_r2_masked": 0.988945722579956,
  "val_sse_full": 0.001474813325330615,
  "val_nrmse_full": 0.10453183948993683,
  "val_mse_full": 4.9160447815665975e-05,
  "val_r2_full": 0.9890694618225098,
  "iteration": 270,
  "p_lo_eff": 0.12967753410339355,
  "p_hi_eff": 1.9451630115509033,
  "f_lo_eff": 0.20659340918064117,
  "f_hi_eff": 1.6527472734451294
}