{
  "tag": "225_a90e61fe",
  "lmb1": 4.6106816354154024e-05,
  "lmb2": 1.677748823135036e-08,
  "nonzero_count": 49,
  "complexity_norm": 0.3951612903225806,
  "train_gen_window": 0.028849360057324417,
  "generalizability": 0.02759811685616245,
  "equation": "0.12114 E^{0.5} n P^{-0.5} + 0.00030073 F dT_{i} - 0.0021241 P^{-1} F dT_{e} + 0.00010105 P dn - 0.00011136 T_{e}^{0.5} F dn - 0.028273 T_{e}^{0.5} P^{-1} dn - 0.017848 T_{e}^{0.5} T_{i}^{0.5} F dn - 2.3654 \\cdot 10^{-6} T_{e}^{0.5} T_{i}^{0.5} P^{-1} dT_{i} + 0.010077 T_{e}^{0.5} T_{i}^{0.5} P^{-1} dn + 2.6164 \\cdot 10^{-7} T_{e}^{0.5} T_{i}^{0.5} P dT_{i} + 0.00069762 T_{e}^{0.5} T_{i}^{0.5} P dn - 0.00038679 T_{e}^{0.5} dn - 0.00016181 T_{e} F dn + 0.0029755 T_{e} P^{-1} dn + 2.5744 \\cdot 10^{-6} T_{e} P dT_{i} - 3.5781 \\cdot 10^{-5} T_{e} T_{i} dT_{e} - 0.00054282 T_{e} dT_{e} - 2.0635 \\cdot 10^{-5} T_{e} dT_{i} - 0.049576 T_{e} dn + 0.00014654 T_{i}^{0.5} F dT_{e} - 0.00035338 T_{i}^{0.5} F dn + 0.0005593 T_{i}^{0.5} P^{-1} dT_{e} - 2.5965 \\cdot 10^{-6} T_{i}^{0.5} P^{-1} dT_{i} - 0.0013689 T_{i}^{0.5} P^{-1} dn + 2.8467 \\cdot 10^{-7} T_{i}^{0.5} P dT_{i} + 0.0010845 T_{i}^{0.5} P dn + 0.0013772 T_{i} P^{-1} dn + 7.6616 \\cdot 10^{-5} T_{i} P dT_{e} + 0.01159 T_{i} P dn - 0.00012643 dT_{e} - 3.8802 \\cdot 10^{-6} dT_{i} - 0.014422 n^{-1} F dn + 0.0030981 n^{-1} P^{-1} dn + 0.00011193 n^{-1} T_{e}^{0.5} dn + 0.0010249 n^{-1} T_{e} dn - 3.2427 \\cdot 10^{-5} n^{-1} T_{i}^{0.5} dn - 8.0197 \\cdot 10^{-5} n^{-1} T_{i} dn + 8.8232 \\cdot 10^{-5} n^{-1} dn - 0.061602 n E^{0.5} - 0.026958 n E^{0.5} T_{e}^{0.5} P^{-1} + 0.02111 n E^{0.5} T_{e}^{0.5} T_{i} - 0.019719 n E^{0.5} T_{i}^{0.5} F - 0.00011064 n E^{0.5} T_{i}^{0.5} P + 0.001319 n E^{0.5} T_{i} + 0.020921 n E P^{-1} - 0.0004854 n E P + 0.027341 n E T_{e}^{0.5} + 0.00055919 n E T_{e}^{0.5} T_{i}^{0.5} + 0.00047168 n E T_{i}^{0.5}",
  "coefficients": [
    0.08853770759976881,
    0.00709057351757678,
    0.00013221220886936098,
    -0.007339738990247192,
    -0.000137858486943404,
    -0.001506815834223666,
    0.00017175918406488167,
    -2.6113464681404458e-05,
    0.0016863387331206292,
    1.2776273734744447e-05,
    -0.0002330421451708546,
    0.004731754578122032,
    7.001869682513189e-05,
    -0.001158504773986845,
    -4.442478652811883e-05,
    0.00012011669015132449,
    -4.975766827763342e-06,
    -0.001312022323611322,
    -4.640402900835989e-05,
    -4.879910117506969e-05,
    0.00012817087538399084,
    -1.0056261905262289e-05,
    -0.0018021480123789073,
    4.029426807329284e-06,
    0.00024364026861542403,
    -3.003523841247552e-06,
    6.543085346992118e-05,
    -0.0023004830372636447,
    -0.00016341044298116036,
    -1.0122246406987183e-05,
    0.0031820494847658934,
    6.859260914057673e-05,
    0.00017518280636290238,
    1.835289032976727e-05,
    1.6963632435860904e-05,
    2.3891568279361677e-05,
    0.0013576971367788993,
    1.5573530260267683e-05,
    -4.517873413037029e-05,
    3.138900838143357e-05,
    2.6007364274685574e-05,
    -4.999845840053944e-05,
    -0.0007913600716625416,
    -7.286036723131814e-05,
    -0.0008453553013991125,
    -6.748261205948659e-05,
    -6.584493407644629e-05,
    0.0001169187132789072,
    -0.0014678039727321018,
    -4.1121262874508194e-05,
    -0.00043288299069778156,
    0.0014162311132343618,
    0.002147890534420466,
    -1.0590748509286689e-05,
    0.017341906199457104,
    -0.02548599295922833,
    -0.000255031445656967,
    -0.00011513330407589726,
    0.012434932173815147,
    -7.539770147908571e-05,
    -0.02120003977214281,
    0.0008702198124384489,
    -1.4572615645078105e-05,
    0.0031069380656425605,
    -0.031511151339397525,
    -0.00016209083702308755,
    7.010502608914139e-06,
    1.6230923800785474e-05,
    -0.03400406313838013,
    3.635264463512182e-05,
    2.4400897123100224e-05,
    -0.019593484198416878,
    -0.00011475738410351648,
    0.0009256740343003386,
    -0.023860314661678865,
    5.8972963143542294e-05,
    0.014432085143550672,
    -6.280988775695218e-05,
    9.003073140342471e-05,
    0.009987408890989643,
    -3.639616380092951e-05,
    -0.00029486457099460494,
    0.00019679947835949576,
    5.034282519536657e-05,
    0.009594011784034889,
    0.00022612856298271627,
    0.05947568517381347
  ],
  "val_sse_masked": 0.00038879140629433095,
  "val_nrmse_masked": 0.053670838475227356,
  "val_mse_masked": 1.2959714695170987e-05,
  "val_r2_masked": 0.9971184730529785,
  "val_sse_full": 0.00038616254460066557,
  "val_nrmse_full": 0.0534890815615654,
  "val_mse_full": 1.2872085790149868e-05,
  "val_r2_full": 0.9971379637718201,
  "iteration": 225,
  "p_lo_eff": 0.12967753410339355,
  "p_hi_eff": 1.9451630115509033,
  "f_lo_eff": 0.20659340918064117,
  "f_hi_eff": 1.6527472734451294
}