{
  "tag": "369_07936be6",
  "lmb1": 1.3039518326316775e-06,
  "lmb2": 1.1426882758338916e-07,
  "nonzero_count": 84,
  "complexity_norm": 0.6774193548387096,
  "train_gen_window": 0.015112540948434082,
  "generalizability": 0.018812332666743602,
  "equation": "0.17575 E^{0.5} n P^{-0.5} + 0.051587 F dT_{e} + 0.0041337 F dT_{i} + 0.0058663 F dn + 0.00128 P^{-1} F dT_{e} + 9.3568 \\cdot 10^{-5} P^{-1} F dT_{i} + 0.0063318 P^{-1} F dn + 0.0029844 P^{-1} dT_{e} + 7.6538 \\cdot 10^{-5} P F dT_{i} - 0.00034933 P dn - 0.10175 T_{e}^{0.5} F dT_{e} + 0.00051557 T_{e}^{0.5} F dn + 0.0032052 T_{e}^{0.5} P^{-1} dT_{e} - 0.059133 T_{e}^{0.5} P^{-1} dn + 0.016085 T_{e}^{0.5} T_{i}^{0.5} F dT_{e} + 2.2678 \\cdot 10^{-6} T_{e}^{0.5} T_{i}^{0.5} F dT_{i} - 0.040085 T_{e}^{0.5} T_{i}^{0.5} F dn + 2.4856 \\cdot 10^{-5} T_{e}^{0.5} T_{i}^{0.5} P^{-1} dT_{i} + 0.04527 T_{e}^{0.5} T_{i}^{0.5} P^{-1} dn + 0.0015684 T_{e}^{0.5} T_{i}^{0.5} P dT_{e} + 9.1922 \\cdot 10^{-6} T_{e}^{0.5} T_{i}^{0.5} P dT_{i} + 0.020484 T_{e}^{0.5} T_{i}^{0.5} P dn + 1.0181 \\cdot 10^{-5} T_{e}^{0.5} T_{i}^{0.5} dT_{i} + 0.10066 T_{e}^{0.5} T_{i}^{0.5} dn - 4.1602 \\cdot 10^{-5} T_{e}^{0.5} T_{i} dT_{e} - 1.0867 \\cdot 10^{-6} T_{e}^{0.5} T_{i} dT_{i} - 0.0006182 T_{e}^{0.5} T_{i} dn - 0.11336 T_{e}^{0.5} dn - 0.001736 T_{e} F dT_{i} - 0.0042796 T_{e} F dn + 0.0021849 T_{e} P^{-1} dn + 1.7332 \\cdot 10^{-5} T_{e} P dT_{i} - 0.0028354 T_{e} T_{i}^{0.5} dT_{e} + 0.00049331 T_{e} T_{i} dT_{e} - 4.8743 \\cdot 10^{-7} T_{e} T_{i} dT_{i} - 0.00063442 T_{e} T_{i} dn - 0.001664 T_{e} dT_{e} - 3.1082 \\cdot 10^{-5} T_{e} dT_{i} - 0.0017487 T_{e} dn + 0.0096375 T_{i}^{0.5} F dT_{e} - 0.00023586 T_{i}^{0.5} F dn + 0.00069732 T_{i}^{0.5} P^{-1} dT_{e} + 2.1988 \\cdot 10^{-6} T_{i}^{0.5} P^{-1} dT_{i} + 0.0056625 T_{i}^{0.5} P^{-1} dn + 3.5277 \\cdot 10^{-6} T_{i}^{0.5} P dT_{i} + 0.0038753 T_{i}^{0.5} P dn - 0.00071222 T_{i}^{0.5} dT_{e} + 2.2715 \\cdot 10^{-6} T_{i}^{0.5} dT_{i} + 0.00037021 T_{i}^{0.5} dn - 0.00088549 T_{i} F dT_{e} - 2.4323 \\cdot 10^{-5} T_{i} F dT_{i} - 0.00024054 T_{i} P^{-1} dT_{e} - 0.010501 T_{i} P^{-1} dn - 8.2387 \\cdot 10^{-5} T_{i} P dT_{e} - 0.0066855 T_{i} P dn - 0.00090708 T_{i} dT_{e} - 0.014286 T_{i} dn - 0.00067253 dT_{i} - 0.00067635 n^{-1} F dn + 0.0060623 n^{-1} P^{-1} dn - 0.0078567 n^{-1} T_{e}^{0.5} T_{i}^{0.5} dn - 0.0031635 n^{-1} T_{e}^{0.5} dn - 0.003794 n^{-1} T_{e} dn + 0.0073161 n^{-1} T_{i}^{0.5} dn + 0.00013127 n^{-1} T_{i} dn - 0.00046638 n^{-1} dn - 0.27608 n E^{0.5} - 0.056693 n E^{0.5} P^{-1} - 0.010834 n E^{0.5} T_{e}^{0.5} P^{-1} + 0.05263 n E^{0.5} T_{e}^{0.5} T_{i} - 0.018998 n E^{0.5} T_{e} + 0.0017038 n E^{0.5} T_{e} T_{i}^{0.5} + 0.00042584 n E^{0.5} T_{i}^{0.5} - 0.017123 n E^{0.5} T_{i}^{0.5} F + 0.044602 n E^{0.5} T_{i}^{0.5} P^{-1} + 0.019285 n E^{0.5} T_{i}^{0.5} P + 0.12748 n E^{0.5} T_{i} - 0.034119 n E F - 0.013446 n E P^{-1} - 0.0093699 n E P + 0.59563 n E T_{e}^{0.5} - 0.48131 n E T_{e}^{0.5} T_{i}^{0.5} - 0.027937 n E T_{i}^{0.5} + 0.014166 n E T_{i}",
  "coefficients": [
    0.08853771820592266,
    0.013874795148306843,
    -0.0006988494093936989,
    -0.00034422628386159915,
    0.031103648835998508,
    0.0024664017746404646,
    -0.00485438158620358,
    -0.038104635899188645,
    -0.006242663620130816,
    0.0033174429161340205,
    -0.04039170296486459,
    0.06503982261141845,
    0.001189086336669897,
    0.0009810622802583577,
    0.0008643977143038854,
    0.0014885382247961788,
    -0.016743939724647876,
    0.01378686218254628,
    0.004651788753342481,
    0.00027303907934594744,
    0.004503063892006031,
    -0.0034591770495648972,
    -0.0027145592075338634,
    -0.04150686940632191,
    0.0016403185963561615,
    -0.0018687549207883304,
    0.005321591882263291,
    0.0013862651688568465,
    8.278818102285175e-05,
    0.019425885330699777,
    0.003967279529283102,
    -0.0027291454802361908,
    0.011521257928461344,
    -0.005822172923052957,
    -0.01563670879950132,
    -0.0045566933163148325,
    -0.0014599734817757433,
    0.006561655519911947,
    -0.04231690500188392,
    0.02187315918994656,
    0.006907806535187846,
    -0.000835506217361831,
    -0.0024258591127143047,
    -0.013833177138078714,
    0.011654869415609127,
    0.008003438412783871,
    0.006276064558989045,
    -0.00040419430986857923,
    0.006071495589748746,
    0.00029348402459420915,
    -0.00028892764715114064,
    0.005060881106131122,
    -0.016377384185458473,
    -0.013523034252819942,
    -0.010003626402389585,
    -0.05330375983568726,
    -0.07474617142983155,
    0.0005330220112276002,
    0.05586142994353851,
    0.07696698026963276,
    -0.047613414744922256,
    0.025552168715142022,
    -0.0005723873485595724,
    0.002281438101143565,
    -0.0011115001957894026,
    -0.0042871308985252855,
    -0.000582165037993799,
    -0.04334512266703321,
    -0.15239380256355195,
    0.042011391264813985,
    0.00026267892652441526,
    -0.01701332341972637,
    0.020002059884083656,
    0.08946499525673027,
    -0.00958962433836346,
    -3.4180271079653924e-05,
    0.03598073485860565,
    -0.00976923090856867,
    0.000988011913207788,
    -0.006418899089547853,
    -0.019477977069039844,
    -0.005691840398639082,
    -0.011656149285984775,
    0.0073635277679476845,
    0.20901219453444983,
    -0.1946361575788659,
    0.08628468530349336
  ],
  "val_sse_masked": 0.00015337597869802266,
  "val_nrmse_masked": 0.03370999917387962,
  "val_mse_masked": 5.112533017381793e-06,
  "val_r2_masked": 0.9988632798194885,
  "val_sse_full": 0.00015205808449536562,
  "val_nrmse_full": 0.03356485813856125,
  "val_mse_full": 5.068603059044108e-06,
  "val_r2_full": 0.9988729953765869,
  "iteration": 369,
  "p_lo_eff": 0.12967753410339355,
  "p_hi_eff": 1.9451630115509033,
  "f_lo_eff": 0.20659340918064117,
  "f_hi_eff": 1.6527472734451294
}