{
  "tag": "76_67e376f1",
  "lmb1": 0.00877404627678901,
  "lmb2": 0.1,
  "nonzero_count": 23,
  "complexity_norm": 0.18548387096774194,
  "train_gen_window": 0.16151356434788303,
  "generalizability": 0.17835280652033514,
  "equation": "0.031298 E^{0.5} n P^{-0.5} - 0.0084322 P^{-1} F dn - 0.0033943 T_{e}^{0.5} P^{-1} dn - 0.0027632 T_{e}^{0.5} T_{i}^{0.5} F dn - 0.0067806 T_{e}^{0.5} T_{i}^{0.5} dn - 0.00014451 T_{e}^{0.5} T_{i} dn - 0.0044001 T_{e}^{0.5} dn - 0.00064892 T_{e} F dn - 0.0077873 T_{e} dn - 0.0014035 T_{i}^{0.5} F dn - 0.0026453 T_{i}^{0.5} P^{-1} dn - 0.0043091 T_{i}^{0.5} dn - 0.00047079 T_{i} dn + 0.0013732 n E^{0.5} P^{-1} + 0.00040181 n E^{0.5} T_{e}^{0.5} T_{i}^{0.5} + 0.0061301 n E^{0.5} T_{e}^{0.5} T_{i} + 0.0029699 n E^{0.5} T_{e} T_{i}^{0.5} + 0.00027948 n E^{0.5} T_{i}^{0.5} P^{-1} + 0.0044605 n E^{0.5} T_{i} + 0.010247 n E P^{-1} + 0.0025118 n E T_{e}^{0.5} + 0.0088287 n E T_{e}^{0.5} T_{i}^{0.5} + 0.005926 n E T_{i}^{0.5}",
  "coefficients": [
    0.08853770531117755,
    1.320145283183523e-06,
    1.9655470891921366e-07,
    -9.82329511561264e-08,
    3.2614314360685453e-07,
    2.614120808675891e-07,
    2.2253129261010417e-07,
    3.2343525169541074e-07,
    2.5466166097002024e-07,
    -3.7586363718371207e-07,
    -1.3905395755917166e-07,
    -6.508238542740768e-08,
    -7.647648777245799e-08,
    -1.3061812677601616e-07,
    -1.2271162182155679e-07,
    -1.228232129221947e-07,
    -1.0068606296093245e-07,
    -1.3277698476272383e-07,
    -1.2371797920617163e-07,
    -1.1078444660848467e-07,
    -1.247159608269254e-07,
    -1.0771112896276837e-07,
    -1.4509789674946514e-07,
    -1.0975312947161223e-07,
    -1.4260238311827794e-07,
    -1.0815843221205744e-07,
    -5.571094160553256e-07,
    -8.617620142636467e-06,
    -1.26716590397311e-07,
    -1.3149189174829402e-07,
    -1.5203867978298553e-07,
    -6.498299127877672e-08,
    -8.836016905490656e-08,
    -4.1753951665575937e-08,
    -9.047518026006599e-10,
    -2.4672313085483857e-08,
    1.3252186157992931e-08,
    -7.485976457864767e-07,
    -1.56728791298378e-07,
    -9.219380914105386e-08,
    -3.9554687937296976e-08,
    3.328324096897233e-09,
    -1.2798352008424714e-07,
    -5.4293841084713805e-08,
    7.008024582064299e-09,
    -0.01065830545075772,
    -1.5246612994733325e-06,
    -1.6319133148362143e-08,
    -0.002836342081283276,
    -0.0034160479017011232,
    -0.0017192886607319176,
    -3.143987638327425e-08,
    -2.19600940911928e-07,
    -0.00044564873925647113,
    -3.438607966710369e-08,
    -0.003059705000146454,
    -0.002901235493932494,
    -6.654939907965033e-06,
    -4.2411638445503327e-07,
    -0.005184645474851391,
    -0.003282124520588209,
    -3.949564046006284e-08,
    -0.0001337963267525817,
    -4.3852811198097313e-07,
    -0.004949752784109991,
    -0.000650057641888754,
    -2.3438026564112974e-06,
    0.001049922453289282,
    4.0106919120884016e-07,
    0.00026324406604166627,
    2.5441810625186936e-06,
    5.221531680451913e-07,
    -1.1851470918882996e-08,
    0.0031303525089924934,
    4.417036820145346e-07,
    0.0002396291272698126,
    0.004190849019409918,
    8.014598618604089e-07,
    0.0017222020960298377,
    0.004891733453286807,
    6.807936543986772e-07,
    1.416121125107715e-08,
    0.002472532291586242,
    9.624934548005273e-07,
    0.0008814053479260525,
    0.0035701921629622702,
    0.015365656637779423
  ],
  "val_sse_masked": 0.006931212730705738,
  "val_nrmse_masked": 0.22661292552947998,
  "val_mse_masked": 0.00023104043793864548,
  "val_r2_masked": 0.9486294388771057,
  "val_sse_full": 0.006923484615981579,
  "val_nrmse_full": 0.22648654878139496,
  "val_mse_full": 0.00023078283993527293,
  "val_r2_full": 0.9486867189407349,
  "iteration": 76,
  "p_lo_eff": 0.12967753410339355,
  "p_hi_eff": 1.9451630115509033,
  "f_lo_eff": 0.20659340918064117,
  "f_hi_eff": 1.6527472734451294
}