{
  "tag": "172_0a584d57",
  "lmb1": 9.162437288450538e-05,
  "lmb2": 6.073773469743264e-05,
  "nonzero_count": 41,
  "complexity_norm": 0.33064516129032256,
  "train_gen_window": 0.03830708500449666,
  "generalizability": 0.03236433709496439,
  "equation": "0.087314 E^{0.5} n P^{-0.5} + 0.00012508 F dT_{i} - 0.0040734 P^{-1} F dT_{e} - 3.9247 \\cdot 10^{-5} P^{-1} F dT_{i} - 0.00043035 P^{-1} F dn + 0.00012751 P dn - 0.022838 T_{e}^{0.5} P^{-1} dn - 0.018037 T_{e}^{0.5} T_{i}^{0.5} F dn + 0.0003149 T_{e}^{0.5} T_{i}^{0.5} P^{-1} dn + 0.0002299 T_{e}^{0.5} T_{i}^{0.5} P dn - 0.00013927 T_{e}^{0.5} T_{i}^{0.5} dn - 0.00024283 T_{e}^{0.5} dn + 0.00013613 T_{e} P^{-1} dn + 1.3939 \\cdot 10^{-6} T_{e} P dT_{i} - 0.036065 T_{e} dn + 0.00013114 T_{i}^{0.5} F dT_{e} - 0.00032167 T_{i}^{0.5} F dn + 0.00042389 T_{i}^{0.5} P^{-1} dT_{e} - 0.00019727 T_{i}^{0.5} P^{-1} dn + 0.0016605 T_{i}^{0.5} P dn + 5.7532 \\cdot 10^{-6} T_{i} P^{-1} dT_{e} + 0.0021098 T_{i} P^{-1} dn + 0.0091301 T_{i} P dn - 0.021222 n^{-1} F dn + 0.0035092 n^{-1} P^{-1} dn + 0.00018828 n^{-1} T_{e}^{0.5} dn + 0.00013464 n^{-1} T_{e} dn - 7.2733 \\cdot 10^{-6} n^{-1} T_{i} dn + 0.0016449 n^{-1} dn - 0.0062572 n E^{0.5} - 0.01814 n E^{0.5} T_{e}^{0.5} P^{-1} + 0.00024031 n E^{0.5} T_{e}^{0.5} T_{i} - 0.016641 n E^{0.5} T_{i}^{0.5} F - 0.011668 n E^{0.5} T_{i}^{0.5} P + 0.00020265 n E^{0.5} T_{i} + 0.0069707 n E P^{-1} - 0.00019331 n E P + 0.0073261 n E T_{e}^{0.5} + 0.036153 n E T_{e}^{0.5} T_{i}^{0.5} + 0.0039127 n E T_{i}^{0.5} + 0.00027293 n E T_{i}",
  "coefficients": [
    0.08853770658361815,
    0.0080315792175516,
    0.0024648956294961153,
    -0.010801019622805524,
    -7.630243730455248e-06,
    -0.00013665756680620198,
    0.00028891113599753874,
    -3.410339512291385e-06,
    0.00022153668680628498,
    -0.0013915072491872986,
    -1.4940487985010045e-05,
    0.0019679619819956986,
    4.110108084293131e-05,
    -7.446940342484279e-05,
    -3.0573222158233365e-06,
    5.0443597101466786e-05,
    -3.0096527956735565e-06,
    -6.22263058111075e-05,
    -8.003658352029879e-07,
    -6.6054504607365375e-06,
    6.39799886519761e-05,
    9.865347228428208e-07,
    -1.1456558236545287e-05,
    2.0246145455406385e-05,
    0.00013191986860026044,
    4.1292156676505175e-06,
    2.798656867688899e-05,
    -0.0044116185972597295,
    -2.358518136792789e-06,
    2.5514318091857972e-05,
    0.0024116722832059146,
    5.826879852387014e-05,
    0.00015677566489082992,
    0.00013925688982471308,
    4.024086709083587e-05,
    9.396639656800913e-05,
    5.152205994933779e-05,
    6.912450138557045e-06,
    6.737872804348462e-06,
    3.4268707962026843e-05,
    5.8524424525651195e-06,
    7.729294799517636e-06,
    -1.9261141290841495e-05,
    -3.3483557166705992e-06,
    -1.5245098364278207e-05,
    -0.0005439631168519823,
    -3.0042698577209356e-05,
    0.0001475387196643727,
    -0.00021152255207826007,
    -4.781302429290067e-05,
    -0.000394043764356298,
    0.0021685166201576692,
    0.0032904751905883556,
    -3.2911601256220136e-05,
    0.0136615122015056,
    -0.020586828505258326,
    -0.0001601146050414094,
    -5.0428404027322665e-05,
    0.0003885683823429949,
    -0.00010648824267321373,
    -0.021424096094925436,
    0.00028677670271397325,
    -4.373806219895511e-05,
    0.00014214236557648507,
    -0.022923776082533893,
    -6.59916245055413e-05,
    -3.0144245151277863e-05,
    1.9980055450427312e-05,
    -0.0034539122316043455,
    3.870059577660017e-06,
    5.0714791869251685e-06,
    -0.016534587582844224,
    -0.012102195664636516,
    0.00014221785211223712,
    -0.016055379480382655,
    1.5129059994373707e-05,
    0.00016428719109001728,
    -5.499207612149744e-05,
    1.8495630416935063e-05,
    0.003327697998988956,
    -9.178652124702399e-06,
    -0.00011742727641803234,
    0.0016325019789242823,
    0.00014187030915381536,
    0.002570795043966133,
    0.0146197950856572,
    0.04286654116138432
  ],
  "val_sse_masked": 0.0005730008124373853,
  "val_nrmse_masked": 0.065156489610672,
  "val_mse_masked": 1.910002902150154e-05,
  "val_r2_masked": 0.9957532286643982,
  "val_sse_full": 0.0005671908147633076,
  "val_nrmse_full": 0.06482531130313873,
  "val_mse_full": 1.8906361219706014e-05,
  "val_r2_full": 0.995796263217926,
  "iteration": 172,
  "p_lo_eff": 0.12967753410339355,
  "p_hi_eff": 1.9451630115509033,
  "f_lo_eff": 0.20659340918064117,
  "f_hi_eff": 1.6527472734451294
}