{
  "tag": "301_70cfb58c",
  "lmb1": 6.022588988734874e-05,
  "lmb2": 2.8377171738993126e-06,
  "nonzero_count": 42,
  "complexity_norm": 0.3387096774193548,
  "train_gen_window": 0.032567281975912556,
  "generalizability": 0.02695781381836917,
  "equation": "0.1194 E^{0.5} n P^{-0.5} + 0.00012378 F dT_{i} - 0.0030313 P^{-1} F dT_{e} - 8.9988 \\cdot 10^{-5} P^{-1} F dn - 0.022174 T_{e}^{0.5} P^{-1} dn - 0.01843 T_{e}^{0.5} T_{i}^{0.5} F dn - 6.3981 \\cdot 10^{-7} T_{e}^{0.5} T_{i}^{0.5} P^{-1} dT_{i} + 0.0046412 T_{e}^{0.5} T_{i}^{0.5} P^{-1} dn + 0.00046956 T_{e}^{0.5} T_{i}^{0.5} P dn - 0.00013919 T_{e}^{0.5} T_{i}^{0.5} dn - 0.00036691 T_{e}^{0.5} dn + 0.00079452 T_{e} P^{-1} dn + 2.3006 \\cdot 10^{-6} T_{e} P dT_{i} - 0.00013144 T_{e} dT_{e} - 0.050248 T_{e} dn + 0.00010024 T_{i}^{0.5} F dT_{e} - 0.00032182 T_{i}^{0.5} F dn + 0.00044307 T_{i}^{0.5} P^{-1} dT_{e} - 9.5391 \\cdot 10^{-7} T_{i}^{0.5} P^{-1} dT_{i} - 0.00053244 T_{i}^{0.5} P^{-1} dn + 0.006191 T_{i}^{0.5} P dn + 0.0018433 T_{i} P^{-1} dn + 2.1109 \\cdot 10^{-5} T_{i} P dT_{e} + 0.0081206 T_{i} P dn - 0.016252 n^{-1} F dn + 0.0031328 n^{-1} P^{-1} dn + 0.00022908 n^{-1} T_{e}^{0.5} dn + 0.00081557 n^{-1} T_{e} dn - 4.0044 \\cdot 10^{-5} n^{-1} T_{i} dn + 0.00036179 n^{-1} dn - 0.053481 n E^{0.5} - 0.02585 n E^{0.5} T_{e}^{0.5} P^{-1} + 0.012324 n E^{0.5} T_{e}^{0.5} T_{i} - 0.019417 n E^{0.5} T_{i}^{0.5} F - 0.00032831 n E^{0.5} T_{i}^{0.5} P + 0.0015383 n E^{0.5} T_{i} + 0.017981 n E P^{-1} - 0.00048566 n E P + 0.029032 n E T_{e}^{0.5} + 0.0024915 n E T_{e}^{0.5} T_{i}^{0.5} + 0.0016022 n E T_{i}^{0.5} + 0.00023929 n E T_{i}",
  "coefficients": [
    0.08853770720441789,
    0.007170107387204961,
    0.0005421344428484605,
    -0.00827134960381662,
    -3.613841331733726e-05,
    -0.000752389937575817,
    0.00035151730243558566,
    -1.5670222689508717e-05,
    0.0013419521639497995,
    -5.199752703644218e-05,
    -8.79628302575826e-05,
    0.0019476054443070068,
    8.004356346464969e-05,
    -0.00042561662968275074,
    -3.294309998923373e-05,
    5.3087083312113395e-05,
    -1.5959242657300917e-05,
    -0.0003548863186315355,
    -2.924550538114875e-05,
    -3.1218660440125994e-05,
    6.346266428407857e-05,
    -1.9464462453577692e-05,
    -8.888358150487764e-05,
    1.3917178983455304e-05,
    0.000217734384736202,
    -1.1822509722944967e-05,
    4.124043939864815e-05,
    -0.0032829970882068057,
    -8.425530368204319e-05,
    -6.804876915766778e-07,
    0.002520766192389072,
    4.0409157825681044e-05,
    0.00011983209692756497,
    8.50773705743845e-05,
    3.7016290166935e-05,
    6.654017036906713e-05,
    0.0003740670219655187,
    9.30631066905119e-06,
    -2.2205209208758256e-05,
    3.083464506195965e-05,
    5.864252088550836e-06,
    -2.608872638374158e-06,
    -0.0001916238402614111,
    -3.3936851658872394e-05,
    1.0716834543650748e-05,
    -0.00011374483668396567,
    -3.968611168889793e-05,
    8.294074780020143e-05,
    -0.0005708972200247104,
    -5.6720569899149044e-05,
    -0.0003942198240896226,
    0.008084965551649271,
    0.002874829952053059,
    -3.27927947324048e-05,
    0.012150871375532824,
    -0.019988385544222827,
    -0.00024192513920462004,
    -6.661061727450517e-05,
    0.00572708846115142,
    -0.00010642519864911337,
    -0.021891315276405282,
    0.0005857274179294677,
    -4.0094871142749394e-05,
    0.0008296258856944099,
    -0.03193849524495416,
    -8.857812989756917e-05,
    -2.2519249117511442e-05,
    2.0575826670470134e-05,
    -0.02952080818100638,
    1.6319401357231505e-05,
    1.701380665138067e-05,
    -0.019293032916217135,
    -0.0003405201559844417,
    0.0010795424422506807,
    -0.022880401042249716,
    3.679655661295583e-05,
    0.008425679751709835,
    -7.117068544345926e-05,
    4.6645460612928385e-05,
    0.008583749870074221,
    -2.387120174433926e-05,
    -0.0002950232308869144,
    0.0006684879119665809,
    0.00012438731038827595,
    0.010187565485706103,
    0.0010075266624517542,
    0.058617803475779225
  ],
  "val_sse_masked": 0.00044020466157235205,
  "val_nrmse_masked": 0.057109370827674866,
  "val_mse_masked": 1.4673489204142243e-05,
  "val_r2_masked": 0.9967374205589294,
  "val_sse_full": 0.0004343374748714268,
  "val_nrmse_full": 0.05672750994563103,
  "val_mse_full": 1.4477916920441203e-05,
  "val_r2_full": 0.9967809319496155,
  "iteration": 301,
  "p_lo_eff": 0.12967753410339355,
  "p_hi_eff": 1.9451630115509033,
  "f_lo_eff": 0.20659340918064117,
  "f_hi_eff": 1.6527472734451294
}