{
  "tag": "422_dfd02554",
  "lmb1": 0.0005280517827496807,
  "lmb2": 0.00013597474955276046,
  "nonzero_count": 18,
  "complexity_norm": 0.14516129032258066,
  "train_gen_window": 0.05364446357923249,
  "generalizability": 0.05349297632566381,
  "equation": "0.050136 E^{0.5} n P^{-0.5} - 0.00383 P^{-1} F dT_{e} - 7.3456 \\cdot 10^{-5} P^{-1} F dT_{i} - 0.0025912 P^{-1} F dn + 0.00047228 P dn - 0.00079664 T_{e}^{0.5} T_{i}^{0.5} dn - 0.069903 T_{e} dn - 0.0086564 T_{i}^{0.5} P^{-1} dn + 0.00047078 T_{i}^{0.5} P dn + 0.0062661 T_{i} P dn - 0.0011173 n^{-1} F dn + 0.00048029 n^{-1} P^{-1} dn - 0.00014353 n E^{0.5} T_{e}^{0.5} P^{-1} + 0.0063813 n E^{0.5} T_{e}^{0.5} T_{i} - 0.021951 n E^{0.5} T_{i}^{0.5} P + 0.002418 n E^{0.5} T_{i} + 0.045119 n E T_{e}^{0.5} T_{i}^{0.5} + 0.00077523 n E T_{i}^{0.5}",
  "coefficients": [
    0.08853770263786948,
    0.0010992412725071103,
    1.1928033580401433e-05,
    -0.0005686283324118495,
    2.3770199808312666e-06,
    1.0233483751585322e-06,
    4.135548936817682e-06,
    4.3579301935121576e-07,
    1.063433439869595e-06,
    -0.0026043768780852168,
    -1.2013758199290873e-07,
    8.931533348415672e-06,
    1.5823783523195285e-06,
    -3.1849195700142817e-06,
    -2.638513532306023e-06,
    -3.2912994347035595e-06,
    -3.996011320539025e-06,
    -2.7913758598387687e-06,
    -2.1987228790059516e-06,
    -1.2704129681426151e-06,
    -2.8503849282832082e-06,
    -4.139331968270675e-06,
    7.507074626938077e-07,
    3.748195709820971e-06,
    -1.1428185734278285e-07,
    -3.7602905794840815e-06,
    -1.778144517082714e-07,
    -0.004147940527392189,
    7.695943012475523e-06,
    7.683630492016219e-06,
    4.827797113472164e-06,
    3.579616266234795e-05,
    1.1728109363013315e-05,
    1.1494859723871818e-05,
    3.393067471264657e-05,
    1.6893489934642026e-05,
    2.221507202253405e-05,
    -4.814862219579327e-07,
    7.3053133354449e-06,
    1.1085733699091228e-05,
    2.7735449175008492e-05,
    3.0942285963096684e-05,
    2.262155241898749e-05,
    5.463684083863977e-05,
    2.7373949843179157e-05,
    -0.003275260133591806,
    -6.709225931289365e-06,
    0.0005464524791095608,
    -0.009281760498940335,
    -3.604698816880484e-05,
    -1.8595447008759893e-05,
    0.0006148021223996844,
    -2.0645451778711236e-06,
    -2.286302189123848e-05,
    0.009376085759105434,
    -2.5774753282701435e-05,
    -6.10519871473365e-05,
    -8.72217176978841e-06,
    -2.5947278431712207e-06,
    -0.0006091338186160648,
    -2.793929427802069e-05,
    4.671899069836553e-05,
    -4.625571831075848e-05,
    -2.74513208819247e-07,
    -0.04443181073216655,
    -1.0249799801394118e-05,
    -5.863527250416071e-05,
    -1.8582670093972294e-06,
    1.997117015154842e-06,
    7.485917711725726e-07,
    1.2138210200058849e-05,
    -4.5739343007669475e-07,
    -0.022767698736904263,
    0.0016969456203646761,
    -0.00012703704499084884,
    1.379697615860377e-05,
    0.004362614439892462,
    2.0432990696127855e-06,
    1.2098552339855744e-05,
    1.0161545774058346e-05,
    2.6342428816809494e-06,
    -3.533098441123965e-05,
    0.0003234501369675712,
    2.641592028131813e-05,
    4.19119789060754e-05,
    0.01824534102735831,
    0.02461435118263717
  ],
  "val_sse_masked": 0.0008378968923352659,
  "val_nrmse_masked": 0.07879077643156052,
  "val_mse_masked": 2.7929898351430893e-05,
  "val_r2_masked": 0.9937899708747864,
  "val_sse_full": 0.0008175778202712536,
  "val_nrmse_full": 0.07782956957817078,
  "val_mse_full": 2.725259582803119e-05,
  "val_r2_full": 0.993940532207489,
  "iteration": 422,
  "p_lo_eff": 0.12967753410339355,
  "p_hi_eff": 1.9451630115509033,
  "f_lo_eff": 0.20659340918064117,
  "f_hi_eff": 1.6527472734451294
}