{
  "tag": "25_a737302a",
  "lmb1": 9.283478313901364e-05,
  "lmb2": 1.417575355979362e-07,
  "nonzero_count": 39,
  "complexity_norm": 0.31451612903225806,
  "train_gen_window": 0.03731523414565085,
  "generalizability": 0.03211058485909899,
  "equation": "0.089677 E^{0.5} n P^{-0.5} + 0.00010443 F dT_{i} - 0.0041538 P^{-1} F dT_{e} - 3.3189 \\cdot 10^{-5} P^{-1} F dT_{i} - 0.00036342 P^{-1} F dn + 9.0808 \\cdot 10^{-5} P dn - 0.02277 T_{e}^{0.5} P^{-1} dn - 0.018274 T_{e}^{0.5} T_{i}^{0.5} F dn + 0.00026574 T_{e}^{0.5} T_{i}^{0.5} P^{-1} dn + 0.00018446 T_{e}^{0.5} T_{i}^{0.5} P dn - 0.00020232 T_{e}^{0.5} dn + 0.00013181 T_{e} P^{-1} dn + 2.4718 \\cdot 10^{-6} T_{e} P dT_{i} - 0.036687 T_{e} dn + 0.00012217 T_{i}^{0.5} F dT_{e} - 0.00021963 T_{i}^{0.5} F dn + 0.00043924 T_{i}^{0.5} P^{-1} dT_{e} - 0.00015006 T_{i}^{0.5} P^{-1} dn + 0.0014382 T_{i}^{0.5} P dn + 4.7065 \\cdot 10^{-6} T_{i} P^{-1} dT_{e} + 0.0021576 T_{i} P^{-1} dn + 0.009415 T_{i} P dn - 0.0208 n^{-1} F dn + 0.0034722 n^{-1} P^{-1} dn + 0.00017408 n^{-1} T_{e}^{0.5} dn + 0.00013083 n^{-1} T_{e} dn - 7.8332 \\cdot 10^{-6} n^{-1} T_{i} dn + 0.0015497 n^{-1} dn - 0.0075675 n E^{0.5} - 0.018595 n E^{0.5} T_{e}^{0.5} P^{-1} + 0.00019043 n E^{0.5} T_{e}^{0.5} T_{i} - 0.017022 n E^{0.5} T_{i}^{0.5} F - 0.011298 n E^{0.5} T_{i}^{0.5} P + 0.00015867 n E^{0.5} T_{i} + 0.0070567 n E P^{-1} + 0.0038814 n E T_{e}^{0.5} + 0.040165 n E T_{e}^{0.5} T_{i}^{0.5} + 0.0022061 n E T_{i}^{0.5} + 0.0002499 n E T_{i}",
  "coefficients": [
    0.0885377064970132,
    0.007946822301123384,
    0.002322182964083324,
    -0.010585994552011454,
    -8.35156753517792e-06,
    -0.00014717688960131625,
    0.00026711966488097137,
    -4.648595971712407e-06,
    0.0002152772797617168,
    -0.0011767047287842749,
    -1.0514770392142029e-05,
    0.0016430478875046736,
    4.116496371216274e-05,
    -5.88451927979697e-05,
    -1.8584266582583974e-06,
    4.694597034234545e-05,
    -2.044605477854414e-06,
    -5.049923447369606e-05,
    3.9236324602086043e-07,
    -5.268052439860686e-06,
    5.9107293479629896e-05,
    2.311302268581325e-06,
    -8.719303522530076e-06,
    2.090738884377624e-05,
    0.00023393653316964766,
    5.524238380966293e-06,
    2.7809077866745845e-05,
    -0.004498675410034945,
    -6.1965088954599885e-06,
    2.279348193060988e-05,
    0.0024989766470139146,
    4.857833611493052e-05,
    0.00014604785837665635,
    0.00011392051096787608,
    3.838057563008165e-05,
    8.020918465063283e-05,
    5.0745861298786425e-05,
    5.903973298836421e-06,
    5.2740824838151245e-06,
    3.4474561339554065e-05,
    3.449546279995984e-06,
    8.745660439410505e-06,
    -2.3197964447943747e-05,
    -3.6980890135284317e-06,
    -1.0773044044617227e-05,
    -0.00045936434303272953,
    -2.85518977040928e-05,
    0.00010507037583785476,
    -0.00016090303719622502,
    -4.286449687409924e-05,
    -0.0002690463015037239,
    0.0018781285125236274,
    0.0033650946979753853,
    -3.265870201992152e-05,
    0.01408773697505047,
    -0.020524991966248324,
    -0.00013339899863055633,
    -4.7039629951661014e-05,
    0.0003279136092669981,
    -8.56645498604318e-05,
    -0.02170598725778476,
    0.00023010250786535121,
    -4.1087844226610014e-05,
    0.00013763371214614594,
    -0.023318795451554356,
    -6.096048524368735e-05,
    -2.8133667601749032e-05,
    1.8386322850444986e-05,
    -0.004177194250434162,
    2.791846357643001e-06,
    4.092695436389279e-06,
    -0.016913617407051443,
    -0.011718545651243698,
    0.00011135068018387145,
    -0.01645865490104641,
    1.3319378357304477e-05,
    0.00013019142563901277,
    -5.5573972664399515e-05,
    1.5975192314967393e-05,
    0.003368741657784173,
    -7.416212889058356e-06,
    -9.369003965181702e-05,
    0.0009204733209118719,
    0.00012990241391530973,
    0.001362003130933298,
    0.0162421877986536,
    0.044026782842045406
  ],
  "val_sse_masked": 0.0005686363438144326,
  "val_nrmse_masked": 0.06490787118673325,
  "val_mse_masked": 1.8954546249005944e-05,
  "val_r2_masked": 0.9957855343818665,
  "val_sse_full": 0.0005631425301544368,
  "val_nrmse_full": 0.06459356099367142,
  "val_mse_full": 1.8771419490803964e-05,
  "val_r2_full": 0.9958263039588928,
  "iteration": 25,
  "p_lo_eff": 0.12967753410339355,
  "p_hi_eff": 1.9451630115509033,
  "f_lo_eff": 0.20659340918064117,
  "f_hi_eff": 1.6527472734451294
}