{
  "tag": "392_980b2c6c",
  "lmb1": 1.3992080332701719e-07,
  "lmb2": 1.4738934177471287e-07,
  "nonzero_count": 86,
  "complexity_norm": 0.6935483870967742,
  "train_gen_window": 0.013734773295164529,
  "generalizability": 0.031245868583896167,
  "equation": "0.16628 E^{0.5} n P^{-0.5} + 0.16529 F dT_{e} + 0.0067245 F dT_{i} + 0.03503 F dn + 0.0013068 P^{-1} F dT_{e} - 0.00016602 P^{-1} F dT_{i} + 0.0094623 P^{-1} F dn - 0.012075 P^{-1} dT_{e} - 0.0010612 P F dT_{i} - 0.021823 P dn - 0.21296 T_{e}^{0.5} F dT_{e} + 0.018855 T_{e}^{0.5} F dn + 0.016631 T_{e}^{0.5} P^{-1} dT_{e} - 0.076595 T_{e}^{0.5} P^{-1} dn + 0.033798 T_{e}^{0.5} T_{i}^{0.5} F dT_{e} - 0.00081875 T_{e}^{0.5} T_{i}^{0.5} F dT_{i} - 0.066404 T_{e}^{0.5} T_{i}^{0.5} F dn + 0.00030931 T_{e}^{0.5} T_{i}^{0.5} P^{-1} dT_{i} + 0.02586 T_{e}^{0.5} T_{i}^{0.5} P^{-1} dn + 0.0018193 T_{e}^{0.5} T_{i}^{0.5} P dT_{e} + 2.2997 \\cdot 10^{-5} T_{e}^{0.5} T_{i}^{0.5} P dT_{i} + 0.0016498 T_{e}^{0.5} T_{i}^{0.5} P dn + 0.00018014 T_{e}^{0.5} T_{i}^{0.5} dT_{i} + 0.23429 T_{e}^{0.5} T_{i}^{0.5} dn - 0.0037069 T_{e}^{0.5} T_{i} dT_{e} + 1.3616 \\cdot 10^{-5} T_{e}^{0.5} T_{i} dT_{i} + 0.0072949 T_{e}^{0.5} T_{i} dn - 0.19634 T_{e}^{0.5} dn - 0.0012817 T_{e} F dT_{i} - 0.053427 T_{e} F dn + 0.016411 T_{e} P^{-1} dn + 0.00039781 T_{e} P dT_{i} - 0.011354 T_{e} T_{i}^{0.5} dT_{e} + 0.0029016 T_{e} T_{i} dT_{e} - 1.5339 \\cdot 10^{-5} T_{e} T_{i} dT_{i} - 0.0056159 T_{e} T_{i} dn + 0.011697 T_{e} dT_{e} - 0.00079512 T_{e} dT_{i} + 0.014435 T_{e} dn + 0.0037535 T_{i}^{0.5} F dT_{e} + 0.017807 T_{i}^{0.5} F dn + 0.00011482 T_{i}^{0.5} P^{-1} dT_{e} - 0.00030585 T_{i}^{0.5} P^{-1} dT_{i} + 0.024335 T_{i}^{0.5} P^{-1} dn - 0.00010638 T_{i}^{0.5} P dT_{i} + 0.064381 T_{i}^{0.5} P dn + 0.0093096 T_{i}^{0.5} dT_{e} + 8.3702 \\cdot 10^{-5} T_{i}^{0.5} dT_{i} - 0.014535 T_{i}^{0.5} dn - 0.0092938 T_{i} F dT_{e} - 8.1523 \\cdot 10^{-6} T_{i} F dT_{i} + 0.0003133 T_{i} P^{-1} dT_{e} - 0.0097739 T_{i} P^{-1} dn - 0.00062804 T_{i} P dT_{e} - 0.033022 T_{i} P dn + 0.0017842 T_{i} dT_{e} - 0.052337 T_{i} dn - 0.017675 dT_{e} - 0.00054166 dT_{i} + 0.011983 n^{-1} F dn + 0.0039893 n^{-1} P^{-1} dn - 0.021513 n^{-1} T_{e}^{0.5} T_{i}^{0.5} dn - 0.012442 n^{-1} T_{e}^{0.5} dn + 0.0089726 n^{-1} T_{e} dn + 0.018784 n^{-1} T_{i}^{0.5} dn + 0.0014541 n^{-1} T_{i} dn - 0.0050566 n^{-1} dn - 0.29344 n E^{0.5} - 0.072034 n E^{0.5} P^{-1} + 0.0013011 n E^{0.5} T_{e}^{0.5} P^{-1} - 0.0079839 n E^{0.5} T_{e}^{0.5} T_{i}^{0.5} + 0.0055383 n E^{0.5} T_{e}^{0.5} T_{i} - 0.055342 n E^{0.5} T_{e} - 0.0001892 n E^{0.5} T_{e} T_{i}^{0.5} + 0.031746 n E^{0.5} T_{i}^{0.5} - 0.0095335 n E^{0.5} T_{i}^{0.5} F + 0.058129 n E^{0.5} T_{i}^{0.5} P^{-1} + 0.016122 n E^{0.5} T_{i}^{0.5} P + 0.19785 n E^{0.5} T_{i} - 0.065397 n E F - 0.035045 n E P^{-1} - 0.016704 n E P + 0.8639 n E T_{e}^{0.5} - 0.60726 n E T_{e}^{0.5} T_{i}^{0.5} - 0.15464 n E T_{i}^{0.5} + 0.078158 n E T_{i}",
  "coefficients": [
    0.08853772303229501,
    0.009130459943951296,
    -0.007577169250610213,
    0.006098705600107428,
    0.07985912739949488,
    0.02732071851654539,
    -0.01909229874532875,
    -0.10433469877427061,
    0.014763777454727376,
    -0.005886324162578595,
    -0.032531342532677976,
    0.10580297705072526,
    -0.016487144877125,
    -0.1364643512187664,
    0.031852453060595566,
    -0.04488660827607279,
    -0.0056120883137568515,
    0.1715661037860422,
    0.0823031057637055,
    -0.09857569782769192,
    0.011265684288695479,
    0.04334014701365087,
    -0.06944075297899359,
    -0.030644160791336104,
    0.037649521976618486,
    -0.058809054010380245,
    -0.021530739517820217,
    0.0014153198515542142,
    -0.0228454567351446,
    0.062242352716302955,
    0.0006532532088555105,
    0.03567314330984732,
    0.004487173080917978,
    0.007583372484810563,
    0.030756527889647868,
    -0.04782547274498036,
    -0.01112940361603897,
    0.03404685814741638,
    -0.08856777888672461,
    0.045961124429738785,
    0.008013208683301562,
    -0.07444781059441664,
    0.01705253843045653,
    -0.055393074718287756,
    0.0685536373865905,
    0.011960288955800707,
    0.03747696485271552,
    -0.02525107314101031,
    0.026092956497234417,
    -0.0115229383442941,
    0.021812749298972603,
    0.08407639546351575,
    -0.015243898456673817,
    -0.049541393833054746,
    -0.04941137412902881,
    -0.06904375849873527,
    -0.12946151783855747,
    0.019493268052395287,
    0.03190973380323163,
    0.17914421006276326,
    -0.07887531414522814,
    0.002058026360347062,
    0.006754262733710319,
    0.017135863075876508,
    0.009174913723701257,
    -0.05352077304566423,
    -0.005153282877684236,
    -0.05507430868118568,
    -0.16197506123737596,
    0.054752532187876526,
    0.019582534652046804,
    -0.009472535752788825,
    0.016721656487143584,
    0.13885219791747028,
    0.001151635641703716,
    -0.0047613135844101675,
    0.003786292724642792,
    -0.02845828316986361,
    -0.00010971453622823403,
    -0.016729848769193614,
    -0.037334095907134004,
    -0.010147110964153687,
    -0.06452296181355366,
    0.040627693427394876,
    0.30315051266823784,
    -0.24556951212428546,
    0.08163526349749228
  ],
  "val_sse_masked": 0.0001226805616170168,
  "val_nrmse_masked": 0.03014865517616272,
  "val_mse_masked": 4.08935238738195e-06,
  "val_r2_masked": 0.9990907311439514,
  "val_sse_full": 0.0001226805616170168,
  "val_nrmse_full": 0.03014865517616272,
  "val_mse_full": 4.08935238738195e-06,
  "val_r2_full": 0.9990907311439514,
  "iteration": 392,
  "p_lo_eff": 0.12967753410339355,
  "p_hi_eff": 1.9451630115509033,
  "f_lo_eff": 0.20659340918064117,
  "f_hi_eff": 1.6527472734451294
}