{
  "tag": "197_171ccb17",
  "lmb1": 0.00081687938088269,
  "lmb2": 5.97427983975018e-08,
  "nonzero_count": 16,
  "complexity_norm": 0.12903225806451613,
  "train_gen_window": 0.059575004319329994,
  "generalizability": 0.06127786572615325,
  "equation": "0.053795 E^{0.5} n P^{-0.5} - 0.0038179 P^{-1} F dT_{e} - 7.6593 \\cdot 10^{-5} P^{-1} F dT_{i} - 0.002281 P^{-1} F dn + 0.0003639 P dn - 0.0020234 T_{e}^{0.5} T_{i}^{0.5} dn - 0.063027 T_{e} dn - 0.0096271 T_{i}^{0.5} P^{-1} dn + 0.00012169 T_{i}^{0.5} P dn + 0.0039433 T_{i} P dn + 0.00024657 n^{-1} P^{-1} dn + 0.0084387 n E^{0.5} T_{e}^{0.5} T_{i} - 0.021577 n E^{0.5} T_{i}^{0.5} P + 0.00097513 n E^{0.5} T_{i} + 0.039272 n E T_{e}^{0.5} T_{i}^{0.5} + 0.00030696 n E T_{i}^{0.5}",
  "coefficients": [
    0.08853770317132448,
    0.0005643353007239324,
    1.1150218720123088e-05,
    -1.2488579294673054e-05,
    6.763706299841814e-06,
    5.8002798533468835e-06,
    5.116183072700796e-06,
    4.013187151070173e-06,
    2.8815971049748546e-06,
    -0.0027155853774921946,
    -2.96864424989087e-06,
    1.1772829149744341e-06,
    -2.068562237650361e-06,
    -3.646054607214348e-06,
    -4.97165192007355e-06,
    -8.564899847317658e-06,
    -4.440215573059283e-06,
    -3.272868307835311e-06,
    -4.383351790474607e-06,
    -2.6098837902689394e-06,
    -7.685477839233763e-06,
    -5.556020421346441e-06,
    -2.1680715363234727e-06,
    -1.0506135165050028e-07,
    -4.8110410412440695e-06,
    -5.048119512597478e-06,
    -1.5816465910653185e-06,
    -0.00413489693450518,
    1.8076543278066198e-06,
    1.7969390551154154e-06,
    8.080772419481275e-07,
    5.596113170266783e-06,
    2.664113106006212e-06,
    2.756925709890579e-06,
    9.679189876229635e-06,
    4.278913701150448e-06,
    1.018430437985336e-05,
    -1.7684844401617354e-06,
    1.6554911711992225e-06,
    2.6506753126427427e-06,
    5.710131625369903e-06,
    1.0300744805714275e-05,
    3.515323371105502e-06,
    8.208758701059411e-06,
    1.0637318888814265e-05,
    -0.002883146002006293,
    -6.433146393083906e-06,
    0.00042105755029448757,
    -0.010322538656270159,
    -3.5247688907177055e-05,
    -3.498575852813174e-05,
    0.00015891085538034547,
    -2.485830311593798e-06,
    -1.9029085439039273e-05,
    0.005900368445533014,
    -1.4505584827082735e-05,
    -3.377925662248307e-05,
    -8.688484700083e-06,
    -2.856821003974589e-06,
    -0.001547179888230874,
    -9.351934695673374e-05,
    2.718180702784892e-05,
    -3.3774680670064426e-05,
    -1.058041608562905e-06,
    -0.04006090534975954,
    -1.0891210000992783e-05,
    -3.267722477721014e-05,
    -3.072201166240239e-07,
    1.8943613667866927e-06,
    1.316898211647563e-06,
    9.197364309227486e-06,
    1.272704780576065e-06,
    -0.022379429190292358,
    0.0006843391335988833,
    -6.855326001350394e-06,
    1.0874890795290099e-05,
    0.005769168938426652,
    2.074682180470147e-06,
    1.0012109612714254e-05,
    7.439517960005092e-06,
    3.239411939321196e-06,
    -2.7366397774337274e-05,
    0.00012807476922066947,
    1.353430479724781e-05,
    2.3340114389758696e-05,
    0.015881113258014775,
    0.026410548630985322
  ],
  "val_sse_masked": 0.0009946745121851563,
  "val_nrmse_masked": 0.08584609627723694,
  "val_mse_masked": 3.315581852803007e-05,
  "val_r2_masked": 0.9926279783248901,
  "val_sse_full": 0.0009659066563472152,
  "val_nrmse_full": 0.08459557592868805,
  "val_mse_full": 3.219689097022638e-05,
  "val_r2_full": 0.9928411841392517,
  "iteration": 197,
  "p_lo_eff": 0.12967753410339355,
  "p_hi_eff": 1.9451630115509033,
  "f_lo_eff": 0.20659340918064117,
  "f_hi_eff": 1.6527472734451294
}