{
  "tag": "39_0436e5af",
  "lmb1": 1e-08,
  "lmb2": 6.782730858137433e-06,
  "nonzero_count": 86,
  "complexity_norm": 0.6935483870967742,
  "train_gen_window": 0.01391571479134545,
  "generalizability": 0.02034593850444034,
  "equation": "0.17294 E^{0.5} n P^{-0.5} + 0.076843 F dT_{e} + 0.0055148 F dT_{i} + 0.019424 F dn + 0.0017037 P^{-1} F dT_{e} + 6.9228 \\cdot 10^{-5} P^{-1} F dT_{i} + 0.0070058 P^{-1} F dn - 0.0014334 P^{-1} dT_{e} - 0.00023987 P F dT_{i} - 0.023327 P dn - 0.14981 T_{e}^{0.5} F dT_{e} + 0.0023195 T_{e}^{0.5} F dn + 0.0073429 T_{e}^{0.5} P^{-1} dT_{e} - 0.076334 T_{e}^{0.5} P^{-1} dn + 0.023266 T_{e}^{0.5} T_{i}^{0.5} F dT_{e} - 0.00010772 T_{e}^{0.5} T_{i}^{0.5} F dT_{i} - 0.036229 T_{e}^{0.5} T_{i}^{0.5} F dn + 7.8981 \\cdot 10^{-5} T_{e}^{0.5} T_{i}^{0.5} P^{-1} dT_{i} + 0.046075 T_{e}^{0.5} T_{i}^{0.5} P^{-1} dn + 0.0032706 T_{e}^{0.5} T_{i}^{0.5} P dT_{e} + 2.0634 \\cdot 10^{-5} T_{e}^{0.5} T_{i}^{0.5} P dT_{i} + 0.03069 T_{e}^{0.5} T_{i}^{0.5} P dn + 7.3392 \\cdot 10^{-5} T_{e}^{0.5} T_{i}^{0.5} dT_{i} + 0.09227 T_{e}^{0.5} T_{i}^{0.5} dn + 0.00014675 T_{e}^{0.5} T_{i} dT_{e} - 4.6485 \\cdot 10^{-6} T_{e}^{0.5} T_{i} dT_{i} + 0.005861 T_{e}^{0.5} T_{i} dn - 0.093265 T_{e}^{0.5} dn - 0.0021768 T_{e} F dT_{i} - 0.026348 T_{e} F dn + 0.0099289 T_{e} P^{-1} dn + 2.5404 \\cdot 10^{-5} T_{e} P dT_{i} - 0.007637 T_{e} T_{i}^{0.5} dT_{e} + 0.0012089 T_{e} T_{i} dT_{e} + 8.1437 \\cdot 10^{-7} T_{e} T_{i} dT_{i} + 0.029263 T_{e} T_{i} dn + 0.0029223 T_{e} dT_{e} - 0.00012901 T_{e} dT_{i} - 0.023556 T_{e} dn + 0.017691 T_{i}^{0.5} F dT_{e} - 0.0039781 T_{i}^{0.5} F dn + 0.002326 T_{i}^{0.5} P^{-1} dT_{e} - 7.7822 \\cdot 10^{-5} T_{i}^{0.5} P^{-1} dT_{i} + 0.017975 T_{i}^{0.5} P^{-1} dn - 1.4826 \\cdot 10^{-5} T_{i}^{0.5} P dT_{i} + 0.034857 T_{i}^{0.5} P dn - 0.00010767 T_{i}^{0.5} dT_{e} - 1.9974 \\cdot 10^{-6} T_{i}^{0.5} dT_{i} + 0.0097307 T_{i}^{0.5} dn - 0.0035814 T_{i} F dT_{e} - 1.7112 \\cdot 10^{-5} T_{i} F dT_{i} - 0.00053712 T_{i} P^{-1} dT_{e} - 0.015286 T_{i} P^{-1} dn - 0.00046813 T_{i} P dT_{e} - 0.022719 T_{i} P dn - 0.00092017 T_{i} dT_{e} - 0.047359 T_{i} dn - 0.0028995 dT_{e} - 0.00073719 dT_{i} + 0.0031506 n^{-1} F dn + 0.0060305 n^{-1} P^{-1} dn - 0.01193 n^{-1} T_{e}^{0.5} T_{i}^{0.5} dn - 0.0091774 n^{-1} T_{e}^{0.5} dn - 0.0021161 n^{-1} T_{e} dn + 0.01362 n^{-1} T_{i}^{0.5} dn - 5.165 \\cdot 10^{-5} n^{-1} T_{i} dn - 0.00096165 n^{-1} dn - 0.21093 n E^{0.5} - 0.062654 n E^{0.5} P^{-1} - 0.0041515 n E^{0.5} T_{e}^{0.5} P^{-1} - 0.0091967 n E^{0.5} T_{e}^{0.5} T_{i}^{0.5} + 0.061933 n E^{0.5} T_{e}^{0.5} T_{i} - 0.069149 n E^{0.5} T_{e} + 0.017801 n E^{0.5} T_{e} T_{i}^{0.5} - 0.0059783 n E^{0.5} T_{i}^{0.5} - 0.016696 n E^{0.5} T_{i}^{0.5} F + 0.047565 n E^{0.5} T_{i}^{0.5} P^{-1} + 0.018539 n E^{0.5} T_{i}^{0.5} P + 0.10063 n E^{0.5} T_{i} - 0.046197 n E F - 0.022881 n E P^{-1} - 0.0057277 n E P + 0.52 n E T_{e}^{0.5} - 0.28549 n E T_{e}^{0.5} T_{i}^{0.5} - 0.11167 n E T_{i}^{0.5} - 0.0021712 n E T_{i}",
  "coefficients": [
    0.08853771679206562,
    0.013802045274631691,
    -0.0014410047672988036,
    0.0016034792394845065,
    0.057904718112978704,
    -0.0009704402796297806,
    -0.01408278040300237,
    -0.05786179039014111,
    -0.0034819040327043194,
    0.002454474728599332,
    -0.044274990250879886,
    0.08676983800649452,
    -0.0037266514682086638,
    -0.034722824148806564,
    -0.0007600952890729484,
    -0.006255916999199085,
    -0.011779858767048124,
    0.04380893039138939,
    0.033532144354951776,
    -0.01296982625535753,
    0.010108238939036007,
    -0.014796833013593524,
    -0.011267030034026237,
    -0.05204385636684028,
    0.00240423167107362,
    0.0031222115272221407,
    -0.002555974647552417,
    0.001845128674773211,
    -0.0037475262896321526,
    0.02893622159921272,
    0.01323331149332968,
    -0.0004125928963372161,
    0.021148264063476307,
    -0.013001004830986984,
    -0.01586237874922075,
    -0.018429474611560803,
    -0.008295627206675149,
    0.015032296784619703,
    -0.0623056551994407,
    0.03163898411151461,
    0.01440506620766474,
    0.0029473499132071646,
    0.004260303850062874,
    -0.03725953961303802,
    0.028560917937663466,
    0.00885527926418822,
    0.020780556126211602,
    -0.02699074156170017,
    0.019273848011124417,
    0.007713983244737321,
    -0.004873107386680731,
    0.04551980256424326,
    -0.023841466239743703,
    -0.0448293588951465,
    -0.03399406240604197,
    -0.06880810604828219,
    -0.06149559412163469,
    0.0023979750830574464,
    0.05685475557092268,
    0.07055248036781897,
    -0.043032982769552086,
    0.03828294644453384,
    0.005426669288350006,
    0.010367573091487281,
    -0.014972744378608682,
    -0.02639398728440767,
    0.026852743421389658,
    -0.047902784265326126,
    -0.11642973080062924,
    0.04480178059137191,
    -0.003687689202232003,
    -0.01658905140083211,
    0.019228997002166626,
    0.07062209457429891,
    -0.0036745307645261183,
    -0.005484634223060447,
    0.042341095448482025,
    -0.03555831493639061,
    0.010322956481044698,
    -0.010923128797281245,
    -0.02637304319952305,
    -0.0034793542340919026,
    -0.046593436434022695,
    -0.0011285993702365715,
    0.182471745675943,
    -0.1154497157849334,
    0.0849033134119151
  ],
  "val_sse_masked": 0.00014878959336783737,
  "val_nrmse_masked": 0.0332021601498127,
  "val_mse_masked": 4.959653324476676e-06,
  "val_r2_masked": 0.9988972544670105,
  "val_sse_full": 0.00014878959336783737,
  "val_nrmse_full": 0.0332021601498127,
  "val_mse_full": 4.959653324476676e-06,
  "val_r2_full": 0.9988972544670105,
  "iteration": 39,
  "p_lo_eff": 0.12967753410339355,
  "p_hi_eff": 1.9451630115509033,
  "f_lo_eff": 0.20659340918064117,
  "f_hi_eff": 1.6527472734451294
}