{
  "tag": "94_484436fe",
  "lmb1": 0.0005432766098898886,
  "lmb2": 1.6326222499261051e-06,
  "nonzero_count": 17,
  "complexity_norm": 0.13709677419354838,
  "train_gen_window": 0.05275031976744155,
  "generalizability": 0.0531082122686553,
  "equation": "0.050107 E^{0.5} n P^{-0.5} - 0.0038401 P^{-1} F dT_{e} - 7.447 \\cdot 10^{-5} P^{-1} F dT_{i} - 0.0025113 P^{-1} F dn + 0.0005511 P dn - 0.00037531 T_{e}^{0.5} T_{i}^{0.5} dn - 0.071018 T_{e} dn - 0.0086692 T_{i}^{0.5} P^{-1} dn + 0.00044964 T_{i}^{0.5} P dn + 0.0060978 T_{i} P dn - 0.00079313 n^{-1} F dn + 0.00041362 n^{-1} P^{-1} dn + 0.0073471 n E^{0.5} T_{e}^{0.5} T_{i} - 0.022068 n E^{0.5} T_{i}^{0.5} P + 0.0016556 n E^{0.5} T_{i} + 0.04456 n E T_{e}^{0.5} T_{i}^{0.5} + 0.00040848 n E T_{i}^{0.5}",
  "coefficients": [
    0.08853770262498745,
    0.0009466578709929183,
    9.739361739005698e-06,
    -0.00040365951058476447,
    2.0244272923264346e-06,
    8.758867599586934e-07,
    3.5350061037085946e-06,
    2.384641589874881e-07,
    7.820483332640898e-07,
    -0.0026403326393815863,
    -5.8913433438635484e-08,
    8.451388020572303e-06,
    1.5633120598463178e-06,
    -2.928191056591575e-06,
    -2.4778898818339137e-06,
    -3.168771807098392e-06,
    -3.736271498717314e-06,
    -2.5628010954578693e-06,
    -2.0638439135710404e-06,
    -1.1494354512269984e-06,
    -2.7317883601178896e-06,
    -3.900895822920775e-06,
    7.638288282731996e-07,
    3.60099421131358e-06,
    -9.17893690255681e-08,
    -3.5304988289742593e-06,
    -2.3299605845456026e-07,
    -0.0041589263876935356,
    7.903109805213747e-06,
    7.622031014259211e-06,
    4.5307483858668605e-06,
    3.466616795741823e-05,
    1.1189038196062647e-05,
    1.093178287705878e-05,
    3.1082012552135104e-05,
    1.582873501180161e-05,
    2.101957585124891e-05,
    -5.415111893623265e-07,
    7.108641149285104e-06,
    1.0563858838208945e-05,
    2.8922472728952993e-05,
    2.863293556398469e-05,
    2.2833260875757208e-05,
    5.0775797875757896e-05,
    2.600603210084633e-05,
    -0.0031743260089684526,
    -6.223616362346922e-06,
    0.000637655533499436,
    -0.009295406087731856,
    -3.0337885647509846e-05,
    -1.6730710331529993e-05,
    0.0005871905202838814,
    -2.2108231736711196e-06,
    -2.2323741959921805e-05,
    0.00912416120639855,
    -2.3143322953506726e-05,
    -4.567708471576821e-05,
    -8.061800666989878e-06,
    -2.629416612599655e-06,
    -0.00028696860253040466,
    -2.437933087879433e-05,
    4.6684524196403483e-05,
    -4.579662723270554e-05,
    -2.976334244940282e-07,
    -0.045140088866538114,
    -9.460699276418543e-06,
    -5.6988787055774765e-05,
    -1.7450789767866077e-06,
    1.951824590789754e-06,
    8.37045600543209e-07,
    1.1581858353839039e-05,
    -3.2124843294683706e-07,
    -0.022888527397801166,
    0.0011618778772818277,
    -8.101890285602489e-05,
    1.3217342352303977e-05,
    0.005022886457431259,
    1.9933881170201156e-06,
    1.1650554706996318e-05,
    9.900775107982796e-06,
    2.5666589087713513e-06,
    -3.4304492748506435e-05,
    0.00017043116332718996,
    2.6213391170795945e-05,
    3.563777863339407e-05,
    0.018019305111819112,
    0.024599846060326395
  ],
  "val_sse_masked": 0.0008359455969184637,
  "val_nrmse_masked": 0.07869897782802582,
  "val_mse_masked": 2.78648549283389e-05,
  "val_r2_masked": 0.993804395198822,
  "val_sse_full": 0.0008221822790801525,
  "val_nrmse_full": 0.07804842293262482,
  "val_mse_full": 2.7406078515923582e-05,
  "val_r2_full": 0.9939064383506775,
  "iteration": 94,
  "p_lo_eff": 0.12967753410339355,
  "p_hi_eff": 1.9451630115509033,
  "f_lo_eff": 0.20659340918064117,
  "f_hi_eff": 1.6527472734451294
}