{
  "tag": "432_be5fa52e",
  "lmb1": 2.7449312502098096e-08,
  "lmb2": 2.2064770302148166e-05,
  "nonzero_count": 85,
  "complexity_norm": 0.6854838709677419,
  "train_gen_window": 0.018392449465578407,
  "generalizability": 0.019026782121739354,
  "equation": "0.14659 E^{0.5} n P^{-0.5} + 0.044699 F dT_{e} + 0.0043649 F dT_{i} + 0.0096864 F dn + 0.00011752 P^{-1} F dT_{i} + 0.0053004 P^{-1} F dn + 0.0039715 P^{-1} dT_{e} - 0.00022657 P F dT_{i} - 0.017323 P dn - 0.11552 T_{e}^{0.5} F dT_{e} - 0.00206 T_{e}^{0.5} F dn + 0.0036877 T_{e}^{0.5} P^{-1} dT_{e} - 0.062984 T_{e}^{0.5} P^{-1} dn + 0.015627 T_{e}^{0.5} T_{i}^{0.5} F dT_{e} - 5.787 \\cdot 10^{-5} T_{e}^{0.5} T_{i}^{0.5} F dT_{i} - 0.022566 T_{e}^{0.5} T_{i}^{0.5} F dn + 3.739 \\cdot 10^{-5} T_{e}^{0.5} T_{i}^{0.5} P^{-1} dT_{i} + 0.043008 T_{e}^{0.5} T_{i}^{0.5} P^{-1} dn + 0.0033129 T_{e}^{0.5} T_{i}^{0.5} P dT_{e} + 2.613 \\cdot 10^{-5} T_{e}^{0.5} T_{i}^{0.5} P dT_{i} + 0.030208 T_{e}^{0.5} T_{i}^{0.5} P dn + 4.1346 \\cdot 10^{-5} T_{e}^{0.5} T_{i}^{0.5} dT_{i} + 0.045602 T_{e}^{0.5} T_{i}^{0.5} dn + 6.2731 \\cdot 10^{-5} T_{e}^{0.5} T_{i} dT_{e} - 4.8392 \\cdot 10^{-6} T_{e}^{0.5} T_{i} dT_{i} + 0.0042296 T_{e}^{0.5} T_{i} dn - 0.057095 T_{e}^{0.5} dn - 0.0016059 T_{e} F dT_{i} - 0.016615 T_{e} F dn + 0.010545 T_{e} P^{-1} dn - 1.3549 \\cdot 10^{-5} T_{e} P dT_{i} - 0.0036457 T_{e} T_{i}^{0.5} dT_{e} + 0.0007417 T_{e} T_{i} dT_{e} + 1.1616 \\cdot 10^{-6} T_{e} T_{i} dT_{i} + 0.028839 T_{e} T_{i} dn - 0.0023576 T_{e} dT_{e} - 0.00015461 T_{e} dT_{i} - 0.03108 T_{e} dn + 0.019202 T_{i}^{0.5} F dT_{e} - 0.0085594 T_{i}^{0.5} F dn + 0.002377 T_{i}^{0.5} P^{-1} dT_{e} - 2.3204 \\cdot 10^{-5} T_{i}^{0.5} P^{-1} dT_{i} + 0.0032477 T_{i}^{0.5} P^{-1} dn - 6.3545 \\cdot 10^{-6} T_{i}^{0.5} P dT_{i} + 0.016891 T_{i}^{0.5} P dn - 0.0041134 T_{i}^{0.5} dT_{e} - 9.1444 \\cdot 10^{-6} T_{i}^{0.5} dT_{i} + 0.0048083 T_{i}^{0.5} dn - 0.00041941 T_{i} F dT_{e} - 1.5627 \\cdot 10^{-5} T_{i} F dT_{i} - 0.00062833 T_{i} P^{-1} dT_{e} - 0.0099739 T_{i} P^{-1} dn - 0.00024142 T_{i} P dT_{e} - 0.0099656 T_{i} P dn - 0.001046 T_{i} dT_{e} - 0.029328 T_{i} dn + 0.0023122 dT_{e} - 0.0005475 dT_{i} - 0.0039715 n^{-1} F dn + 0.0071475 n^{-1} P^{-1} dn - 0.0054814 n^{-1} T_{e}^{0.5} T_{i}^{0.5} dn - 0.0082274 n^{-1} T_{e}^{0.5} dn - 0.0056815 n^{-1} T_{e} dn + 0.0082454 n^{-1} T_{i}^{0.5} dn - 0.000727 n^{-1} T_{i} dn + 0.0024936 n^{-1} dn - 0.16624 n E^{0.5} - 0.033648 n E^{0.5} P^{-1} - 0.016054 n E^{0.5} T_{e}^{0.5} P^{-1} + 0.0037434 n E^{0.5} T_{e}^{0.5} T_{i}^{0.5} + 0.053937 n E^{0.5} T_{e}^{0.5} T_{i} - 0.056302 n E^{0.5} T_{e} + 0.034405 n E^{0.5} T_{e} T_{i}^{0.5} - 0.012121 n E^{0.5} T_{i}^{0.5} - 0.022206 n E^{0.5} T_{i}^{0.5} F + 0.033372 n E^{0.5} T_{i}^{0.5} P^{-1} + 0.014689 n E^{0.5} T_{i}^{0.5} P + 0.062625 n E^{0.5} T_{i} - 0.027598 n E F - 0.0085167 n E P^{-1} - 0.0022387 n E P + 0.29724 n E T_{e}^{0.5} - 0.14336 n E T_{e}^{0.5} T_{i}^{0.5} - 0.057364 n E T_{i}^{0.5} - 0.024281 n E T_{i}",
  "coefficients": [
    0.0885377136897667,
    0.01635854532799285,
    0.003736506377456525,
    -0.0020212894001777615,
    0.035054119164619466,
    -0.013659495275820749,
    -0.012625012398630689,
    -0.026584437006224662,
    -0.009348464999110684,
    0.004166518103887018,
    -0.03288220819826419,
    0.06867739694211955,
    -0.003520022259532421,
    -0.010353215601866389,
    -0.0034798679928913917,
    -0.0026813100474192553,
    -0.01075740278463598,
    0.020739388728590075,
    0.018890375373331048,
    -0.006967485825554343,
    0.012800431108346666,
    -0.015403568371693752,
    -0.013502498458598508,
    -0.0383961919573025,
    -0.0012823107706810277,
    0.004453605426076923,
    0.007081699246061779,
    8.423707843172035e-05,
    0.0029885324983868478,
    0.016832099205670303,
    0.013523556585542426,
    -0.015761828246880993,
    0.02295519410592188,
    -0.01520878279413393,
    -0.018031892529262503,
    -0.002158244388662675,
    -0.004278108246818978,
    0.007549402744112449,
    -0.048043236350405694,
    0.021251276215422527,
    0.01459134612645166,
    0.001259859055304291,
    -0.003437024486953738,
    -0.017786778018027777,
    0.017523294505357598,
    0.006699699349016569,
    0.010362971637102536,
    -0.02004341973863412,
    0.0034822999790040804,
    0.003811792083623894,
    -0.01048511753584995,
    0.02205872206261822,
    -0.015555783632546533,
    -0.027761312534607896,
    -0.014911654894121232,
    -0.05677512135686365,
    -0.037646576413099125,
    -0.0021297254843426483,
    0.05306972508727542,
    0.03486851970192553,
    -0.026804751546049818,
    0.037681427515638494,
    0.003916100740406214,
    0.011011379729027798,
    -0.019755065268598743,
    -0.016644462274195998,
    0.026463046929611073,
    -0.025726008005783285,
    -0.09176204772908816,
    0.031433157320443494,
    -0.0074767210452842126,
    -0.02206367206626153,
    0.01523485621259349,
    0.04394965954293985,
    -0.014209920058015427,
    0.0022324652771343323,
    0.0368746594812496,
    -0.028951786185035994,
    0.019951094465962105,
    -0.004065718437782334,
    -0.01575541807716059,
    -0.001359932318281895,
    -0.023934151586787702,
    -0.012621472217438659,
    0.10430559586883285,
    -0.05797305713131856,
    0.07197026907341267
  ],
  "val_sse_masked": 0.00018014547822531313,
  "val_nrmse_masked": 0.03653353825211525,
  "val_mse_masked": 6.004849637974985e-06,
  "val_r2_masked": 0.9986648559570312,
  "val_sse_full": 0.00018123889458365738,
  "val_nrmse_full": 0.03664424270391464,
  "val_mse_full": 6.041296728653833e-06,
  "val_r2_full": 0.9986567497253418,
  "iteration": 432,
  "p_lo_eff": 0.12967753410339355,
  "p_hi_eff": 1.9451630115509033,
  "f_lo_eff": 0.20659340918064117,
  "f_hi_eff": 1.6527472734451294
}