{
  "tag": "421_84390f6f",
  "lmb1": 0.0020590936853063075,
  "lmb2": 5.351216419311369e-07,
  "nonzero_count": 12,
  "complexity_norm": 0.0967741935483871,
  "train_gen_window": 0.09480908328817508,
  "generalizability": 0.10254757086770849,
  "equation": "0.069101 E^{0.5} n P^{-0.5} - 0.0041441 P^{-1} F dT_{e} - 2.9984 \\cdot 10^{-5} P^{-1} F dT_{i} - 0.0044039 P^{-1} F dn - 0.00051819 T_{e}^{0.5} T_{i}^{0.5} F dn - 0.038693 T_{e}^{0.5} T_{i}^{0.5} dn - 0.0015897 T_{e} dn - 0.010608 T_{i}^{0.5} P^{-1} dn + 0.00034713 n^{-1} P^{-1} dn + 0.00010998 n^{-1} T_{i}^{0.5} dn - 0.011035 n E^{0.5} T_{i}^{0.5} P + 0.02134 n E T_{e}^{0.5} T_{i}^{0.5}",
  "coefficients": [
    0.08853770619072537,
    0.0007944815864922752,
    1.1888577765332392e-05,
    -1.4151018971895497e-06,
    0.0004675576000203131,
    5.9483782856243255e-06,
    7.7277084304869e-06,
    1.0320421542199934e-05,
    5.682138252050698e-06,
    -0.0010630638445928218,
    -1.9254478310003924e-06,
    -4.4424372801472645e-07,
    -1.3179743327440003e-06,
    -1.636292117718275e-06,
    -1.532515424162989e-06,
    -1.7705021358138179e-06,
    -1.1689566757172783e-06,
    -1.654522876654402e-06,
    -1.5262812924718376e-06,
    -1.2886333059987605e-06,
    -1.7524688799582493e-06,
    -1.2251478004557369e-06,
    -1.8499569990975865e-06,
    -1.0489039059122497e-06,
    -2.591739075278759e-06,
    -1.2432279671562061e-06,
    -2.281013936396125e-06,
    -0.004488155406140499,
    -8.60722271732771e-07,
    -6.391619928787246e-07,
    -8.453690173412758e-07,
    -4.086008966393547e-07,
    -4.985399434328611e-07,
    -1.0525508438330886e-07,
    1.319495638355013e-07,
    -4.035842531633899e-08,
    -6.54022540448313e-08,
    -2.465273183987372e-06,
    -7.14535202516679e-07,
    -4.6241462952976705e-07,
    -6.513223485434398e-07,
    2.2702381496704512e-07,
    -6.012336728583809e-07,
    -1.5386123616331824e-07,
    3.1240992852205307e-07,
    -0.005566553707403815,
    -4.061847872484741e-06,
    6.41270138047865e-06,
    -0.01137473034009209,
    -1.3989141670565027e-05,
    -2.519005956891658e-05,
    4.704703806369527e-06,
    -1.6029523417848639e-06,
    -6.14299989140012e-06,
    5.784530950706202e-06,
    -7.914841075636418e-06,
    -1.5545771960587438e-05,
    -5.629787877973356e-06,
    -2.033372089077294e-06,
    -0.029585444669655105,
    -0.0006155080270494581,
    3.3088546450452675e-06,
    -7.770733554770006e-06,
    -1.183121915101348e-06,
    -0.0010104691218113509,
    -7.5734478117165425e-06,
    -7.084751997878455e-06,
    6.593075266856365e-07,
    8.542776253281484e-07,
    1.3045525240566745e-06,
    2.886000032002507e-06,
    1.0312693681214421e-06,
    -0.011445882570953516,
    1.4041854700992063e-05,
    -3.744926005739705e-07,
    3.5252637314488853e-06,
    2.0800151940456267e-05,
    1.0986557387118513e-06,
    3.798541690986861e-06,
    4.6749523297730305e-06,
    2.195202912627322e-06,
    -4.316740053048049e-06,
    3.2500827171452634e-05,
    6.7408288777800135e-06,
    8.780986736964176e-06,
    0.008629597812688477,
    0.033925329138728304
  ],
  "val_sse_masked": 0.0022110152058303356,
  "val_nrmse_masked": 0.1279899626970291,
  "val_mse_masked": 7.370051025645807e-05,
  "val_r2_masked": 0.983613133430481,
  "val_sse_full": 0.002173100132495165,
  "val_nrmse_full": 0.12688782811164856,
  "val_mse_full": 7.243667641887441e-05,
  "val_r2_full": 0.9838941097259521,
  "iteration": 421,
  "p_lo_eff": 0.12967753410339355,
  "p_hi_eff": 1.9451630115509033,
  "f_lo_eff": 0.20659340918064117,
  "f_hi_eff": 1.6527472734451294
}