{
  "tag": "124_6a123659",
  "lmb1": 1.8425126711602783e-08,
  "lmb2": 1.3465335499079648e-05,
  "nonzero_count": 86,
  "complexity_norm": 0.6935483870967742,
  "train_gen_window": 0.01624700084575146,
  "generalizability": 0.01725502926545076,
  "equation": "0.15935 E^{0.5} n P^{-0.5} + 0.05552 F dT_{e} + 0.004902 F dT_{i} + 0.013129 F dn + 0.00089299 P^{-1} F dT_{e} + 0.00010322 P^{-1} F dT_{i} + 0.0059924 P^{-1} F dn + 0.0022103 P^{-1} dT_{e} - 0.00020508 P F dT_{i} - 0.019869 P dn - 0.12943 T_{e}^{0.5} F dT_{e} - 0.00054961 T_{e}^{0.5} F dn + 0.0047904 T_{e}^{0.5} P^{-1} dT_{e} - 0.068834 T_{e}^{0.5} P^{-1} dn + 0.018407 T_{e}^{0.5} T_{i}^{0.5} F dT_{e} - 6.8865 \\cdot 10^{-5} T_{e}^{0.5} T_{i}^{0.5} F dT_{i} - 0.027573 T_{e}^{0.5} T_{i}^{0.5} F dn + 5.2075 \\cdot 10^{-5} T_{e}^{0.5} T_{i}^{0.5} P^{-1} dT_{i} + 0.046093 T_{e}^{0.5} T_{i}^{0.5} P^{-1} dn + 0.0033776 T_{e}^{0.5} T_{i}^{0.5} P dT_{e} + 2.5751 \\cdot 10^{-5} T_{e}^{0.5} T_{i}^{0.5} P dT_{i} + 0.032521 T_{e}^{0.5} T_{i}^{0.5} P dn + 5.523 \\cdot 10^{-5} T_{e}^{0.5} T_{i}^{0.5} dT_{i} + 0.063091 T_{e}^{0.5} T_{i}^{0.5} dn + 0.00016029 T_{e}^{0.5} T_{i} dT_{e} - 5.3616 \\cdot 10^{-6} T_{e}^{0.5} T_{i} dT_{i} + 0.0044691 T_{e}^{0.5} T_{i} dn - 0.070205 T_{e}^{0.5} dn - 0.001923 T_{e} F dT_{i} - 0.019907 T_{e} F dn + 0.0091467 T_{e} P^{-1} dn - 7.1233 \\cdot 10^{-6} T_{e} P dT_{i} - 0.005284 T_{e} T_{i}^{0.5} dT_{e} + 0.00094761 T_{e} T_{i} dT_{e} + 1.2126 \\cdot 10^{-6} T_{e} T_{i} dT_{i} + 0.030278 T_{e} T_{i} dn - 0.00020805 T_{e} dT_{e} - 0.00012963 T_{e} dT_{i} - 0.029164 T_{e} dn + 0.019814 T_{i}^{0.5} F dT_{e} - 0.0073547 T_{i}^{0.5} F dn + 0.0024713 T_{i}^{0.5} P^{-1} dT_{e} - 4.09 \\cdot 10^{-5} T_{i}^{0.5} P^{-1} dT_{i} + 0.0098567 T_{i}^{0.5} P^{-1} dn - 9.0433 \\cdot 10^{-6} T_{i}^{0.5} P dT_{i} + 0.022998 T_{i}^{0.5} P dn - 0.0028619 T_{i}^{0.5} dT_{e} - 7.5006 \\cdot 10^{-6} T_{i}^{0.5} dT_{i} + 0.0069554 T_{i}^{0.5} dn - 0.0016043 T_{i} F dT_{e} - 1.6806 \\cdot 10^{-5} T_{i} F dT_{i} - 0.0006398 T_{i} P^{-1} dT_{e} - 0.012964 T_{i} P^{-1} dn - 0.00034337 T_{i} P dT_{e} - 0.015366 T_{i} P dn - 0.0010497 T_{i} dT_{e} - 0.03704 T_{i} dn + 0.00061356 dT_{e} - 0.0006469 dT_{i} - 0.0009592 n^{-1} F dn + 0.0067671 n^{-1} P^{-1} dn - 0.007795 n^{-1} T_{e}^{0.5} T_{i}^{0.5} dn - 0.008736 n^{-1} T_{e}^{0.5} dn - 0.004768 n^{-1} T_{e} dn + 0.010376 n^{-1} T_{i}^{0.5} dn - 0.00050289 n^{-1} T_{i} dn + 0.00131 n^{-1} dn - 0.18541 n E^{0.5} - 0.046513 n E^{0.5} P^{-1} - 0.011218 n E^{0.5} T_{e}^{0.5} P^{-1} - 0.0012796 n E^{0.5} T_{e}^{0.5} T_{i}^{0.5} + 0.05889 n E^{0.5} T_{e}^{0.5} T_{i} - 0.063283 n E^{0.5} T_{e} + 0.02945 n E^{0.5} T_{e} T_{i}^{0.5} - 0.011315 n E^{0.5} T_{i}^{0.5} - 0.02013 n E^{0.5} T_{i}^{0.5} F + 0.039807 n E^{0.5} T_{i}^{0.5} P^{-1} + 0.016706 n E^{0.5} T_{i}^{0.5} P + 0.077116 n E^{0.5} T_{i} - 0.035248 n E F - 0.014838 n E P^{-1} - 0.0030903 n E P + 0.38643 n E T_{e}^{0.5} - 0.19831 n E T_{e}^{0.5} T_{i}^{0.5} - 0.079281 n E T_{i}^{0.5} - 0.017571 n E T_{i}",
  "coefficients": [
    0.0885377150452093,
    0.015488085421574538,
    0.001962918371420014,
    -0.0004881797855422476,
    0.04411309451764159,
    -0.009448661788134971,
    -0.01340544869755153,
    -0.03780525138439986,
    -0.007845391889473724,
    0.0036596931791695875,
    -0.03885229354059977,
    0.07712822046356599,
    -0.0031860664940156352,
    -0.01824895963775558,
    -0.0028543311639799562,
    -0.003815844183132938,
    -0.011569116781352307,
    0.028884927531453553,
    0.02523411776252049,
    -0.00829125136845571,
    0.012614939334854053,
    -0.017066516137375476,
    -0.011321217612812046,
    -0.04597765179774449,
    -0.000674162623763408,
    0.00464911786823205,
    0.003941230261669593,
    0.0009671238001029703,
    0.000793023162901807,
    0.020906714346518057,
    0.014060026213556606,
    -0.010966247522022271,
    0.02368670445050622,
    -0.015486339510140834,
    -0.018095626457829972,
    -0.008255819436442158,
    -0.006084877771679015,
    0.009806940417400545,
    -0.05382933266679446,
    0.025030522979590103,
    0.014876504815363872,
    0.0032190881191859755,
    -0.00030331373910366666,
    -0.025779585845520647,
    0.022388143279057582,
    0.007574404627543718,
    0.014045821518173324,
    -0.0229895118433405,
    0.010568734184858902,
    0.0055138964450001104,
    -0.009009425055709869,
    0.030033735563703312,
    -0.020219827487218456,
    -0.03506185871368134,
    -0.022992132879364496,
    -0.06204825870172548,
    -0.0462903634197899,
    -0.0005682049269855327,
    0.05687730333850835,
    0.04824143833567804,
    -0.03275137340611836,
    0.04056672443459497,
    0.004137940457622558,
    0.009550877153443826,
    -0.018537352507361965,
    -0.01994176496728839,
    0.027783968709925555,
    -0.03556230449148792,
    -0.10234661422887129,
    0.03749480989855,
    -0.006979775033273988,
    -0.02000121856709189,
    0.017326953736579803,
    0.054119655095910296,
    -0.009929395107437955,
    -0.0007631302527025818,
    0.04026027504755947,
    -0.03254161250501644,
    0.017077612237398593,
    -0.0070832807335556025,
    -0.02012265475062197,
    -0.0018772649349785842,
    -0.03307853441575595,
    -0.009133471077075905,
    0.13560025948158227,
    -0.08019356751874926,
    0.07823130661484565
  ],
  "val_sse_masked": 0.00016591072198934853,
  "val_nrmse_masked": 0.03506043180823326,
  "val_mse_masked": 5.5303576118603814e-06,
  "val_r2_masked": 0.9987703561782837,
  "val_sse_full": 0.00016591072198934853,
  "val_nrmse_full": 0.03506043180823326,
  "val_mse_full": 5.5303576118603814e-06,
  "val_r2_full": 0.9987703561782837,
  "iteration": 124,
  "p_lo_eff": 0.12967753410339355,
  "p_hi_eff": 1.9451630115509033,
  "f_lo_eff": 0.20659340918064117,
  "f_hi_eff": 1.6527472734451294
}