{
  "tag": "463_753ffe1b",
  "lmb1": 5.111941019994898e-05,
  "lmb2": 3.720397677605747e-08,
  "nonzero_count": 44,
  "complexity_norm": 0.3548387096774194,
  "train_gen_window": 0.03210572166798894,
  "generalizability": 0.025850098711525743,
  "equation": "0.12135 E^{0.5} n P^{-0.5} + 0.00018751 F dT_{i} - 0.0023948 P^{-1} F dT_{e} - 0.02582 T_{e}^{0.5} P^{-1} dn - 0.018067 T_{e}^{0.5} T_{i}^{0.5} F dn - 1.5267 \\cdot 10^{-6} T_{e}^{0.5} T_{i}^{0.5} P^{-1} dT_{i} + 0.0087253 T_{e}^{0.5} T_{i}^{0.5} P^{-1} dn + 0.00052184 T_{e}^{0.5} T_{i}^{0.5} P dn - 0.00034775 T_{e}^{0.5} dn - 0.00012962 T_{e} F dn + 0.001525 T_{e} P^{-1} dn + 2.6225 \\cdot 10^{-6} T_{e} P dT_{i} - 8.6311 \\cdot 10^{-6} T_{e} T_{i} dT_{e} - 0.0002441 T_{e} dT_{e} - 5.035 \\cdot 10^{-6} T_{e} dT_{i} - 0.04984 T_{e} dn + 0.00011329 T_{i}^{0.5} F dT_{e} - 0.00031304 T_{i}^{0.5} F dn + 0.00044797 T_{i}^{0.5} P^{-1} dT_{e} - 1.8571 \\cdot 10^{-6} T_{i}^{0.5} P^{-1} dT_{i} - 0.00084622 T_{i}^{0.5} P^{-1} dn + 0.0034516 T_{i}^{0.5} P dn + 0.0012136 T_{i} P^{-1} dn + 4.8227 \\cdot 10^{-5} T_{i} P dT_{e} + 0.0099932 T_{i} P dn - 0.00011465 dT_{e} - 2.6289 \\cdot 10^{-6} dT_{i} - 0.015353 n^{-1} F dn + 0.0030602 n^{-1} P^{-1} dn + 0.00016131 n^{-1} T_{e}^{0.5} dn + 0.0010836 n^{-1} T_{e} dn - 5.7946 \\cdot 10^{-5} n^{-1} T_{i} dn + 0.00014899 n^{-1} dn - 0.059383 n E^{0.5} - 0.026865 n E^{0.5} T_{e}^{0.5} P^{-1} + 0.018545 n E^{0.5} T_{e}^{0.5} T_{i} - 0.019648 n E^{0.5} T_{i}^{0.5} F - 0.00014045 n E^{0.5} T_{i}^{0.5} P + 0.0010898 n E^{0.5} T_{i} + 0.020138 n E P^{-1} - 0.00034518 n E P + 0.028672 n E T_{e}^{0.5} + 0.00071112 n E T_{e}^{0.5} T_{i}^{0.5} + 0.00054505 n E T_{i}^{0.5}",
  "coefficients": [
    0.08853770749265644,
    0.007004015295601648,
    0.00022325929510229117,
    -0.007814056848170835,
    -7.394374894216959e-05,
    -0.0010887366623919994,
    0.00024752554133154444,
    -2.0381992729906858e-05,
    0.001782936562542027,
    -9.880448223314415e-06,
    -0.00015788733370109348,
    0.0029503585517774576,
    7.315536046672903e-05,
    -0.0008286100379590543,
    -4.4515113264994385e-05,
    7.469470931193254e-05,
    -8.73425250439388e-06,
    -0.0008468117403090516,
    -4.482343704434193e-05,
    -4.0688931695648855e-05,
    7.960818179320994e-05,
    -1.7770741448949378e-05,
    -0.00043972789410191105,
    5.372943367450924e-06,
    0.0002482010543444673,
    -1.0696772408187128e-05,
    5.860160027629743e-05,
    -0.0025936619803712075,
    -0.00014818986550138057,
    -6.4877984612479665e-06,
    0.002548622349594456,
    5.1987034811822243e-05,
    0.000135432516991531,
    2.8159425331567444e-05,
    2.217657990099332e-05,
    2.953723829728641e-05,
    0.0008546318599824853,
    1.56656019998826e-05,
    -3.166106760376516e-05,
    2.9695136100071086e-05,
    1.6878734958752308e-05,
    -3.1587917975446574e-05,
    -0.00035587090005786986,
    -5.438011909752849e-05,
    -0.00020391873985169633,
    -8.370403557841311e-05,
    -5.5127587621537206e-05,
    7.703281327185222e-05,
    -0.0009073497056101704,
    -4.1371752108930725e-05,
    -0.0003834643846079483,
    0.004507507730104599,
    0.0018927697719062803,
    -1.8071040576347854e-05,
    0.014952952292916122,
    -0.023274403016597913,
    -0.0002292909922623647,
    -9.528985875147899e-05,
    0.010766695081034667,
    -7.51417506833309e-05,
    -0.02146065558575008,
    0.0006509462735305082,
    -2.2321572921858262e-05,
    0.0015923538699494397,
    -0.03167939289137561,
    -0.00012985022319513372,
    -5.422426109098455e-06,
    1.825600853312591e-05,
    -0.03277908073436065,
    2.7389511526410956e-05,
    2.082953153743691e-05,
    -0.019522731163282382,
    -0.00014567585188845724,
    0.0007648323576158442,
    -0.02377822115079482,
    4.919993051282054e-05,
    0.012678235859592442,
    -6.359475293168608e-05,
    7.066552797891997e-05,
    0.009613695168059135,
    -3.077431056299137e-05,
    -0.00020968433572784607,
    0.00022741217001960573,
    7.659595367724185e-05,
    0.010061391444251945,
    0.0002875656608301227,
    0.05957527987592388
  ],
  "val_sse_masked": 0.000418349722167477,
  "val_nrmse_masked": 0.055673662573099136,
  "val_mse_masked": 1.3944991223979741e-05,
  "val_r2_masked": 0.996899425983429,
  "val_sse_full": 0.0004052048607263714,
  "val_nrmse_full": 0.05479203164577484,
  "val_mse_full": 1.3506829418474808e-05,
  "val_r2_full": 0.9969968199729919,
  "iteration": 463,
  "p_lo_eff": 0.12967753410339355,
  "p_hi_eff": 1.9451630115509033,
  "f_lo_eff": 0.20659340918064117,
  "f_hi_eff": 1.6527472734451294
}