{
  "tag": "415_f1940a87",
  "lmb1": 0.00017773494563207569,
  "lmb2": 1.749584746032255e-05,
  "nonzero_count": 28,
  "complexity_norm": 0.22580645161290322,
  "train_gen_window": 0.04506626145894995,
  "generalizability": 0.043475172651331585,
  "equation": "0.058839 E^{0.5} n P^{-0.5} + 0.00010599 F dT_{i} - 0.0038507 P^{-1} F dT_{e} - 7.5359 \\cdot 10^{-5} P^{-1} F dT_{i} - 0.0034339 P^{-1} F dn + 0.00016451 P dn - 0.015342 T_{e}^{0.5} P^{-1} dn - 0.00032849 T_{e}^{0.5} T_{i}^{0.5} F dn - 0.00015285 T_{e}^{0.5} T_{i}^{0.5} dn - 0.060812 T_{e} dn + 0.00017458 T_{i}^{0.5} F dT_{e} - 0.00010154 T_{i}^{0.5} F dn + 2.8388 \\cdot 10^{-5} T_{i}^{0.5} P^{-1} dT_{e} - 0.00030878 T_{i}^{0.5} P^{-1} dn + 0.00038843 T_{i}^{0.5} P dn + 0.00024709 T_{i}^{0.5} dT_{e} + 9.1641 \\cdot 10^{-6} T_{i} P^{-1} dT_{e} + 0.0083274 T_{i} P dn - 0.011212 n^{-1} F dn + 0.0019435 n^{-1} P^{-1} dn + 0.0015849 n^{-1} dn - 0.0098073 n E^{0.5} T_{e}^{0.5} P^{-1} + 0.00015298 n E^{0.5} T_{e}^{0.5} T_{i} - 0.02101 n E^{0.5} T_{i}^{0.5} P + 0.00014356 n E^{0.5} T_{i} + 0.00074957 n E T_{e}^{0.5} + 0.05969 n E T_{e}^{0.5} T_{i}^{0.5} + 0.0016666 n E T_{i}^{0.5}",
  "coefficients": [
    0.0885377040580016,
    0.004448115688956976,
    0.0023749002550477634,
    -0.005706096124790732,
    4.19285554999673e-06,
    -6.1972074769512775e-06,
    4.34695236356357e-05,
    1.5345548363296302e-06,
    1.9074610800724388e-05,
    -0.0026718334886696874,
    3.6220618774951256e-06,
    0.0016676199600350354,
    1.8921656756752562e-05,
    -4.054721132553659e-05,
    -1.7685909386587928e-06,
    1.4405350100805658e-05,
    -1.5726201392071254e-05,
    -4.1652703868382e-05,
    -2.05010353007429e-06,
    -7.4402135764222e-06,
    1.5837429012701772e-05,
    -7.056162650965331e-06,
    3.82685353968194e-06,
    1.7554318920027843e-05,
    2.553369394484551e-05,
    -7.683646760758147e-06,
    1.7549542199990395e-05,
    -0.004170420793639287,
    2.4149919264756224e-05,
    8.553856674651485e-05,
    0.00016151094812741912,
    0.0009468020415632558,
    0.00020870554812123455,
    0.0002218161420034759,
    4.845131577539358e-05,
    9.670140864562963e-05,
    1.2011436383352413e-05,
    1.0047300230443883e-05,
    4.093780821701419e-05,
    6.317494193334744e-05,
    7.092105940048139e-06,
    3.0707455280646695e-05,
    3.3687785924775134e-05,
    4.78159575321393e-05,
    2.0724331337002533e-05,
    -0.004340461447388883,
    -1.4487898009681499e-05,
    0.00019034328454101116,
    -0.000331087382926616,
    -3.657566503371391e-05,
    -0.00012439059788399323,
    0.000507259938864366,
    2.1158190349834984e-05,
    -2.1352265003690312e-05,
    0.012460414813426688,
    -0.013829881869465587,
    -7.805086547010667e-05,
    -2.144422840619672e-05,
    1.10187999501567e-05,
    -0.00011686983704090222,
    -0.00039018393168420684,
    9.86955792290539e-05,
    -3.090680826222551e-05,
    1.116437850638822e-05,
    -0.038653267229417344,
    -2.649248865049265e-05,
    -2.7027154180782234e-05,
    3.137240683563053e-06,
    -1.9586954241927136e-05,
    1.9890606033947873e-06,
    9.29953859148182e-06,
    -4.4471734976581123e-05,
    -0.02179157461228518,
    0.00010074727778184382,
    -0.008680452888329169,
    1.3374338602331115e-05,
    0.00010458749510045158,
    -1.0708963582754635e-05,
    1.3338991707383656e-05,
    6.119426795210008e-05,
    -4.184026879955077e-06,
    -5.4851037332997405e-05,
    0.0006953705492179057,
    5.022805223108452e-05,
    0.00026302934586548216,
    0.02413776911783136,
    0.02888719020751756
  ],
  "val_sse_masked": 0.0006880179280415177,
  "val_nrmse_masked": 0.07139699161052704,
  "val_mse_masked": 2.2933932996238582e-05,
  "val_r2_masked": 0.9949007630348206,
  "val_sse_full": 0.0006874182727187872,
  "val_nrmse_full": 0.07136587798595428,
  "val_mse_full": 2.2913944121683016e-05,
  "val_r2_full": 0.9949052333831787,
  "iteration": 415,
  "p_lo_eff": 0.12967753410339355,
  "p_hi_eff": 1.9451630115509033,
  "f_lo_eff": 0.20659340918064117,
  "f_hi_eff": 1.6527472734451294
}