{
  "tag": "335_432dab55",
  "lmb1": 0.0008098773826264505,
  "lmb2": 1.5558043511920465e-06,
  "nonzero_count": 16,
  "complexity_norm": 0.12903225806451613,
  "train_gen_window": 0.05926216358252321,
  "generalizability": 0.06104570972966948,
  "equation": "0.053694 E^{0.5} n P^{-0.5} - 0.0038177 P^{-1} F dT_{e} - 7.6648 \\cdot 10^{-5} P^{-1} F dT_{i} - 0.0022888 P^{-1} F dn + 0.00036936 P dn - 0.0019852 T_{e}^{0.5} T_{i}^{0.5} dn - 0.063237 T_{e} dn - 0.0095989 T_{i}^{0.5} P^{-1} dn + 0.00012548 T_{i}^{0.5} P dn + 0.0039963 T_{i} P dn + 0.0002467 n^{-1} P^{-1} dn + 0.0084335 n E^{0.5} T_{e}^{0.5} T_{i} - 0.021598 n E^{0.5} T_{i}^{0.5} P + 0.00099031 n E^{0.5} T_{i} + 0.039381 n E T_{e}^{0.5} T_{i}^{0.5} + 0.00030942 n E T_{i}^{0.5}",
  "coefficients": [
    0.08853770315672482,
    0.0005646202190921045,
    1.0878350075078795e-05,
    -1.3035920517317105e-05,
    6.531482556683814e-06,
    5.6283806709564854e-06,
    5.014401247429596e-06,
    3.894151817521664e-06,
    2.8149468128430954e-06,
    -0.0027175588152636406,
    -2.912470417091865e-06,
    1.2387514331875384e-06,
    -2.010272552735664e-06,
    -3.6363271871555037e-06,
    -4.9254133866968485e-06,
    -8.421398060511175e-06,
    -4.4375798008498824e-06,
    -3.263556132068308e-06,
    -4.342420544596595e-06,
    -2.5901757918222917e-06,
    -7.559404794346817e-06,
    -5.540864395937602e-06,
    -2.119913884233835e-06,
    -6.353761246507315e-08,
    -4.683412585060743e-06,
    -5.034277736562268e-06,
    -1.5567837142044527e-06,
    -0.004134660929163007,
    1.8897983893524086e-06,
    1.870685730084787e-06,
    8.532496295634201e-07,
    5.827446504315449e-06,
    2.759389807512137e-06,
    2.828071179462972e-06,
    9.97548435467564e-06,
    4.391384618224916e-06,
    1.0461855567624943e-05,
    -1.7459897881928593e-06,
    1.7253941937893123e-06,
    2.742046163364216e-06,
    5.9386553182213826e-06,
    1.0608484707412237e-05,
    3.6662680491960525e-06,
    8.573222831104294e-06,
    1.0944947571510771e-05,
    -0.0028930513493796543,
    -6.41912891408081e-06,
    0.00042736992134252824,
    -0.010292266945957158,
    -3.533904418279495e-05,
    -3.423665570128881e-05,
    0.00016386121176340234,
    -2.4879868674143355e-06,
    -1.9243648565762953e-05,
    0.005979776370499645,
    -1.4644393030548832e-05,
    -3.40576019859366e-05,
    -8.652457484351614e-06,
    -2.860178839236952e-06,
    -0.0015179572902068203,
    -9.02781823929917e-05,
    2.7575603481600696e-05,
    -3.4421183622738875e-05,
    -1.051899170940995e-06,
    -0.04019464868508836,
    -1.082261690718654e-05,
    -3.351662813270278e-05,
    -3.244292213343737e-07,
    1.9002302955140545e-06,
    1.3152369564605453e-06,
    9.252837297664881e-06,
    1.2521789466101722e-06,
    -0.02240094801732928,
    0.0006949938713945214,
    -7.043980291419194e-06,
    1.0931961312836315e-05,
    0.005765613271529672,
    2.0791827219469746e-06,
    1.005376712949226e-05,
    7.5000220142089925e-06,
    3.229182736640109e-06,
    -2.7615043815064294e-05,
    0.00012910237736745396,
    1.366834230594554e-05,
    2.357458402151836e-05,
    0.015925224605194573,
    0.026361038663090895
  ],
  "val_sse_masked": 0.0009896222036331892,
  "val_nrmse_masked": 0.08562780171632767,
  "val_mse_masked": 3.298740921309218e-05,
  "val_r2_masked": 0.9926654100418091,
  "val_sse_full": 0.0009613626170903444,
  "val_nrmse_full": 0.0843963548541069,
  "val_mse_full": 3.2045423722593114e-05,
  "val_r2_full": 0.9928748607635498,
  "iteration": 335,
  "p_lo_eff": 0.12967753410339355,
  "p_hi_eff": 1.9451630115509033,
  "f_lo_eff": 0.20659340918064117,
  "f_hi_eff": 1.6527472734451294
}