{
  "tag": "221_49a4b7b9",
  "lmb1": 5.517406199980547e-06,
  "lmb2": 0.05662657378971921,
  "nonzero_count": 80,
  "complexity_norm": 0.6451612903225806,
  "train_gen_window": 0.07069595065122014,
  "generalizability": 0.06006037471504435,
  "equation": "0.017934 E^{0.5} n P^{-0.5} + 0.001474 F dT_{e} + 0.00019695 F dT_{i} - 0.0024379 F dn - 0.0036799 P^{-1} F dT_{e} - 0.00013437 P^{-1} F dT_{i} - 0.0039347 P^{-1} F dn - 0.00032611 P^{-1} dT_{e} + 6.5618 \\cdot 10^{-5} P F dT_{i} + 0.0033496 P dn + 0.0010321 T_{e}^{0.5} F dT_{e} - 0.0027893 T_{e}^{0.5} F dn - 0.00033461 T_{e}^{0.5} P^{-1} dT_{e} - 0.0057657 T_{e}^{0.5} P^{-1} dn - 8.8098 \\cdot 10^{-5} T_{e}^{0.5} T_{i}^{0.5} F dT_{e} + 1.5443 \\cdot 10^{-6} T_{e}^{0.5} T_{i}^{0.5} F dT_{i} - 0.0021595 T_{e}^{0.5} T_{i}^{0.5} F dn - 7.9125 \\cdot 10^{-7} T_{e}^{0.5} T_{i}^{0.5} P^{-1} dT_{i} - 0.00011856 T_{e}^{0.5} T_{i}^{0.5} P^{-1} dn - 3.7089 \\cdot 10^{-7} T_{e}^{0.5} T_{i}^{0.5} P dT_{i} + 0.0032611 T_{e}^{0.5} T_{i}^{0.5} P dn - 0.0066262 T_{e}^{0.5} T_{i}^{0.5} dn + 1.2666 \\cdot 10^{-5} T_{e}^{0.5} T_{i} dT_{e} - 8.0212 \\cdot 10^{-8} T_{e}^{0.5} T_{i} dT_{i} - 0.002566 T_{e}^{0.5} T_{i} dn - 0.0099839 T_{e}^{0.5} dn + 6.1485 \\cdot 10^{-5} T_{e} F dT_{i} - 0.0029673 T_{e} F dn - 0.00053163 T_{e} P^{-1} dn + 0.00012548 T_{e} T_{i}^{0.5} dT_{e} + 8.6194 \\cdot 10^{-6} T_{e} T_{i} dT_{e} - 4.5815 \\cdot 10^{-8} T_{e} T_{i} dT_{i} - 0.0022382 T_{e} T_{i} dn + 0.00057296 T_{e} dT_{e} + 4.104 \\cdot 10^{-6} T_{e} dT_{i} - 0.010826 T_{e} dn - 0.0019982 T_{i}^{0.5} F dn - 1.0319 \\cdot 10^{-6} T_{i}^{0.5} P^{-1} dT_{i} - 0.0039221 T_{i}^{0.5} P^{-1} dn - 9.0867 \\cdot 10^{-7} T_{i}^{0.5} P dT_{i} + 0.0033279 T_{i}^{0.5} P dn + 0.0001304 T_{i}^{0.5} dT_{e} - 3.7319 \\cdot 10^{-7} T_{i}^{0.5} dT_{i} - 0.0059945 T_{i}^{0.5} dn - 5.9908 \\cdot 10^{-5} T_{i} F dT_{e} - 3.6164 \\cdot 10^{-7} T_{i} F dT_{i} - 5.2065 \\cdot 10^{-6} T_{i} P^{-1} dT_{e} + 0.00087296 T_{i} P^{-1} dn + 1.403 \\cdot 10^{-5} T_{i} P dT_{e} + 0.0035127 T_{i} P dn + 1.7368 \\cdot 10^{-5} T_{i} dT_{e} - 0.0024851 T_{i} dn + 0.00021944 dT_{e} - 0.014875 n^{-1} F dn + 0.0014576 n^{-1} P^{-1} dn + 0.00025902 n^{-1} T_{e}^{0.5} T_{i}^{0.5} dn + 0.00094142 n^{-1} T_{e}^{0.5} dn + 0.00050722 n^{-1} T_{e} dn + 0.00043832 n^{-1} T_{i}^{0.5} dn + 5.0999 \\cdot 10^{-5} n^{-1} T_{i} dn + 0.0014617 n^{-1} dn + 0.0024042 n E^{0.5} + 0.0044864 n E^{0.5} P^{-1} - 0.0012077 n E^{0.5} T_{e}^{0.5} P^{-1} + 0.004454 n E^{0.5} T_{e}^{0.5} T_{i}^{0.5} + 0.0038094 n E^{0.5} T_{e}^{0.5} T_{i} + 0.0034622 n E^{0.5} T_{e} + 0.0043419 n E^{0.5} T_{e} T_{i}^{0.5} + 0.0039759 n E^{0.5} T_{i}^{0.5} - 0.0024034 n E^{0.5} T_{i}^{0.5} F + 0.0015784 n E^{0.5} T_{i}^{0.5} P^{-1} - 0.0085585 n E^{0.5} T_{i}^{0.5} P + 0.0038363 n E^{0.5} T_{i} + 0.00088757 n E F + 0.0071822 n E P^{-1} - 0.0076858 n E P + 0.015089 n E T_{e}^{0.5} + 0.01052 n E T_{e}^{0.5} T_{i}^{0.5} + 0.010498 n E T_{i}^{0.5} + 0.0044619 n E T_{i}",
  "coefficients": [
    0.08853770609052375,
    0.0033359936591535015,
    0.0021903478928037437,
    -0.0075706790131847765,
    0.0018634484802172418,
    0.0009582137968585144,
    0.0014446202523523191,
    0.0012562211980241668,
    0.0008345832115457364,
    -0.00476401212716339,
    7.822884661269017e-05,
    0.0030987720504971872,
    0.001019442426084732,
    -0.0004604314275404784,
    -0.00014201388509551475,
    -0.0003834162700710227,
    -0.0002489558677506426,
    -0.00043888687036471865,
    -2.0831357561356518e-05,
    0.0001859272585382195,
    -0.00018169143015542858,
    -0.00025532518995960034,
    0.00035841902311255713,
    0.0014700457497686444,
    4.5319605102246946e-05,
    -0.00017565182744581822,
    -0.0005815014472597834,
    -0.00398537839100077,
    0.00028361879459508463,
    0.0005550469324222715,
    -5.6686469951025434e-05,
    0.0004996801978568674,
    -9.199555296192369e-05,
    -0.00012602351676490432,
    0.00029940384623306903,
    -0.00030828106210584606,
    0.0002486325798190328,
    -0.0006850194772262785,
    0.0004292488418403843,
    -0.00011980239988576802,
    -6.550198281620319e-05,
    0.0002543831843061391,
    0.0008353116022858267,
    0.0006122066300390667,
    0.0002036414574289784,
    -0.004973445396319698,
    -0.0026081205700449607,
    0.0038756687051946827,
    -0.004205399155611769,
    -0.004752140537574984,
    -0.002447755911011583,
    0.004345992664102228,
    0.001361511323072819,
    -0.0023523823806448816,
    0.005256022719500088,
    -0.005197271954930233,
    -0.006582986091904799,
    -0.0028836783667175667,
    -0.0001462968700846698,
    -0.005066566638218621,
    -0.002565114170348741,
    0.0040679579052890795,
    -0.002375831607760398,
    -0.0005551212593270197,
    -0.006881265006741522,
    -0.002972484688171634,
    -0.0020538568483805674,
    0.003430156753660854,
    0.0013270991276110398,
    0.001486705411594614,
    0.002452519950512766,
    -0.0023880661128725562,
    -0.008876756787275874,
    0.002692263884208069,
    -0.0010689796548425219,
    0.0026562043113674202,
    0.0026043474181568008,
    0.0017803577186696453,
    0.002517815632529842,
    0.0034286465767636443,
    0.0005067050510745592,
    -0.0046688578880848255,
    0.004380294257322057,
    0.002319364980687592,
    0.005294722772091138,
    0.0042539478781343084,
    0.008804558926856948
  ],
  "val_sse_masked": 0.0010494135785847902,
  "val_nrmse_masked": 0.08817661553621292,
  "val_mse_masked": 3.498045407468453e-05,
  "val_r2_masked": 0.9922223091125488,
  "val_sse_full": 0.0010464098304510117,
  "val_nrmse_full": 0.08805032074451447,
  "val_mse_full": 3.488032962195575e-05,
  "val_r2_full": 0.99224454164505,
  "iteration": 221,
  "p_lo_eff": 0.12967753410339355,
  "p_hi_eff": 1.9451630115509033,
  "f_lo_eff": 0.20659340918064117,
  "f_hi_eff": 1.6527472734451294
}