{
  "tag": "50_785726ec",
  "lmb1": 1.5692524408326594e-06,
  "lmb2": 0.0008598010050925196,
  "nonzero_count": 85,
  "complexity_norm": 0.6854838709677419,
  "train_gen_window": 0.024567912653790932,
  "generalizability": 0.030929302247743058,
  "equation": "0.063412 E^{0.5} n P^{-0.5} - 0.0044672 F dT_{e} + 0.0013795 F dT_{i} - 0.0020876 F dn - 0.003475 P^{-1} F dT_{e} - 1.7903 \\cdot 10^{-5} P^{-1} F dT_{i} - 0.00065719 P^{-1} F dn + 0.00062107 P^{-1} dT_{e} - 0.00031027 P F dT_{i} - 0.0035657 P dn - 0.0082727 T_{e}^{0.5} F dT_{e} - 0.0055016 T_{e}^{0.5} F dn + 0.0017789 T_{e}^{0.5} P^{-1} dT_{e} - 0.025188 T_{e}^{0.5} P^{-1} dn + 0.0031785 T_{e}^{0.5} T_{i}^{0.5} F dT_{e} - 2.0935 \\cdot 10^{-5} T_{e}^{0.5} T_{i}^{0.5} F dT_{i} - 0.008417 T_{e}^{0.5} T_{i}^{0.5} F dn - 1.0535 \\cdot 10^{-5} T_{e}^{0.5} T_{i}^{0.5} P^{-1} dT_{i} + 0.011108 T_{e}^{0.5} T_{i}^{0.5} P^{-1} dn + 0.0010381 T_{e}^{0.5} T_{i}^{0.5} P dT_{e} + 3.5673 \\cdot 10^{-6} T_{e}^{0.5} T_{i}^{0.5} P dT_{i} + 0.0044037 T_{e}^{0.5} T_{i}^{0.5} P dn - 3.6205 \\cdot 10^{-6} T_{e}^{0.5} T_{i}^{0.5} dT_{i} - 0.0042355 T_{e}^{0.5} T_{i}^{0.5} dn - 0.00019834 T_{e}^{0.5} T_{i} dT_{e} + 4.4346 \\cdot 10^{-7} T_{e}^{0.5} T_{i} dT_{i} + 0.0042377 T_{e}^{0.5} T_{i} dn - 0.016762 T_{e}^{0.5} dn + 0.00015958 T_{e} F dT_{i} - 0.0076324 T_{e} F dn + 0.014828 T_{e} P^{-1} dn + 2.7476 \\cdot 10^{-5} T_{e} P dT_{i} - 0.00052752 T_{e} T_{i}^{0.5} dT_{e} - 0.00018938 T_{e} T_{i} dT_{e} + 7.932 \\cdot 10^{-7} T_{e} T_{i} dT_{i} + 0.0042675 T_{e} T_{i} dn - 0.0023807 T_{e} dT_{e} - 9.2168 \\cdot 10^{-5} T_{e} dT_{i} - 0.023748 T_{e} dn + 0.0017701 T_{i}^{0.5} F dT_{e} - 0.0059904 T_{i}^{0.5} F dn + 0.0013524 T_{i}^{0.5} P^{-1} dT_{e} - 1.3364 \\cdot 10^{-5} T_{i}^{0.5} P^{-1} dT_{i} - 0.019047 T_{i}^{0.5} P^{-1} dn - 1.1051 \\cdot 10^{-6} T_{i}^{0.5} P dT_{i} + 0.0035564 T_{i}^{0.5} P dn - 0.00070225 T_{i}^{0.5} dT_{e} - 7.5764 \\cdot 10^{-6} T_{i}^{0.5} dT_{i} - 0.00028556 T_{i}^{0.5} dn + 0.00014269 T_{i} F dT_{e} + 2.1479 \\cdot 10^{-6} T_{i} F dT_{i} + 8.7394 \\cdot 10^{-5} T_{i} P^{-1} dT_{e} + 0.0063908 T_{i} P^{-1} dn + 0.00026409 T_{i} P dT_{e} + 0.0080675 T_{i} P dn - 0.00020957 T_{i} dT_{e} + 0.0062841 T_{i} dn - 0.00011369 dT_{i} - 0.024024 n^{-1} F dn + 0.0046105 n^{-1} P^{-1} dn - 0.00022015 n^{-1} T_{e}^{0.5} T_{i}^{0.5} dn + 0.00065203 n^{-1} T_{e}^{0.5} dn + 0.001328 n^{-1} T_{e} dn + 6.0844 \\cdot 10^{-5} n^{-1} T_{i}^{0.5} dn - 0.00039739 n^{-1} T_{i} dn + 0.0006126 n^{-1} dn - 0.034769 n E^{0.5} + 0.011976 n E^{0.5} P^{-1} - 0.022559 n E^{0.5} T_{e}^{0.5} P^{-1} + 0.0067748 n E^{0.5} T_{e}^{0.5} T_{i}^{0.5} + 0.016582 n E^{0.5} T_{e}^{0.5} T_{i} - 0.011021 n E^{0.5} T_{e} + 0.01298 n E^{0.5} T_{e} T_{i}^{0.5} - 0.0014651 n E^{0.5} T_{i}^{0.5} - 0.01932 n E^{0.5} T_{i}^{0.5} F + 0.0051979 n E^{0.5} T_{i}^{0.5} P^{-1} - 0.0051263 n E^{0.5} T_{i}^{0.5} P + 0.012214 n E^{0.5} T_{i} - 0.014024 n E F + 0.01503 n E P^{-1} - 0.003665 n E P + 0.036765 n E T_{e}^{0.5} + 0.011354 n E T_{e}^{0.5} T_{i}^{0.5} + 0.0091976 n E T_{i}^{0.5} - 0.0056852 n E T_{i}",
  "coefficients": [
    0.08853770720132764,
    0.010552171299661095,
    0.0009179604451602583,
    -0.012226915175187678,
    0.0002586706987507104,
    -0.007466561579140927,
    0.0010005421666541624,
    -0.0010677171650234842,
    0.0021851125472734153,
    -0.000634752070935317,
    -0.006828258605449978,
    0.021705148274343215,
    -0.00482031428736164,
    -0.0059629215723599836,
    -0.002883146970917517,
    -0.0004662811583771324,
    0.0014786045641161187,
    -0.0058432973732164195,
    -0.001654150147549912,
    -0.002520553211081217,
    0.0017475287473168615,
    0.0014115771291311882,
    -0.008049421262902024,
    0.00381550603281991,
    0.0026003245224698024,
    0.0030410635826107826,
    0.0011074594164128726,
    -0.0037635187948973064,
    4.662630262146925e-05,
    -0.0016821850705510991,
    0.007694334116205185,
    -0.0026909216818690952,
    0.0021160640784449987,
    0.00211537106370234,
    -0.0036126699377850647,
    0.0007342747355471807,
    0.004679863002973616,
    0.003641706360789247,
    -0.0034405180290650516,
    0.004322409283439074,
    0.004572071905235373,
    -0.003983434574620788,
    -0.0034707932305452858,
    -0.0025736407455347085,
    -0.004474367888880752,
    -0.0008306904229770243,
    -0.0022334128104585247,
    -0.004125718525607514,
    -0.020422494941263643,
    -0.00022637976602657948,
    -0.007338158660182902,
    0.00464434956351095,
    0.009967472541934015,
    0.00594842982037982,
    0.012071442009903937,
    -0.022704393042955778,
    -0.011052517283802318,
    -0.005687788100518214,
    0.013706746195800049,
    -0.003238554417730561,
    -0.009997807644303375,
    0.005493259906756842,
    0.003923681882892874,
    0.015482835753527404,
    -0.01509484634704839,
    -0.00764579872538481,
    0.003915951974442035,
    0.00915643743530533,
    -0.019191980377545506,
    0.004895936051883919,
    -0.0009037219095544469,
    -0.019197017655726335,
    -0.005316902824429366,
    0.008571937541108432,
    -0.019966908679320543,
    0.004040272204568771,
    0.011336614741814497,
    -0.005667390098208561,
    0.007526859337517405,
    0.007174855439114391,
    -0.00800611964722596,
    -0.002226359093952824,
    0.0038375321034937676,
    -0.0029552307217533477,
    0.012901083084380092,
    0.0045914060513381075,
    0.0311321451530431
  ],
  "val_sse_masked": 0.0003618004557210952,
  "val_nrmse_masked": 0.051774345338344574,
  "val_mse_masked": 1.2060016160830855e-05,
  "val_r2_masked": 0.9973185062408447,
  "val_sse_full": 0.0003622408548835665,
  "val_nrmse_full": 0.05180584639310837,
  "val_mse_full": 1.2074696314812172e-05,
  "val_r2_full": 0.9973152875900269,
  "iteration": 50,
  "p_lo_eff": 0.12967753410339355,
  "p_hi_eff": 1.9451630115509033,
  "f_lo_eff": 0.20659340918064117,
  "f_hi_eff": 1.6527472734451294
}