{
  "tag": "475_a94aaa6f",
  "lmb1": 3.7607911034272935e-08,
  "lmb2": 3.3837773807168963e-07,
  "nonzero_count": 86,
  "complexity_norm": 0.6935483870967742,
  "train_gen_window": 0.013734073809296508,
  "generalizability": 0.03103920674588274,
  "equation": "0.15749 E^{0.5} n P^{-0.5} + 0.21274 F dT_{e} + 0.0071236 F dT_{i} + 0.023571 F dn + 0.0005485 P^{-1} F dT_{e} - 0.00028297 P^{-1} F dT_{i} + 0.0095836 P^{-1} F dn - 0.018149 P^{-1} dT_{e} - 0.0013391 P F dT_{i} - 0.034702 P dn - 0.25403 T_{e}^{0.5} F dT_{e} + 0.048245 T_{e}^{0.5} F dn + 0.022984 T_{e}^{0.5} P^{-1} dT_{e} - 0.076298 T_{e}^{0.5} P^{-1} dn + 0.044329 T_{e}^{0.5} T_{i}^{0.5} F dT_{e} - 0.0011287 T_{e}^{0.5} T_{i}^{0.5} F dT_{i} - 0.072434 T_{e}^{0.5} T_{i}^{0.5} F dn + 0.00039278 T_{e}^{0.5} T_{i}^{0.5} P^{-1} dT_{i} + 0.028348 T_{e}^{0.5} T_{i}^{0.5} P^{-1} dn + 0.0022504 T_{e}^{0.5} T_{i}^{0.5} P dT_{e} + 5.4888 \\cdot 10^{-5} T_{e}^{0.5} T_{i}^{0.5} P dT_{i} + 0.0038345 T_{e}^{0.5} T_{i}^{0.5} P dn + 0.00024223 T_{e}^{0.5} T_{i}^{0.5} dT_{i} + 0.19413 T_{e}^{0.5} T_{i}^{0.5} dn - 0.0074938 T_{e}^{0.5} T_{i} dT_{e} + 2.6882 \\cdot 10^{-5} T_{e}^{0.5} T_{i} dT_{i} + 0.023592 T_{e}^{0.5} T_{i} dn - 0.20162 T_{e}^{0.5} dn - 0.00068702 T_{e} F dT_{i} - 0.073721 T_{e} F dn + 0.014639 T_{e} P^{-1} dn + 0.00057525 T_{e} P dT_{i} - 0.011906 T_{e} T_{i}^{0.5} dT_{e} + 0.0040587 T_{e} T_{i} dT_{e} - 2.6296 \\cdot 10^{-5} T_{e} T_{i} dT_{i} - 0.017806 T_{e} T_{i} dn + 0.015038 T_{e} dT_{e} - 0.0011941 T_{e} dT_{i} + 0.036907 T_{e} dn - 0.0058696 T_{i}^{0.5} F dT_{e} + 0.025587 T_{i}^{0.5} F dn - 0.0007844 T_{i}^{0.5} P^{-1} dT_{e} - 0.00038312 T_{i}^{0.5} P^{-1} dT_{i} + 0.02594 T_{i}^{0.5} P^{-1} dn - 0.0001976 T_{i}^{0.5} P dT_{i} + 0.084092 T_{i}^{0.5} P dn + 0.0094467 T_{i}^{0.5} dT_{e} + 0.00014369 T_{i}^{0.5} dT_{i} - 0.0020303 T_{i}^{0.5} dn - 0.012093 T_{i} F dT_{e} - 1.5083 \\cdot 10^{-5} T_{i} F dT_{i} + 0.00058634 T_{i} P^{-1} dT_{e} - 0.010934 T_{i} P^{-1} dn - 0.00099026 T_{i} P dT_{e} - 0.04325 T_{i} P dn + 0.0055428 T_{i} dT_{e} - 0.046583 T_{i} dn - 0.022662 dT_{e} - 0.00044762 dT_{i} + 0.015043 n^{-1} F dn + 0.002889 n^{-1} P^{-1} dn - 0.023289 n^{-1} T_{e}^{0.5} T_{i}^{0.5} dn - 0.026951 n^{-1} T_{e}^{0.5} dn + 0.020116 n^{-1} T_{e} dn + 0.019748 n^{-1} T_{i}^{0.5} dn + 0.0017337 n^{-1} T_{i} dn - 0.00052993 n^{-1} dn - 0.31889 n E^{0.5} - 0.072924 n E^{0.5} P^{-1} + 0.0004033 n E^{0.5} T_{e}^{0.5} P^{-1} - 0.045021 n E^{0.5} T_{e}^{0.5} T_{i}^{0.5} - 0.013086 n E^{0.5} T_{e}^{0.5} T_{i} - 0.036858 n E^{0.5} T_{e} - 0.0021913 n E^{0.5} T_{e} T_{i}^{0.5} + 0.10019 n E^{0.5} T_{i}^{0.5} - 0.0092263 n E^{0.5} T_{i}^{0.5} F + 0.064422 n E^{0.5} T_{i}^{0.5} P^{-1} + 0.014385 n E^{0.5} T_{i}^{0.5} P + 0.19956 n E^{0.5} T_{i} - 0.066947 n E F - 0.03772 n E P^{-1} - 0.018163 n E P + 0.91138 n E T_{e}^{0.5} - 0.65328 n E T_{e}^{0.5} T_{i}^{0.5} - 0.18308 n E T_{i}^{0.5} + 0.11182 n E T_{i}",
  "coefficients": [
    0.08853772644226887,
    0.006612189475142971,
    -0.0007940899921350664,
    0.007655958067727731,
    0.08395791760984397,
    0.03257407331899067,
    -0.041356618248829705,
    -0.11294868419510132,
    0.033099740918063614,
    -0.010032580425459285,
    -0.026883816946862045,
    0.11208237200825413,
    -0.020804103036661616,
    -0.17093996238898326,
    0.05468114414065211,
    -0.08337743469372744,
    -0.010383361873065447,
    0.21786774111114682,
    0.11067081319922803,
    -0.13589385951743613,
    0.02688828447569952,
    0.08556717500150571,
    -0.1042861688236319,
    -0.016425808688263314,
    0.05444283430484752,
    -0.10081642421483258,
    -0.032361655315345295,
    0.0005940352401899232,
    -0.029290162420039498,
    0.08010966424428496,
    -0.004462695287486107,
    0.03619839517376668,
    -0.007016887032271588,
    0.014192282058787753,
    0.09554930908100354,
    -0.06222902296161696,
    -0.01754824105620849,
    0.04705292926401255,
    -0.10564970052983853,
    0.0602821935189894,
    0.009911933399468886,
    -0.15050098962462904,
    0.021922981604338303,
    -0.058084610232081245,
    0.09589091193048443,
    0.012113641626206047,
    0.02521782640412188,
    -0.04015182868628012,
    0.02781428262048828,
    -0.0016095334891477048,
    0.0313434770199659,
    0.10981792210303272,
    -0.017053000169795725,
    -0.044094465361542254,
    -0.06471598420161201,
    -0.06877639786322715,
    -0.1329401086872609,
    0.0498775885203238,
    0.034979667341377266,
    0.14844098302761372,
    -0.08603778241567617,
    0.0047832196345965194,
    0.021843970341108035,
    0.015286211193944299,
    0.023458805636955925,
    -0.07385044795884042,
    -0.016339418356244126,
    -0.05575521253607539,
    -0.17602683050743995,
    0.060679199776102054,
    0.061798884602386306,
    -0.00916736618315072,
    0.014919758114550596,
    0.1400477650685057,
    0.00035696023274353617,
    -0.02684877982005409,
    -0.008946467315830639,
    -0.018953326975984043,
    -0.0012707081249319976,
    -0.018006880637921614,
    -0.038219332377494454,
    -0.011033521260379153,
    -0.07638881322286088,
    0.05812637825539949,
    0.319811600905138,
    -0.2641780052949211,
    0.07731896567358175
  ],
  "val_sse_masked": 0.0001222895079990849,
  "val_nrmse_masked": 0.030100565403699875,
  "val_mse_masked": 4.07631705456879e-06,
  "val_r2_masked": 0.9990936517715454,
  "val_sse_full": 0.0001222895079990849,
  "val_nrmse_full": 0.030100565403699875,
  "val_mse_full": 4.07631705456879e-06,
  "val_r2_full": 0.9990936517715454,
  "iteration": 475,
  "p_lo_eff": 0.12967753410339355,
  "p_hi_eff": 1.9451630115509033,
  "f_lo_eff": 0.20659340918064117,
  "f_hi_eff": 1.6527472734451294
}