{
  "tag": "433_d8c4bf6c",
  "lmb1": 2.244650549951641e-05,
  "lmb2": 9.660124447551946e-05,
  "nonzero_count": 65,
  "complexity_norm": 0.5241935483870968,
  "train_gen_window": 0.023945253904930713,
  "generalizability": 0.029351107683257965,
  "equation": "0.10694 E^{0.5} n P^{-0.5} - 0.00034941 F dT_{e} + 0.00092589 F dT_{i} - 0.00020497 F dn - 0.001635 P^{-1} F dT_{e} + 3.7658 \\cdot 10^{-5} P^{-1} F dT_{i} - 0.00015965 P dn - 0.0010116 T_{e}^{0.5} F dT_{e} - 0.00060343 T_{e}^{0.5} F dn - 0.035685 T_{e}^{0.5} P^{-1} dn + 0.0001208 T_{e}^{0.5} T_{i}^{0.5} F dT_{e} - 1.275 \\cdot 10^{-6} T_{e}^{0.5} T_{i}^{0.5} F dT_{i} - 0.015498 T_{e}^{0.5} T_{i}^{0.5} F dn - 6.1103 \\cdot 10^{-6} T_{e}^{0.5} T_{i}^{0.5} P^{-1} dT_{i} + 0.013027 T_{e}^{0.5} T_{i}^{0.5} P^{-1} dn + 0.00010841 T_{e}^{0.5} T_{i}^{0.5} P dT_{e} + 1.3484 \\cdot 10^{-6} T_{e}^{0.5} T_{i}^{0.5} P dT_{i} + 0.00015809 T_{e}^{0.5} T_{i}^{0.5} P dn - 1.0315 \\cdot 10^{-5} T_{e}^{0.5} T_{i} dT_{e} + 4.6533 \\cdot 10^{-8} T_{e}^{0.5} T_{i} dT_{i} + 0.00067571 T_{e}^{0.5} T_{i} dn - 0.0061604 T_{e}^{0.5} dn - 0.0034182 T_{e} F dn + 0.014907 T_{e} P^{-1} dn + 2.901 \\cdot 10^{-6} T_{e} P dT_{i} - 3.1872 \\cdot 10^{-5} T_{e} T_{i}^{0.5} dT_{e} - 0.00022247 T_{e} T_{i} dT_{e} + 5.1131 \\cdot 10^{-8} T_{e} T_{i} dT_{i} + 0.0010695 T_{e} T_{i} dn - 0.0024566 T_{e} dT_{e} - 9.613 \\cdot 10^{-5} T_{e} dT_{i} - 0.045282 T_{e} dn + 0.00036777 T_{i}^{0.5} F dT_{e} - 0.001336 T_{i}^{0.5} F dn + 0.0015376 T_{i}^{0.5} P^{-1} dT_{e} - 6.1833 \\cdot 10^{-6} T_{i}^{0.5} P^{-1} dT_{i} - 0.011678 T_{i}^{0.5} P^{-1} dn + 6.7524 \\cdot 10^{-7} T_{i}^{0.5} P dT_{i} + 9.5444 \\cdot 10^{-5} T_{i}^{0.5} P dn + 2.2813 \\cdot 10^{-5} T_{i} F dT_{e} + 0.0047841 T_{i} P^{-1} dn + 0.00019116 T_{i} P dT_{e} + 0.013171 T_{i} P dn + 0.0014203 T_{i} dn - 0.00013293 dT_{e} - 4.9138 \\cdot 10^{-5} dT_{i} - 0.011928 n^{-1} F dn + 0.0039492 n^{-1} P^{-1} dn - 2.3874 \\cdot 10^{-5} n^{-1} T_{e}^{0.5} T_{i}^{0.5} dn + 6.8398 \\cdot 10^{-5} n^{-1} T_{e} dn - 0.00010798 n^{-1} T_{i}^{0.5} dn - 0.00017952 n^{-1} T_{i} dn - 0.061198 n E^{0.5} - 0.023268 n E^{0.5} T_{e}^{0.5} P^{-1} + 0.00036719 n E^{0.5} T_{e}^{0.5} T_{i}^{0.5} + 0.029653 n E^{0.5} T_{e}^{0.5} T_{i} + 0.002684 n E^{0.5} T_{e} T_{i}^{0.5} - 0.021951 n E^{0.5} T_{i}^{0.5} F + 0.00067025 n E^{0.5} T_{i}^{0.5} P^{-1} + 0.0022403 n E^{0.5} T_{i} - 0.00047048 n E F + 0.022985 n E P^{-1} - 0.00029704 n E P + 0.023898 n E T_{e}^{0.5} - 0.0017731 n E T_{i}",
  "coefficients": [
    0.08853770809406947,
    0.00903861396925324,
    -6.282078184728395e-05,
    -0.006070573188801254,
    -0.00045904795178116617,
    -0.0033730195631438914,
    6.234989018605994e-06,
    -0.00011578872161855783,
    0.00011254311053722389,
    0.001335163007385205,
    -0.0029511737818125904,
    0.01456800846430906,
    -9.108679092108552e-05,
    -0.002758882176292792,
    -2.394202778647555e-05,
    0.00028492073987869507,
    2.7537074907328364e-05,
    -0.0033892435536153503,
    -1.275340287241733e-05,
    -0.0001535062410907565,
    0.0006605645058195538,
    0.00014811907269392992,
    -0.008395420010627833,
    -1.0357886598131712e-05,
    0.0002745541134751021,
    0.0001960302151653857,
    3.365812630112728e-05,
    -0.0017706898262236956,
    -0.0001718085669274334,
    -0.0001315750391591689,
    0.008748154147005187,
    8.643896211397822e-05,
    0.0004396506935828212,
    8.926609444736273e-05,
    -3.542532417237913e-05,
    0.00011739251517802324,
    0.0033874678018754353,
    2.9174837944782737e-06,
    -0.0004207180322066122,
    0.00016427451171818774,
    0.00047749708903145193,
    -0.00020715906905398519,
    -0.00358137061118214,
    -0.00015549836805050534,
    -0.00525615405386907,
    -6.064755849438834e-05,
    -0.00021929046121719854,
    -0.0001847243930200027,
    -0.012521876435705296,
    1.9749288183084577e-05,
    -0.001636540598694782,
    0.0001246426033482068,
    0.007461534525520942,
    0.0013444497880672932,
    0.0197072962621163,
    -0.03216713978691046,
    -0.004061961385374835,
    -0.0006238550939626432,
    0.016074921058819174,
    -2.4343148554604335e-05,
    -0.018408580483930383,
    0.0001972060083044959,
    0.0006256322649831946,
    0.01556562014703951,
    -0.028782279829711113,
    -0.0034241736357790297,
    0.00098140367054336,
    4.317458389088274e-05,
    -0.033780582247106894,
    0.0006313147862064396,
    4.9405092817996865e-05,
    -0.021811104958038917,
    -1.1369492812014076e-05,
    0.0015722199670937923,
    -0.020594592646684798,
    0.0002189780090823119,
    0.02027225965972277,
    -8.902578119187044e-05,
    0.001556414366087532,
    0.010972488098983352,
    -0.0002685921585149526,
    -0.00018044084443987184,
    4.831268704792767e-05,
    -0.0009216572465807227,
    0.008385833827537735,
    6.765882650018252e-05,
    0.0525034159321518
  ],
  "val_sse_masked": 0.0003199257771484554,
  "val_nrmse_masked": 0.04868606477975845,
  "val_mse_masked": 1.06641928141471e-05,
  "val_r2_masked": 0.9976288676261902,
  "val_sse_full": 0.00032080337405204773,
  "val_nrmse_full": 0.0487527959048748,
  "val_mse_full": 1.0693446711229626e-05,
  "val_r2_full": 0.9976223707199097,
  "iteration": 433,
  "p_lo_eff": 0.12967753410339355,
  "p_hi_eff": 1.9451630115509033,
  "f_lo_eff": 0.20659340918064117,
  "f_hi_eff": 1.6527472734451294
}