{
  "tag": "255_f478a5e5",
  "lmb1": 1.5990777812123362e-05,
  "lmb2": 0.02087558132886107,
  "nonzero_count": 77,
  "complexity_norm": 0.6209677419354839,
  "train_gen_window": 0.05902223636717687,
  "generalizability": 0.04475261795651997,
  "equation": "0.025262 E^{0.5} n P^{-0.5} + 0.0010456 F dT_{e} + 0.00030305 F dT_{i} - 0.0026402 F dn - 0.0034018 P^{-1} F dT_{e} - 0.00014871 P^{-1} F dT_{i} - 0.0044166 P^{-1} F dn - 6.3719 \\cdot 10^{-5} P^{-1} dT_{e} + 4.9309 \\cdot 10^{-5} P F dT_{i} + 0.0026306 P dn + 0.00070605 T_{e}^{0.5} F dT_{e} - 0.0031994 T_{e}^{0.5} F dn - 0.0078209 T_{e}^{0.5} P^{-1} dn - 0.002112 T_{e}^{0.5} T_{i}^{0.5} F dn - 1.2674 \\cdot 10^{-6} T_{e}^{0.5} T_{i}^{0.5} P^{-1} dT_{i} + 0.00068761 T_{e}^{0.5} T_{i}^{0.5} P^{-1} dn + 4.8322 \\cdot 10^{-5} T_{e}^{0.5} T_{i}^{0.5} P dT_{e} + 0.0035244 T_{e}^{0.5} T_{i}^{0.5} P dn - 0.0071512 T_{e}^{0.5} T_{i}^{0.5} dn - 6.3001 \\cdot 10^{-8} T_{e}^{0.5} T_{i} dT_{i} - 0.00073903 T_{e}^{0.5} T_{i} dn - 0.013257 T_{e}^{0.5} dn + 8.9651 \\cdot 10^{-5} T_{e} F dT_{i} - 0.0034598 T_{e} F dn + 0.00036483 T_{e} P^{-1} dn + 4.4531 \\cdot 10^{-6} T_{e} P dT_{i} + 3.5436 \\cdot 10^{-5} T_{e} T_{i}^{0.5} dT_{e} - 8.6173 \\cdot 10^{-6} T_{e} T_{i} dT_{e} - 0.00053763 T_{e} T_{i} dn + 0.00022771 T_{e} dT_{e} - 0.014746 T_{e} dn + 0.00010156 T_{i}^{0.5} F dT_{e} - 0.0018356 T_{i}^{0.5} F dn + 9.5453 \\cdot 10^{-5} T_{i}^{0.5} P^{-1} dT_{e} - 1.7836 \\cdot 10^{-6} T_{i}^{0.5} P^{-1} dT_{i} - 0.0049927 T_{i}^{0.5} P^{-1} dn - 4.0188 \\cdot 10^{-7} T_{i}^{0.5} P dT_{i} + 0.0036126 T_{i}^{0.5} P dn + 0.00017482 T_{i}^{0.5} dT_{e} - 6.5558 \\cdot 10^{-7} T_{i}^{0.5} dT_{i} - 0.0060358 T_{i}^{0.5} dn - 2.6566 \\cdot 10^{-5} T_{i} F dT_{e} - 2.0657 \\cdot 10^{-7} T_{i} F dT_{i} + 0.00198 T_{i} P^{-1} dn + 5.2766 \\cdot 10^{-5} T_{i} P dT_{e} + 0.0046151 T_{i} P dn + 1.979 \\cdot 10^{-5} T_{i} dT_{e} - 0.00043456 T_{i} dn + 0.00010215 dT_{e} - 4.506 \\cdot 10^{-6} dT_{i} - 0.020064 n^{-1} F dn + 0.0018641 n^{-1} P^{-1} dn + 0.00022089 n^{-1} T_{e}^{0.5} T_{i}^{0.5} dn + 0.0013469 n^{-1} T_{e}^{0.5} dn + 0.00086662 n^{-1} T_{e} dn + 0.00038773 n^{-1} T_{i}^{0.5} dn + 7.3223 \\cdot 10^{-6} n^{-1} T_{i} dn + 0.0018867 n^{-1} dn + 0.0011109 n E^{0.5} + 0.0046121 n E^{0.5} P^{-1} - 0.0043013 n E^{0.5} T_{e}^{0.5} P^{-1} + 0.0045606 n E^{0.5} T_{e}^{0.5} T_{i}^{0.5} + 0.0034687 n E^{0.5} T_{e}^{0.5} T_{i} + 0.0028814 n E^{0.5} T_{e} + 0.0044844 n E^{0.5} T_{e} T_{i}^{0.5} + 0.003657 n E^{0.5} T_{i}^{0.5} - 0.0055792 n E^{0.5} T_{i}^{0.5} F + 0.00086598 n E^{0.5} T_{i}^{0.5} P^{-1} - 0.0109 n E^{0.5} T_{i}^{0.5} P + 0.0033382 n E^{0.5} T_{i} - 0.00037941 n E F + 0.0079816 n E P^{-1} - 0.0068652 n E P + 0.021418 n E T_{e}^{0.5} + 0.01288 n E T_{e}^{0.5} T_{i}^{0.5} + 0.012738 n E T_{i}^{0.5} + 0.0030955 n E T_{i}",
  "coefficients": [
    0.08853770637376202,
    0.004266493013271991,
    0.0028271503462152865,
    -0.010211194160245423,
    0.0016483702642561679,
    0.0001375782214395953,
    0.002066869465433172,
    0.0010713017064423432,
    0.0014259505922538775,
    -0.005272411310560266,
    -0.00027062459425014043,
    0.0047681788284323285,
    0.0007660567903042858,
    -0.0007957996027603226,
    -0.00024947678997141114,
    -0.00016957322028531832,
    -0.00014220681630166117,
    -0.00070301646695198,
    -2.0282456723748712e-05,
    9.135770415612707e-05,
    7.74880266451517e-06,
    -0.00020054058094487557,
    1.9953678122564222e-05,
    0.0021434631720310716,
    0.0004214468751616983,
    -7.149658353785052e-05,
    -0.00011361920021789361,
    -0.003684224052931861,
    0.00013203136339181258,
    0.00039373854990483063,
    0.000543061130449172,
    0.0006698724882227102,
    0.00012140548896111397,
    8.37123730918058e-05,
    0.00034115653049750883,
    -0.00013670639832181797,
    0.0009350616800534858,
    -1.3493035108116963e-05,
    0.00029363676017454636,
    -4.6983144870999915e-06,
    0.00021283406041715984,
    -4.644638228102691e-05,
    0.0003319782684331463,
    0.00017288734831949585,
    -0.00020359114939612246,
    -0.0055825142204678725,
    -0.0028245595747805963,
    0.003043719536764146,
    -0.00535338424532756,
    -0.004784890867908128,
    -0.002248559544867426,
    0.004717722830959521,
    0.003088182837253046,
    -0.0004113470450775444,
    0.006905584120773437,
    -0.007049877720593451,
    -0.008741207035007664,
    -0.0033076375204686417,
    0.0008484871957991525,
    -0.005468000127390309,
    -0.002508697367957901,
    0.004396305913673924,
    -0.0006842610406710967,
    0.00038095114297691213,
    -0.009373099520887829,
    -0.003465844086251209,
    -0.0004933402193818239,
    0.0035262015789940065,
    0.0006131935045612868,
    0.0008156729765112486,
    0.002255830630814348,
    -0.00554358479061031,
    -0.011305828165487806,
    0.002342745038833478,
    -0.003807067002094255,
    0.002719822607874911,
    0.0023713825560757193,
    0.0014817060102172528,
    0.002600483455872463,
    0.0038102618087326786,
    -0.00021660017346737524,
    -0.004170351460514396,
    0.005314822996108396,
    0.0016090731823953557,
    0.00751566264040276,
    0.005208489981286144,
    0.012402352052182203
  ],
  "val_sse_masked": 0.0007794396951794624,
  "val_nrmse_masked": 0.07599260658025742,
  "val_mse_masked": 2.598132414277643e-05,
  "val_r2_masked": 0.9942231774330139,
  "val_sse_full": 0.0007794845150783658,
  "val_nrmse_full": 0.07599478960037231,
  "val_mse_full": 2.5982819352066144e-05,
  "val_r2_full": 0.99422287940979,
  "iteration": 255,
  "p_lo_eff": 0.12967753410339355,
  "p_hi_eff": 1.9451630115509033,
  "f_lo_eff": 0.20659340918064117,
  "f_hi_eff": 1.6527472734451294
}