{
  "tag": "232_0a4fad3c",
  "lmb1": 1e-08,
  "lmb2": 2.4697953309199384e-05,
  "nonzero_count": 86,
  "complexity_norm": 0.6935483870967742,
  "train_gen_window": 0.018830328700353456,
  "generalizability": 0.019360876383073166,
  "equation": "0.14362 E^{0.5} n P^{-0.5} + 0.041865 F dT_{e} + 0.004238 F dT_{i} + 0.0090937 F dn - 0.00012272 P^{-1} F dT_{e} + 0.00011962 P^{-1} F dT_{i} + 0.005142 P^{-1} F dn + 0.0043562 P^{-1} dT_{e} - 0.00023444 P F dT_{i} - 0.016672 P dn - 0.11138 T_{e}^{0.5} F dT_{e} - 0.0026507 T_{e}^{0.5} F dn + 0.0033923 T_{e}^{0.5} P^{-1} dT_{e} - 0.061843 T_{e}^{0.5} P^{-1} dn + 0.01516 T_{e}^{0.5} T_{i}^{0.5} F dT_{e} - 5.7909 \\cdot 10^{-5} T_{e}^{0.5} T_{i}^{0.5} F dT_{i} - 0.021555 T_{e}^{0.5} T_{i}^{0.5} F dn + 3.4806 \\cdot 10^{-5} T_{e}^{0.5} T_{i}^{0.5} P^{-1} dT_{i} + 0.041895 T_{e}^{0.5} T_{i}^{0.5} P^{-1} dn + 0.0032817 T_{e}^{0.5} T_{i}^{0.5} P dT_{e} + 2.6201 \\cdot 10^{-5} T_{e}^{0.5} T_{i}^{0.5} P dT_{i} + 0.029466 T_{e}^{0.5} T_{i}^{0.5} P dn + 3.7353 \\cdot 10^{-5} T_{e}^{0.5} T_{i}^{0.5} dT_{i} + 0.042253 T_{e}^{0.5} T_{i}^{0.5} dn + 5.6962 \\cdot 10^{-5} T_{e}^{0.5} T_{i} dT_{e} - 4.6458 \\cdot 10^{-6} T_{e}^{0.5} T_{i} dT_{i} + 0.0039936 T_{e}^{0.5} T_{i} dn - 0.0545 T_{e}^{0.5} dn - 0.0015269 T_{e} F dT_{i} - 0.01569 T_{e} F dn + 0.011198 T_{e} P^{-1} dn - 1.3741 \\cdot 10^{-5} T_{e} P dT_{i} - 0.0033101 T_{e} T_{i}^{0.5} dT_{e} + 0.000685 T_{e} T_{i} dT_{e} + 1.1615 \\cdot 10^{-6} T_{e} T_{i} dT_{i} + 0.028531 T_{e} T_{i} dn - 0.0028773 T_{e} dT_{e} - 0.00016065 T_{e} dT_{i} - 0.031632 T_{e} dn + 0.018673 T_{i}^{0.5} F dT_{e} - 0.0088016 T_{i}^{0.5} F dn + 0.0023517 T_{i}^{0.5} P^{-1} dT_{e} - 1.9816 \\cdot 10^{-5} T_{i}^{0.5} P^{-1} dT_{i} + 0.00186 T_{i}^{0.5} P^{-1} dn - 5.8435 \\cdot 10^{-6} T_{i}^{0.5} P dT_{i} + 0.015543 T_{i}^{0.5} P dn - 0.0042739 T_{i}^{0.5} dT_{e} - 9.1986 \\cdot 10^{-6} T_{i}^{0.5} dT_{i} + 0.0047111 T_{i}^{0.5} dn - 0.00020026 T_{i} F dT_{e} - 1.5378 \\cdot 10^{-5} T_{i} F dT_{i} - 0.0006171 T_{i} P^{-1} dT_{e} - 0.0091694 T_{i} P^{-1} dn - 0.0002192 T_{i} P dT_{e} - 0.0087241 T_{i} P dn - 0.0010468 T_{i} dT_{e} - 0.027804 T_{i} dn + 0.0026304 dT_{e} - 0.00052277 dT_{i} - 0.0046553 n^{-1} F dn + 0.0072127 n^{-1} P^{-1} dn - 0.0050637 n^{-1} T_{e}^{0.5} T_{i}^{0.5} dn - 0.0081892 n^{-1} T_{e}^{0.5} dn - 0.0056948 n^{-1} T_{e} dn + 0.0078224 n^{-1} T_{i}^{0.5} dn - 0.00076473 n^{-1} T_{i} dn + 0.0027218 n^{-1} dn - 0.16183 n E^{0.5} - 0.030927 n E^{0.5} P^{-1} - 0.016957 n E^{0.5} T_{e}^{0.5} P^{-1} + 0.0050875 n E^{0.5} T_{e}^{0.5} T_{i}^{0.5} + 0.05302 n E^{0.5} T_{e}^{0.5} T_{i} - 0.054386 n E^{0.5} T_{e} + 0.034564 n E^{0.5} T_{e} T_{i}^{0.5} - 0.012598 n E^{0.5} T_{i}^{0.5} - 0.022591 n E^{0.5} T_{i}^{0.5} F + 0.03192 n E^{0.5} T_{i}^{0.5} P^{-1} + 0.014181 n E^{0.5} T_{i}^{0.5} P + 0.059763 n E^{0.5} T_{i} - 0.026001 n E F - 0.0071148 n E P^{-1} - 0.0021591 n E P + 0.27917 n E T_{e}^{0.5} - 0.13245 n E T_{e}^{0.5} T_{i}^{0.5} - 0.052883 n E T_{i}^{0.5} - 0.02538 n E T_{i}",
  "coefficients": [
    0.08853771336583305,
    0.016507929149590927,
    0.004078540433719607,
    -0.00236930941836877,
    0.03325575696094421,
    -0.0143683050236737,
    -0.01256628256789502,
    -0.024558658523745613,
    -0.00937035728636082,
    0.004241250752893416,
    -0.031396725899076605,
    0.06668111230101967,
    -0.003642277590109738,
    -0.00884155267954545,
    -0.00350049759231319,
    -0.002465689482849337,
    -0.010586348024407305,
    0.01930596231168935,
    0.01706634737006918,
    -0.006972161857222436,
    0.01283521076858718,
    -0.014788084325920797,
    -0.014030072418037554,
    -0.036506563215989996,
    -0.0013005068943770515,
    0.0044529635819662294,
    0.007767645562271108,
    -0.00013290483723141233,
    0.0033998098390857767,
    0.01576500390577748,
    0.013379833030464111,
    -0.01637707127981808,
    0.022322861761555846,
    -0.014936875930836035,
    -0.018045539590172327,
    -0.001030540335557828,
    -0.003884481309353094,
    0.006944731741541699,
    -0.046323392291298005,
    0.020615950842030994,
    0.014454127374506964,
    0.0011440043906260633,
    -0.004194751547595049,
    -0.016149265845477073,
    0.01618367182647079,
    0.006499498939146142,
    0.009728886883513171,
    -0.01929022405839126,
    0.001994385110301422,
    0.003734689874923036,
    -0.010781868230408248,
    0.020298528128821214,
    -0.014300977472658016,
    -0.026318565897349044,
    -0.013054016518738026,
    -0.055746339623674396,
    -0.03593517382787345,
    -0.002740382177533529,
    0.05169660563041514,
    0.03230802102628588,
    -0.025602835354566422,
    0.03675622690467145,
    0.003697619956006204,
    0.011692746181927505,
    -0.020106055881412288,
    -0.015717145807395805,
    0.026180914048743786,
    -0.023645366380162486,
    -0.08932984885617279,
    0.03006540030559332,
    -0.007771158328567174,
    -0.022446785155932403,
    0.014708918516804281,
    0.04194103859710388,
    -0.01500870715298741,
    0.0030340442103513054,
    0.03624776813943609,
    -0.02796689559565335,
    0.020043554068655628,
    -0.003396483513576576,
    -0.014843618093551614,
    -0.0013115837764926808,
    -0.02206437749064097,
    -0.013192906806146765,
    0.09796259526638765,
    -0.05355985303757005,
    0.07050835915373638
  ],
  "val_sse_masked": 0.0001849138061515987,
  "val_nrmse_masked": 0.03701389208436012,
  "val_mse_masked": 6.163793841551524e-06,
  "val_r2_masked": 0.9986295104026794,
  "val_sse_full": 0.0001849138061515987,
  "val_nrmse_full": 0.03701389208436012,
  "val_mse_full": 6.163793841551524e-06,
  "val_r2_full": 0.9986295104026794,
  "iteration": 232,
  "p_lo_eff": 0.12967753410339355,
  "p_hi_eff": 1.9451630115509033,
  "f_lo_eff": 0.20659340918064117,
  "f_hi_eff": 1.6527472734451294
}