{
  "tag": "443_8fd0ab3f",
  "lmb1": 0.0007086203037529417,
  "lmb2": 5.620991200438827e-05,
  "nonzero_count": 16,
  "complexity_norm": 0.12903225806451613,
  "train_gen_window": 0.05549311823813672,
  "generalizability": 0.05802014893900031,
  "equation": "0.052279 E^{0.5} n P^{-0.5} - 0.0038269 P^{-1} F dT_{e} - 7.643 \\cdot 10^{-5} P^{-1} F dT_{i} - 0.0024204 P^{-1} F dn + 0.00045815 P dn - 0.001773 T_{e}^{0.5} T_{i}^{0.5} dn - 0.065775 T_{e} dn - 0.0091867 T_{i}^{0.5} P^{-1} dn + 0.00022212 T_{i}^{0.5} P dn + 0.0047537 T_{i} P dn + 0.00026103 n^{-1} P^{-1} dn + 0.0081521 n E^{0.5} T_{e}^{0.5} T_{i} - 0.021808 n E^{0.5} T_{i}^{0.5} P + 0.0013132 n E^{0.5} T_{i} + 0.040913 n E T_{e}^{0.5} T_{i}^{0.5} + 0.00045197 n E T_{i}^{0.5}",
  "coefficients": [
    0.08853770296325847,
    0.0005974265932135292,
    8.386962284053702e-06,
    -2.206813574695062e-05,
    4.34281758889018e-06,
    3.8936855917749975e-06,
    3.933837356956613e-06,
    2.5564886385155776e-06,
    1.95432272924371e-06,
    -0.0027098296670033783,
    -2.18172633030661e-06,
    2.443490043052948e-06,
    -1.1474126418831507e-06,
    -3.6897574799904698e-06,
    -4.481243931389382e-06,
    -6.843007214249068e-06,
    -4.6317859325853435e-06,
    -3.2907182021710243e-06,
    -3.947875885733207e-06,
    -2.3830963664970807e-06,
    -6.188811361525179e-06,
    -5.5683344184190855e-06,
    -1.44876634244529e-06,
    6.841965545781133e-07,
    -3.2462667748999942e-06,
    -5.075761575174435e-06,
    -1.1638637855117343e-06,
    -0.004144574401351652,
    3.6830937413443744e-06,
    3.406245889748702e-06,
    1.6975686184182415e-06,
    1.1883489451228128e-05,
    4.921458918087328e-06,
    4.430890710986593e-06,
    1.6712551177137302e-05,
    7.0421303105639595e-06,
    1.5789733066130016e-05,
    -1.390219856097047e-06,
    3.1628297248223486e-06,
    4.79714952965117e-06,
    1.120538427119977e-05,
    1.7554143109975386e-05,
    7.715980436908248e-06,
    1.8527391992824133e-05,
    1.7856309521240676e-05,
    -0.0030593910734671844,
    -6.41478491334606e-06,
    0.0005301137905559367,
    -0.0098502730389066,
    -4.1900999703984513e-05,
    -2.7831681478787164e-05,
    0.0002900684386524493,
    -2.465448977482967e-06,
    -2.4807900099488953e-05,
    0.007112948844890395,
    -1.726381149516334e-05,
    -4.0695608333928535e-05,
    -8.505726092561706e-06,
    -2.8756384002617743e-06,
    -0.0013557109503793937,
    -6.040562222540002e-05,
    3.7696780966819906e-05,
    -4.9353558872891995e-05,
    -9.204169855831252e-07,
    -0.041807617915549815,
    -1.0417739406110828e-05,
    -5.2521718579809114e-05,
    -6.557840376643544e-07,
    1.9940172971994765e-06,
    1.2449491615945753e-06,
    1.0566476246736607e-05,
    9.119340011233154e-07,
    -0.022619455065420978,
    0.0009216003803345356,
    -1.1635670986455325e-05,
    1.2350286460515113e-05,
    0.005573253158438714,
    2.141020062085077e-06,
    1.1058921690380617e-05,
    8.39524903318556e-06,
    3.1152652276921096e-06,
    -3.5038805032840275e-05,
    0.00018857795319077189,
    1.136301439667248e-05,
    2.8132865720102303e-05,
    0.016544719022821185,
    0.025666505005014544
  ],
  "val_sse_masked": 0.0009262389503419399,
  "val_nrmse_masked": 0.08284028619527817,
  "val_mse_masked": 3.087463483097963e-05,
  "val_r2_masked": 0.9931352138519287,
  "val_sse_full": 0.0009016698459163308,
  "val_nrmse_full": 0.08173421025276184,
  "val_mse_full": 3.0055663955863565e-05,
  "val_r2_full": 0.9933173060417175,
  "iteration": 443,
  "p_lo_eff": 0.12967753410339355,
  "p_hi_eff": 1.9451630115509033,
  "f_lo_eff": 0.20659340918064117,
  "f_hi_eff": 1.6527472734451294
}