{
  "tag": "478_dacbd314",
  "lmb1": 0.00046314291052754604,
  "lmb2": 1.6828371313958234e-05,
  "nonzero_count": 18,
  "complexity_norm": 0.14516129032258066,
  "train_gen_window": 0.053593321162080064,
  "generalizability": 0.051656849123993154,
  "equation": "0.050739 E^{0.5} n P^{-0.5} - 0.0038368 P^{-1} F dT_{e} - 6.8832 \\cdot 10^{-5} P^{-1} F dT_{i} - 0.0027118 P^{-1} F dn + 0.00052865 P dn - 0.00027194 T_{e}^{0.5} T_{i}^{0.5} dn - 0.071709 T_{e} dn - 0.0086343 T_{i}^{0.5} P^{-1} dn + 0.00083569 T_{i}^{0.5} P dn + 0.0066585 T_{i} P dn - 0.0018168 n^{-1} F dn + 0.00066186 n^{-1} P^{-1} dn - 0.00077156 n E^{0.5} T_{e}^{0.5} P^{-1} + 0.0054985 n E^{0.5} T_{e}^{0.5} T_{i} - 0.021719 n E^{0.5} T_{i}^{0.5} P + 0.0013282 n E^{0.5} T_{i} + 0.048058 n E T_{e}^{0.5} T_{i}^{0.5} + 0.00053416 n E T_{i}^{0.5}",
  "coefficients": [
    0.0885377025606342,
    0.001514809516728717,
    1.7162575254776617e-05,
    -0.0009246440635821673,
    1.3474972045006725e-06,
    -1.0681715573659481e-06,
    4.896191639726048e-06,
    -1.0134435018619336e-06,
    8.378176184826724e-07,
    -0.002440430169941731,
    1.5549093272418107e-06,
    1.9697310707636765e-05,
    4.162192984080425e-06,
    -2.5254452130347715e-06,
    -1.1528439597022734e-06,
    -1.1305329310993397e-06,
    -2.848383976026121e-06,
    -2.1917432761436597e-06,
    -7.495057984371997e-07,
    -1.729893971873538e-07,
    -7.309676600838659e-07,
    -2.7082801965128773e-06,
    2.7435112970868445e-06,
    6.953933285727868e-06,
    2.2808906181872588e-06,
    -2.4229260404257464e-06,
    7.247045634748303e-07,
    -0.004155362556510106,
    9.330965840058529e-06,
    1.1230443391339365e-05,
    8.345060652168333e-06,
    5.557361182305377e-05,
    1.9480272692561958e-05,
    1.9509941426052873e-05,
    3.7960035515476664e-05,
    2.4707314479219164e-05,
    1.8190715669552737e-05,
    3.2411272917376617e-07,
    1.069108886393357e-05,
    1.788978141267944e-05,
    2.562001066664728e-05,
    3.3856841885337054e-05,
    3.326463556567552e-05,
    9.221655515000416e-05,
    2.956183569896337e-05,
    -0.0034277372273015818,
    -6.415836271499404e-06,
    0.0006116775880162056,
    -0.009258037657755448,
    -3.140319924230601e-05,
    -1.715862890971779e-05,
    0.001091340802328816,
    -1.6838195848907159e-06,
    -2.5325898934717604e-05,
    0.00996316519029556,
    -3.568528734232772e-05,
    -5.142022765282045e-05,
    -8.3506096211524e-06,
    -2.2871694813755317e-06,
    -0.00020793460836278222,
    -2.3893954383194398e-05,
    6.154075857761751e-05,
    -5.378634539846118e-05,
    6.291555369252381e-08,
    -0.04557919740633082,
    -9.721799582412898e-06,
    -6.847348297149248e-05,
    -2.249087038984868e-06,
    1.652574464714057e-06,
    6.492363112195177e-07,
    1.236835825683526e-05,
    -1.6253095665979363e-06,
    -0.02252719109172796,
    0.0009321496455057438,
    -0.0006829105448218363,
    1.3917987983592228e-05,
    0.003759095849648868,
    1.6985405292237055e-06,
    1.1975295818597833e-05,
    1.1816788408252171e-05,
    2.0591358829321545e-06,
    -3.846538949044088e-05,
    0.00022286915433725635,
    1.9510877262683847e-05,
    4.148701837882027e-05,
    0.019434168873500492,
    0.024910469932017145
  ],
  "val_sse_masked": 0.0008106839377433062,
  "val_nrmse_masked": 0.07750073820352554,
  "val_mse_masked": 2.7022799258702435e-05,
  "val_r2_masked": 0.9939916133880615,
  "val_sse_full": 0.0007929009152576327,
  "val_nrmse_full": 0.07664600759744644,
  "val_mse_full": 2.643003244884312e-05,
  "val_r2_full": 0.9941234588623047,
  "iteration": 478,
  "p_lo_eff": 0.12967753410339355,
  "p_hi_eff": 1.9451630115509033,
  "f_lo_eff": 0.20659340918064117,
  "f_hi_eff": 1.6527472734451294
}