{
  "tag": "487_bfff6fee",
  "lmb1": 0.0002596569171237565,
  "lmb2": 8.755765930859227e-06,
  "nonzero_count": 26,
  "complexity_norm": 0.20967741935483872,
  "train_gen_window": 0.04798382786150723,
  "generalizability": 0.04692573670470409,
  "equation": "0.056203 E^{0.5} n P^{-0.5} + 5.2252 \\cdot 10^{-5} F dT_{i} - 0.00388 P^{-1} F dT_{e} - 6.5666 \\cdot 10^{-5} P^{-1} F dT_{i} - 0.0035362 P^{-1} F dn + 0.00037885 P dn - 0.0072493 T_{e}^{0.5} P^{-1} dn + 0.00010785 T_{e}^{0.5} T_{i}^{0.5} P dn - 0.00020809 T_{e}^{0.5} T_{i}^{0.5} dn + 3.0506 \\cdot 10^{-5} T_{e} T_{i}^{0.5} dT_{e} - 0.066925 T_{e} dn + 0.00011821 T_{i}^{0.5} F dT_{e} - 0.0046825 T_{i}^{0.5} P^{-1} dn + 0.00093383 T_{i}^{0.5} P dn + 0.00012658 T_{i}^{0.5} dT_{e} + 5.8239 \\cdot 10^{-6} T_{i} P^{-1} dT_{e} + 0.00784 T_{i} P dn - 0.0072969 n^{-1} F dn + 0.0014932 n^{-1} P^{-1} dn + 0.00084363 n^{-1} dn - 0.0061785 n E^{0.5} T_{e}^{0.5} P^{-1} + 0.00038263 n E^{0.5} T_{e}^{0.5} T_{i} - 0.020942 n E^{0.5} T_{i}^{0.5} P + 0.00032199 n E^{0.5} T_{i} + 0.057835 n E T_{e}^{0.5} T_{i}^{0.5} + 0.0007087 n E T_{i}^{0.5}",
  "coefficients": [
    0.08853770319689563,
    0.0034175469641054453,
    0.0012641592572573417,
    -0.003713720845317004,
    1.2232077013493853e-06,
    -7.204785534467681e-06,
    1.836897135529119e-05,
    -2.5402730563686293e-06,
    5.659464002426753e-06,
    -0.0023281634989106865,
    6.988156907770679e-06,
    0.000822140632133821,
    1.8831085984484022e-05,
    -8.05871883102255e-06,
    2.351350072959187e-06,
    9.60071652968663e-06,
    -3.6218102611619134e-06,
    -8.166785488483684e-06,
    2.3524673935954105e-06,
    -5.291823020213532e-08,
    1.0693615472120139e-05,
    -7.815701063752026e-07,
    8.607428340472145e-06,
    2.0543110545494775e-05,
    1.7758736940969052e-05,
    -1.0280664258050278e-06,
    7.93238073497305e-06,
    -0.004202102433756861,
    1.620123565445576e-05,
    4.482653837588649e-05,
    5.921226235935072e-05,
    0.00048503463488852426,
    0.00014131772412426537,
    0.00014096718241957977,
    4.605431820868282e-05,
    8.548823640121951e-05,
    1.025592319573236e-05,
    5.357068202033554e-06,
    3.4238413170293585e-05,
    6.88183644138786e-05,
    8.855422010035558e-06,
    3.4551877522901323e-05,
    5.4770426391526036e-05,
    0.0001488325637321908,
    2.6799615907235317e-05,
    -0.004469789099904055,
    -8.16486303387036e-06,
    0.00043835626047758334,
    -0.005020784034498373,
    -3.68668456545906e-05,
    -3.0656072705698815e-05,
    0.0012195048010816899,
    4.342158376114976e-06,
    -2.8221669875716315e-05,
    0.011731118676484577,
    -0.00653459836058012,
    -6.337354077738896e-05,
    -1.1407863248231037e-05,
    8.145937544021914e-07,
    -0.00015911275698750823,
    -4.561098887823265e-05,
    0.00013453104309106134,
    -4.937959207985371e-05,
    1.958782429711396e-06,
    -0.042538851648636196,
    -1.3661234622352884e-05,
    -5.246791141039799e-05,
    -8.753397276095111e-07,
    -3.6446903471827574e-06,
    1.687437490826597e-06,
    1.2813396132152726e-05,
    -1.7862501680526954e-05,
    -0.02172076654511826,
    0.0002259668723588395,
    -0.005468610179133425,
    1.6282581927261787e-05,
    0.00026158505578550094,
    -1.8961311481041362e-06,
    1.535122304990073e-05,
    3.351124985771723e-05,
    -1.3386319848586934e-06,
    -7.404691808157261e-05,
    0.0002956923769123636,
    8.3256136688841e-05,
    9.899924859298503e-05,
    0.023387707128078108,
    0.02759264636012842
  ],
  "val_sse_masked": 0.0007315287366509438,
  "val_nrmse_masked": 0.07361999154090881,
  "val_mse_masked": 2.438429328321945e-05,
  "val_r2_masked": 0.9945783019065857,
  "val_sse_full": 0.0007157819345593452,
  "val_nrmse_full": 0.07282331585884094,
  "val_mse_full": 2.3859400243964046e-05,
  "val_r2_full": 0.9946950078010559,
  "iteration": 487,
  "p_lo_eff": 0.12967753410339355,
  "p_hi_eff": 1.9451630115509033,
  "f_lo_eff": 0.20659340918064117,
  "f_hi_eff": 1.6527472734451294
}