{
  "tag": "16_914b99fa",
  "lmb1": 3.632793696442093e-05,
  "lmb2": 9.859819519469544e-06,
  "nonzero_count": 46,
  "complexity_norm": 0.3709677419354839,
  "train_gen_window": 0.02697467293078867,
  "generalizability": 0.03020229949035368,
  "equation": "0.11704 E^{0.5} n P^{-0.5} + 0.00057358 F dT_{i} - 0.0018049 P^{-1} F dT_{e} + 5.9201 \\cdot 10^{-6} P^{-1} F dT_{i} - 0.00017658 T_{e}^{0.5} F dn - 0.03418 T_{e}^{0.5} P^{-1} dn - 0.017447 T_{e}^{0.5} T_{i}^{0.5} F dn - 3.8722 \\cdot 10^{-6} T_{e}^{0.5} T_{i}^{0.5} P^{-1} dT_{i} + 0.010622 T_{e}^{0.5} T_{i}^{0.5} P^{-1} dn + 5.2413 \\cdot 10^{-7} T_{e}^{0.5} T_{i}^{0.5} P dT_{i} + 0.00023542 T_{e}^{0.5} T_{i}^{0.5} P dn - 0.00055051 T_{e}^{0.5} dn - 0.00028256 T_{e} F dn + 0.0085325 T_{e} P^{-1} dn + 2.3031 \\cdot 10^{-6} T_{e} P dT_{i} - 0.00011437 T_{e} T_{i} dT_{e} - 0.0014765 T_{e} dT_{e} - 5.8761 \\cdot 10^{-5} T_{e} dT_{i} - 0.05096 T_{e} dn + 0.00024542 T_{i}^{0.5} F dT_{e} - 0.00040923 T_{i}^{0.5} F dn + 0.00094211 T_{i}^{0.5} P^{-1} dT_{e} - 3.8893 \\cdot 10^{-6} T_{i}^{0.5} P^{-1} dT_{i} - 0.0027113 T_{i}^{0.5} P^{-1} dn + 4.7082 \\cdot 10^{-7} T_{i}^{0.5} P dT_{i} + 0.00020072 T_{i}^{0.5} P dn + 3.2993 \\cdot 10^{-5} T_{i}^{0.5} dT_{e} + 0.0024329 T_{i} P^{-1} dn + 0.00012902 T_{i} P dT_{e} + 0.012833 T_{i} P dn - 1.1359 \\cdot 10^{-5} dT_{i} - 0.011853 n^{-1} F dn + 0.0033235 n^{-1} P^{-1} dn + 0.00037983 n^{-1} T_{e} dn - 6.5064 \\cdot 10^{-5} n^{-1} T_{i}^{0.5} dn - 0.00010155 n^{-1} T_{i} dn - 0.061966 n E^{0.5} - 0.026149 n E^{0.5} T_{e}^{0.5} P^{-1} + 0.024891 n E^{0.5} T_{e}^{0.5} T_{i} + 0.0003028 n E^{0.5} T_{e} T_{i}^{0.5} - 0.019971 n E^{0.5} T_{i}^{0.5} F + 0.00097011 n E^{0.5} T_{i} + 0.022473 n E P^{-1} - 0.00022984 n E P + 0.024581 n E T_{e}^{0.5} + 0.00028186 n E T_{e}^{0.5} T_{i}^{0.5}",
  "coefficients": [
    0.08853770785978105,
    0.007606479756814228,
    3.288811458379214e-05,
    -0.006032675757113284,
    -0.0002766120909895469,
    -0.0019079183833904576,
    9.479196353760143e-05,
    -3.737684802140285e-05,
    0.0006249753004394231,
    0.0002098964769406675,
    -0.0006821853479175278,
    0.009024762415726572,
    1.6425906800825394e-05,
    -0.0017353374672667483,
    -3.753545207959607e-05,
    0.00019866563780682048,
    -9.461992173655324e-07,
    -0.002147833206870027,
    -3.7229354315732595e-05,
    -6.743395138663884e-05,
    0.00025676129627298406,
    1.391714740423439e-05,
    -0.0051318554434138935,
    1.2508728631960915e-05,
    0.0002179667668142624,
    2.158689410762414e-05,
    6.653756486146456e-05,
    -0.001954787425532243,
    -9.237760878154659e-05,
    -1.6542548572996075e-05,
    0.005359980914608831,
    0.0001264263517270338,
    0.0002933876410994005,
    2.804618111735343e-05,
    1.61328122129677e-05,
    4.0805365427769214e-05,
    0.002286415454021243,
    6.4305635869844045e-06,
    -8.583626537196473e-05,
    4.341986245485873e-05,
    7.115550369310749e-05,
    -7.693390672271433e-05,
    -0.0021525529702730046,
    -9.647753168886876e-05,
    -0.0027020116277292417,
    -5.605455402901119e-05,
    -9.751406190677042e-05,
    1.5387030638499964e-05,
    -0.002907194471922139,
    -2.342526682036863e-05,
    -0.0005013041654446987,
    0.00026212869898604833,
    0.003794419538007921,
    4.043979322489326e-05,
    0.019202406634183457,
    -0.030810306846426962,
    -0.00036298563378127146,
    -0.0001825521274865954,
    0.013106495580392029,
    -4.794547765691945e-05,
    -0.020723744755949902,
    0.00029366658032906214,
    4.4976257610262757e-05,
    0.008909481886074187,
    -0.03239094024581476,
    -0.00028305286426877173,
    8.976898466311038e-05,
    1.1572819750931663e-05,
    -0.03420489615695566,
    8.00316190709146e-05,
    3.338525281856362e-05,
    -0.019843354403099842,
    -4.675165523419622e-05,
    0.000680817520814994,
    -0.023144258479263033,
    9.153631873284998e-05,
    0.01701658465915524,
    -5.889143968777115e-05,
    0.00017559282779679663,
    0.010728224406294028,
    -5.9486242831127906e-05,
    -0.00013961899786142092,
    9.998587098746517e-05,
    -1.572542151424449e-05,
    0.008625541508979786,
    0.00011397902911332778,
    0.0574618336585323
  ],
  "val_sse_masked": 0.0003573087742552161,
  "val_nrmse_masked": 0.05145195499062538,
  "val_mse_masked": 1.1910293324035592e-05,
  "val_r2_masked": 0.9973518252372742,
  "val_sse_full": 0.0003516197029966861,
  "val_nrmse_full": 0.05104070529341698,
  "val_mse_full": 1.1720657312253024e-05,
  "val_r2_full": 0.9973939657211304,
  "iteration": 16,
  "p_lo_eff": 0.12967753410339355,
  "p_hi_eff": 1.9451630115509033,
  "f_lo_eff": 0.20659340918064117,
  "f_hi_eff": 1.6527472734451294
}