{
  "tag": "397_fc968279",
  "lmb1": 1.5708377139849362e-06,
  "lmb2": 8.788980432301247e-06,
  "nonzero_count": 83,
  "complexity_norm": 0.6693548387096774,
  "train_gen_window": 0.018397745839436017,
  "generalizability": 0.020428961178294135,
  "equation": "0.15528 E^{0.5} n P^{-0.5} + 0.043168 F dT_{e} + 0.0038633 F dT_{i} + 0.0007683 F dn + 0.00077753 P^{-1} F dT_{e} + 0.00012167 P^{-1} F dT_{i} + 0.0044269 P^{-1} F dn + 0.00448 P^{-1} dT_{e} - 0.0085856 P dn - 0.10021 T_{e}^{0.5} F dT_{e} - 0.00075739 T_{e}^{0.5} F dn + 0.0026703 T_{e}^{0.5} P^{-1} dT_{e} - 0.058122 T_{e}^{0.5} P^{-1} dn + 0.013866 T_{e}^{0.5} T_{i}^{0.5} F dT_{e} - 4.7165 \\cdot 10^{-6} T_{e}^{0.5} T_{i}^{0.5} F dT_{i} - 0.024172 T_{e}^{0.5} T_{i}^{0.5} F dn + 1.5886 \\cdot 10^{-5} T_{e}^{0.5} T_{i}^{0.5} P^{-1} dT_{i} + 0.04454 T_{e}^{0.5} T_{i}^{0.5} P^{-1} dn + 0.0019349 T_{e}^{0.5} T_{i}^{0.5} P dT_{e} + 1.0697 \\cdot 10^{-5} T_{e}^{0.5} T_{i}^{0.5} P dT_{i} + 0.024069 T_{e}^{0.5} T_{i}^{0.5} P dn + 1.3651 \\cdot 10^{-5} T_{e}^{0.5} T_{i}^{0.5} dT_{i} + 0.031443 T_{e}^{0.5} T_{i}^{0.5} dn - 8.8188 \\cdot 10^{-5} T_{e}^{0.5} T_{i} dT_{e} - 1.5741 \\cdot 10^{-6} T_{e}^{0.5} T_{i} dT_{i} + 0.0020822 T_{e}^{0.5} T_{i} dn - 0.066519 T_{e}^{0.5} dn - 0.0014702 T_{e} F dT_{i} - 0.0070353 T_{e} F dn + 0.0073325 T_{e} P^{-1} dn - 2.1056 \\cdot 10^{-6} T_{e} P dT_{i} - 0.0016447 T_{e} T_{i}^{0.5} dT_{e} + 0.00028761 T_{e} T_{i} dT_{e} - 1.4595 \\cdot 10^{-7} T_{e} T_{i} dT_{i} + 0.012745 T_{e} T_{i} dn - 0.0024493 T_{e} dT_{e} - 7.1133 \\cdot 10^{-5} T_{e} dT_{i} - 0.0083928 T_{e} dn + 0.014646 T_{i}^{0.5} F dT_{e} - 0.0044282 T_{i}^{0.5} F dn + 0.00067522 T_{i}^{0.5} P^{-1} dT_{e} - 7.8862 \\cdot 10^{-7} T_{i}^{0.5} P^{-1} dT_{i} - 0.0005109 T_{i}^{0.5} P^{-1} dn + 3.1111 \\cdot 10^{-6} T_{i}^{0.5} P dT_{i} + 0.0051887 T_{i}^{0.5} P dn - 0.0034623 T_{i}^{0.5} dT_{e} - 0.00077116 T_{i}^{0.5} dn + 6.5273 \\cdot 10^{-5} T_{i} F dT_{e} - 1.7023 \\cdot 10^{-5} T_{i} F dT_{i} - 0.00026469 T_{i} P^{-1} dT_{e} - 0.0087843 T_{i} P^{-1} dn - 0.0029884 T_{i} P dn - 0.00077782 T_{i} dT_{e} - 0.0067049 T_{i} dn + 0.0020303 dT_{e} - 0.00058208 dT_{i} - 0.0025453 n^{-1} F dn + 0.0064472 n^{-1} P^{-1} dn - 0.00438 n^{-1} T_{e}^{0.5} T_{i}^{0.5} dn - 0.002988 n^{-1} T_{e}^{0.5} dn - 0.0059759 n^{-1} T_{e} dn + 0.0049114 n^{-1} T_{i}^{0.5} dn - 0.00038058 n^{-1} T_{i} dn + 0.0012299 n^{-1} dn - 0.20568 n E^{0.5} - 0.038412 n E^{0.5} P^{-1} - 0.015507 n E^{0.5} T_{e}^{0.5} P^{-1} + 0.002627 n E^{0.5} T_{e}^{0.5} T_{i}^{0.5} + 0.052037 n E^{0.5} T_{e}^{0.5} T_{i} - 0.023153 n E^{0.5} T_{e} + 0.011752 n E^{0.5} T_{e} T_{i}^{0.5} + 0.0024903 n E^{0.5} T_{i}^{0.5} - 0.021755 n E^{0.5} T_{i}^{0.5} F + 0.033258 n E^{0.5} T_{i}^{0.5} P^{-1} + 0.01586 n E^{0.5} T_{i}^{0.5} P + 0.073658 n E^{0.5} T_{i} - 0.022186 n E F - 0.005597 n E P^{-1} - 0.006374 n E P + 0.34621 n E T_{e}^{0.5} - 0.22201 n E T_{e}^{0.5} T_{i}^{0.5} - 0.045361 n E T_{i}^{0.5} - 0.0090935 n E T_{i}",
  "coefficients": [
    0.08853771522299181,
    0.014755868654927938,
    0.0018428977600521558,
    -0.0012954061055987292,
    0.020880086397059548,
    -0.0071506029434888554,
    -0.004585070595149286,
    -0.02124258996541918,
    -0.00983291544301857,
    0.004313894435126527,
    -0.034958895108300574,
    0.06078619142154675,
    -4.707071296519141e-05,
    -0.0003518680001804214,
    -5.118863627639786e-05,
    0.0013127171535222614,
    -0.011718924057682555,
    0.008811705729514384,
    0.006237050055595774,
    -0.0005678533076406353,
    0.00524022248555143,
    -0.005010441596297825,
    -0.0062123517727467915,
    -0.035149774992691576,
    -0.00019927692028078904,
    -0.0005595771888510285,
    0.007988489699050564,
    0.0008420853346339241,
    0.0026241079199880255,
    0.016255397023796758,
    0.003841542800949075,
    -0.013267260249553874,
    0.01750842377167446,
    -0.006406783408869275,
    -0.01340839139820745,
    0.0003358898314609394,
    -7.557903598594436e-05,
    0.0054667032183359325,
    -0.041675929658206955,
    0.018855811559148748,
    0.008522059244070129,
    -0.0017711276657264709,
    -0.0035707362604055614,
    -0.008024208316629708,
    0.006794960267695145,
    0.005595653863350214,
    0.0008219585766349154,
    -0.00993404598444929,
    -0.0005478030476432218,
    -0.0006113341243442598,
    -0.005424466501624226,
    0.006776055898164169,
    -0.013700469968723771,
    -0.0063467587120219805,
    -0.004471527374971314,
    -0.05239184316111169,
    -0.043859847210107904,
    -0.0007830224856334492,
    0.054960072361172015,
    0.024042233632933962,
    -0.028711986481781745,
    0.03002418860607461,
    0.0019279029671854563,
    0.007656462432759557,
    -0.005334615167491385,
    -0.007047639691467682,
    0.011695481969112348,
    -0.029368583780329444,
    -0.11353116210496224,
    0.03132573733788261,
    0.001536149556593609,
    -0.021616228880479864,
    0.016449337908799804,
    0.051692555052367896,
    -0.013725143819835433,
    0.001566646722605227,
    0.03557558051021502,
    -0.011905782056136025,
    0.006814935882285116,
    -0.0026719300685814785,
    -0.01266582023302683,
    -0.0038719896979459846,
    -0.018926092042883348,
    -0.004726931597977003,
    0.1214877043311988,
    -0.08977706811206738,
    0.07623354417073587
  ],
  "val_sse_masked": 0.000180943010491319,
  "val_nrmse_masked": 0.036614321172237396,
  "val_mse_masked": 6.031434168107808e-06,
  "val_r2_masked": 0.9986589550971985,
  "val_sse_full": 0.0001809920067898929,
  "val_nrmse_full": 0.03661927580833435,
  "val_mse_full": 6.033067165844841e-06,
  "val_r2_full": 0.9986585974693298,
  "iteration": 397,
  "p_lo_eff": 0.12967753410339355,
  "p_hi_eff": 1.9451630115509033,
  "f_lo_eff": 0.20659340918064117,
  "f_hi_eff": 1.6527472734451294
}