{
  "tag": "151_1eb924e5",
  "lmb1": 0.00035986026534936123,
  "lmb2": 1.103117415506386e-07,
  "nonzero_count": 21,
  "complexity_norm": 0.1693548387096774,
  "train_gen_window": 0.05066257901023366,
  "generalizability": 0.04991598426593632,
  "equation": "0.053424 E^{0.5} n P^{-0.5} + 8.0052 \\cdot 10^{-6} F dT_{i} - 0.0038902 P^{-1} F dT_{e} - 5.8241 \\cdot 10^{-5} P^{-1} F dT_{i} - 0.0031874 P^{-1} F dn + 0.00019076 P dn - 0.00012307 T_{e}^{0.5} P^{-1} dn + 7.4283 \\cdot 10^{-5} T_{e} T_{i}^{0.5} dT_{e} - 0.072256 T_{e} dn - 0.0088467 T_{i}^{0.5} P^{-1} dn + 0.0022015 T_{i}^{0.5} P dn + 0.0068766 T_{i} P dn - 0.0034463 n^{-1} F dn + 0.0010704 n^{-1} P^{-1} dn + 0.00010369 n^{-1} dn - 0.0025078 n E^{0.5} T_{e}^{0.5} P^{-1} + 0.0011933 n E^{0.5} T_{e}^{0.5} T_{i} - 0.020957 n E^{0.5} T_{i}^{0.5} P + 0.00068142 n E^{0.5} T_{i} + 0.053859 n E T_{e}^{0.5} T_{i}^{0.5} + 0.0005179 n E T_{i}^{0.5}",
  "coefficients": [
    0.08853770250476889,
    0.002449742718045593,
    0.0001553774729916549,
    -0.0017539806214671267,
    7.044532624727078e-07,
    -5.961366233593975e-06,
    1.0482636735503908e-05,
    -2.7701770333239327e-06,
    2.5515421290270355e-06,
    -0.0020649246011478642,
    4.946838237959849e-06,
    0.00012595428422179235,
    1.1129341741822606e-05,
    -2.0106424362572584e-06,
    2.2912010448878313e-06,
    4.232811661531241e-06,
    -6.043263030157392e-07,
    -1.7824813634760729e-06,
    2.659891224443837e-06,
    1.985541281411449e-06,
    4.901974965136423e-06,
    5.990928190825275e-07,
    6.921303244677971e-06,
    1.42296149423715e-05,
    8.980328684030448e-06,
    6.929949305922997e-07,
    3.496989761408696e-06,
    -0.0042131468604599985,
    9.989631295028851e-06,
    2.0980498233624678e-05,
    2.155353788935744e-05,
    5.2139829024363166e-05,
    5.811299800555717e-05,
    3.1055395313785165e-05,
    2.607657903228029e-05,
    3.2505840459476105e-05,
    8.18169512576084e-06,
    2.512613672376125e-06,
    1.950511486422183e-05,
    4.0849335816935574e-05,
    8.955943175666113e-06,
    2.2664958854630283e-05,
    2.5116889121396416e-05,
    0.0003624142015140451,
    1.9729484273164084e-05,
    -0.004028874114949331,
    -6.105906663430059e-06,
    0.00022072070040153366,
    -0.009485794800106718,
    -2.762564954556424e-05,
    -1.6832279192802182e-05,
    0.0028750026910695304,
    1.4002752499293758e-08,
    -2.3541387358042418e-05,
    0.010289450864292822,
    -0.00011093680981541848,
    -5.443757207521073e-05,
    -8.2122510276895e-06,
    -1.5511167716562297e-06,
    -9.409727969778879e-05,
    -2.251996004902134e-05,
    6.373381027731587e-05,
    -4.451628183170658e-05,
    1.6061405455154735e-07,
    -0.045927071674169165,
    -9.67600491274424e-06,
    -5.2651259736593366e-05,
    -1.9579914112246272e-06,
    2.783441411238814e-07,
    1.0929444656778457e-06,
    1.2201406666466229e-05,
    -5.949757415045219e-06,
    -0.021736461015833045,
    0.0004782165854494649,
    -0.002219632078858969,
    1.4287096217858507e-05,
    0.0008157877358336565,
    7.061234049179725e-07,
    1.2971384930215681e-05,
    2.1079859946833163e-05,
    3.6680788502618787e-07,
    -4.373978428736205e-05,
    0.00021608430699590769,
    7.866618551236382e-05,
    4.784556538584648e-05,
    0.0217799333434821,
    0.026228715747486545
  ],
  "val_sse_masked": 0.000778774032369256,
  "val_nrmse_masked": 0.07596015185117722,
  "val_mse_masked": 2.5959136110031977e-05,
  "val_r2_masked": 0.9942281246185303,
  "val_sse_full": 0.000761602190323174,
  "val_nrmse_full": 0.07511802762746811,
  "val_mse_full": 2.5386741981492378e-05,
  "val_r2_full": 0.9943553805351257,
  "iteration": 151,
  "p_lo_eff": 0.12967753410339355,
  "p_hi_eff": 1.9451630115509033,
  "f_lo_eff": 0.20659340918064117,
  "f_hi_eff": 1.6527472734451294
}