{
  "tag": "212_6cda4433",
  "lmb1": 0.01752755308436529,
  "lmb2": 0.1,
  "nonzero_count": 18,
  "complexity_norm": 0.14516129032258066,
  "train_gen_window": 0.20227136342526308,
  "generalizability": 0.21651245112645148,
  "equation": "0.032705 E^{0.5} n P^{-0.5} - 0.0090371 P^{-1} F dn - 0.0022039 T_{e}^{0.5} P^{-1} dn - 0.00308 T_{e}^{0.5} T_{i}^{0.5} F dn - 0.0068176 T_{e}^{0.5} T_{i}^{0.5} dn - 0.0023266 T_{e}^{0.5} dn - 0.000664 T_{e} F dn - 0.0080918 T_{e} dn - 0.00081456 T_{i}^{0.5} F dn - 0.001819 T_{i}^{0.5} P^{-1} dn - 0.0024349 T_{i}^{0.5} dn + 0.0071572 n E^{0.5} T_{e}^{0.5} T_{i} + 0.0029578 n E^{0.5} T_{e} T_{i}^{0.5} + 0.0034729 n E^{0.5} T_{i} + 0.0082069 n E P^{-1} + 0.0012231 n E T_{e}^{0.5} + 0.011269 n E T_{e}^{0.5} T_{i}^{0.5} + 0.0051924 n E T_{i}^{0.5}",
  "coefficients": [
    0.08853770437680497,
    1.2211716149493653e-07,
    9.979224209647316e-08,
    -2.3013060820383064e-07,
    1.3755763197492018e-07,
    1.3121272860523778e-07,
    1.0256307760682255e-07,
    1.3560679123936022e-07,
    1.0645804649922168e-07,
    -7.471233957583131e-08,
    -9.391486030359582e-08,
    -3.0363749289383866e-08,
    -4.811601477186399e-08,
    -8.515042319576352e-08,
    -8.786287407183098e-08,
    -8.864675122120219e-08,
    -7.412536727247608e-08,
    -8.561260306086792e-08,
    -8.812168161907789e-08,
    -7.531169548590707e-08,
    -8.965315151347331e-08,
    -7.956275689261899e-08,
    -9.546082429029592e-08,
    -5.619277849157026e-08,
    -9.773099689163912e-08,
    -7.964591645177117e-08,
    -1.208511881431027e-07,
    -1.1597541574485294e-07,
    -7.649775864386784e-08,
    -5.057148351864677e-08,
    -6.903882617174685e-08,
    -3.969420601885051e-08,
    -4.0859805754048546e-08,
    -1.799474032765387e-08,
    7.334693786169452e-09,
    -6.1143743867540835e-09,
    1.6001598225581666e-08,
    -1.2532592857895707e-07,
    -5.6462665403768334e-08,
    -4.1643843659981244e-08,
    -2.6354380566164526e-08,
    1.0714464834889157e-08,
    -7.246950717919469e-08,
    -3.112954754799117e-08,
    1.3593451363258606e-08,
    -0.011422847031171355,
    -2.350796667087033e-06,
    -1.367403294800022e-07,
    -0.0019504239448092083,
    -0.0019302433213562514,
    -0.0009978278565763656,
    -1.592469285397865e-07,
    -4.979578002870972e-07,
    -1.3973834085224518e-05,
    -1.6360252677612365e-07,
    -0.001986641794074517,
    -0.0015340714729778168,
    -6.037488750008977e-06,
    -8.965251690287782e-07,
    -0.005212946562515104,
    -0.0036584616515331256,
    -1.7305046605778705e-07,
    -3.9020140764092835e-05,
    -8.879301031628564e-07,
    -0.005143267380694508,
    -0.0006651679405553723,
    -1.3134186587307133e-05,
    2.246265364502485e-06,
    7.000465455089459e-07,
    2.78029407146479e-06,
    2.420203092756518e-06,
    1.0142827459991937e-06,
    1.0035788206729187e-07,
    0.002437223566541674,
    6.175335877695464e-07,
    1.0810948854088284e-05,
    0.004893096529608893,
    1.3858365842436874e-06,
    0.0017151945269567573,
    0.00391782686723564,
    1.4162703554424123e-06,
    1.3843041155433172e-07,
    0.002166453837024029,
    1.5583776075449604e-06,
    0.00042917892817012393,
    0.004556950822399183,
    0.016056310819547802
  ],
  "val_sse_masked": 0.009943549521267414,
  "val_nrmse_masked": 0.2714255750179291,
  "val_mse_masked": 0.00033145167981274426,
  "val_r2_masked": 0.9263036251068115,
  "val_sse_full": 0.00988822802901268,
  "val_nrmse_full": 0.27066949009895325,
  "val_mse_full": 0.00032960763201117516,
  "val_r2_full": 0.9267135858535767,
  "iteration": 212,
  "p_lo_eff": 0.12967753410339355,
  "p_hi_eff": 1.9451630115509033,
  "f_lo_eff": 0.20659340918064117,
  "f_hi_eff": 1.6527472734451294
}