{
  "tag": "455_81f616da",
  "lmb1": 5.073333595647057e-05,
  "lmb2": 3.4825117644596056e-07,
  "nonzero_count": 44,
  "complexity_norm": 0.3548387096774194,
  "train_gen_window": 0.03211186864975125,
  "generalizability": 0.025884694219671968,
  "equation": "0.12135 E^{0.5} n P^{-0.5} + 0.00019271 F dT_{i} - 0.0023699 P^{-1} F dT_{e} - 0.02599 T_{e}^{0.5} P^{-1} dn - 0.018057 T_{e}^{0.5} T_{i}^{0.5} F dn - 1.5811 \\cdot 10^{-6} T_{e}^{0.5} T_{i}^{0.5} P^{-1} dT_{i} + 0.0088585 T_{e}^{0.5} T_{i}^{0.5} P^{-1} dn + 0.00051972 T_{e}^{0.5} T_{i}^{0.5} P dn - 0.0003501 T_{e}^{0.5} dn - 0.00013208 T_{e} F dn + 0.0016011 T_{e} P^{-1} dn + 2.6223 \\cdot 10^{-6} T_{e} P dT_{i} - 9.4759 \\cdot 10^{-6} T_{e} T_{i} dT_{e} - 0.00025404 T_{e} dT_{e} - 5.6125 \\cdot 10^{-6} T_{e} dT_{i} - 0.049807 T_{e} dn + 0.00011437 T_{i}^{0.5} F dT_{e} - 0.00031471 T_{i}^{0.5} F dn + 0.0004507 T_{i}^{0.5} P^{-1} dT_{e} - 1.8934 \\cdot 10^{-6} T_{i}^{0.5} P^{-1} dT_{i} - 0.00087484 T_{i}^{0.5} P^{-1} dn + 0.0033302 T_{i}^{0.5} P dn + 0.001207 T_{i} P^{-1} dn + 4.9655 \\cdot 10^{-5} T_{i} P dT_{e} + 0.010084 T_{i} P dn - 0.00011643 dT_{e} - 2.7326 \\cdot 10^{-6} dT_{i} - 0.01532 n^{-1} F dn + 0.0030613 n^{-1} P^{-1} dn + 0.00015776 n^{-1} T_{e}^{0.5} dn + 0.0010915 n^{-1} T_{e} dn - 5.9311 \\cdot 10^{-5} n^{-1} T_{i} dn + 0.0001429 n^{-1} dn - 0.059541 n E^{0.5} - 0.026882 n E^{0.5} T_{e}^{0.5} P^{-1} + 0.018753 n E^{0.5} T_{e}^{0.5} T_{i} - 0.019657 n E^{0.5} T_{i}^{0.5} F - 0.00013772 n E^{0.5} T_{i}^{0.5} P + 0.001081 n E^{0.5} T_{i} + 0.020215 n E P^{-1} - 0.00034314 n E P + 0.028583 n E T_{e}^{0.5} + 0.00069073 n E T_{e}^{0.5} T_{i}^{0.5} + 0.00053141 n E T_{i}^{0.5}",
  "coefficients": [
    0.08853770750352485,
    0.0070064772506237835,
    0.00021413213525396454,
    -0.0077971059672142335,
    -7.631916566924589e-05,
    -0.001114392819263351,
    0.00024207940702685672,
    -2.0642665889833728e-05,
    0.001795997066918912,
    -8.3971217194596e-06,
    -0.00016411835803786586,
    0.0030320884032639097,
    7.278502590984563e-05,
    -0.0008447764276477914,
    -4.4760407339512874e-05,
    7.638904609114225e-05,
    -8.259421947352306e-06,
    -0.0008769722627168132,
    -4.520316378230932e-05,
    -4.1100009981908844e-05,
    8.129290759775659e-05,
    -1.7332564315994002e-05,
    -0.0004901667992778856,
    5.110611619249682e-06,
    0.0002481767084036892,
    -1.0272877152127651e-05,
    5.9532810768595515e-05,
    -0.0025666406290527064,
    -0.00015049066467604397,
    -6.7368194100240095e-06,
    0.002564193961336723,
    5.263200775229792e-05,
    0.0001367247196005599,
    2.7091346954878912e-05,
    2.145056803260587e-05,
    2.8728596900928817e-05,
    0.0008799240992284009,
    1.58888275525508e-05,
    -3.235342122214326e-05,
    2.958337750917145e-05,
    1.7419399526317693e-05,
    -3.3324453842964195e-05,
    -0.0003703596075854071,
    -5.590616513244525e-05,
    -0.00022387781626074136,
    -8.26612210028165e-05,
    -5.592889472758013e-05,
    7.610488181616985e-05,
    -0.0009380398119868859,
    -4.102952142199593e-05,
    -0.000385514790339449,
    0.004348995841849819,
    0.0018825721569761776,
    -1.7384352306191166e-05,
    0.015088210426228238,
    -0.023427794149548938,
    -0.0002308404218775361,
    -9.68441734595918e-05,
    0.010931062967397312,
    -7.458570321466299e-05,
    -0.021447855375936187,
    0.0006482989644447303,
    -2.1522569928775487e-05,
    0.0016718284788044065,
    -0.03165837233115882,
    -0.00013231289468256763,
    -4.4966108492661e-06,
    1.8168569263700617e-05,
    -0.03286592035553245,
    2.8047927648149774e-05,
    2.1031450469145576e-05,
    -0.01953145069887328,
    -0.0001428427696027369,
    0.000758662837160786,
    -0.023793509077211398,
    4.9863209542070964e-05,
    0.012820540327427559,
    -6.348219861126772e-05,
    7.200170004954186e-05,
    0.009650457664329851,
    -3.117768342327103e-05,
    -0.00020844231436523838,
    0.0002217225534790053,
    7.45355877527831e-05,
    0.010030049248912633,
    0.0002793236521247001,
    0.05957633544119466
  ],
  "val_sse_masked": 0.00041717945714481175,
  "val_nrmse_masked": 0.05559574067592621,
  "val_mse_masked": 1.39059829962207e-05,
  "val_r2_masked": 0.9969080686569214,
  "val_sse_full": 0.00040396430995315313,
  "val_nrmse_full": 0.0547080896794796,
  "val_mse_full": 1.3465477422869299e-05,
  "val_r2_full": 0.9970059990882874,
  "iteration": 455,
  "p_lo_eff": 0.12967753410339355,
  "p_hi_eff": 1.9451630115509033,
  "f_lo_eff": 0.20659340918064117,
  "f_hi_eff": 1.6527472734451294
}