{
  "tag": "158_2957ed7c",
  "lmb1": 3.981123619471737e-05,
  "lmb2": 3.27567617776225e-06,
  "nonzero_count": 48,
  "complexity_norm": 0.3870967741935484,
  "train_gen_window": 0.02563748027329226,
  "generalizability": 0.028713126476353074,
  "equation": "0.119 E^{0.5} n P^{-0.5} + 0.00047419 F dT_{i} - 0.0018794 P^{-1} F dT_{e} - 0.00014533 T_{e}^{0.5} F dn - 0.032013 T_{e}^{0.5} P^{-1} dn - 0.017539 T_{e}^{0.5} T_{i}^{0.5} F dn - 3.305 \\cdot 10^{-6} T_{e}^{0.5} T_{i}^{0.5} P^{-1} dT_{i} + 0.010824 T_{e}^{0.5} T_{i}^{0.5} P^{-1} dn + 4.0707 \\cdot 10^{-7} T_{e}^{0.5} T_{i}^{0.5} P dT_{i} + 0.00035819 T_{e}^{0.5} T_{i}^{0.5} P dn - 0.00047233 T_{e}^{0.5} dn - 0.00022147 T_{e} F dn + 0.0061238 T_{e} P^{-1} dn + 2.4259 \\cdot 10^{-6} T_{e} P dT_{i} - 8.373 \\cdot 10^{-5} T_{e} T_{i} dT_{e} - 0.0011236 T_{e} dT_{e} - 4.5349 \\cdot 10^{-5} T_{e} dT_{i} - 0.050498 T_{e} dn + 0.00020805 T_{i}^{0.5} F dT_{e} - 0.0003853 T_{i}^{0.5} F dn + 0.00078796 T_{i}^{0.5} P^{-1} dT_{e} - 3.4358 \\cdot 10^{-6} T_{i}^{0.5} P^{-1} dT_{i} - 0.0021143 T_{i}^{0.5} P^{-1} dn + 3.9705 \\cdot 10^{-7} T_{i}^{0.5} P dT_{i} + 0.00036311 T_{i}^{0.5} P dn + 2.7519 \\cdot 10^{-5} T_{i}^{0.5} dT_{e} + 0.0018965 T_{i} P^{-1} dn + 0.00010991 T_{i} P dT_{e} + 0.012512 T_{i} P dn - 9.2362 \\cdot 10^{-5} dT_{e} - 7.4379 \\cdot 10^{-6} dT_{i} - 0.012674 n^{-1} F dn + 0.0032201 n^{-1} P^{-1} dn + 7.8368 \\cdot 10^{-5} n^{-1} T_{e}^{0.5} dn + 0.00061497 n^{-1} T_{e} dn - 5.2854 \\cdot 10^{-5} n^{-1} T_{i}^{0.5} dn - 9.3555 \\cdot 10^{-5} n^{-1} T_{i} dn - 0.06238 n E^{0.5} - 0.026612 n E^{0.5} T_{e}^{0.5} P^{-1} + 0.023788 n E^{0.5} T_{e}^{0.5} T_{i} + 0.00022901 n E^{0.5} T_{e} T_{i}^{0.5} - 0.01984 n E^{0.5} T_{i}^{0.5} F + 0.001098 n E^{0.5} T_{i} + 0.021974 n E P^{-1} - 0.00031107 n E P + 0.025471 n E T_{e}^{0.5} + 0.00034833 n E T_{e}^{0.5} T_{i}^{0.5} + 0.00030124 n E T_{i}^{0.5}",
  "coefficients": [
    0.08853770776339526,
    0.00736981403505788,
    6.0429303760423573e-05,
    -0.0064501221310614455,
    -0.00022470322605368015,
    -0.001757796382334631,
    0.00012025564874001287,
    -3.2617937671754535e-05,
    0.0010118823775004746,
    8.634454626758152e-05,
    -0.0004467155063347449,
    0.007460964773924147,
    3.583497779434402e-05,
    -0.001532974068601262,
    -4.126968807355365e-05,
    0.00016753433851825897,
    -3.2193035562259973e-06,
    -0.0018331846150249648,
    -4.2052294326450124e-05,
    -5.984485390843107e-05,
    0.00019941311338770803,
    2.0635155179160857e-06,
    -0.003960495224858277,
    9.160571140370031e-06,
    0.00022959423104762478,
    9.502486345250773e-06,
    6.890780424322231e-05,
    -0.0020354150459029148,
    -0.00011937659995017619,
    -1.316772574841936e-05,
    0.004482933959782545,
    0.00010544990614565333,
    0.00024871531430170374,
    2.14962390855416e-05,
    1.66482034120339e-05,
    3.165321083591674e-05,
    0.0019477420444167504,
    1.0787219578309464e-05,
    -6.896427682327936e-05,
    3.7289903769152034e-05,
    4.781441069596197e-05,
    -6.720510222525481e-05,
    -0.001638082646248314,
    -9.059614395722542e-05,
    -0.0019782077347255296,
    -6.1010667077179824e-05,
    -8.345377084390793e-05,
    5.000497752960102e-05,
    -0.002266987669631814,
    -3.192398174040263e-05,
    -0.0004719839476653398,
    0.0004741944544353271,
    0.0029579054212062897,
    1.2251802454947883e-05,
    0.01872156157360696,
    -0.028857216766998685,
    -0.0003114387096395733,
    -0.00015024460892559626,
    0.013356952771294629,
    -5.882817634274204e-05,
    -0.02083354235500846,
    0.00044680339954498896,
    1.6209902740106294e-05,
    0.006394395465332618,
    -0.032097531190208424,
    -0.0002218628063800693,
    4.591993883117702e-05,
    1.3116070227812594e-05,
    -0.03443352234700159,
    5.8571117629992713e-05,
    3.005338880606056e-05,
    -0.019713386265270142,
    -6.67675019841637e-05,
    0.0007705731047707426,
    -0.023554060573566966,
    7.720583429635903e-05,
    0.016262949947640246,
    -6.052861924243425e-05,
    0.00013280237861851475,
    0.010489855002274446,
    -4.8618943920695405e-05,
    -0.00018896321835031783,
    0.0001256873410658437,
    1.1052570674399353e-05,
    0.008938036250884707,
    0.00014086049462676438,
    0.058425053752294946
  ],
  "val_sse_masked": 0.0003598318435251713,
  "val_nrmse_masked": 0.05163329467177391,
  "val_mse_masked": 1.1994395208603237e-05,
  "val_r2_masked": 0.9973331093788147,
  "val_sse_full": 0.00036284103407524526,
  "val_nrmse_full": 0.051848746836185455,
  "val_mse_full": 1.209470156027237e-05,
  "val_r2_full": 0.9973108172416687,
  "iteration": 158,
  "p_lo_eff": 0.12967753410339355,
  "p_hi_eff": 1.9451630115509033,
  "f_lo_eff": 0.20659340918064117,
  "f_hi_eff": 1.6527472734451294
}