{
  "tag": "462_e7910173",
  "lmb1": 0.0008563575885089489,
  "lmb2": 3.5127185689251e-08,
  "nonzero_count": 17,
  "complexity_norm": 0.13709677419354838,
  "train_gen_window": 0.060804083861460516,
  "generalizability": 0.06198139489275116,
  "equation": "0.054382 E^{0.5} n P^{-0.5} - 0.0038205 P^{-1} F dT_{e} - 7.6139 \\cdot 10^{-5} P^{-1} F dT_{i} - 0.0022434 P^{-1} F dn + 0.00033218 P dn - 9.6843 \\cdot 10^{-5} T_{e}^{0.5} T_{i}^{0.5} F dn - 0.0023536 T_{e}^{0.5} T_{i}^{0.5} dn - 0.061687 T_{e} dn - 0.0097813 T_{i}^{0.5} P^{-1} dn + 0.00010333 T_{i}^{0.5} P dn + 0.0036506 T_{i} P dn + 0.00024739 n^{-1} P^{-1} dn + 0.0084175 n E^{0.5} T_{e}^{0.5} T_{i} - 0.021439 n E^{0.5} T_{i}^{0.5} P + 0.00090857 n E^{0.5} T_{i} + 0.038669 n E T_{e}^{0.5} T_{i}^{0.5} + 0.00029947 n E T_{i}^{0.5}",
  "coefficients": [
    0.08853770325877541,
    0.0005661952902428306,
    1.2991729787331467e-05,
    -1.0071626936058507e-05,
    8.397418808005516e-06,
    6.9261881513566345e-06,
    5.785616608283787e-06,
    4.795830512546773e-06,
    3.2933452323622638e-06,
    -0.0026995152890656815,
    -3.2921651527199672e-06,
    8.664451834793732e-07,
    -2.393141911884028e-06,
    -3.7105333082592522e-06,
    -5.23687215198861e-06,
    -9.38796523864229e-06,
    -4.4615397688723565e-06,
    -3.3353172227088875e-06,
    -4.619678351942465e-06,
    -2.723282835134399e-06,
    -8.410656965707629e-06,
    -5.643619664920171e-06,
    -2.4422116191574605e-06,
    -3.229919275926543e-07,
    -5.5824576183248e-06,
    -5.1308964654113265e-06,
    -1.7208127346479196e-06,
    -0.004137645526080802,
    1.3925018670604361e-06,
    1.4215933337739682e-06,
    5.732576896415688e-07,
    4.481789833176473e-06,
    2.1815659531883272e-06,
    2.3887706228661702e-06,
    8.195070722924652e-06,
    3.7009944354489694e-06,
    8.757330903311992e-06,
    -1.8943520274015285e-06,
    1.2991422648211637e-06,
    2.186640916202983e-06,
    4.596037018300278e-06,
    8.757787344210482e-06,
    2.7857862059480767e-06,
    6.492803566844538e-06,
    9.092576088893486e-06,
    -0.0028356804955343073,
    -6.546287546134801e-06,
    0.00038434915188263725,
    -0.010487844387592721,
    -3.514885595391754e-05,
    -3.9869620172856755e-05,
    0.000134938035039159,
    -2.4662654856604363e-06,
    -1.78845787073621e-05,
    0.005462398898386212,
    -1.381570567136445e-05,
    -3.2593370560923924e-05,
    -8.955739519805549e-06,
    -2.835973711236813e-06,
    -0.0017996487422205546,
    -0.00011503113331124604,
    2.5159968739260804e-05,
    -3.032989491880047e-05,
    -1.0891749685380577e-06,
    -0.03920906525726221,
    -1.1383083143778867e-05,
    -2.8287170001866688e-05,
    -2.1978185789100638e-07,
    1.8630890886235012e-06,
    1.321952372761956e-06,
    8.924737034197214e-06,
    1.3810289046226635e-06,
    -0.022236225618149377,
    0.0006376260163696106,
    -5.9503532474949274e-06,
    1.0600548653719093e-05,
    0.005754647222710522,
    2.0505322300188646e-06,
    9.814242754903884e-06,
    7.114355996217896e-06,
    3.3009627330847377e-06,
    -2.6142402508904938e-05,
    0.00012494853390691304,
    1.2849749410443447e-05,
    2.2197971738024212e-05,
    0.015637067991215822,
    0.026698872503330962
  ],
  "val_sse_masked": 0.0010157078504562378,
  "val_nrmse_masked": 0.08674899488687515,
  "val_mse_masked": 3.385692980373278e-05,
  "val_r2_masked": 0.9924721121788025,
  "val_sse_full": 0.0009926091879606247,
  "val_nrmse_full": 0.08575692027807236,
  "val_mse_full": 3.3086973417084664e-05,
  "val_r2_full": 0.9926432967185974,
  "iteration": 462,
  "p_lo_eff": 0.12967753410339355,
  "p_hi_eff": 1.9451630115509033,
  "f_lo_eff": 0.20659340918064117,
  "f_hi_eff": 1.6527472734451294
}