{
  "tag": "132_3a5b6536",
  "lmb1": 0.0090875856632372,
  "lmb2": 1.1332250715025832e-07,
  "nonzero_count": 4,
  "complexity_norm": 0.03225806451612903,
  "train_gen_window": 0.14841067055388787,
  "generalizability": 0.1586822913167707,
  "equation": "0.057531 E^{0.5} n P^{-0.5} - 0.014931 P^{-1} F dn - 0.038166 T_{e}^{0.5} T_{i}^{0.5} dn - 0.00028729 T_{i}^{0.5} P^{-1} dn",
  "coefficients": [
    0.088537705850541,
    1.9661141291475172e-07,
    1.4266480600367493e-07,
    -1.0411364663861881e-07,
    1.63826215045903e-07,
    1.057353428199814e-07,
    1.4596426754479464e-07,
    1.524828482883505e-07,
    1.493427773210404e-07,
    -8.619443958388174e-08,
    -4.227555249675956e-08,
    4.6354939714435615e-09,
    -1.591505980880256e-08,
    -3.274024183448396e-08,
    -3.14131874525407e-08,
    -3.707833706838239e-08,
    -2.044138537315458e-08,
    -3.4658295606773405e-08,
    -3.191911366815118e-08,
    -2.4033537408215436e-08,
    -3.7125650983003e-08,
    -2.3993841737240856e-08,
    -4.4208668577079136e-08,
    -2.080946987109921e-08,
    -5.309791317591942e-08,
    -2.445874265176079e-08,
    -3.1783075519905546e-07,
    -3.2066185910951896e-07,
    -1.5850684607366482e-07,
    -1.3109091490766743e-07,
    -1.7306833849117011e-07,
    -1.1748209710498007e-07,
    -1.2268601416612856e-07,
    -8.365073852598574e-08,
    -5.6058343531704774e-08,
    -7.177493269509854e-08,
    -4.275396655552949e-08,
    -3.475356034239767e-07,
    -1.461324193536834e-07,
    -1.2457500367456042e-07,
    -9.057814948845904e-08,
    -5.1250528715170056e-08,
    -1.591210591412917e-07,
    -1.0318145175506065e-07,
    -4.692918310772217e-08,
    -0.01887217800595649,
    -4.1986280319817676e-07,
    -1.5570243256117387e-08,
    -0.00030804361775994534,
    -2.3204681275895957e-06,
    -1.0620897964044045e-06,
    -2.9640328784343686e-08,
    -2.6697920638150354e-07,
    -1.5151178144060917e-06,
    -3.4977960022012716e-08,
    -1.8454508187095092e-06,
    -1.2474858039354697e-06,
    -5.225587021421223e-07,
    -3.8940247550565274e-07,
    -0.0291825470970448,
    -1.7113640049299258e-06,
    -3.690798349300443e-08,
    -1.72125380285498e-06,
    -2.978623052626164e-07,
    -2.9690783930692068e-06,
    -6.520991400921036e-07,
    -1.269848320404683e-06,
    2.8538851319626526e-07,
    1.6977923027003682e-07,
    4.25984260514301e-07,
    3.79742344100132e-07,
    2.0523678739342054e-07,
    -1.2273497352953729e-08,
    1.5343882262550826e-06,
    1.4638296554647556e-07,
    4.816101545016058e-07,
    3.4899760611469474e-06,
    2.2496851389432686e-07,
    5.93582850840611e-07,
    1.634022703533359e-06,
    3.0737739216291726e-07,
    1.749094950774774e-08,
    3.251916667400942e-06,
    1.7044762830620494e-06,
    8.622160616896351e-07,
    6.301043706061862e-05,
    0.028244864306718635
  ],
  "val_sse_masked": 0.005897601135075092,
  "val_nrmse_masked": 0.20903439819812775,
  "val_mse_masked": 0.00019658671226352453,
  "val_r2_masked": 0.956290066242218,
  "val_sse_full": 0.005863994359970093,
  "val_nrmse_full": 0.208437979221344,
  "val_mse_full": 0.00019546649127732962,
  "val_r2_full": 0.9565391540527344,
  "iteration": 132,
  "p_lo_eff": 0.12967753410339355,
  "p_hi_eff": 1.9451630115509033,
  "f_lo_eff": 0.20659340918064117,
  "f_hi_eff": 1.6527472734451294
}