{
  "tag": "305_a2c7e393",
  "lmb1": 3.085375298151255e-08,
  "lmb2": 7.075149468262226e-06,
  "nonzero_count": 86,
  "complexity_norm": 0.6935483870967742,
  "train_gen_window": 0.014064166069260952,
  "generalizability": 0.01976489923985272,
  "equation": "0.17194 E^{0.5} n P^{-0.5} + 0.077175 F dT_{e} + 0.0054825 F dT_{i} + 0.018495 F dn + 0.0016938 P^{-1} F dT_{e} + 7.2619 \\cdot 10^{-5} P^{-1} F dT_{i} + 0.0069525 P^{-1} F dn - 0.0014903 P^{-1} dT_{e} - 0.00023429 P F dT_{i} - 0.023552 P dn - 0.15099 T_{e}^{0.5} F dT_{e} + 0.0032988 T_{e}^{0.5} F dn + 0.0074841 T_{e}^{0.5} P^{-1} dT_{e} - 0.075092 T_{e}^{0.5} P^{-1} dn + 0.02261 T_{e}^{0.5} T_{i}^{0.5} F dT_{e} - 9.806 \\cdot 10^{-5} T_{e}^{0.5} T_{i}^{0.5} F dT_{i} - 0.035697 T_{e}^{0.5} T_{i}^{0.5} F dn + 7.553 \\cdot 10^{-5} T_{e}^{0.5} T_{i}^{0.5} P^{-1} dT_{i} + 0.046968 T_{e}^{0.5} T_{i}^{0.5} P^{-1} dn + 0.0032922 T_{e}^{0.5} T_{i}^{0.5} P dT_{e} + 1.9535 \\cdot 10^{-5} T_{e}^{0.5} T_{i}^{0.5} P dT_{i} + 0.030815 T_{e}^{0.5} T_{i}^{0.5} P dn + 7.5426 \\cdot 10^{-5} T_{e}^{0.5} T_{i}^{0.5} dT_{i} + 0.08952 T_{e}^{0.5} T_{i}^{0.5} dn + 9.0481 \\cdot 10^{-5} T_{e}^{0.5} T_{i} dT_{e} - 4.7716 \\cdot 10^{-6} T_{e}^{0.5} T_{i} dT_{i} + 0.0065114 T_{e}^{0.5} T_{i} dn - 0.091627 T_{e}^{0.5} dn - 0.0021701 T_{e} F dT_{i} - 0.026756 T_{e} F dn + 0.0090468 T_{e} P^{-1} dn + 2.1692 \\cdot 10^{-5} T_{e} P dT_{i} - 0.0074961 T_{e} T_{i}^{0.5} dT_{e} + 0.0012247 T_{e} T_{i} dT_{e} + 7.7448 \\cdot 10^{-7} T_{e} T_{i} dT_{i} + 0.028479 T_{e} T_{i} dn + 0.0029607 T_{e} dT_{e} - 0.00012542 T_{e} dT_{i} - 0.022851 T_{e} dn + 0.018555 T_{i}^{0.5} F dT_{e} - 0.004064 T_{i}^{0.5} F dn + 0.0023459 T_{i}^{0.5} P^{-1} dT_{e} - 7.6123 \\cdot 10^{-5} T_{i}^{0.5} P^{-1} dT_{i} + 0.016823 T_{i}^{0.5} P^{-1} dn - 1.3879 \\cdot 10^{-5} T_{i}^{0.5} P dT_{i} + 0.034919 T_{i}^{0.5} P dn - 0.00041617 T_{i}^{0.5} dT_{e} - 3.2041 \\cdot 10^{-6} T_{i}^{0.5} dT_{i} + 0.0084603 T_{i}^{0.5} dn - 0.003443 T_{i} F dT_{e} - 1.6612 \\cdot 10^{-5} T_{i} F dT_{i} - 0.0005497 T_{i} P^{-1} dT_{e} - 0.015268 T_{i} P^{-1} dn - 0.00045668 T_{i} P dT_{e} - 0.022603 T_{i} P dn - 0.00090309 T_{i} dT_{e} - 0.045854 T_{i} dn - 0.0027134 dT_{e} - 0.00073654 dT_{i} + 0.0029241 n^{-1} F dn + 0.006071 n^{-1} P^{-1} dn - 0.011515 n^{-1} T_{e}^{0.5} T_{i}^{0.5} dn - 0.0087604 n^{-1} T_{e}^{0.5} dn - 0.0026501 n^{-1} T_{e} dn + 0.013295 n^{-1} T_{i}^{0.5} dn - 8.7298 \\cdot 10^{-5} n^{-1} T_{i} dn - 0.00089253 n^{-1} dn - 0.20912 n E^{0.5} - 0.061236 n E^{0.5} P^{-1} - 0.0049417 n E^{0.5} T_{e}^{0.5} P^{-1} - 0.010524 n E^{0.5} T_{e}^{0.5} T_{i}^{0.5} + 0.060856 n E^{0.5} T_{e}^{0.5} T_{i} - 0.069314 n E^{0.5} T_{e} + 0.020565 n E^{0.5} T_{e} T_{i}^{0.5} - 0.0049601 n E^{0.5} T_{i}^{0.5} - 0.01693 n E^{0.5} T_{i}^{0.5} F + 0.047137 n E^{0.5} T_{i}^{0.5} P^{-1} + 0.018459 n E^{0.5} T_{i}^{0.5} P + 0.098828 n E^{0.5} T_{i} - 0.045553 n E F - 0.022373 n E P^{-1} - 0.0055856 n E P + 0.5103 n E T_{e}^{0.5} - 0.27899 n E T_{e}^{0.5} T_{i}^{0.5} - 0.10919 n E T_{i}^{0.5} - 0.0032475 n E T_{i}",
  "coefficients": [
    0.08853771674594191,
    0.013894912359626144,
    -0.0013374195026008007,
    0.0014882120878876304,
    0.05652288347187484,
    -0.001640237088284896,
    -0.013442918652050856,
    -0.055846624993612204,
    -0.004360595681100532,
    0.002574689263686286,
    -0.04423574134510183,
    0.08626215504654783,
    -0.0036398769715632606,
    -0.03396444392826542,
    -0.0012193167523784632,
    -0.005856455656706172,
    -0.011436076131389222,
    0.04189433211209331,
    0.03446125377492665,
    -0.011806269940537212,
    0.009569841586015815,
    -0.01518844843291886,
    -0.010953108392743494,
    -0.051884104863908764,
    0.0020529428102681324,
    0.0029693071228738266,
    -0.0026574769955066135,
    0.0018344654621137158,
    -0.0035070328077390633,
    0.02906139535332722,
    0.013346379198529268,
    -0.0015947059678006192,
    0.022182207020261996,
    -0.013305409873018481,
    -0.01556796733064375,
    -0.0177175077728777,
    -0.008092784268773717,
    0.015321400344911362,
    -0.06279420781191825,
    0.03074623181183936,
    0.014500192548989599,
    0.001817176014257127,
    0.004316406743846646,
    -0.03657194321957433,
    0.028935392337385846,
    0.008787892054783586,
    0.019786527838547258,
    -0.02725124989786315,
    0.018038595137178676,
    0.006706830932915742,
    -0.004978284735939531,
    0.045600862814591525,
    -0.02381248598238453,
    -0.043404605173327615,
    -0.03382083962349458,
    -0.06768914484866556,
    -0.06041529748902355,
    0.003410474299914562,
    0.05795637474416218,
    0.06844919824891979,
    -0.04240133233898119,
    0.03843841515179422,
    0.006028808155730175,
    0.00944656968824531,
    -0.014524499333328889,
    -0.026803022836476342,
    0.026133360889278923,
    -0.04681849075390693,
    -0.11543438896151134,
    0.044398705154506946,
    -0.0030596400683264857,
    -0.01682131384696564,
    0.019145895469870666,
    0.06935670600151314,
    -0.004373969508932568,
    -0.006276277829358162,
    0.04160422798603408,
    -0.03564330238324323,
    0.011925372206505858,
    -0.01068059921230291,
    -0.026005690905304635,
    -0.0033930404226256983,
    -0.045557941944062236,
    -0.001688074868338968,
    0.1790676252134268,
    -0.11282146425547418,
    0.08441560995952721
  ],
  "val_sse_masked": 0.00014993693912401795,
  "val_nrmse_masked": 0.03332992643117905,
  "val_mse_masked": 4.9978984861809295e-06,
  "val_r2_masked": 0.9988887310028076,
  "val_sse_full": 0.00014993693912401795,
  "val_nrmse_full": 0.03332992643117905,
  "val_mse_full": 4.9978984861809295e-06,
  "val_r2_full": 0.9988887310028076,
  "iteration": 305,
  "p_lo_eff": 0.12967753410339355,
  "p_hi_eff": 1.9451630115509033,
  "f_lo_eff": 0.20659340918064117,
  "f_hi_eff": 1.6527472734451294
}