{
  "tag": "451_827a5da3",
  "lmb1": 0.0018081283385510591,
  "lmb2": 0.004358096640500752,
  "nonzero_count": 17,
  "complexity_norm": 0.13709677419354838,
  "train_gen_window": 0.09053342316770999,
  "generalizability": 0.09546436257162487,
  "equation": "0.05984 E^{0.5} n P^{-0.5} - 0.0040705 P^{-1} F dT_{e} - 5.4083 \\cdot 10^{-5} P^{-1} F dT_{i} - 0.0050715 P^{-1} F dn - 0.0013472 T_{e}^{0.5} T_{i}^{0.5} F dn - 0.02089 T_{e}^{0.5} T_{i}^{0.5} dn - 0.00022897 T_{e}^{0.5} dn - 0.021185 T_{e} dn - 0.010873 T_{i}^{0.5} P^{-1} dn - 0.00029404 T_{i}^{0.5} dn + 0.00028983 n^{-1} P^{-1} dn + 6.2177 \\cdot 10^{-5} n^{-1} T_{i}^{0.5} dn + 0.0048578 n E^{0.5} T_{e}^{0.5} T_{i} - 0.01332 n E^{0.5} T_{i}^{0.5} P + 0.00034213 n E^{0.5} T_{i} + 0.021264 n E T_{e}^{0.5} T_{i}^{0.5} + 0.0038284 n E T_{i}^{0.5}",
  "coefficients": [
    0.08853770513743503,
    0.0006633324376200277,
    1.952344822050926e-05,
    -2.6432597630238393e-06,
    0.0002643357980619949,
    1.113820063027072e-05,
    9.328789400214163e-06,
    1.7647488616936424e-05,
    6.0242201523603576e-06,
    -0.0019175063277193274,
    -2.8652163258775252e-06,
    -4.4663828342344823e-07,
    -1.9996946923809873e-06,
    -1.9594387385124434e-06,
    -2.4684712547247776e-06,
    -3.893122570119775e-06,
    -1.6594606047511657e-06,
    -1.8949825442112935e-06,
    -2.3309530021767984e-06,
    -1.6245847291682233e-06,
    -3.6884615173924617e-06,
    -1.955385218279402e-06,
    -2.4656073260138586e-06,
    -1.0859471526584868e-06,
    -5.402600284345935e-06,
    -1.8887587805604362e-06,
    -2.396410059516934e-06,
    -0.004408419491456272,
    -7.656651744231938e-07,
    -5.083637590568063e-07,
    -7.562056655224537e-07,
    -1.2260215329822545e-07,
    -2.970784337271423e-07,
    7.351898931570461e-08,
    5.807836407605822e-07,
    2.3522132019858426e-07,
    4.993841387538581e-07,
    -2.546490072640886e-06,
    -5.820491642596115e-07,
    -2.6588347266448553e-07,
    -2.7453538574710806e-07,
    6.816091567840928e-07,
    -4.3103892749933084e-07,
    1.60965790255257e-07,
    7.679120036656827e-07,
    -0.006410318448629484,
    -4.543607262976888e-06,
    1.470879830793429e-05,
    -0.011658570652244071,
    -0.0002330981726755649,
    -2.9804785305644062e-05,
    8.139572826958106e-06,
    -1.9793919177672974e-06,
    -1.3584833011106536e-05,
    1.0324908726867163e-05,
    -1.4374211413050205e-05,
    -0.00015097098622801123,
    -6.295927008581054e-06,
    -2.432066078255531e-06,
    -0.015973193699821163,
    -0.0016001664600153941,
    5.070070668976182e-06,
    -2.1843324761907187e-05,
    -1.3825174693775176e-06,
    -0.013465239671442218,
    -8.375216940781991e-06,
    -1.7585550567312246e-05,
    1.0353472102011352e-06,
    1.2242311152530445e-06,
    1.7163236549133802e-06,
    4.48225626786534e-06,
    1.2177983541186913e-06,
    -0.013815400092550247,
    0.00024010662862318153,
    -3.150069187760567e-07,
    5.77765999102153e-06,
    0.0033210985237415004,
    1.5897056342895081e-06,
    6.310567249573366e-06,
    6.570874893665429e-06,
    2.31501441353145e-06,
    -8.20109927561871e-06,
    0.0015973315024791306,
    8.106512396324882e-06,
    1.5231096569977433e-05,
    0.008598668716147066,
    0.029378277492407495
  ],
  "val_sse_masked": 0.00200706091709435,
  "val_nrmse_masked": 0.12194397300481796,
  "val_mse_masked": 6.690203736070544e-05,
  "val_r2_masked": 0.9851247072219849,
  "val_sse_full": 0.0019685374572873116,
  "val_nrmse_full": 0.12076801061630249,
  "val_mse_full": 6.561791815329343e-05,
  "val_r2_full": 0.985410213470459,
  "iteration": 451,
  "p_lo_eff": 0.12967753410339355,
  "p_hi_eff": 1.9451630115509033,
  "f_lo_eff": 0.20659340918064117,
  "f_hi_eff": 1.6527472734451294
}