{
  "tag": "418_f5996210",
  "lmb1": 4.650506547086945e-07,
  "lmb2": 7.598038984297001e-05,
  "nonzero_count": 84,
  "complexity_norm": 0.6774193548387096,
  "train_gen_window": 0.023825609660003858,
  "generalizability": 0.028715012980886225,
  "equation": "0.11027 E^{0.5} n P^{-0.5} + 0.019667 F dT_{e} + 0.0028728 F dT_{i} + 0.0023746 F dn - 0.0019228 P^{-1} F dT_{e} + 0.00011431 P^{-1} F dT_{i} + 0.0033533 P^{-1} F dn + 0.0045859 P^{-1} dT_{e} - 0.00028878 P F dT_{i} - 0.011085 P dn - 0.067594 T_{e}^{0.5} F dT_{e} - 0.0036553 T_{e}^{0.5} F dn + 0.0024004 T_{e}^{0.5} P^{-1} dT_{e} - 0.04764 T_{e}^{0.5} P^{-1} dn + 0.010206 T_{e}^{0.5} T_{i}^{0.5} F dT_{e} - 4.1353 \\cdot 10^{-5} T_{e}^{0.5} T_{i}^{0.5} F dT_{i} - 0.014297 T_{e}^{0.5} T_{i}^{0.5} F dn + 5.6087 \\cdot 10^{-6} T_{e}^{0.5} T_{i}^{0.5} P^{-1} dT_{i} + 0.02973 T_{e}^{0.5} T_{i}^{0.5} P^{-1} dn + 0.0025092 T_{e}^{0.5} T_{i}^{0.5} P dT_{e} + 1.4422 \\cdot 10^{-5} T_{e}^{0.5} T_{i}^{0.5} P dT_{i} + 0.017653 T_{e}^{0.5} T_{i}^{0.5} P dn + 7.5039 \\cdot 10^{-6} T_{e}^{0.5} T_{i}^{0.5} dT_{i} + 0.011811 T_{e}^{0.5} T_{i}^{0.5} dn - 0.0001389 T_{e}^{0.5} T_{i} dT_{e} - 1.4876 \\cdot 10^{-6} T_{e}^{0.5} T_{i} dT_{i} + 0.0032903 T_{e}^{0.5} T_{i} dn - 0.033178 T_{e}^{0.5} dn - 0.00061662 T_{e} F dT_{i} - 0.010537 T_{e} F dn + 0.017535 T_{e} P^{-1} dn - 0.00089078 T_{e} T_{i}^{0.5} dT_{e} + 0.00015 T_{e} T_{i} dT_{e} + 7.5061 \\cdot 10^{-7} T_{e} T_{i} dT_{i} + 0.01754 T_{e} T_{i} dn - 0.0055844 T_{e} dT_{e} - 0.00018039 T_{e} dT_{i} - 0.030248 T_{e} dn + 0.011785 T_{i}^{0.5} F dT_{e} - 0.0080638 T_{i}^{0.5} F dn + 0.0017827 T_{i}^{0.5} P^{-1} dT_{e} - 6.4609 \\cdot 10^{-6} T_{i}^{0.5} P^{-1} dT_{i} - 0.014123 T_{i}^{0.5} P^{-1} dn - 1.1582 \\cdot 10^{-6} T_{i}^{0.5} P dT_{i} + 0.0074122 T_{i}^{0.5} P dn - 0.0040975 T_{i}^{0.5} dT_{e} - 7.5595 \\cdot 10^{-6} T_{i}^{0.5} dT_{i} + 0.00096703 T_{i}^{0.5} dn + 0.00073885 T_{i} F dT_{e} - 7.5334 \\cdot 10^{-6} T_{i} F dT_{i} - 0.00028688 T_{i} P^{-1} dT_{e} + 4.8366 \\cdot 10^{-5} T_{i} P dT_{e} + 0.0020182 T_{i} P dn - 0.00079324 T_{i} dT_{e} - 0.0073451 T_{i} dn + 0.0033974 dT_{e} - 0.00030303 dT_{i} - 0.010489 n^{-1} F dn + 0.0069 n^{-1} P^{-1} dn - 0.0018485 n^{-1} T_{e}^{0.5} T_{i}^{0.5} dn - 0.0048115 n^{-1} T_{e}^{0.5} dn - 0.0044324 n^{-1} T_{e} dn + 0.0034369 n^{-1} T_{i}^{0.5} dn - 0.00083956 n^{-1} T_{i} dn + 0.0027104 n^{-1} dn - 0.11404 n E^{0.5} - 0.0048659 n E^{0.5} P^{-1} - 0.024275 n E^{0.5} T_{e}^{0.5} P^{-1} + 0.0081272 n E^{0.5} T_{e}^{0.5} T_{i}^{0.5} + 0.038134 n E^{0.5} T_{e}^{0.5} T_{i} - 0.032745 n E^{0.5} T_{e} + 0.030922 n E^{0.5} T_{e} T_{i}^{0.5} - 0.0064865 n E^{0.5} T_{i}^{0.5} - 0.024251 n E^{0.5} T_{i}^{0.5} F + 0.017854 n E^{0.5} T_{i}^{0.5} P^{-1} + 0.0078986 n E^{0.5} T_{i}^{0.5} P + 0.034891 n E^{0.5} T_{i} - 0.013969 n E F + 0.0067807 n E P^{-1} - 0.003746 n E P + 0.12941 n E T_{e}^{0.5} - 0.044295 n E T_{e}^{0.5} T_{i}^{0.5} - 0.016122 n E T_{i}^{0.5} - 0.025753 n E T_{i}",
  "coefficients": [
    0.08853771063947141,
    0.015792261072571662,
    0.0040614008019659135,
    -0.005338312480066422,
    0.014611696168742605,
    -0.01577441778098697,
    -0.007383204425468389,
    -0.008965016916113577,
    -0.007293135752614983,
    0.004052722097237137,
    -0.01819970701820972,
    0.04520059675460058,
    -0.004486469402283984,
    -0.002882728550774272,
    -0.0028767208189053525,
    -0.0004887260806139522,
    -0.005186011803290366,
    0.003111017032264564,
    0.0034284586187979384,
    -0.004978788621872316,
    0.007064816935051881,
    -0.004735063491773529,
    -0.015754176260417602,
    -0.014742849785568926,
    6.13948603200333e-06,
    0.002877792581339,
    0.008177215631444176,
    -0.0020824404911367364,
    0.0043911146520492625,
    0.007405747716097023,
    0.010142223132493017,
    -0.015700901985633193,
    0.014088946239218204,
    -0.006943987615532232,
    -0.013674326386802025,
    0.003802065190670039,
    0.0008570936713888121,
    0.004914147112157877,
    -0.028111597157809597,
    0.013878497893562042,
    0.011051592406360576,
    -0.0027895713136194466,
    -0.008141418126738194,
    -0.004345923095951668,
    0.003543850226181008,
    0.004238592826168138,
    0.0025404747983509713,
    -0.01282571821518264,
    -0.015143629177371123,
    0.0007666114462699957,
    -0.009878041261089172,
    0.00967970362154101,
    -6.479323741506705e-05,
    -0.006952768088349148,
    0.0030198317344760943,
    -0.04294334516990286,
    -0.02187612939525728,
    -0.003779052312699295,
    0.03668580186543261,
    0.00903073783216676,
    -0.01698222711302354,
    0.022020746626167684,
    0.0030464976739290367,
    0.018309755827152,
    -0.019226281399753867,
    -0.010555621792780301,
    0.016095413730615602,
    -0.0037202979388430467,
    -0.0629472710275291,
    0.0168166765872804,
    -0.004001178037216601,
    -0.02409566569036769,
    0.008192334657162884,
    0.024485917829869037,
    -0.021486265744517816,
    0.004846809863307275,
    0.02607063750664921,
    -0.016838274702032904,
    0.017931407069266648,
    0.003236996674920355,
    -0.007974601332763294,
    -0.002275579325837407,
    -0.006726588695042057,
    -0.013386869933236272,
    0.04541021643662575,
    -0.017912381962944708,
    0.05413719742251771
  ],
  "val_sse_masked": 0.00022965599782764912,
  "val_nrmse_masked": 0.04124952852725983,
  "val_mse_masked": 7.655200533918105e-06,
  "val_r2_masked": 0.998297929763794,
  "val_sse_full": 0.00023168831830844283,
  "val_nrmse_full": 0.04143163934350014,
  "val_mse_full": 7.722944246779662e-06,
  "val_r2_full": 0.9982828497886658,
  "iteration": 418,
  "p_lo_eff": 0.12967753410339355,
  "p_hi_eff": 1.9451630115509033,
  "f_lo_eff": 0.20659340918064117,
  "f_hi_eff": 1.6527472734451294
}