{
  "tag": "337_e6d83fb8",
  "lmb1": 0.00010781900772202895,
  "lmb2": 2.511699183398031e-08,
  "nonzero_count": 32,
  "complexity_norm": 0.25806451612903225,
  "train_gen_window": 0.040652162278586104,
  "generalizability": 0.03492010157310671,
  "equation": "0.07967 E^{0.5} n P^{-0.5} + 0.00012158 F dT_{i} - 0.0041458 P^{-1} F dT_{e} - 4.812 \\cdot 10^{-5} P^{-1} F dT_{i} - 0.0010282 P^{-1} F dn + 0.00011994 P dn - 0.022058 T_{e}^{0.5} P^{-1} dn - 0.015147 T_{e}^{0.5} T_{i}^{0.5} F dn + 0.00010736 T_{e}^{0.5} T_{i}^{0.5} P^{-1} dn + 0.00014499 T_{e}^{0.5} T_{i}^{0.5} P dn - 0.00017461 T_{e}^{0.5} dn - 0.038865 T_{e} dn + 0.00018681 T_{i}^{0.5} F dT_{e} - 0.00020369 T_{i}^{0.5} F dn + 0.00035376 T_{i}^{0.5} P^{-1} dT_{e} - 0.00010911 T_{i}^{0.5} P^{-1} dn + 0.00065464 T_{i}^{0.5} P dn + 6.7528 \\cdot 10^{-6} T_{i} P^{-1} dT_{e} + 0.0016969 T_{i} P^{-1} dn + 0.0092849 T_{i} P dn - 0.019292 n^{-1} F dn + 0.0032203 n^{-1} P^{-1} dn + 9.1588 \\cdot 10^{-5} n^{-1} T_{e}^{0.5} dn + 0.0016616 n^{-1} dn - 0.0004151 n E^{0.5} - 0.015944 n E^{0.5} T_{e}^{0.5} P^{-1} - 0.014131 n E^{0.5} T_{i}^{0.5} F - 0.014586 n E^{0.5} T_{i}^{0.5} P + 0.0039943 n E P^{-1} + 0.0032933 n E T_{e}^{0.5} + 0.045274 n E T_{e}^{0.5} T_{i}^{0.5} + 0.0023422 n E T_{i}^{0.5}",
  "coefficients": [
    0.08853770605816946,
    0.007370396397458041,
    0.0024898971514935786,
    -0.00981834834351701,
    -1.7665605232165696e-06,
    -4.9490675849013814e-05,
    0.00014054267481718264,
    -2.6446133537002444e-07,
    9.435222485951902e-05,
    -0.0017060698469444871,
    -5.236854843868796e-06,
    0.0019129393172367475,
    3.199959269843122e-05,
    -5.94761670655615e-05,
    -1.5801831416867543e-06,
    4.0815974723852225e-05,
    -6.303958192527209e-06,
    -5.4021504479470036e-05,
    -5.830652710712942e-07,
    -7.028442918961806e-06,
    4.98919713589047e-05,
    -9.214798093276962e-07,
    -4.436387662062502e-06,
    1.933195691389072e-05,
    8.122364280972182e-05,
    4.724039308635107e-07,
    2.6489969119703808e-05,
    -0.004489998414382491,
    1.1453592763274023e-05,
    4.1387431513412854e-05,
    0.002012656298779453,
    9.785636030318986e-05,
    0.00022332760558385425,
    0.00016345124815588696,
    4.315324073548665e-05,
    9.912420696931375e-05,
    3.3527670137761044e-05,
    9.681030249956597e-06,
    1.746469443298992e-05,
    4.319463768445658e-05,
    9.593608772832354e-06,
    1.4195968061377996e-05,
    8.700215743574333e-07,
    9.215510661263413e-06,
    -1.020495239046082e-06,
    -0.0012996529799850225,
    -2.6138381488019772e-05,
    0.0001387729052838707,
    -0.000116994139365847,
    -3.8143185673957645e-05,
    -0.00024951841558164826,
    0.0008549085630232934,
    0.0026465034804673995,
    -2.4787353059452186e-05,
    0.013893056328263143,
    -0.019883027536874074,
    -0.00011513255709385718,
    -4.246684173996795e-05,
    0.0001324834820317722,
    -8.121654807387626e-05,
    -0.017991710525306997,
    0.00018086132039940852,
    -3.147531223346634e-05,
    6.696767086955969e-05,
    -0.02470342443407173,
    -5.510265630746302e-05,
    -2.1559063470700617e-05,
    1.4028390744319125e-05,
    -0.0002291297383855846,
    2.0758299336522854e-06,
    4.11320618747677e-06,
    -0.014040217348455184,
    -0.015128483657308905,
    8.11326480581679e-05,
    -0.014111915425863571,
    1.1513730282750765e-05,
    8.754044528438137e-05,
    -4.1427253308647144e-05,
    1.345703876175196e-05,
    0.001906804434785799,
    -5.0027452271891495e-06,
    -7.041191867650633e-05,
    0.000977230049143733,
    8.544094594544167e-05,
    0.0011556445753424746,
    0.01830824565265607,
    0.039114052237202546
  ],
  "val_sse_masked": 0.0006091702962294221,
  "val_nrmse_masked": 0.06718145310878754,
  "val_mse_masked": 2.0305677026044577e-05,
  "val_r2_masked": 0.9954851269721985,
  "val_sse_full": 0.0005952724604867399,
  "val_nrmse_full": 0.06641068309545517,
  "val_mse_full": 1.984241680474952e-05,
  "val_r2_full": 0.9955881237983704,
  "iteration": 337,
  "p_lo_eff": 0.12967753410339355,
  "p_hi_eff": 1.9451630115509033,
  "f_lo_eff": 0.20659340918064117,
  "f_hi_eff": 1.6527472734451294
}