{
  "tag": "336_47732945",
  "lmb1": 1.4273089220874325e-06,
  "lmb2": 1.4549653988533813e-06,
  "nonzero_count": 86,
  "complexity_norm": 0.6935483870967742,
  "train_gen_window": 0.015393072102720158,
  "generalizability": 0.014641056898505927,
  "equation": "0.17174 E^{0.5} n P^{-0.5} + 0.050971 F dT_{e} + 0.0040612 F dT_{i} + 0.002862 F dn + 0.0014219 P^{-1} F dT_{e} + 0.00010249 P^{-1} F dT_{i} + 0.0056375 P^{-1} F dn + 0.0032882 P^{-1} dT_{e} + 7.7493 \\cdot 10^{-5} P F dT_{i} - 0.0025649 P dn - 0.10265 T_{e}^{0.5} F dT_{e} + 0.00014763 T_{e}^{0.5} F dn + 0.0030632 T_{e}^{0.5} P^{-1} dT_{e} - 0.058565 T_{e}^{0.5} P^{-1} dn + 0.015101 T_{e}^{0.5} T_{i}^{0.5} F dT_{e} + 2.0073 \\cdot 10^{-6} T_{e}^{0.5} T_{i}^{0.5} F dT_{i} - 0.035414 T_{e}^{0.5} T_{i}^{0.5} F dn + 2.2865 \\cdot 10^{-5} T_{e}^{0.5} T_{i}^{0.5} P^{-1} dT_{i} + 0.04768 T_{e}^{0.5} T_{i}^{0.5} P^{-1} dn + 0.0015983 T_{e}^{0.5} T_{i}^{0.5} P dT_{e} + 9.6169 \\cdot 10^{-6} T_{e}^{0.5} T_{i}^{0.5} P dT_{i} + 0.023337 T_{e}^{0.5} T_{i}^{0.5} P dn + 9.563 \\cdot 10^{-6} T_{e}^{0.5} T_{i}^{0.5} dT_{i} + 0.073322 T_{e}^{0.5} T_{i}^{0.5} dn - 2.9711 \\cdot 10^{-5} T_{e}^{0.5} T_{i} dT_{e} - 1.2654 \\cdot 10^{-6} T_{e}^{0.5} T_{i} dT_{i} + 0.00027633 T_{e}^{0.5} T_{i} dn - 0.097521 T_{e}^{0.5} dn - 0.0016824 T_{e} F dT_{i} - 0.0036704 T_{e} F dn + 0.0024603 T_{e} P^{-1} dn + 1.0234 \\cdot 10^{-5} T_{e} P dT_{i} - 0.0023639 T_{e} T_{i}^{0.5} dT_{e} + 0.00041025 T_{e} T_{i} dT_{e} - 3.9427 \\cdot 10^{-7} T_{e} T_{i} dT_{i} + 0.0015837 T_{e} T_{i} dn - 0.0016804 T_{e} dT_{e} - 3.7391 \\cdot 10^{-5} T_{e} dT_{i} - 0.0023839 T_{e} dn + 0.010789 T_{i}^{0.5} F dT_{e} - 0.00094062 T_{i}^{0.5} F dn + 0.00062436 T_{i}^{0.5} P^{-1} dT_{e} + 1.7408 \\cdot 10^{-6} T_{i}^{0.5} P^{-1} dT_{i} + 0.0031386 T_{i}^{0.5} P^{-1} dn + 4.0809 \\cdot 10^{-6} T_{i}^{0.5} P dT_{i} + 0.0027163 T_{i}^{0.5} P dn - 0.0013961 T_{i}^{0.5} dT_{e} + 1.5174 \\cdot 10^{-6} T_{i}^{0.5} dT_{i} + 0.00031475 T_{i}^{0.5} dn - 0.00043307 T_{i} F dT_{e} - 2.1927 \\cdot 10^{-5} T_{i} F dT_{i} - 0.00025406 T_{i} P^{-1} dT_{e} - 0.010586 T_{i} P^{-1} dn - 6.5266 \\cdot 10^{-5} T_{i} P dT_{e} - 0.0057272 T_{i} P dn - 0.0008899 T_{i} dT_{e} - 0.0084253 T_{i} dn + 0.00044029 dT_{e} - 0.00065124 dT_{i} - 0.00093932 n^{-1} F dn + 0.0061038 n^{-1} P^{-1} dn - 0.0066193 n^{-1} T_{e}^{0.5} T_{i}^{0.5} dn - 0.003133 n^{-1} T_{e}^{0.5} dn - 0.0043515 n^{-1} T_{e} dn + 0.0063489 n^{-1} T_{i}^{0.5} dn - 2.4984 \\cdot 10^{-5} n^{-1} T_{i} dn + 0.00011524 n^{-1} dn - 0.25727 n E^{0.5} - 0.05353 n E^{0.5} P^{-1} - 0.011533 n E^{0.5} T_{e}^{0.5} P^{-1} + 0.00044907 n E^{0.5} T_{e}^{0.5} T_{i}^{0.5} + 0.051549 n E^{0.5} T_{e}^{0.5} T_{i} - 0.017794 n E^{0.5} T_{e} + 0.0022797 n E^{0.5} T_{e} T_{i}^{0.5} + 0.00071677 n E^{0.5} T_{i}^{0.5} - 0.018652 n E^{0.5} T_{i}^{0.5} F + 0.042309 n E^{0.5} T_{i}^{0.5} P^{-1} + 0.018695 n E^{0.5} T_{i}^{0.5} P + 0.11324 n E^{0.5} T_{i} - 0.029726 n E F - 0.011258 n E P^{-1} - 0.0085111 n E P + 0.52074 n E T_{e}^{0.5} - 0.40313 n E T_{e}^{0.5} T_{i}^{0.5} - 0.033292 n E T_{i}^{0.5} + 0.0060129 n E T_{i}",
  "coefficients": [
    0.08853771727421922,
    0.013969827474340338,
    0.00017268828339489788,
    -0.000478059244852272,
    0.026991536244622333,
    -0.00046941659693516477,
    -0.004807522401663191,
    -0.03210336333758649,
    -0.007159984304963839,
    0.003633685658828068,
    -0.03911272453997482,
    0.06389865582028816,
    0.0012039179703587058,
    0.0007766986906723231,
    0.0005774473106706108,
    0.001721965028410473,
    -0.015094999226075583,
    0.012682428709843999,
    0.004369225555968899,
    0.00024167960728656963,
    0.004711109844818012,
    -0.004027843019086779,
    -0.0032655439915030083,
    -0.040223773816855,
    0.0009685464910293077,
    -0.0015115991844029677,
    0.0058632433611769345,
    0.0015399855110691787,
    0.0005690774300760033,
    0.019193896724533675,
    0.003552188513867043,
    -0.005349624404709017,
    0.012897445880341704,
    -0.0061494879306302425,
    -0.015340615197281903,
    -0.002228556688082083,
    -0.0011565780611065668,
    0.006270881682692582,
    -0.042688989672100525,
    0.02053513803611835,
    0.007039448251919083,
    -0.0005966913560025038,
    -0.0024497848417303243,
    -0.011533070493108387,
    0.009692427973487908,
    0.00712578066303386,
    0.003061861254877041,
    -0.002967699761518558,
    0.003365334311240029,
    0.00024951483408505964,
    -0.0011522399387479407,
    0.0035472891720018623,
    -0.016510249558269522,
    -0.007975332454916216,
    -0.008569639963456504,
    -0.0527915764652459,
    -0.06430133503130636,
    0.00015262989394180387,
    0.05883511316086322,
    0.05606417913819401,
    -0.04206512413861384,
    0.029110462367128206,
    0.0002558532513399778,
    0.0025689701906220597,
    -0.0015152549881041083,
    -0.0036768092013640162,
    0.0014532757121804372,
    -0.04092665182644226,
    -0.14200964097304705,
    0.03985103100313516,
    0.00044213914134297945,
    -0.018532373531066418,
    0.019390693930593218,
    0.07947362630502043,
    -0.010208287307056274,
    0.00026781031271095484,
    0.03524212306421882,
    -0.00915038824575901,
    0.001321987981113197,
    -0.005374536203842824,
    -0.016970457614998616,
    -0.005170196441512656,
    -0.013890712502374475,
    0.0031255924209585345,
    0.1827314513794804,
    -0.16301877068161408,
    0.08431576118521444
  ],
  "val_sse_masked": 0.00015922349120955914,
  "val_nrmse_masked": 0.03434658795595169,
  "val_mse_masked": 5.307450010150205e-06,
  "val_r2_masked": 0.9988199472427368,
  "val_sse_full": 0.00015922349120955914,
  "val_nrmse_full": 0.03434658795595169,
  "val_mse_full": 5.307450010150205e-06,
  "val_r2_full": 0.9988199472427368,
  "iteration": 336,
  "p_lo_eff": 0.12967753410339355,
  "p_hi_eff": 1.9451630115509033,
  "f_lo_eff": 0.20659340918064117,
  "f_hi_eff": 1.6527472734451294
}