{
  "tag": "9_167ecc04",
  "lmb1": 0.0004959282855822497,
  "lmb2": 1e-08,
  "nonzero_count": 18,
  "complexity_norm": 0.14516129032258066,
  "train_gen_window": 0.05341870028223483,
  "generalizability": 0.05239672553278219,
  "equation": "0.050207 E^{0.5} n P^{-0.5} - 0.0038327 P^{-1} F dT_{e} - 7.1669 \\cdot 10^{-5} P^{-1} F dT_{i} - 0.0026013 P^{-1} F dn + 0.00056088 P dn - 0.00029642 T_{e}^{0.5} T_{i}^{0.5} dn - 0.07165 T_{e} dn - 0.0086106 T_{i}^{0.5} P^{-1} dn + 0.00066608 T_{i}^{0.5} P dn + 0.0064593 T_{i} P dn - 0.0013795 n^{-1} F dn + 0.00054994 n^{-1} P^{-1} dn - 0.00037372 n E^{0.5} T_{e}^{0.5} P^{-1} + 0.0063099 n E^{0.5} T_{e}^{0.5} T_{i} - 0.021868 n E^{0.5} T_{i}^{0.5} P + 0.0015925 n E^{0.5} T_{i} + 0.046503 n E T_{e}^{0.5} T_{i}^{0.5} + 0.00043118 n E T_{i}^{0.5}",
  "coefficients": [
    0.08853770257324206,
    0.0012586644584980664,
    1.3775029551427868e-05,
    -0.0007020797901003741,
    1.6079418927994824e-06,
    -2.0094649816783615e-07,
    4.23542794250412e-06,
    -4.771243978040379e-07,
    7.946010496634088e-07,
    -0.002541029582223564,
    8.452450643601448e-07,
    1.3097664459491662e-05,
    2.9414901258875806e-06,
    -2.5788896906385075e-06,
    -1.6719061640617071e-06,
    -1.943174706955509e-06,
    -3.095002010445676e-06,
    -2.257526622671699e-06,
    -1.2843466358981976e-06,
    -5.51923370696287e-07,
    -1.542607492812429e-06,
    -3.1324166950657153e-06,
    1.8282002688160115e-06,
    5.290206081236399e-06,
    1.193900660472619e-06,
    -2.8241131016578335e-06,
    2.496922692963617e-07,
    -0.004150888460085407,
    8.652530151999431e-06,
    9.45415393383308e-06,
    6.296668520521718e-06,
    4.5582848306671414e-05,
    1.5114693861158394e-05,
    1.4339169081480428e-05,
    3.470945500283209e-05,
    1.9692851598490765e-05,
    1.9745772715707855e-05,
    -1.0671124024885942e-07,
    8.918718986695174e-06,
    1.4058709274947021e-05,
    2.7863757225841516e-05,
    3.138703972002829e-05,
    2.85464571256075e-05,
    7.106635482993917e-05,
    2.7963462461282197e-05,
    -0.003287978053546125,
    -6.351488167516417e-06,
    0.0006489692521527575,
    -0.009232581102993747,
    -2.9895745987535014e-05,
    -1.697738665738152e-05,
    0.0008698444955747923,
    -1.9617373733902934e-06,
    -2.371029590678671e-05,
    0.009665058381870957,
    -2.9131983563443926e-05,
    -4.802345675306423e-05,
    -8.253221624119143e-06,
    -2.4604886405567995e-06,
    -0.0002266529258918859,
    -2.4269212783399645e-05,
    5.359343522190611e-05,
    -5.081091696642194e-05,
    -8.337770574675e-08,
    -0.04554184999666462,
    -9.650891470742846e-06,
    -6.490993718632834e-05,
    -2.1053506655762453e-06,
    1.8158166306377997e-06,
    7.040722446147268e-07,
    1.2027626943250357e-05,
    -9.653641305501397e-07,
    -0.022680954524855034,
    0.0011176204497140155,
    -0.00033078588011568503,
    1.3645524638156702e-05,
    0.004313775567931896,
    1.8498203173479497e-06,
    1.1893710887167654e-05,
    1.134234140892724e-05,
    2.3190967478847586e-06,
    -3.6505692038094483e-05,
    0.00017990238629286042,
    2.055567588011301e-05,
    3.86691908211975e-05,
    0.018805022135238655,
    0.024649243155545432
  ],
  "val_sse_masked": 0.0008218755247071385,
  "val_nrmse_masked": 0.07803385704755783,
  "val_mse_masked": 2.7395852157496847e-05,
  "val_r2_masked": 0.993908703327179,
  "val_sse_full": 0.0008039191598072648,
  "val_nrmse_full": 0.07717671245336533,
  "val_mse_full": 2.679730641830247e-05,
  "val_r2_full": 0.9940417408943176,
  "iteration": 9,
  "p_lo_eff": 0.12967753410339355,
  "p_hi_eff": 1.9451630115509033,
  "f_lo_eff": 0.20659340918064117,
  "f_hi_eff": 1.6527472734451294
}