{
  "tag": "480_a4f1bfa8",
  "lmb1": 1.2567491969048278e-06,
  "lmb2": 0.00032352246014661897,
  "nonzero_count": 84,
  "complexity_norm": 0.6774193548387096,
  "train_gen_window": 0.025241163446508945,
  "generalizability": 0.031656886486153814,
  "equation": "0.078724 E^{0.5} n P^{-0.5} + 0.00032293 F dT_{e} + 0.0018638 F dT_{i} - 0.00053632 F dn - 0.0033034 P^{-1} F dT_{e} + 4.9964 \\cdot 10^{-5} P^{-1} F dT_{i} + 0.001259 P^{-1} F dn + 0.0016942 P^{-1} dT_{e} - 0.0003536 P F dT_{i} - 0.0062863 P dn - 0.022083 T_{e}^{0.5} F dT_{e} - 0.0053037 T_{e}^{0.5} F dn + 0.002337 T_{e}^{0.5} P^{-1} dT_{e} - 0.03352 T_{e}^{0.5} P^{-1} dn + 0.0053682 T_{e}^{0.5} T_{i}^{0.5} F dT_{e} - 3.3464 \\cdot 10^{-5} T_{e}^{0.5} T_{i}^{0.5} F dT_{i} - 0.010359 T_{e}^{0.5} T_{i}^{0.5} F dn - 9.1059 \\cdot 10^{-6} T_{e}^{0.5} T_{i}^{0.5} P^{-1} dT_{i} + 0.017265 T_{e}^{0.5} T_{i}^{0.5} P^{-1} dn + 0.0015886 T_{e}^{0.5} T_{i}^{0.5} P dT_{e} + 5.7304 \\cdot 10^{-6} T_{e}^{0.5} T_{i}^{0.5} P dT_{i} + 0.007049 T_{e}^{0.5} T_{i}^{0.5} P dn - 1.9966 \\cdot 10^{-6} T_{e}^{0.5} T_{i}^{0.5} dT_{i} - 0.0015537 T_{e}^{0.5} T_{i}^{0.5} dn - 0.00025305 T_{e}^{0.5} T_{i} dT_{e} + 2.7144 \\cdot 10^{-7} T_{e}^{0.5} T_{i} dT_{i} + 0.0042755 T_{e}^{0.5} T_{i} dn - 0.020148 T_{e}^{0.5} dn + 1.4318 \\cdot 10^{-5} T_{e} F dT_{i} - 0.0086136 T_{e} F dn + 0.019129 T_{e} P^{-1} dn + 2.2349 \\cdot 10^{-5} T_{e} P dT_{i} - 0.00064445 T_{e} T_{i}^{0.5} dT_{e} - 0.00011365 T_{e} T_{i} dT_{e} + 9.6882 \\cdot 10^{-7} T_{e} T_{i} dT_{i} + 0.0070708 T_{e} T_{i} dn - 0.0041831 T_{e} dT_{e} - 0.00013653 T_{e} dT_{i} - 0.026917 T_{e} dn + 0.0039401 T_{i}^{0.5} F dT_{e} - 0.0068989 T_{i}^{0.5} F dn + 0.0016299 T_{i}^{0.5} P^{-1} dT_{e} - 1.3481 \\cdot 10^{-5} T_{i}^{0.5} P^{-1} dT_{i} - 0.021982 T_{i}^{0.5} P^{-1} dn - 1.4624 \\cdot 10^{-6} T_{i}^{0.5} P dT_{i} + 0.0043478 T_{i}^{0.5} P dn - 0.0018113 T_{i}^{0.5} dT_{e} - 9.0052 \\cdot 10^{-6} T_{i}^{0.5} dT_{i} + 0.0004079 T_{i} F dT_{e} + 7.6595 \\cdot 10^{-7} T_{i} F dT_{i} + 1.9726 \\cdot 10^{-5} T_{i} P^{-1} dT_{e} + 0.0061713 T_{i} P^{-1} dn + 0.00023645 T_{i} P dT_{e} + 0.0077398 T_{i} P dn - 0.00039889 T_{i} dT_{e} + 0.0041237 T_{i} dn + 0.0012063 dT_{e} - 0.00016517 dT_{i} - 0.018325 n^{-1} F dn + 0.0056278 n^{-1} P^{-1} dn - 0.00057156 n^{-1} T_{e}^{0.5} T_{i}^{0.5} dn - 0.00092148 n^{-1} T_{e}^{0.5} dn - 0.0006156 n^{-1} T_{e} dn + 0.0006699 n^{-1} T_{i}^{0.5} dn - 0.00056835 n^{-1} T_{i} dn + 0.0010127 n^{-1} dn - 0.059701 n E^{0.5} + 0.01031 n E^{0.5} P^{-1} - 0.025477 n E^{0.5} T_{e}^{0.5} P^{-1} + 0.0077951 n E^{0.5} T_{e}^{0.5} T_{i}^{0.5} + 0.023781 n E^{0.5} T_{e}^{0.5} T_{i} - 0.017961 n E^{0.5} T_{e} + 0.018807 n E^{0.5} T_{e} T_{i}^{0.5} - 0.0036902 n E^{0.5} T_{i}^{0.5} - 0.02178 n E^{0.5} T_{i}^{0.5} F + 0.0082787 n E^{0.5} T_{i}^{0.5} P^{-1} + 0.018291 n E^{0.5} T_{i} - 0.013827 n E F + 0.015102 n E P^{-1} - 0.0044833 n E P + 0.053598 n E T_{e}^{0.5} + 0.0016069 n E T_{e}^{0.5} T_{i}^{0.5} + 0.0027591 n E T_{i}^{0.5} - 0.013133 n E T_{i}",
  "coefficients": [
    0.08853770795706145,
    0.012880522983162314,
    0.001517503750400013,
    -0.009326292249866062,
    0.002847977222635456,
    -0.010678563752326233,
    -0.0014140178944085304,
    -0.0027720081558507085,
    -0.0010129263559840794,
    0.0017714535466828096,
    -0.009919960814472785,
    0.02932564314800759,
    -0.0054935671154192,
    -0.0060150362135528105,
    -0.0034269008886710405,
    -0.000617054759799115,
    0.0005272862472254125,
    -0.005050788236336854,
    -0.0009122120479753224,
    -0.0040289502762461335,
    0.002807204904454876,
    0.0008640268851658355,
    -0.011924165380599724,
    0.0003423192761519817,
    0.0021151120581531808,
    0.0037143785701164744,
    0.0030210220450430916,
    -0.003577669609458694,
    0.0015591466918525316,
    0.0001216035259819343,
    0.00927321918179987,
    -0.006940746406699507,
    0.004710235634975154,
    0.000477469502257623,
    -0.006876258887560067,
    0.0020990357334102518,
    0.004190152743159977,
    0.0047842816965955525,
    -0.009184169966228508,
    0.007300097900656738,
    0.006997076000582792,
    -0.005082072560400585,
    -0.006098446601933911,
    -0.0031441280638413614,
    -0.002685029103504402,
    0.0015913748629127452,
    -0.0005737768820451351,
    -0.007273645752503304,
    -0.023569704347839227,
    9.542807484478819e-05,
    -0.0084510527047728,
    0.005677916947056855,
    0.009625042730457238,
    0.003903484443413321,
    0.011581207869830903,
    -0.030215126013578494,
    -0.013284939895876074,
    -0.005483149549794686,
    0.021303852697793044,
    -0.0011880130365965447,
    -0.012304922495181538,
    0.008793002494398133,
    0.0039586177077018106,
    0.019973760728052348,
    -0.017108619398124907,
    -0.00862874371545713,
    0.006488349909450619,
    0.007882519915683363,
    -0.032954408556263325,
    0.0077978178451623735,
    -0.002276287751367775,
    -0.021640626246232402,
    -4.43302113985705e-05,
    0.012836360742425432,
    -0.02254997018150784,
    0.004648748095378155,
    0.016257877583160628,
    -0.009236041197879762,
    0.010905860055934928,
    0.007209642924330087,
    -0.007893539893545697,
    -0.002723443991626437,
    0.0011511702535040309,
    -0.006826549304081253,
    0.01880799832562502,
    0.0006498042481286946,
    0.03864959207591662
  ],
  "val_sse_masked": 0.0002991293731611222,
  "val_nrmse_masked": 0.04707708582282066,
  "val_mse_masked": 9.970979590434581e-06,
  "val_r2_masked": 0.9977830052375793,
  "val_sse_full": 0.0003002355806529522,
  "val_nrmse_full": 0.04716405272483826,
  "val_mse_full": 1.0007853234128561e-05,
  "val_r2_full": 0.9977748394012451,
  "iteration": 480,
  "p_lo_eff": 0.12967753410339355,
  "p_hi_eff": 1.9451630115509033,
  "f_lo_eff": 0.20659340918064117,
  "f_hi_eff": 1.6527472734451294
}