{
  "tag": "473_a9c8f4bb",
  "lmb1": 0.0004931906075271814,
  "lmb2": 4.559152013201217e-05,
  "nonzero_count": 18,
  "complexity_norm": 0.14516129032258066,
  "train_gen_window": 0.05355099406149716,
  "generalizability": 0.052432855423229015,
  "equation": "0.050232 E^{0.5} n P^{-0.5} - 0.0038299 P^{-1} F dT_{e} - 7.1509 \\cdot 10^{-5} P^{-1} F dT_{i} - 0.0026224 P^{-1} F dn + 0.00051642 P dn - 0.00035306 T_{e}^{0.5} T_{i}^{0.5} dn - 0.071264 T_{e} dn - 0.008621 T_{i}^{0.5} P^{-1} dn + 0.00064661 T_{i}^{0.5} P dn + 0.0064997 T_{i} P dn - 0.0014749 n^{-1} F dn + 0.00056671 n^{-1} P^{-1} dn - 0.00038958 n E^{0.5} T_{e}^{0.5} P^{-1} + 0.0059948 n E^{0.5} T_{e}^{0.5} T_{i} - 0.021869 n E^{0.5} T_{i}^{0.5} P + 0.0019293 n E^{0.5} T_{i} + 0.046654 n E T_{e}^{0.5} T_{i}^{0.5} + 0.00051469 n E T_{i}^{0.5}",
  "coefficients": [
    0.0885377025750615,
    0.0012970402783418409,
    1.4800164641688145e-05,
    -0.0007506466437610737,
    1.7631070945088642e-06,
    -8.5542631206203e-08,
    4.481043314964078e-06,
    -3.540103092022532e-07,
    9.372128981265341e-07,
    -0.0025353321629377357,
    7.682328886318684e-07,
    1.3033032564172105e-05,
    2.8553229534032768e-06,
    -2.6808856712719376e-06,
    -1.7571085249052297e-06,
    -2.0282447814842403e-06,
    -3.2147480127793186e-06,
    -2.3528239560841737e-06,
    -1.3647060570559754e-06,
    -6.252670348059106e-07,
    -1.6192839751016083e-06,
    -3.239047226973909e-06,
    1.7565370719791925e-06,
    5.2378210462767904e-06,
    1.1107105183373856e-06,
    -2.925890327182901e-06,
    2.4782965926429344e-07,
    -0.004147825150239044,
    8.434171903253479e-06,
    9.337673615295444e-06,
    6.317223627265561e-06,
    4.547784850887e-05,
    1.5143471560706284e-05,
    1.414967575443566e-05,
    3.587840327571227e-05,
    1.9834173408847743e-05,
    2.0345371832600963e-05,
    -1.0415934364609662e-07,
    8.873850227596553e-06,
    1.4108945088802395e-05,
    2.725246657653666e-05,
    3.251409502364488e-05,
    2.7723189798055668e-05,
    7.241686472322631e-05,
    2.8676706212507447e-05,
    -0.0033146528605826893,
    -6.51665630495246e-06,
    0.0005975338228345732,
    -0.009243737798449584,
    -3.099880217876172e-05,
    -1.7492836883580337e-05,
    0.0008444198851235944,
    -1.9117003431020903e-06,
    -2.3361248063007688e-05,
    0.009725539290650677,
    -2.9227395101613095e-05,
    -5.270281343172803e-05,
    -8.475596991782643e-06,
    -2.4569265784505925e-06,
    -0.0002699620713882507,
    -2.51733302647034e-05,
    5.134995060760506e-05,
    -4.9488169109962116e-05,
    -9.375177858849397e-08,
    -0.04529632423228146,
    -9.919267202942299e-06,
    -6.378767876768352e-05,
    -2.106602132864044e-06,
    1.8307872569394813e-06,
    6.844471851839892e-07,
    1.2118135267966095e-05,
    -9.901219181905851e-07,
    -0.02268263192398339,
    0.0013539467651728996,
    -0.000344816689893316,
    1.376873151879463e-05,
    0.004098380663890982,
    1.8730538038076664e-06,
    1.2047213971192352e-05,
    1.1286093444635007e-05,
    2.3510463399150443e-06,
    -3.632050024566744e-05,
    0.00021474705487095971,
    2.4130638393204034e-05,
    4.0721647583292897e-05,
    0.018866169312014312,
    0.02466117583547
  ],
  "val_sse_masked": 0.0008219959563575685,
  "val_nrmse_masked": 0.07803957909345627,
  "val_mse_masked": 2.7399866667110473e-05,
  "val_r2_masked": 0.9939078092575073,
  "val_sse_full": 0.0008034202619455755,
  "val_nrmse_full": 0.07715275883674622,
  "val_mse_full": 2.6780677217175253e-05,
  "val_r2_full": 0.9940454959869385,
  "iteration": 473,
  "p_lo_eff": 0.12967753410339355,
  "p_hi_eff": 1.9451630115509033,
  "f_lo_eff": 0.20659340918064117,
  "f_hi_eff": 1.6527472734451294
}