{
  "tag": "35_9d47e374",
  "lmb1": 2.669156380202963e-06,
  "lmb2": 0.1,
  "nonzero_count": 81,
  "complexity_norm": 0.6532258064516129,
  "train_gen_window": 0.07983954697184839,
  "generalizability": 0.07201820554918266,
  "equation": "0.014846 E^{0.5} n P^{-0.5} + 0.0013507 F dT_{e} + 0.00014772 F dT_{i} - 0.0022763 F dn - 0.0036985 P^{-1} F dT_{e} - 0.00012199 P^{-1} F dT_{i} - 0.003668 P^{-1} F dn - 0.00049076 P^{-1} dT_{e} + 5.6971 \\cdot 10^{-5} P F dT_{i} + 0.0033492 P dn + 0.00084041 T_{e}^{0.5} F dT_{e} - 0.0025866 T_{e}^{0.5} F dn - 0.00049094 T_{e}^{0.5} P^{-1} dT_{e} - 0.0049228 T_{e}^{0.5} P^{-1} dn - 8.3638 \\cdot 10^{-5} T_{e}^{0.5} T_{i}^{0.5} F dT_{e} + 1.0522 \\cdot 10^{-6} T_{e}^{0.5} T_{i}^{0.5} F dT_{i} - 0.0022606 T_{e}^{0.5} T_{i}^{0.5} F dn - 6.8839 \\cdot 10^{-7} T_{e}^{0.5} T_{i}^{0.5} P^{-1} dT_{i} - 0.00062211 T_{e}^{0.5} T_{i}^{0.5} P^{-1} dn - 5.6025 \\cdot 10^{-7} T_{e}^{0.5} T_{i}^{0.5} P dT_{i} + 0.0029208 T_{e}^{0.5} T_{i}^{0.5} P dn - 0.0060291 T_{e}^{0.5} T_{i}^{0.5} dn + 1.3344 \\cdot 10^{-5} T_{e}^{0.5} T_{i} dT_{e} - 6.6657 \\cdot 10^{-8} T_{e}^{0.5} T_{i} dT_{i} - 0.0031642 T_{e}^{0.5} T_{i} dn - 0.0081031 T_{e}^{0.5} dn + 4.2412 \\cdot 10^{-5} T_{e} F dT_{i} - 0.0027719 T_{e} F dn - 0.00095114 T_{e} P^{-1} dn - 1.9652 \\cdot 10^{-6} T_{e} P dT_{i} + 0.00013447 T_{e} T_{i}^{0.5} dT_{e} + 1.2912 \\cdot 10^{-5} T_{e} T_{i} dT_{e} - 4.6149 \\cdot 10^{-8} T_{e} T_{i} dT_{i} - 0.0028958 T_{e} T_{i} dn + 0.00060568 T_{e} dT_{e} + 3.1716 \\cdot 10^{-6} T_{e} dT_{i} - 0.0087902 T_{e} dn - 0.0020985 T_{i}^{0.5} F dn - 5.7416 \\cdot 10^{-5} T_{i}^{0.5} P^{-1} dT_{e} - 8.3699 \\cdot 10^{-7} T_{i}^{0.5} P^{-1} dT_{i} - 0.0036082 T_{i}^{0.5} P^{-1} dn - 9.5391 \\cdot 10^{-7} T_{i}^{0.5} P dT_{i} + 0.0029948 T_{i}^{0.5} P dn + 0.0001101 T_{i}^{0.5} dT_{e} - 2.9078 \\cdot 10^{-7} T_{i}^{0.5} dT_{i} - 0.0054974 T_{i}^{0.5} dn - 5.3059 \\cdot 10^{-5} T_{i} F dT_{e} - 3.0959 \\cdot 10^{-7} T_{i} F dT_{i} - 8.6362 \\cdot 10^{-6} T_{i} P^{-1} dT_{e} + 0.00019951 T_{i} P^{-1} dn + 0.00287 T_{i} P dn + 1.2907 \\cdot 10^{-5} T_{i} dT_{e} - 0.0030914 T_{i} dn + 0.00028854 dT_{e} + 1.8755 \\cdot 10^{-6} dT_{i} - 0.011945 n^{-1} F dn + 0.0013057 n^{-1} P^{-1} dn + 0.00023095 n^{-1} T_{e}^{0.5} T_{i}^{0.5} dn + 0.00071318 n^{-1} T_{e}^{0.5} dn + 0.00036818 n^{-1} T_{e} dn + 0.00038032 n^{-1} T_{i}^{0.5} dn + 5.5186 \\cdot 10^{-5} n^{-1} T_{i} dn + 0.0011418 n^{-1} dn + 0.0024895 n E^{0.5} + 0.0043693 n E^{0.5} P^{-1} + 0.0043763 n E^{0.5} T_{e}^{0.5} T_{i}^{0.5} + 0.0041449 n E^{0.5} T_{e}^{0.5} T_{i} + 0.0034837 n E^{0.5} T_{e} + 0.004383 n E^{0.5} T_{e} T_{i}^{0.5} + 0.0039356 n E^{0.5} T_{i}^{0.5} - 0.00094811 n E^{0.5} T_{i}^{0.5} F + 0.0020169 n E^{0.5} T_{i}^{0.5} P^{-1} - 0.0070638 n E^{0.5} T_{i}^{0.5} P + 0.0041022 n E^{0.5} T_{i} + 0.0015213 n E F + 0.0068581 n E P^{-1} - 0.0073678 n E P + 0.012055 n E T_{e}^{0.5} + 0.0093831 n E T_{e}^{0.5} T_{i}^{0.5} + 0.0092425 n E T_{i}^{0.5} + 0.0050175 n E T_{i}",
  "coefficients": [
    0.08853770582892445,
    0.0029884581767139753,
    0.001711024601521392,
    -0.0060791306483952215,
    0.001616897769064478,
    0.0010368866018010021,
    0.0010943845211345677,
    0.0011201081339563615,
    0.0006058068351768454,
    -0.004325312507018258,
    0.00011263895843631423,
    0.002324249997752365,
    0.0008850964819066716,
    -0.00037344734079265175,
    -0.00011065441814064707,
    -0.0004025034713561731,
    -0.00021312052729512804,
    -0.00038183357145453,
    -3.897969145544213e-05,
    0.00012668087720230797,
    -0.00027445313696499525,
    -0.00021217698904321984,
    0.00027698968089724153,
    0.0010140304572053603,
    -0.00018598972183050348,
    -0.00017693315863000615,
    -0.0008750925246930569,
    -0.004005590837068547,
    0.00037294015042771693,
    0.000508637815010797,
    -0.00032665927797887026,
    0.0004218891476431047,
    -9.892601997896276e-05,
    -0.000209038217616646,
    0.00022250207687139203,
    -0.0002730366910033928,
    2.2916008680702745e-05,
    -0.0010050441776997042,
    0.0003495168402314977,
    -0.00011373645631222642,
    -6.566376851877974e-05,
    0.00026799648450679975,
    0.0008830071857523293,
    0.0006560381840147229,
    0.00030504972682732017,
    -0.00463631549475828,
    -0.0024353309543552163,
    0.0038752781393284028,
    -0.0038688400799876607,
    -0.004358032751864445,
    -0.002570678279105269,
    0.003910904736943002,
    0.0003111706553148503,
    -0.0029262509457781104,
    0.004294417262982529,
    -0.004437499853092536,
    -0.005342881323630566,
    -0.0026740908072405358,
    -0.0007676583977795733,
    -0.004610052226418187,
    -0.0026851760568614193,
    0.003643424926238202,
    -0.0029297127876469244,
    -0.0009931637334282825,
    -0.005587166581884241,
    -0.0027767596610239823,
    -0.002657283999338916,
    0.0033405724016152597,
    0.0013741970435465244,
    0.001899708644749017,
    0.002427640307216258,
    -0.0009420536333775376,
    -0.007326489496551529,
    0.0028789004981315345,
    3.928612185518689e-05,
    0.0026098549667534507,
    0.0028336592480821834,
    0.0017914308479958932,
    0.0025416489964591596,
    0.0032739320330082786,
    0.0008684750721853963,
    -0.0044756424581628065,
    0.0038562631239751517,
    0.002608163989824625,
    0.004230341767501301,
    0.003794411042814457,
    0.007288730716451884
  ],
  "val_sse_masked": 0.0013207686133682728,
  "val_nrmse_masked": 0.09892212599515915,
  "val_mse_masked": 4.402562262839638e-05,
  "val_r2_masked": 0.9902111291885376,
  "val_sse_full": 0.0013105348916724324,
  "val_nrmse_full": 0.09853813797235489,
  "val_mse_full": 4.368450026959181e-05,
  "val_r2_full": 0.9902870059013367,
  "iteration": 35,
  "p_lo_eff": 0.12967753410339355,
  "p_hi_eff": 1.9451630115509033,
  "f_lo_eff": 0.20659340918064117,
  "f_hi_eff": 1.6527472734451294
}