{
  "tag": "31_e5b92a48",
  "lmb1": 0.00012965679698440747,
  "lmb2": 0.00010016076023822622,
  "nonzero_count": 29,
  "complexity_norm": 0.23387096774193547,
  "train_gen_window": 0.04268998772473534,
  "generalizability": 0.038691126525249454,
  "equation": "0.069884 E^{0.5} n P^{-0.5} + 0.00012581 F dT_{i} - 0.0041591 P^{-1} F dT_{e} - 5.9596 \\cdot 10^{-5} P^{-1} F dT_{i} - 0.0021764 P^{-1} F dn + 0.00012917 P dn - 0.0192 T_{e}^{0.5} P^{-1} dn - 0.008746 T_{e}^{0.5} T_{i}^{0.5} F dn + 0.00010586 T_{e}^{0.5} T_{i}^{0.5} P dn - 0.00019101 T_{e}^{0.5} dn - 0.047424 T_{e} dn + 0.00026346 T_{i}^{0.5} F dT_{e} - 0.00022766 T_{i}^{0.5} F dn + 0.00022411 T_{i}^{0.5} P^{-1} dT_{e} + 0.00064456 T_{i}^{0.5} P dn + 8.2814 \\cdot 10^{-5} T_{i}^{0.5} dT_{e} + 6.5811 \\cdot 10^{-6} T_{i} P^{-1} dT_{e} + 0.00071464 T_{i} P^{-1} dn + 0.0088685 T_{i} P dn - 0.016435 n^{-1} F dn + 0.0027747 n^{-1} P^{-1} dn + 0.0017225 n^{-1} dn - 0.012972 n E^{0.5} T_{e}^{0.5} P^{-1} - 0.007952 n E^{0.5} T_{i}^{0.5} F - 0.017369 n E^{0.5} T_{i}^{0.5} P + 0.0014682 n E P^{-1} + 0.0052832 n E T_{e}^{0.5} + 0.045704 n E T_{e}^{0.5} T_{i}^{0.5} + 0.0061425 n E T_{i}^{0.5}",
  "coefficients": [
    0.08853770535712097,
    0.006350412421112363,
    0.0025810862693946266,
    -0.008364658029402476,
    3.186449574426819e-06,
    -1.719344237976755e-05,
    9.851802092191056e-05,
    2.6023614905349916e-06,
    4.50606236225081e-05,
    -0.0021129786127664437,
    -9.97839036478791e-07,
    0.00197957928583824,
    2.6258069484024652e-05,
    -7.64810761266815e-05,
    -3.268826422239388e-06,
    2.790981750235512e-05,
    -1.4449572243731682e-05,
    -7.5131568227438e-05,
    -3.4151395308113912e-06,
    -1.0858700322409625e-05,
    3.108821692613541e-05,
    -6.3993436455950336e-06,
    -1.4545315784981725e-06,
    1.686506441594762e-05,
    4.955052425425386e-05,
    -6.42866475449374e-06,
    3.2325109971085454e-05,
    -0.0045043526799673226,
    3.9588743791942514e-05,
    8.730907757296976e-05,
    0.0012750494999116328,
    0.0003173321424238475,
    0.0003149560660408776,
    0.00015929507771866448,
    5.564500298320227e-05,
    9.369646065898244e-05,
    2.546362873159279e-05,
    1.4795689726202494e-05,
    3.630917484891715e-05,
    5.65652181812756e-05,
    1.7609771150179093e-05,
    2.4556149253579263e-05,
    2.585355060180434e-05,
    2.9128296561231142e-05,
    1.200269501890283e-05,
    -0.002750981282383046,
    -2.3452678419729047e-05,
    0.0001494534432585874,
    -9.688172278405664e-05,
    -3.5744597133715875e-05,
    -0.000278883723711367,
    0.000841749313746005,
    0.0011145815436777648,
    -1.799104801421122e-05,
    0.013270058741077206,
    -0.017307508956952822,
    -0.00012594231626894396,
    -3.721992363240043e-05,
    5.2129322022655715e-05,
    -8.513267254466179e-05,
    -0.010388649541797104,
    0.00013204446017591796,
    -2.3460490494343288e-05,
    3.0479897765813768e-05,
    -0.030143487464240705,
    -4.878474876794862e-05,
    -1.757449035177709e-05,
    8.935711889007777e-06,
    -6.34990917166306e-05,
    1.7503540039907383e-06,
    7.649174297861155e-06,
    -0.00790115118191215,
    -0.018014882806345202,
    8.647071186029364e-05,
    -0.011481208165863607,
    1.371673553978692e-05,
    8.790180731263877e-05,
    -2.290449350837276e-05,
    1.4820119152785351e-05,
    0.0007009020302890031,
    -5.1246760151791925e-06,
    -6.31397668759532e-05,
    0.002562859172482359,
    6.162368205263052e-05,
    0.0018539070366312843,
    0.018482182149079023,
    0.03430942053843531
  ],
  "val_sse_masked": 0.0006418598350137472,
  "val_nrmse_masked": 0.06896046549081802,
  "val_mse_masked": 2.1395329895312898e-05,
  "val_r2_masked": 0.9952428936958313,
  "val_sse_full": 0.0006363301072269678,
  "val_nrmse_full": 0.06866276264190674,
  "val_mse_full": 2.1211004423093982e-05,
  "val_r2_full": 0.995283842086792,
  "iteration": 31,
  "p_lo_eff": 0.12967753410339355,
  "p_hi_eff": 1.9451630115509033,
  "f_lo_eff": 0.20659340918064117,
  "f_hi_eff": 1.6527472734451294
}