{
  "tag": "100_7431983d",
  "lmb1": 0.00017143095150361202,
  "lmb2": 2.450919425187474e-07,
  "nonzero_count": 27,
  "complexity_norm": 0.21774193548387097,
  "train_gen_window": 0.04570556289338281,
  "generalizability": 0.04470531328694796,
  "equation": "0.059188 E^{0.5} n P^{-0.5} + 0.00010934 F dT_{i} - 0.0038794 P^{-1} F dT_{e} - 7.4872 \\cdot 10^{-5} P^{-1} F dT_{i} - 0.0034336 P^{-1} F dn + 0.00015651 P dn - 0.01558 T_{e}^{0.5} P^{-1} dn - 0.00039484 T_{e}^{0.5} T_{i}^{0.5} F dn - 0.00013581 T_{e}^{0.5} T_{i}^{0.5} dn - 0.060696 T_{e} dn + 0.00018752 T_{i}^{0.5} F dT_{e} - 0.00011013 T_{i}^{0.5} F dn + 3.2574 \\cdot 10^{-5} T_{i}^{0.5} P^{-1} dT_{e} - 0.00020713 T_{i}^{0.5} P^{-1} dn + 0.0003542 T_{i}^{0.5} P dn + 0.00024781 T_{i}^{0.5} dT_{e} + 9.573 \\cdot 10^{-6} T_{i} P^{-1} dT_{e} + 0.0083762 T_{i} P dn - 0.011287 n^{-1} F dn + 0.0019615 n^{-1} P^{-1} dn + 0.0016011 n^{-1} dn - 0.010022 n E^{0.5} T_{e}^{0.5} P^{-1} - 0.00018679 n E^{0.5} T_{i}^{0.5} F - 0.020989 n E^{0.5} T_{i}^{0.5} P + 0.00076657 n E T_{e}^{0.5} + 0.059934 n E T_{e}^{0.5} T_{i}^{0.5} + 0.001434 n E T_{i}^{0.5}",
  "coefficients": [
    0.08853770407368294,
    0.004489322511571167,
    0.002399254697070888,
    -0.005744284999715365,
    4.423840030441115e-06,
    -6.281064308095192e-06,
    4.749083049945669e-05,
    2.02191369139701e-06,
    2.1383236575063906e-05,
    -0.0026545625061669036,
    3.27423640999179e-06,
    0.0017203739722038052,
    1.926256604442378e-05,
    -4.860484591337076e-05,
    -2.1547151721744027e-06,
    1.578053814129051e-05,
    -1.7377541151484605e-05,
    -5.024617472613904e-05,
    -2.532127615706758e-06,
    -8.619399123335114e-06,
    1.7324768995211275e-05,
    -7.666809287979634e-06,
    3.258189622572735e-06,
    1.7344404710501387e-05,
    2.705149808416626e-05,
    -8.383096464536941e-06,
    1.9365872964572206e-05,
    -0.004201471666715596,
    2.76460764866051e-05,
    9.523192185431532e-05,
    0.0001853216880344556,
    0.000949560005625257,
    0.0002241679677225839,
    0.00023171495855223596,
    4.793158585336195e-05,
    9.69065144124594e-05,
    1.1885078386844727e-05,
    1.0868437536446972e-05,
    4.239208034554675e-05,
    6.282547769368747e-05,
    6.708025352209326e-06,
    2.9754963091557405e-05,
    3.433513233269904e-05,
    4.4705071620559865e-05,
    1.9683696528330958e-05,
    -0.004340026412763226,
    -1.4827361539130001e-05,
    0.00018109576298669283,
    -0.00022209710548279696,
    -3.4568991335389325e-05,
    -0.0001349118375889504,
    0.0004625501329505971,
    2.6482042995313403e-05,
    -2.018636443059484e-05,
    0.012533408476296136,
    -0.014044158655144233,
    -7.529595505942443e-05,
    -2.2095614766768563e-05,
    1.3671926905607312e-05,
    -0.000103842403015306,
    -0.00046899985171380853,
    9.750091847760949e-05,
    -2.8657595390298614e-05,
    1.2830262050201269e-05,
    -0.03857953736633724,
    -2.746385832248014e-05,
    -2.430220669248984e-05,
    3.7932974514805293e-06,
    -2.3392462300721497e-05,
    1.8507838198523557e-06,
    8.599964116825055e-06,
    -0.00018559196678327424,
    -0.021769999217615025,
    9.186885922452547e-05,
    -0.008870439951239543,
    1.276007098358784e-05,
    9.448671939952823e-05,
    -1.2500886039396632e-05,
    1.2767597490276158e-05,
    7.205257730639761e-05,
    -4.699359943156415e-06,
    -5.3233633153502355e-05,
    0.0005983150347617391,
    4.8482098906965884e-05,
    0.0002689950044742121,
    0.024236371522518424,
    0.029058263209287127
  ],
  "val_sse_masked": 0.0006928131333552301,
  "val_nrmse_masked": 0.07164536416530609,
  "val_mse_masked": 2.3093773052096367e-05,
  "val_r2_masked": 0.9948652386665344,
  "val_sse_full": 0.0006862505106255412,
  "val_nrmse_full": 0.07130523025989532,
  "val_mse_full": 2.2875017748447135e-05,
  "val_r2_full": 0.9949138760566711,
  "iteration": 100,
  "p_lo_eff": 0.12967753410339355,
  "p_hi_eff": 1.9451630115509033,
  "f_lo_eff": 0.20659340918064117,
  "f_hi_eff": 1.6527472734451294
}