{
  "tag": "122_9cd94567",
  "lmb1": 0.00017777124059460377,
  "lmb2": 7.608712102078919e-06,
  "nonzero_count": 28,
  "complexity_norm": 0.22580645161290322,
  "train_gen_window": 0.045014346114642445,
  "generalizability": 0.04345863732607167,
  "equation": "0.058848 E^{0.5} n P^{-0.5} + 0.00010572 F dT_{i} - 0.0038519 P^{-1} F dT_{e} - 7.5243 \\cdot 10^{-5} P^{-1} F dT_{i} - 0.0034338 P^{-1} F dn + 0.00016753 P dn - 0.015333 T_{e}^{0.5} P^{-1} dn - 0.00030889 T_{e}^{0.5} T_{i}^{0.5} F dn - 0.00015133 T_{e}^{0.5} T_{i}^{0.5} dn - 0.06094 T_{e} dn + 0.00017516 T_{i}^{0.5} F dT_{e} - 9.9008 \\cdot 10^{-5} T_{i}^{0.5} F dn + 2.8381 \\cdot 10^{-5} T_{i}^{0.5} P^{-1} dT_{e} - 0.00030801 T_{i}^{0.5} P^{-1} dn + 0.00038276 T_{i}^{0.5} P dn + 0.00024699 T_{i}^{0.5} dT_{e} + 9.252 \\cdot 10^{-6} T_{i} P^{-1} dT_{e} + 0.0083312 T_{i} P dn - 0.011137 n^{-1} F dn + 0.0019369 n^{-1} P^{-1} dn + 0.0015741 n^{-1} dn - 0.0098114 n E^{0.5} T_{e}^{0.5} P^{-1} + 0.00015422 n E^{0.5} T_{e}^{0.5} T_{i} - 0.021024 n E^{0.5} T_{i}^{0.5} P + 0.0001441 n E^{0.5} T_{i} + 0.00071458 n E T_{e}^{0.5} + 0.05994 n E T_{e}^{0.5} T_{i}^{0.5} + 0.0014333 n E T_{i}^{0.5}",
  "coefficients": [
    0.08853770404392508,
    0.004433085788465649,
    0.0023587757904254066,
    -0.005668071073882253,
    4.13304794209454e-06,
    -6.244033930336197e-06,
    4.3398998839035164e-05,
    1.4845536231558703e-06,
    1.9015990472160622e-05,
    -0.0026677244174175634,
    3.676075635205093e-06,
    0.0016633898015741084,
    1.893142083057472e-05,
    -4.063861984501024e-05,
    -1.7271704666555709e-06,
    1.4517079648050355e-05,
    -1.5793689397699324e-05,
    -4.176712172088951e-05,
    -2.024424789967153e-06,
    -7.44827751689584e-06,
    1.5978469306762304e-05,
    -7.037389824770907e-06,
    3.868598825264866e-06,
    1.7674455568394166e-05,
    2.5519424418669443e-05,
    -7.673881122769251e-06,
    1.753919938192553e-05,
    -0.004171725782976933,
    2.389864527498379e-05,
    8.56304129958686e-05,
    0.00016146805245248987,
    0.0009464177997539015,
    0.0002093964023549507,
    0.00022394407840807795,
    4.8088343082599444e-05,
    9.677676090050197e-05,
    1.1870301404129741e-05,
    1.0044433334984748e-05,
    4.1071709051845104e-05,
    6.322214801618978e-05,
    6.630521529294617e-06,
    3.055544371267509e-05,
    3.359112190602592e-05,
    4.7597117998210505e-05,
    2.062509317431524e-05,
    -0.004340376570996593,
    -1.4248750649516524e-05,
    0.00019384252303400085,
    -0.0003302583171235033,
    -3.629824481882424e-05,
    -0.00012128370205951966,
    0.0004998583968408157,
    2.0633896951681972e-05,
    -2.154320896757549e-05,
    0.01246610190444217,
    -0.0138218033829068,
    -7.588741842558814e-05,
    -2.1088632388988145e-05,
    1.100527251766723e-05,
    -0.00011571240183065662,
    -0.00036690422258687296,
    9.994402443663272e-05,
    -3.1232162314721236e-05,
    1.1196560831459248e-05,
    -0.03873449204506263,
    -2.6050754885083553e-05,
    -2.7212266572067978e-05,
    3.138306218574775e-06,
    -1.970355855597814e-05,
    2.0013776412809936e-06,
    9.23245322872803e-06,
    -4.513019589965415e-05,
    -0.02180636481391566,
    0.0001011308293554018,
    -0.008684125195086349,
    1.3329407874880733e-05,
    0.00010543266107266338,
    -1.080424448894335e-05,
    1.3272270570683648e-05,
    5.966863075382943e-05,
    -4.293596223280329e-06,
    -5.5351545171759135e-05,
    0.0005980313236152856,
    5.060007560478829e-05,
    0.000250751579247074,
    0.024238708533990017,
    0.028891185437661084
  ],
  "val_sse_masked": 0.000687846913933754,
  "val_nrmse_masked": 0.0713881254196167,
  "val_mse_masked": 2.292823228344787e-05,
  "val_r2_masked": 0.9949020147323608,
  "val_sse_full": 0.0006873990641906857,
  "val_nrmse_full": 0.0713648796081543,
  "val_mse_full": 2.2913303837412968e-05,
  "val_r2_full": 0.9949053525924683,
  "iteration": 122,
  "p_lo_eff": 0.12967753410339355,
  "p_hi_eff": 1.9451630115509033,
  "f_lo_eff": 0.20659340918064117,
  "f_hi_eff": 1.6527472734451294
}