{
  "tag": "20_1e0c1785",
  "lmb1": 5.912105332401241e-05,
  "lmb2": 1.1920460567311002e-07,
  "nonzero_count": 42,
  "complexity_norm": 0.3387096774193548,
  "train_gen_window": 0.03234102817024539,
  "generalizability": 0.026893321392501137,
  "equation": "0.11987 E^{0.5} n P^{-0.5} + 0.0001277 F dT_{i} - 0.0029452 P^{-1} F dT_{e} - 8.6854 \\cdot 10^{-5} P^{-1} F dn - 0.022576 T_{e}^{0.5} P^{-1} dn - 0.018356 T_{e}^{0.5} T_{i}^{0.5} F dn - 7.185 \\cdot 10^{-7} T_{e}^{0.5} T_{i}^{0.5} P^{-1} dT_{i} + 0.0052105 T_{e}^{0.5} T_{i}^{0.5} P^{-1} dn + 0.00045876 T_{e}^{0.5} T_{i}^{0.5} P dn - 0.00013087 T_{e}^{0.5} T_{i}^{0.5} dn - 0.00035848 T_{e}^{0.5} dn + 0.00082269 T_{e} P^{-1} dn + 2.3327 \\cdot 10^{-6} T_{e} P dT_{i} - 0.00014028 T_{e} dT_{e} - 0.050363 T_{e} dn + 0.00010086 T_{i}^{0.5} F dT_{e} - 0.00031459 T_{i}^{0.5} F dn + 0.00043886 T_{i}^{0.5} P^{-1} dT_{e} - 1.0481 \\cdot 10^{-6} T_{i}^{0.5} P^{-1} dT_{i} - 0.00054757 T_{i}^{0.5} P^{-1} dn + 0.0059574 T_{i}^{0.5} P dn + 0.0017306 T_{i} P^{-1} dn + 2.3517 \\cdot 10^{-5} T_{i} P dT_{e} + 0.0082849 T_{i} P dn - 0.016059 n^{-1} F dn + 0.0031122 n^{-1} P^{-1} dn + 0.00021802 n^{-1} T_{e}^{0.5} dn + 0.00084649 n^{-1} T_{e} dn - 4.1051 \\cdot 10^{-5} n^{-1} T_{i} dn + 0.00032759 n^{-1} dn - 0.054579 n E^{0.5} - 0.026043 n E^{0.5} T_{e}^{0.5} P^{-1} + 0.01327 n E^{0.5} T_{e}^{0.5} T_{i} - 0.019443 n E^{0.5} T_{i}^{0.5} F - 0.00027031 n E^{0.5} T_{i}^{0.5} P + 0.0014812 n E^{0.5} T_{i} + 0.018317 n E P^{-1} - 0.00044611 n E P + 0.029375 n E T_{e}^{0.5} + 0.0019154 n E T_{e}^{0.5} T_{i}^{0.5} + 0.0013478 n E T_{i}^{0.5} + 0.00022376 n E T_{i}",
  "coefficients": [
    0.08853770724222576,
    0.00712306110309492,
    0.0004908754371084744,
    -0.00817329359826417,
    -3.947728608782727e-05,
    -0.000771294394825336,
    0.0003345498504217187,
    -1.6263449465440435e-05,
    0.001392832285778634,
    -4.2151425158534325e-05,
    -9.377663309997376e-05,
    0.002009185997864282,
    7.973361098852398e-05,
    -0.00046762853435478095,
    -3.497351103624508e-05,
    5.427733428866677e-05,
    -1.565305708324817e-05,
    -0.00039853214670816406,
    -3.167056798267528e-05,
    -3.293424724290773e-05,
    6.399185431169053e-05,
    -1.9823378435165444e-05,
    -8.74736348905344e-05,
    1.2919163318621813e-05,
    0.00022077156013178203,
    -1.209109965518252e-05,
    4.3176467902485333e-05,
    -0.003189667404440021,
    -9.025596508805821e-05,
    -1.2400759844570026e-06,
    0.0024968302814441083,
    4.1792348780264736e-05,
    0.0001205692604147147,
    7.622259594196001e-05,
    3.5567441152590376e-05,
    6.108642798057499e-05,
    0.0004167348263655068,
    1.0078105054269504e-05,
    -2.289992723355535e-05,
    3.06129503827222e-05,
    6.646136567328244e-06,
    -4.8857474549171995e-06,
    -0.0002045135604303928,
    -3.5578593836889944e-05,
    9.323614608454474e-06,
    -0.00010978306450355522,
    -4.105144328807041e-05,
    7.645646033492909e-05,
    -0.0005871261788497284,
    -5.405626882892166e-05,
    -0.0003853704461332923,
    0.0077798987787286705,
    0.002699072082947669,
    -3.076818194077071e-05,
    0.012396790802024396,
    -0.02035074613879543,
    -0.00023636993684920298,
    -6.898776648050596e-05,
    0.006429527487225846,
    -0.00010007051921878753,
    -0.021803981758607427,
    0.0005722626481158491,
    -3.7256618844782504e-05,
    0.000859041983857857,
    -0.032011651165091165,
    -9.179830401168616e-05,
    -2.0136832670545793e-05,
    2.0123358432473044e-05,
    -0.030127157659876863,
    1.7403567757747333e-05,
    1.7452352870008036e-05,
    -0.019318615968733376,
    -0.00028035888364007206,
    0.0010395206118066348,
    -0.023050431485672113,
    3.804332970132457e-05,
    0.009072129539797972,
    -6.994409900889515e-05,
    4.8999814783709804e-05,
    0.008744042280614704,
    -2.446833610529048e-05,
    -0.0002709939812652206,
    0.0005623595317823482,
    0.00011631258242061538,
    0.010307820549590532,
    0.0007745716441274135,
    0.058852269305441914
  ],
  "val_sse_masked": 0.000436013302532956,
  "val_nrmse_masked": 0.056836843490600586,
  "val_mse_masked": 1.4533778085024096e-05,
  "val_r2_masked": 0.9967684745788574,
  "val_sse_full": 0.00043020647717639804,
  "val_nrmse_full": 0.056457094848155975,
  "val_mse_full": 1.4340216694108676e-05,
  "val_r2_full": 0.9968115091323853,
  "iteration": 20,
  "p_lo_eff": 0.12967753410339355,
  "p_hi_eff": 1.9451630115509033,
  "f_lo_eff": 0.20659340918064117,
  "f_hi_eff": 1.6527472734451294
}