{
  "tag": "494_0170a165",
  "lmb1": 3.9121275493705895e-07,
  "lmb2": 0.1,
  "nonzero_count": 81,
  "complexity_norm": 0.6532258064516129,
  "train_gen_window": 0.07977974893271421,
  "generalizability": 0.07193356897351964,
  "equation": "0.014843 E^{0.5} n P^{-0.5} + 0.0013578 F dT_{e} + 0.00014805 F dT_{i} - 0.0022787 F dn - 0.003698 P^{-1} F dT_{e} - 0.00012209 P^{-1} F dT_{i} - 0.0036677 P^{-1} F dn - 0.00049153 P^{-1} dT_{e} + 5.7204 \\cdot 10^{-5} P F dT_{i} + 0.003351 P dn + 0.00084456 T_{e}^{0.5} F dT_{e} - 0.0025886 T_{e}^{0.5} F dn - 0.00049145 T_{e}^{0.5} P^{-1} dT_{e} - 0.0049244 T_{e}^{0.5} P^{-1} dn - 8.3793 \\cdot 10^{-5} T_{e}^{0.5} T_{i}^{0.5} F dT_{e} + 1.062 \\cdot 10^{-6} T_{e}^{0.5} T_{i}^{0.5} F dT_{i} - 0.002261 T_{e}^{0.5} T_{i}^{0.5} F dn - 6.9147 \\cdot 10^{-7} T_{e}^{0.5} T_{i}^{0.5} P^{-1} dT_{i} - 0.00062127 T_{e}^{0.5} T_{i}^{0.5} P^{-1} dn - 5.6134 \\cdot 10^{-7} T_{e}^{0.5} T_{i}^{0.5} P dT_{i} + 0.0029238 T_{e}^{0.5} T_{i}^{0.5} P dn - 0.0060301 T_{e}^{0.5} T_{i}^{0.5} dn + 1.3373 \\cdot 10^{-5} T_{e}^{0.5} T_{i} dT_{e} - 6.6734 \\cdot 10^{-8} T_{e}^{0.5} T_{i} dT_{i} - 0.0031646 T_{e}^{0.5} T_{i} dn - 0.0081065 T_{e}^{0.5} dn + 4.2586 \\cdot 10^{-5} T_{e} F dT_{i} - 0.0027737 T_{e} F dn - 0.00095177 T_{e} P^{-1} dn - 1.965 \\cdot 10^{-6} T_{e} P dT_{i} + 0.0001348 T_{e} T_{i}^{0.5} dT_{e} + 1.2925 \\cdot 10^{-5} T_{e} T_{i} dT_{e} - 4.6132 \\cdot 10^{-8} T_{e} T_{i} dT_{i} - 0.0028961 T_{e} T_{i} dn + 0.00060701 T_{e} dT_{e} + 3.1886 \\cdot 10^{-6} T_{e} dT_{i} - 0.0087928 T_{e} dn - 0.0020992 T_{i}^{0.5} F dn - 5.731 \\cdot 10^{-5} T_{i}^{0.5} P^{-1} dT_{e} - 8.4096 \\cdot 10^{-7} T_{i}^{0.5} P^{-1} dT_{i} - 0.003609 T_{i}^{0.5} P^{-1} dn - 9.5716 \\cdot 10^{-7} T_{i}^{0.5} P dT_{i} + 0.0029974 T_{i}^{0.5} P dn + 0.00011053 T_{i}^{0.5} dT_{e} - 2.9115 \\cdot 10^{-7} T_{i}^{0.5} dT_{i} - 0.0054987 T_{i}^{0.5} dn - 5.3279 \\cdot 10^{-5} T_{i} F dT_{e} - 3.0998 \\cdot 10^{-7} T_{i} F dT_{i} - 8.6423 \\cdot 10^{-6} T_{i} P^{-1} dT_{e} + 0.00020369 T_{i} P^{-1} dn + 0.0028726 T_{i} P dn + 1.2959 \\cdot 10^{-5} T_{i} dT_{e} - 0.003092 T_{i} dn + 0.00028889 dT_{e} + 1.88 \\cdot 10^{-6} dT_{i} - 0.011954 n^{-1} F dn + 0.001306 n^{-1} P^{-1} dn + 0.00023144 n^{-1} T_{e}^{0.5} T_{i}^{0.5} dn + 0.00071456 n^{-1} T_{e}^{0.5} dn + 0.00036899 n^{-1} T_{e} dn + 0.00038093 n^{-1} T_{i}^{0.5} dn + 5.5276 \\cdot 10^{-5} n^{-1} T_{i} dn + 0.0011433 n^{-1} dn + 0.0024936 n E^{0.5} + 0.0043717 n E^{0.5} P^{-1} + 0.0043782 n E^{0.5} T_{e}^{0.5} T_{i}^{0.5} + 0.0041439 n E^{0.5} T_{e}^{0.5} T_{i} + 0.0034877 n E^{0.5} T_{e} + 0.0043843 n E^{0.5} T_{e} T_{i}^{0.5} + 0.0039384 n E^{0.5} T_{i}^{0.5} - 0.00095865 n E^{0.5} T_{i}^{0.5} F + 0.0020174 n E^{0.5} T_{i}^{0.5} P^{-1} - 0.0070657 n E^{0.5} T_{i}^{0.5} P + 0.004102 n E^{0.5} T_{i} + 0.0015213 n E F + 0.0068595 n E P^{-1} - 0.0073719 n E P + 0.012063 n E T_{e}^{0.5} + 0.0093851 n E T_{e}^{0.5} T_{i}^{0.5} + 0.0092456 n E T_{i}^{0.5} + 0.0050185 n E T_{i}",
  "coefficients": [
    0.08853770510658893,
    0.0029890918456643416,
    0.0017131312925281594,
    -0.006084046745560511,
    0.0016194596163279897,
    0.0010385775303595572,
    0.0010964919735249332,
    0.0011224689265649443,
    0.0006071470872380984,
    -0.004328655277885001,
    0.00011290797918264792,
    0.002329466676011343,
    0.0008887140444801839,
    -0.0003752213598673098,
    -0.00011079466966441333,
    -0.00040387744364950035,
    -0.00021339168633294735,
    -0.0003835382303274395,
    -3.83932736693713e-05,
    0.00012786498238302052,
    -0.0002749881916736807,
    -0.0002124231845668876,
    0.000278473463816117,
    0.0010181928510583343,
    -0.00018596705715167878,
    -0.00017686440665643996,
    -0.0008764673334653687,
    -0.004005020130467953,
    0.00037338266799114873,
    0.0005113000523971891,
    -0.00032605417304545047,
    0.00042352001145792764,
    -9.887090903390634e-05,
    -0.00020918787333901092,
    0.0002233987634876096,
    -0.0002741705184401916,
    2.2801889147496326e-05,
    -0.0010061035950558392,
    0.00035124201870291496,
    -0.00011394732025092787,
    -6.78725880188611e-05,
    0.0002685709769749446,
    0.0008849500955894858,
    0.0006576682633302518,
    0.00030535768789449746,
    -0.00463592470535455,
    -0.0024378260474017715,
    0.003877337826775763,
    -0.0038696723637883816,
    -0.004359087811544413,
    -0.0025715135005806387,
    0.003914424479313057,
    0.00031769167324171774,
    -0.0029268299769701087,
    0.004298293108409049,
    -0.004438939023508386,
    -0.005345093976979031,
    -0.002676190824734471,
    -0.0007666211825910468,
    -0.004610781867630016,
    -0.002685700476962675,
    0.0036471131102399634,
    -0.002930083462430801,
    -0.0009938203084738518,
    -0.005588839912984523,
    -0.002778577815101071,
    -0.002657519096920657,
    0.003342428940235156,
    0.0013764312916865968,
    0.001900168363482434,
    0.0024293783873341208,
    -0.0009525195298314294,
    -0.007328516647519618,
    0.0028787611339557073,
    3.477328061939327e-05,
    0.0026109964575453644,
    0.002832993995865586,
    0.0017934437057591512,
    0.0025424410493390635,
    0.0032746231239867375,
    0.0008684750797903649,
    -0.0044781305793683,
    0.0038575709906579284,
    0.0026087067864336184,
    0.004232969364999287,
    0.0037952001127862425,
    0.00728714206674837
  ],
  "val_sse_masked": 0.0013191758189350367,
  "val_nrmse_masked": 0.09886246174573898,
  "val_mse_masked": 4.397252996568568e-05,
  "val_r2_masked": 0.9902229309082031,
  "val_sse_full": 0.0013093422167003155,
  "val_nrmse_full": 0.098493292927742,
  "val_mse_full": 4.364474443718791e-05,
  "val_r2_full": 0.9902958273887634,
  "iteration": 494,
  "p_lo_eff": 0.12967753410339355,
  "p_hi_eff": 1.9451630115509033,
  "f_lo_eff": 0.20659340918064117,
  "f_hi_eff": 1.6527472734451294
}