{
  "tag": "171_832f5a81",
  "lmb1": 0.1,
  "lmb2": 4.665364326955074e-07,
  "nonzero_count": 2,
  "complexity_norm": 0.016129032258064516,
  "train_gen_window": 0.5955914658511824,
  "generalizability": 0.5810422094922221,
  "equation": "0.034996 E^{0.5} n P^{-0.5} + 0.007021 n E^{0.5} T_{e}^{0.5} T_{i}",
  "coefficients": [
    0.08853770169833008,
    1.5703868885085201e-09,
    5.232779089430821e-09,
    -4.5595367604561534e-08,
    6.938554342685498e-09,
    6.7594743152605874e-09,
    4.576864178142639e-09,
    6.523080887331576e-09,
    4.08145118860323e-09,
    4.463858767220661e-09,
    -5.387624383388077e-09,
    1.936717278742749e-09,
    -1.5034006935652071e-10,
    -4.1190042673752704e-09,
    -5.069319056544354e-09,
    -5.2755009369774435e-09,
    -4.021413056682903e-09,
    -4.06172789199487e-09,
    -5.037425120072567e-09,
    -3.4708386182694567e-09,
    -5.3126473342031964e-09,
    -4.5409588215648674e-09,
    -5.2259609112862184e-09,
    1.8605458780177597e-10,
    -5.754783950196908e-09,
    -4.5204525971835365e-09,
    -3.0165534034493677e-09,
    2.6169958039752297e-09,
    -4.877481363894538e-09,
    1.0745325646442091e-09,
    -1.7256781141007907e-09,
    -2.330089853348938e-09,
    -1.3454617236564123e-10,
    1.3723766818362387e-10,
    6.642164515892693e-10,
    7.610793558484951e-10,
    8.850606374688552e-10,
    -2.4943639937188645e-09,
    1.329312193237256e-09,
    6.113333144040798e-11,
    -2.03454887049656e-09,
    9.059907470911213e-10,
    -3.8983653836737545e-09,
    -1.4900245808914363e-09,
    1.1045640546475968e-09,
    -3.2929302168959425e-07,
    -4.3115070964333166e-07,
    -6.382601805514844e-08,
    -1.4456472158680435e-07,
    -4.5730353119708106e-07,
    -1.0327630597165702e-06,
    -6.854833224421118e-08,
    -7.061943099362832e-08,
    -3.174783659513119e-07,
    -6.805155491659104e-08,
    -1.4304641696895637e-07,
    -5.580014729353835e-07,
    -7.005397490967697e-07,
    -9.025163043441501e-08,
    -1.057385766158238e-06,
    -8.52030045338678e-06,
    -7.317112931072671e-08,
    -3.866896606319912e-07,
    -8.776348984892803e-08,
    -2.0170023336434094e-06,
    -1.878336049718241e-06,
    -3.9666846865890684e-07,
    8.812761311621398e-08,
    1.731455744525168e-07,
    9.8889534282265e-08,
    3.522477943728495e-07,
    2.824396765994178e-07,
    5.8124343913966555e-08,
    1.115733847167528e-06,
    6.297214233448126e-08,
    6.029845140529036e-07,
    0.004799916834709523,
    2.9906147254528776e-07,
    1.6109364736218998e-06,
    1.660981796907463e-07,
    4.0159881558832377e-07,
    6.949229373178738e-08,
    1.1597954382023634e-06,
    2.431388843771899e-07,
    9.852183893369158e-07,
    6.163501011625408e-05,
    0.01718130974072911
  ],
  "val_sse_masked": 0.0765795111656189,
  "val_nrmse_masked": 0.7532451748847961,
  "val_mse_masked": 0.002552650636062026,
  "val_r2_masked": 0.4324325919151306,
  "val_sse_full": 0.07638946175575256,
  "val_nrmse_full": 0.7523099184036255,
  "val_mse_full": 0.002546315547078848,
  "val_r2_full": 0.43384110927581787,
  "iteration": 171,
  "p_lo_eff": 0.12967753410339355,
  "p_hi_eff": 1.9451630115509033,
  "f_lo_eff": 0.20659340918064117,
  "f_hi_eff": 1.6527472734451294
}