{
  "tag": "193_0a4f91ae",
  "lmb1": 0.1,
  "lmb2": 0.004303917321851927,
  "nonzero_count": 2,
  "complexity_norm": 0.016129032258064516,
  "train_gen_window": 0.5953665906893781,
  "generalizability": 0.5807479840483647,
  "equation": "0.034417 E^{0.5} n P^{-0.5} + 0.0074571 n E^{0.5} T_{e}^{0.5} T_{i}",
  "coefficients": [
    0.08853770196435817,
    5.742101244613287e-10,
    1.9145563539136125e-09,
    -1.6525248715236232e-08,
    2.537018937739822e-09,
    2.4734188573703484e-09,
    1.6764270496370307e-09,
    2.3859433037719328e-09,
    1.4962790146311544e-09,
    1.6214336813133243e-09,
    -1.9734472723347815e-09,
    6.893714495094063e-10,
    -7.267500318042577e-11,
    -1.5113343367095528e-09,
    -1.8583132103668575e-09,
    -1.9324847394228665e-09,
    -1.4768245221325599e-09,
    -1.4903497719242024e-09,
    -1.8467113993456924e-09,
    -1.2766559950943243e-09,
    -1.9461856072138977e-09,
    -1.6660519973044217e-09,
    -1.9144434250313792e-09,
    5.4429052412025883e-11,
    -2.1064568293953197e-09,
    -1.6585858043345046e-09,
    -1.0968680148535044e-09,
    9.510180468502448e-10,
    -1.7728014357098353e-09,
    3.876506764744782e-10,
    -6.255072631936823e-10,
    -8.427353999429342e-10,
    -4.764618192141967e-11,
    5.578271737878262e-11,
    2.5060728835226527e-10,
    2.8308544307190897e-10,
    3.3182498994197317e-10,
    -9.069669743439896e-10,
    4.807957494331593e-10,
    2.397518099853913e-11,
    -7.338996010149717e-10,
    3.388295314831666e-10,
    -1.4163186220094363e-09,
    -5.365165892655613e-10,
    4.112903088487723e-10,
    -1.2233528094299365e-07,
    -1.560465244413703e-07,
    -2.313745345350211e-08,
    -5.287508882698144e-08,
    -1.6295702652664761e-07,
    -3.498463274402265e-07,
    -2.4842920739207943e-08,
    -2.5700463172663878e-08,
    -1.1443572353270468e-07,
    -2.4651136919534002e-08,
    -5.2443216511482074e-08,
    -1.9759003944200333e-07,
    -2.4985804694563467e-07,
    -3.293117498440433e-08,
    -3.471329932735271e-07,
    -1.7168065193887568e-06,
    -2.651928984325044e-08,
    -1.393888920389203e-07,
    -3.2072315992755234e-08,
    -5.83859927671906e-07,
    -6.037852490846576e-07,
    -1.435124317674419e-07,
    3.2294526028179383e-08,
    6.308432753964671e-08,
    3.622026348177137e-08,
    1.287104717515405e-07,
    1.0331514125070262e-07,
    2.10779636831498e-08,
    4.105169718572502e-07,
    2.303323425741508e-08,
    2.2193609730047008e-07,
    0.005098121479938878,
    1.0962683159048904e-07,
    6.104600483655879e-07,
    6.106321801021438e-08,
    1.4622123102989337e-07,
    2.5203980175683867e-08,
    3.91574762266621e-07,
    8.813653339262487e-08,
    3.4157825745965545e-07,
    1.3797101357619057e-05,
    0.01689699071070075
  ],
  "val_sse_masked": 0.07656912505626678,
  "val_nrmse_masked": 0.7531941533088684,
  "val_mse_masked": 0.0025523044168949127,
  "val_r2_masked": 0.43250954151153564,
  "val_sse_full": 0.07652236521244049,
  "val_nrmse_full": 0.7529640793800354,
  "val_mse_full": 0.00255074561573565,
  "val_r2_full": 0.43285614252090454,
  "iteration": 193,
  "p_lo_eff": 0.12967753410339355,
  "p_hi_eff": 1.9451630115509033,
  "f_lo_eff": 0.20659340918064117,
  "f_hi_eff": 1.6527472734451294
}