{
  "trial_name": "193_0a4f91ae",
  "lmb1": 0.1,
  "lmb2": 0.004303917321851927,
  "equation": "0.035273 E^{0.5} n P^{-0.5} + 0.010236 n E^{0.5} T_{e}",
  "nonzero_count": 2,
  "complexity_norm": 0.016129032258064516,
  "generalizability_error": 1.0,
  "validation_error": 0.5685746853153981,
  "val_sem": 0.040677153380727256,
  "gen_sem": 0.5,
  "window_split_hash8": "c22c5ef9",
  "p_lo_eff": 0.12967753410339355,
  "p_hi_eff": 1.9451630115509033,
  "f_lo_eff": 0.20659340918064117,
  "f_hi_eff": 1.6527472734451294,
  "train_idx": [
    84,
    50,
    29,
    118,
    101,
    76,
    56,
    168,
    80,
    125,
    91,
    171,
    117,
    105,
    110,
    157,
    54,
    15,
    61,
    19,
    32,
    62,
    41,
    182,
    93,
    165,
    13,
    69,
    159,
    70,
    144,
    145,
    107,
    72,
    34,
    26,
    108,
    7,
    57,
    9,
    106,
    46,
    30,
    135,
    96,
    149,
    48,
    136,
    174,
    102,
    22,
    23,
    95,
    59,
    88,
    148,
    137,
    67,
    147,
    122,
    8,
    113,
    130,
    83,
    16,
    47,
    127,
    21,
    153,
    140,
    172,
    187,
    154,
    111,
    45,
    37,
    167,
    163,
    25,
    166,
    131,
    12,
    177,
    43,
    92,
    128,
    79,
    124,
    98,
    40,
    178,
    89,
    65,
    63,
    179,
    31,
    116,
    100,
    170,
    55,
    71,
    115,
    64,
    53,
    155,
    35,
    87,
    52,
    141,
    33,
    38,
    126,
    114,
    78,
    156,
    146,
    36,
    132,
    94,
    184,
    49,
    150,
    186,
    73,
    4,
    129,
    138,
    173,
    183,
    51,
    28,
    42,
    6,
    180,
    99,
    0,
    161,
    133,
    169,
    97,
    158,
    119,
    24,
    160,
    162,
    81,
    60,
    181,
    1,
    44,
    109,
    120,
    20,
    143,
    151,
    68,
    176,
    185,
    121,
    18,
    86,
    10,
    14,
    123,
    104,
    103,
    85,
    2,
    77
  ],
  "val_idx": [
    90,
    39,
    175,
    11,
    27,
    3,
    152,
    82,
    66,
    5,
    74,
    142,
    75,
    164,
    134,
    58,
    139,
    17,
    112
  ],
  "gen_idx": [],
  "keep_cols": [
    0,
    2,
    3,
    4,
    5,
    6,
    7,
    12,
    13,
    14,
    15,
    16,
    17,
    18,
    19,
    20,
    21,
    22,
    25,
    28,
    29,
    30,
    31,
    34,
    35,
    36,
    37,
    38,
    39,
    40,
    41,
    43,
    44,
    46,
    49,
    50,
    51,
    52,
    54,
    55,
    56,
    58,
    59,
    60,
    63,
    64,
    66,
    68,
    70,
    71,
    73,
    74,
    77,
    78,
    79,
    80,
    81,
    82,
    85,
    86,
    88,
    89,
    90,
    91,
    92,
    93,
    94,
    96,
    97,
    100,
    101,
    104,
    107,
    108,
    109,
    111,
    112,
    114,
    115,
    116,
    117,
    118,
    119,
    120,
    121,
    122,
    123
  ],
  "coefficients": [
    0.08853770196435817,
    5.742101244613287e-10,
    1.9145563539136125e-09,
    -1.6525248715236232e-08,
    2.537018937739822e-09,
    2.4734188573703484e-09,
    1.6764270496370307e-09,
    2.3859433037719328e-09,
    1.4962790146311544e-09,
    1.6214336813133243e-09,
    -1.9734472723347815e-09,
    6.893714495094063e-10,
    -7.267500318042577e-11,
    -1.5113343367095528e-09,
    -1.8583132103668575e-09,
    -1.9324847394228665e-09,
    -1.4768245221325599e-09,
    -1.4903497719242024e-09,
    -1.8467113993456924e-09,
    -1.2766559950943243e-09,
    -1.9461856072138977e-09,
    -1.6660519973044217e-09,
    -1.9144434250313792e-09,
    5.4429052412025883e-11,
    -2.1064568293953197e-09,
    -1.6585858043345046e-09,
    -1.0968680148535044e-09,
    9.510180468502448e-10,
    -1.7728014357098353e-09,
    3.876506764744782e-10,
    -6.255072631936823e-10,
    -8.427353999429342e-10,
    -4.764618192141967e-11,
    5.578271737878262e-11,
    2.5060728835226527e-10,
    2.8308544307190897e-10,
    3.3182498994197317e-10,
    -9.069669743439896e-10,
    4.807957494331593e-10,
    2.397518099853913e-11,
    -7.338996010149717e-10,
    3.388295314831666e-10,
    -1.4163186220094363e-09,
    -5.365165892655613e-10,
    4.112903088487723e-10,
    -1.2233528094299365e-07,
    -1.560465244413703e-07,
    -2.313745345350211e-08,
    -5.287508882698144e-08,
    -1.6295702652664761e-07,
    -3.498463274402265e-07,
    -2.4842920739207943e-08,
    -2.5700463172663878e-08,
    -1.1443572353270468e-07,
    -2.4651136919534002e-08,
    -5.2443216511482074e-08,
    -1.9759003944200333e-07,
    -2.4985804694563467e-07,
    -3.293117498440433e-08,
    -3.471329932735271e-07,
    -1.7168065193887568e-06,
    -2.651928984325044e-08,
    -1.393888920389203e-07,
    -3.2072315992755234e-08,
    -5.83859927671906e-07,
    -6.037852490846576e-07,
    -1.435124317674419e-07,
    3.2294526028179383e-08,
    6.308432753964671e-08,
    3.622026348177137e-08,
    1.287104717515405e-07,
    1.0331514125070262e-07,
    2.10779636831498e-08,
    4.105169718572502e-07,
    2.303323425741508e-08,
    2.2193609730047008e-07,
    0.005098121479938878,
    1.0962683159048904e-07,
    6.104600483655879e-07,
    6.106321801021438e-08,
    1.4622123102989337e-07,
    2.5203980175683867e-08,
    3.91574762266621e-07,
    8.813653339262487e-08,
    3.4157825745965545e-07,
    1.3797101357619057e-05,
    0.01689699071070075
  ]
}