{
  "tag": "99_7f31e809",
  "lmb1": 1.9738349239099284e-07,
  "lmb2": 4.951897361562209e-06,
  "nonzero_count": 85,
  "complexity_norm": 0.6854838709677419,
  "train_gen_window": 0.013678203013518481,
  "generalizability": 0.0202111757915855,
  "equation": "0.17569 E^{0.5} n P^{-0.5} + 0.074731 F dT_{e} + 0.0054522 F dT_{i} + 0.017786 F dn + 0.0017446 P^{-1} F dT_{e} + 8.1405 \\cdot 10^{-5} P^{-1} F dT_{i} + 0.0071371 P^{-1} F dn - 0.00053454 P^{-1} dT_{e} - 0.00021771 P F dT_{i} - 0.020451 P dn - 0.14481 T_{e}^{0.5} F dT_{e} + 0.0020621 T_{e}^{0.5} F dn + 0.0065756 T_{e}^{0.5} P^{-1} dT_{e} - 0.074487 T_{e}^{0.5} P^{-1} dn + 0.023058 T_{e}^{0.5} T_{i}^{0.5} F dT_{e} - 7.4413 \\cdot 10^{-5} T_{e}^{0.5} T_{i}^{0.5} F dT_{i} - 0.039478 T_{e}^{0.5} T_{i}^{0.5} F dn + 7.2081 \\cdot 10^{-5} T_{e}^{0.5} T_{i}^{0.5} P^{-1} dT_{i} + 0.046077 T_{e}^{0.5} T_{i}^{0.5} P^{-1} dn + 0.0029718 T_{e}^{0.5} T_{i}^{0.5} P dT_{e} + 1.3285 \\cdot 10^{-5} T_{e}^{0.5} T_{i}^{0.5} P dT_{i} + 0.02817 T_{e}^{0.5} T_{i}^{0.5} P dn + 6.4058 \\cdot 10^{-5} T_{e}^{0.5} T_{i}^{0.5} dT_{i} + 0.10167 T_{e}^{0.5} T_{i}^{0.5} dn - 1.5674 \\cdot 10^{-5} T_{e}^{0.5} T_{i} dT_{e} - 3.0812 \\cdot 10^{-6} T_{e}^{0.5} T_{i} dT_{i} + 0.0048604 T_{e}^{0.5} T_{i} dn - 0.10067 T_{e}^{0.5} dn - 0.002246 T_{e} F dT_{i} - 0.023822 T_{e} F dn + 0.0082282 T_{e} P^{-1} dn + 3.4111 \\cdot 10^{-5} T_{e} P dT_{i} - 0.0070923 T_{e} T_{i}^{0.5} dT_{e} + 0.0011452 T_{e} T_{i} dT_{e} + 0.024413 T_{e} T_{i} dn + 0.0024061 T_{e} dT_{e} - 9.4047 \\cdot 10^{-5} T_{e} dT_{i} - 0.015315 T_{e} dn + 0.016325 T_{i}^{0.5} F dT_{e} - 0.001651 T_{i}^{0.5} F dn + 0.0019487 T_{i}^{0.5} P^{-1} dT_{e} - 6.8491 \\cdot 10^{-5} T_{i}^{0.5} P^{-1} dT_{i} + 0.016848 T_{i}^{0.5} P^{-1} dn - 9.0055 \\cdot 10^{-6} T_{i}^{0.5} P dT_{i} + 0.032738 T_{i}^{0.5} P dn + 3.8242 \\cdot 10^{-5} T_{i}^{0.5} dT_{e} - 6.8177 \\cdot 10^{-7} T_{i}^{0.5} dT_{i} + 0.0037082 T_{i}^{0.5} dn - 0.003451 T_{i} F dT_{e} - 2.0046 \\cdot 10^{-5} T_{i} F dT_{i} - 0.00044596 T_{i} P^{-1} dT_{e} - 0.014768 T_{i} P^{-1} dn - 0.0004175 T_{i} P dT_{e} - 0.021454 T_{i} P dn - 0.00080086 T_{i} dT_{e} - 0.043234 T_{i} dn - 0.002717 dT_{e} - 0.00075577 dT_{i} + 0.0027898 n^{-1} F dn + 0.0061146 n^{-1} P^{-1} dn - 0.012036 n^{-1} T_{e}^{0.5} T_{i}^{0.5} dn - 0.0082092 n^{-1} T_{e}^{0.5} dn - 0.0023649 n^{-1} T_{e} dn + 0.013266 n^{-1} T_{i}^{0.5} dn + 5.9335 \\cdot 10^{-5} n^{-1} T_{i} dn - 0.0011585 n^{-1} dn - 0.22748 n E^{0.5} - 0.063639 n E^{0.5} P^{-1} - 0.0043727 n E^{0.5} T_{e}^{0.5} P^{-1} - 0.0051581 n E^{0.5} T_{e}^{0.5} T_{i}^{0.5} + 0.061512 n E^{0.5} T_{e}^{0.5} T_{i} - 0.061391 n E^{0.5} T_{e} + 0.0096114 n E^{0.5} T_{e} T_{i}^{0.5} - 0.0017012 n E^{0.5} T_{i}^{0.5} - 0.016121 n E^{0.5} T_{i}^{0.5} F + 0.047969 n E^{0.5} T_{i}^{0.5} P^{-1} + 0.018953 n E^{0.5} T_{i}^{0.5} P + 0.10667 n E^{0.5} T_{i} - 0.047646 n E F - 0.023428 n E P^{-1} - 0.0066636 n E P + 0.55844 n E T_{e}^{0.5} - 0.31936 n E T_{e}^{0.5} T_{i}^{0.5} - 0.11715 n E T_{i}^{0.5} + 0.0038799 n E T_{i}",
  "coefficients": [
    0.0885377177469372,
    0.01399460000735361,
    -0.0017359700832544657,
    0.0014198673807998916,
    0.056398776924739664,
    0.0011148403151806886,
    -0.012597026433109372,
    -0.05837179094327239,
    -0.0038913232787495377,
    0.002886185785151005,
    -0.045390600665353595,
    0.08578493079901955,
    -0.0033822623393852617,
    -0.030559352483543377,
    -0.0002594433681070568,
    -0.003799877315211558,
    -0.013799575252511678,
    0.03998143742700221,
    0.02926722612256613,
    -0.008959206408589502,
    0.0065080402473654915,
    -0.009807958809294817,
    -0.008213510215186638,
    -0.053698693275777545,
    0.0032283501831699537,
    7.653596839282684e-07,
    -0.0009531607481351291,
    0.0018894611851062622,
    -0.0035116649803086193,
    0.028140822394294676,
    0.011086701566547381,
    0.0001465397570311602,
    0.019515778788250206,
    -0.010794522659069883,
    -0.01380568445203499,
    -0.017758816392442298,
    -0.007398501002386219,
    0.013461443427675631,
    -0.06022357861915833,
    0.03135661536312695,
    0.013089228115246727,
    -0.0003147789011799197,
    0.0035078666575744464,
    -0.03460171982568796,
    0.027055825147070774,
    0.009021223140865198,
    0.01902792462253656,
    -0.02366297406460419,
    0.018065229515765318,
    0.0029396991832703187,
    -0.0020224567604913224,
    0.04275372173541545,
    -0.02303365475912569,
    -0.04092485333429585,
    -0.03210220205487988,
    -0.06714402741110351,
    -0.06637538006782528,
    0.002131914718708836,
    0.056857126452250176,
    0.0777409578674265,
    -0.046893062299672064,
    0.035139946498740394,
    0.004500196646794037,
    0.008591741629582374,
    -0.00973456015082913,
    -0.023863467359712003,
    0.02240200217676552,
    -0.04865620756902279,
    -0.12556882073231368,
    0.04518190781842799,
    -0.001049351597262044,
    -0.016018138510192906,
    0.019657658139330764,
    0.0748614524893923,
    -0.0038703379214599107,
    -0.0030760958021038235,
    0.04205334571390256,
    -0.03156874204552631,
    0.005573593691411576,
    -0.011184038947019382,
    -0.027200361904228098,
    -0.004047881427934292,
    -0.04887981942401235,
    0.002016850289781872,
    0.1959619221337616,
    -0.12914422661892494,
    0.08625519702934346
  ],
  "val_sse_masked": 0.00014732690760865808,
  "val_nrmse_masked": 0.033038556575775146,
  "val_mse_masked": 4.910897132504033e-06,
  "val_r2_masked": 0.9989081025123596,
  "val_sse_full": 0.0001473212760174647,
  "val_nrmse_full": 0.033037927001714706,
  "val_mse_full": 4.910709321848117e-06,
  "val_r2_full": 0.9989081025123596,
  "iteration": 99,
  "p_lo_eff": 0.12967753410339355,
  "p_hi_eff": 1.9451630115509033,
  "f_lo_eff": 0.20659340918064117,
  "f_hi_eff": 1.6527472734451294
}