{
  "tag": "376_cdef2df1",
  "lmb1": 1.5388423751118497e-05,
  "lmb2": 1.5876412344039453e-06,
  "nonzero_count": 70,
  "complexity_norm": 0.5645161290322581,
  "train_gen_window": 0.022407841777566138,
  "generalizability": 0.027826441941753252,
  "equation": "0.10943 E^{0.5} n P^{-0.5} - 0.00035437 F dT_{e} + 0.0012052 F dT_{i} - 0.00042692 F dn - 0.0010799 P^{-1} F dT_{e} + 7.0498 \\cdot 10^{-5} P^{-1} F dT_{i} - 0.00059472 P dn - 0.0011184 T_{e}^{0.5} F dT_{e} - 0.0008761 T_{e}^{0.5} F dn - 0.055394 T_{e}^{0.5} P^{-1} dn + 0.00043818 T_{e}^{0.5} T_{i}^{0.5} F dT_{e} - 2.3389 \\cdot 10^{-6} T_{e}^{0.5} T_{i}^{0.5} F dT_{i} - 0.01423 T_{e}^{0.5} T_{i}^{0.5} F dn - 2.9083 \\cdot 10^{-6} T_{e}^{0.5} T_{i}^{0.5} P^{-1} dT_{i} + 0.016757 T_{e}^{0.5} T_{i}^{0.5} P^{-1} dn + 0.00025823 T_{e}^{0.5} T_{i}^{0.5} P dT_{e} + 1.7133 \\cdot 10^{-6} T_{e}^{0.5} T_{i}^{0.5} P dT_{i} + 0.00025409 T_{e}^{0.5} T_{i}^{0.5} P dn - 1.7225 \\cdot 10^{-5} T_{e}^{0.5} T_{i} dT_{e} + 0.00086343 T_{e}^{0.5} T_{i} dn - 0.012521 T_{e}^{0.5} dn - 0.001566 T_{e} F dn + 0.026559 T_{e} P^{-1} dn + 1.1559 \\cdot 10^{-5} T_{e} P dT_{i} - 6.2026 \\cdot 10^{-5} T_{e} T_{i}^{0.5} dT_{e} - 0.00018201 T_{e} T_{i} dT_{e} + 0.0070979 T_{e} T_{i} dn - 0.0030922 T_{e} dT_{e} - 0.00022086 T_{e} dT_{i} - 0.051209 T_{e} dn + 0.00087728 T_{i}^{0.5} F dT_{e} - 0.0010552 T_{i}^{0.5} F dn + 0.0014173 T_{i}^{0.5} P^{-1} dT_{e} - 5.7813 \\cdot 10^{-6} T_{i}^{0.5} P^{-1} dT_{i} - 0.0017353 T_{i}^{0.5} P^{-1} dn + 1.0082 \\cdot 10^{-6} T_{i}^{0.5} P dT_{i} + 0.00011132 T_{i}^{0.5} P dn + 4.3137 \\cdot 10^{-5} T_{i} F dT_{e} - 1.6762 \\cdot 10^{-7} T_{i} F dT_{i} + 4.3257 \\cdot 10^{-6} T_{i} P^{-1} dT_{e} + 0.00028467 T_{i} P^{-1} dn + 0.0001004 T_{i} P dT_{e} + 0.01257 T_{i} P dn - 9.6209 \\cdot 10^{-6} T_{i} dT_{e} + 0.00061993 T_{i} dn - 0.00015571 dT_{e} - 1.6869 \\cdot 10^{-5} dT_{i} - 0.005186 n^{-1} F dn + 0.0036354 n^{-1} P^{-1} dn - 0.00017893 n^{-1} T_{e}^{0.5} T_{i}^{0.5} dn - 0.00016924 n^{-1} T_{e}^{0.5} dn - 7.9322 \\cdot 10^{-5} n^{-1} T_{e} dn - 0.00035351 n^{-1} T_{i}^{0.5} dn - 0.00034844 n^{-1} T_{i} dn - 0.00017348 n^{-1} dn - 0.091298 n E^{0.5} - 0.024052 n E^{0.5} T_{e}^{0.5} P^{-1} + 0.00046922 n E^{0.5} T_{e}^{0.5} T_{i}^{0.5} + 0.057219 n E^{0.5} T_{e}^{0.5} T_{i} - 0.00026073 n E^{0.5} T_{e} + 0.001072 n E^{0.5} T_{e} T_{i}^{0.5} + 0.00021418 n E^{0.5} T_{i}^{0.5} - 0.021576 n E^{0.5} T_{i}^{0.5} F + 0.0021842 n E^{0.5} T_{i}^{0.5} P^{-1} + 0.0010109 n E^{0.5} T_{i}^{0.5} P + 0.0045986 n E^{0.5} T_{i} - 0.00029818 n E F + 0.022319 n E P^{-1} + 0.037535 n E T_{e}^{0.5} - 0.022208 n E T_{i}",
  "coefficients": [
    0.0885377100258285,
    0.008320401858645066,
    -0.00025995460918365736,
    -0.0026393757146810242,
    -0.0015029215008478519,
    -0.006546699059400243,
    -0.0002596943726795837,
    -0.0008677861976286107,
    -0.00013051800595205795,
    0.0024995138178283503,
    -0.001013124728335795,
    0.01896274355810205,
    4.171280427320753e-05,
    -0.002579511013169525,
    -6.367245305027833e-05,
    0.0004254304544870865,
    -0.00011538911065859977,
    -0.0016131819807892348,
    -3.2382280513399173e-05,
    -0.00028160359434007266,
    0.0008392978753590576,
    1.9414249275976367e-05,
    -0.019288302486919942,
    -7.606568329650211e-05,
    0.0010939595955134862,
    7.176739749759192e-05,
    6.843981304360515e-05,
    -0.0011695803062880242,
    -0.0002012593115174668,
    -0.00013344112896499546,
    0.008063406317789991,
    6.929442900562661e-06,
    0.00104875226601681,
    0.00010470350801721056,
    -0.00016585037313660134,
    0.00022198126857278817,
    0.0017791581492888273,
    4.015862027684927e-05,
    -0.00046513962562617873,
    0.0005958710379523171,
    0.0011373534135133148,
    -0.000345932428426827,
    -0.004508028476723987,
    -0.00030261329757348123,
    -0.0043000857446218585,
    -1.2876511284296629e-05,
    -0.0004567359214276359,
    -0.000688131114623694,
    -0.0018606299969565808,
    1.4354967656923995e-05,
    -0.001292610717992511,
    0.0001453719479242889,
    0.0004439820901835842,
    0.0005868179478524359,
    0.018808591114486798,
    -0.04993298282076924,
    -0.00825592267268641,
    -0.0009057528002662397,
    0.020677223684442768,
    2.441998493993587e-05,
    -0.016903073741941558,
    0.0003169541494654873,
    0.0007994379202537533,
    0.027732369662436425,
    -0.03254951987874704,
    -0.0015687786416239608,
    0.006513197668180594,
    -8.704322928765516e-05,
    -0.05039566547603787,
    0.002057355325478187,
    0.00013211354668437014,
    -0.021438502885529075,
    0.0010484958060424394,
    0.003227228068705448,
    -0.021288516842250776,
    0.00027982616224187255,
    0.03911782852347066,
    -0.0001340758594513845,
    0.0006216391081780668,
    0.010654931199793778,
    -0.00017022646842641882,
    -7.534639173933065e-05,
    6.855228505015068e-06,
    -0.011544156408092091,
    0.013171260960812572,
    -2.3580071906623926e-05,
    0.053722413883225725
  ],
  "val_sse_masked": 0.00026718503795564175,
  "val_nrmse_masked": 0.04449243098497391,
  "val_mse_masked": 8.906168659450486e-06,
  "val_r2_masked": 0.9980197548866272,
  "val_sse_full": 0.00026856365730054677,
  "val_nrmse_full": 0.044607069343328476,
  "val_mse_full": 8.952122698246967e-06,
  "val_r2_full": 0.9980095624923706,
  "iteration": 376,
  "p_lo_eff": 0.12967753410339355,
  "p_hi_eff": 1.9451630115509033,
  "f_lo_eff": 0.20659340918064117,
  "f_hi_eff": 1.6527472734451294
}