{
  "tag": "143_7336ff68",
  "lmb1": 0.0007076569899170664,
  "lmb2": 1e-08,
  "nonzero_count": 16,
  "complexity_norm": 0.12903225806451613,
  "train_gen_window": 0.055310952365106164,
  "generalizability": 0.05785474161563979,
  "equation": "0.052189 E^{0.5} n P^{-0.5} - 0.0038293 P^{-1} F dT_{e} - 7.6519 \\cdot 10^{-5} P^{-1} F dT_{i} - 0.0023847 P^{-1} F dn + 0.00048372 P dn - 0.0013058 T_{e}^{0.5} T_{i}^{0.5} dn - 0.066521 T_{e} dn - 0.0091999 T_{i}^{0.5} P^{-1} dn + 0.0002282 T_{i}^{0.5} P dn + 0.0047272 T_{i} P dn + 0.00025878 n^{-1} P^{-1} dn + 0.0083915 n E^{0.5} T_{e}^{0.5} T_{i} - 0.021879 n E^{0.5} T_{i}^{0.5} P + 0.0011561 n E^{0.5} T_{i} + 0.040887 n E T_{e}^{0.5} T_{i}^{0.5} + 0.00037612 n E T_{i}^{0.5}",
  "coefficients": [
    0.08853770293961688,
    0.0005922773733166485,
    8.356356581506922e-06,
    -2.1492458916765958e-05,
    4.228538672243054e-06,
    3.83444391224427e-06,
    3.886654582487197e-06,
    2.470712562284656e-06,
    1.9064178847242828e-06,
    -0.0027129616013880846,
    -2.1687453286527403e-06,
    2.4999812474286783e-06,
    -1.1374689321673208e-06,
    -3.7123572245078734e-06,
    -4.5160468837766585e-06,
    -6.917041297631391e-06,
    -4.69975858850639e-06,
    -3.29953003799169e-06,
    -3.973449032221513e-06,
    -2.3867551961028576e-06,
    -6.252062775608319e-06,
    -5.643100585072779e-06,
    -1.4255897127780272e-06,
    7.174035308040757e-07,
    -3.255711502465387e-06,
    -5.1412623396828094e-06,
    -1.1530833631898306e-06,
    -0.0041472715583146785,
    3.8232420692386745e-06,
    3.5009989709525003e-06,
    1.7573743530537094e-06,
    1.258051110822398e-05,
    5.171250830820566e-06,
    4.657370171042844e-06,
    1.7377507348894182e-05,
    7.407952058031948e-06,
    1.6116616252836446e-05,
    -1.3775648176896783e-06,
    3.2546132843475275e-06,
    5.036133248572824e-06,
    1.1649428801927552e-05,
    1.8247410886440933e-05,
    8.182833760477834e-06,
    1.9614134746695883e-05,
    1.8552887265357897e-05,
    -0.0030142702601668337,
    -6.351071630114037e-06,
    0.0005596914518686274,
    -0.009864524683871547,
    -4.014027137698433e-05,
    -2.7700881608882708e-05,
    0.0002980158660069493,
    -2.4844523075278853e-06,
    -2.5526764168514788e-05,
    0.007073334354547075,
    -1.6944862916367182e-05,
    -3.76934384920021e-05,
    -8.41989718052503e-06,
    -2.8628883314995443e-06,
    -0.0009984296750786682,
    -5.8972487748955974e-05,
    3.9036472007964666e-05,
    -5.0995979779018194e-05,
    -8.975041361935564e-07,
    -0.042282137220200355,
    -1.0283177433282208e-05,
    -5.447152757484544e-05,
    -6.644668703613507e-07,
    1.9773105407739546e-06,
    1.241774212089859e-06,
    1.056585236291358e-05,
    9.212500096757119e-07,
    -0.022692669485839898,
    0.0008113282348490776,
    -1.1558022410610436e-05,
    1.2346365664681867e-05,
    0.005736907388530966,
    2.117126451413293e-06,
    1.102475051101418e-05,
    8.35122867217337e-06,
    3.109179164974158e-06,
    -3.57362764598251e-05,
    0.00015692959656747794,
    9.604113706864096e-06,
    2.7138691578638056e-05,
    0.016534303947039947,
    0.02562223080244827
  ],
  "val_sse_masked": 0.0009241612860932946,
  "val_nrmse_masked": 0.08274731785058975,
  "val_mse_masked": 3.0805378628429025e-05,
  "val_r2_masked": 0.9931505918502808,
  "val_sse_full": 0.0009001087164506316,
  "val_nrmse_full": 0.08166341483592987,
  "val_mse_full": 3.0003626307006925e-05,
  "val_r2_full": 0.993328869342804,
  "iteration": 143,
  "p_lo_eff": 0.12967753410339355,
  "p_hi_eff": 1.9451630115509033,
  "f_lo_eff": 0.20659340918064117,
  "f_hi_eff": 1.6527472734451294
}