{
  "tag": "366_87fa69c7",
  "lmb1": 0.0010006799309087878,
  "lmb2": 4.450197836303539e-08,
  "nonzero_count": 13,
  "complexity_norm": 0.10483870967741936,
  "train_gen_window": 0.06711507101286907,
  "generalizability": 0.06725778487561813,
  "equation": "0.05658 E^{0.5} n P^{-0.5} - 0.0038356 P^{-1} F dT_{e} - 7.4705 \\cdot 10^{-5} P^{-1} F dT_{i} - 0.0021401 P^{-1} F dn - 0.0039747 T_{e}^{0.5} T_{i}^{0.5} dn - 0.05651 T_{e} dn - 0.010296 T_{i}^{0.5} P^{-1} dn + 0.0027377 T_{i} P dn + 0.00024959 n^{-1} P^{-1} dn + 0.0084994 n E^{0.5} T_{e}^{0.5} T_{i} - 0.020895 n E^{0.5} T_{i}^{0.5} P + 0.00034281 n E^{0.5} T_{i} + 0.036836 n E T_{e}^{0.5} T_{i}^{0.5}",
  "coefficients": [
    0.08853770359477031,
    0.0005712485383498685,
    1.5465141963842895e-05,
    -6.059284020066499e-06,
    1.2906078058863021e-05,
    8.27499493872401e-06,
    7.077689806762934e-06,
    6.729203355198026e-06,
    4.315645575592445e-06,
    -0.002648637086895135,
    -3.5745967528814675e-06,
    1.5755367058061298e-07,
    -2.818968228597059e-06,
    -3.1901643347084524e-06,
    -4.652569456648434e-06,
    -8.776238017413537e-06,
    -3.576668949309121e-06,
    -2.9321849996969344e-06,
    -4.1377205117414306e-06,
    -2.5388566736252173e-06,
    -7.767462623820917e-06,
    -4.525585322152328e-06,
    -2.7472467236445035e-06,
    -7.904255094130262e-07,
    -6.176353711409322e-06,
    -4.142547119226723e-06,
    -2.050217778882938e-06,
    -0.004153996608745503,
    4.089285405516749e-07,
    5.411915600256908e-07,
    -6.246878637526513e-08,
    1.940326247129807e-06,
    9.540037760245341e-07,
    1.2732507714875678e-06,
    3.7272772495535003e-06,
    1.8965383497167e-06,
    4.155035380300746e-06,
    -2.203220091157696e-06,
    4.409648922370898e-07,
    9.826442531180438e-07,
    1.8467383762269872e-06,
    3.954450811761259e-06,
    1.2414888529537041e-06,
    2.7201126590362525e-06,
    4.109498417339786e-06,
    -0.002705122525954938,
    -6.093567900598859e-06,
    8.678137883867138e-05,
    -0.011039787047932726,
    -2.386705364822016e-05,
    -2.7526155225416576e-05,
    4.196342671476558e-05,
    -2.391160900628314e-06,
    -1.1339695250331979e-05,
    0.004096500459104143,
    -1.170029419920281e-05,
    -2.885921493982624e-05,
    -8.137782020807267e-06,
    -2.741920718340896e-06,
    -0.003039159901321739,
    -9.799156876550132e-05,
    1.6000071984347756e-05,
    -1.6018402479671232e-05,
    -1.148567162867642e-06,
    -0.03591867465349556,
    -1.0158981057551432e-05,
    -1.5647918741253242e-05,
    -2.0576127246027253e-09,
    1.7346911991175117e-06,
    1.3074006221138818e-06,
    7.356888617525075e-06,
    1.4871438780351398e-06,
    -0.021671808822857037,
    0.00024058320553392977,
    -3.86302345526587e-06,
    8.726864695752132e-06,
    0.005810700294936188,
    1.9418487685174982e-06,
    8.418091143529225e-06,
    6.225420292901021e-06,
    3.194268361826407e-06,
    -1.578461563601395e-05,
    8.109740682836937e-05,
    8.876706616280395e-06,
    1.8825995510364292e-05,
    0.014895842454467467,
    0.02777805856104148
  ],
  "val_sse_masked": 0.0011428282596170902,
  "val_nrmse_masked": 0.0920175239443779,
  "val_mse_masked": 3.8094276533229277e-05,
  "val_r2_masked": 0.9915299415588379,
  "val_sse_full": 0.0011030698660761118,
  "val_nrmse_full": 0.09040273725986481,
  "val_mse_full": 3.6768997233593836e-05,
  "val_r2_full": 0.9918246269226074,
  "iteration": 366,
  "p_lo_eff": 0.12967753410339355,
  "p_hi_eff": 1.9451630115509033,
  "f_lo_eff": 0.20659340918064117,
  "f_hi_eff": 1.6527472734451294
}