{
  "tag": "173_8e950b55",
  "lmb1": 0.019497530060401294,
  "lmb2": 1e-08,
  "nonzero_count": 4,
  "complexity_norm": 0.03225806451612903,
  "train_gen_window": 0.19022139470230964,
  "generalizability": 0.20033696263218476,
  "equation": "0.057148 E^{0.5} n P^{-0.5} - 0.012274 P^{-1} F dn - 0.029539 T_{e}^{0.5} T_{i}^{0.5} dn + 0.0091645 n E T_{e}^{0.5} T_{i}^{0.5}",
  "coefficients": [
    0.08853770516685544,
    5.7881328848928064e-08,
    6.450695265077832e-08,
    -2.262017227741824e-07,
    8.336742399622726e-08,
    7.211689687761731e-08,
    6.383621238557876e-08,
    8.020969909522486e-08,
    6.397311555344484e-08,
    -1.9034193039326822e-08,
    -4.262724634421747e-08,
    7.398221509163871e-09,
    -1.2223429200385043e-08,
    -3.465072934270423e-08,
    -3.7878209820831234e-08,
    -4.1010269754680526e-08,
    -2.896030470311806e-08,
    -3.5374142279071265e-08,
    -3.807396557987221e-08,
    -2.8270875281411568e-08,
    -4.1286651049042515e-08,
    -3.264349597733134e-08,
    -4.3448248806448667e-08,
    -1.1748924338086197e-08,
    -4.9435277748743e-08,
    -3.281023877646621e-08,
    -8.272397526921412e-08,
    -5.983624984699376e-08,
    -6.841883247584876e-08,
    -3.7773921493409804e-08,
    -5.973886105344581e-08,
    -4.8668231821662326e-08,
    -4.1669872628624245e-08,
    -3.0217918508887105e-08,
    -1.756110717306544e-08,
    -2.3392495473101237e-08,
    -1.1584247547293864e-08,
    -8.354432061657207e-08,
    -4.0709401171686176e-08,
    -4.170273955503305e-08,
    -4.015868621202633e-08,
    -1.4865789933105124e-08,
    -6.50889438127414e-08,
    -4.183615343329357e-08,
    -1.2476126827236178e-08,
    -0.01551488954631887,
    -9.476588154372718e-07,
    -1.3068585952234566e-07,
    -5.341751542088771e-06,
    -3.4639498713458056e-06,
    -2.4741808728309914e-06,
    -1.5136173510898e-07,
    -4.818910592943485e-07,
    -2.595395556012615e-06,
    -1.588615590241186e-07,
    -2.057484018246433e-06,
    -2.3475102566881977e-06,
    -1.262602582748035e-06,
    -6.841419599103381e-07,
    -0.022586357374582346,
    -6.232048591524639e-06,
    -1.632374623028715e-07,
    -3.7873231522885924e-06,
    -5.581603722998949e-07,
    -8.162740738331527e-06,
    -1.8104056495102108e-06,
    -3.604179175389469e-06,
    4.7391145919982866e-07,
    3.868736068881598e-07,
    6.617951643996923e-07,
    7.97914118970106e-07,
    5.112478149261417e-07,
    9.588121545496245e-08,
    3.031444968930069e-06,
    2.8645073194379437e-07,
    1.0888306189941162e-06,
    1.4398776165757437e-05,
    5.417250887500045e-07,
    1.554223399633732e-06,
    1.9543885892882587e-06,
    7.330799955995891e-07,
    1.3383567198294574e-07,
    4.295489048333889e-06,
    1.510141067917965e-06,
    1.8663504926694608e-06,
    0.0037060089788879032,
    0.028056593094393872
  ],
  "val_sse_masked": 0.009274358861148357,
  "val_nrmse_masked": 0.2621331810951233,
  "val_mse_masked": 0.0003091453108936548,
  "val_r2_masked": 0.931263267993927,
  "val_sse_full": 0.009228819981217384,
  "val_nrmse_full": 0.2614888548851013,
  "val_mse_full": 0.00030762734240852296,
  "val_r2_full": 0.93160080909729,
  "iteration": 173,
  "p_lo_eff": 0.12967753410339355,
  "p_hi_eff": 1.9451630115509033,
  "f_lo_eff": 0.20659340918064117,
  "f_hi_eff": 1.6527472734451294
}