{
  "tag": "468_5f8012c5",
  "lmb1": 0.000900755300138042,
  "lmb2": 0.0003298635690928158,
  "nonzero_count": 14,
  "complexity_norm": 0.11290322580645161,
  "train_gen_window": 0.06282870183564408,
  "generalizability": 0.06434040786903134,
  "equation": "0.056014 E^{0.5} n P^{-0.5} - 0.0038213 P^{-1} F dT_{e} - 7.1601 \\cdot 10^{-5} P^{-1} F dT_{i} - 0.0025928 P^{-1} F dn - 0.0090101 T_{e}^{0.5} T_{i}^{0.5} dn - 0.052967 T_{e} dn - 0.0095403 T_{i}^{0.5} P^{-1} dn + 0.0040167 T_{i} P dn + 0.00029307 n^{-1} P^{-1} dn + 0.0069823 n E^{0.5} T_{e}^{0.5} T_{i} - 0.02031 n E^{0.5} T_{i}^{0.5} P + 0.00050944 n E^{0.5} T_{i} + 0.038818 n E T_{e}^{0.5} T_{i}^{0.5} + 0.00034099 n E T_{i}^{0.5}",
  "coefficients": [
    0.08853770362767571,
    0.0006707547069693418,
    1.34975986163167e-05,
    -8.52186737598381e-06,
    9.319059370070278e-06,
    6.47823636787145e-06,
    6.2944641740878e-06,
    5.435217065259455e-06,
    3.791380737090139e-06,
    -0.0025385939908361493,
    -2.995475028072341e-06,
    6.380049285478187e-07,
    -2.0799529503190627e-06,
    -3.4169292497747365e-06,
    -4.2310566806127915e-06,
    -6.391304975257413e-06,
    -3.7017818984341527e-06,
    -3.186764042409897e-06,
    -3.844585118329868e-06,
    -2.5337153878464608e-06,
    -5.855608947198558e-06,
    -4.430624141600816e-06,
    -2.375481423134743e-06,
    -5.293914396424376e-07,
    -4.386061364689751e-06,
    -4.132709781130324e-06,
    -1.9300710832332434e-06,
    -0.00413860628987345,
    8.922641166749554e-07,
    9.68371539486812e-07,
    1.6344748141074255e-07,
    2.6926894342781932e-06,
    1.3678653040775717e-06,
    1.6224374486515134e-06,
    4.530420883729101e-06,
    2.337729998991957e-06,
    4.927531257659941e-06,
    -2.107313108894753e-06,
    8.462343624950903e-07,
    1.3901039117716393e-06,
    2.635057110885276e-06,
    4.794869896358563e-06,
    1.951969199346226e-06,
    3.688458921148595e-06,
    4.975858712338806e-06,
    -0.0032772498768606443,
    -6.616584233970384e-06,
    8.50059525647567e-05,
    -0.01022945002653076,
    -2.661173608352302e-05,
    -2.615835760087278e-05,
    5.192879291833976e-05,
    -2.362326468210433e-06,
    -1.176006175057574e-05,
    0.00601019286787437,
    -1.4781595241949776e-05,
    -4.3351828076521773e-05,
    -8.860185764088975e-06,
    -2.889828405147678e-06,
    -0.006889365991062901,
    -7.520734529142567e-05,
    1.815181732517941e-05,
    -1.684903623402905e-05,
    -1.2291380142132599e-06,
    -0.03366640767692395,
    -1.106013044033006e-05,
    -1.6802569813472776e-05,
    -1.0525392415396032e-07,
    1.9033489618951936e-06,
    1.3548644993129986e-06,
    8.243740091858676e-06,
    1.3645546221811363e-06,
    -0.02106532384505474,
    0.00035751791907136845,
    -5.055529667132886e-06,
    9.84372867836823e-06,
    0.004773494804866771,
    2.130696878087991e-06,
    9.449257308641059e-06,
    7.112561272933601e-06,
    3.3068994561107523e-06,
    -1.7330853973539735e-05,
    0.00014227285252231206,
    1.0308073736379382e-05,
    2.5259046325838337e-05,
    0.01569754040309595,
    0.02750017145355504
  ],
  "val_sse_masked": 0.0010564607800915837,
  "val_nrmse_masked": 0.08847218751907349,
  "val_mse_masked": 3.521536200423725e-05,
  "val_r2_masked": 0.9921700358390808,
  "val_sse_full": 0.0010277939727529883,
  "val_nrmse_full": 0.08726359158754349,
  "val_mse_full": 3.425979957683012e-05,
  "val_r2_full": 0.9923825263977051,
  "iteration": 468,
  "p_lo_eff": 0.12967753410339355,
  "p_hi_eff": 1.9451630115509033,
  "f_lo_eff": 0.20659340918064117,
  "f_hi_eff": 1.6527472734451294
}