{
  "tag": "446_c7898e4f",
  "lmb1": 2.897557642785743e-05,
  "lmb2": 1.8011295184431217e-07,
  "nonzero_count": 59,
  "complexity_norm": 0.47580645161290325,
  "train_gen_window": 0.022268450484773546,
  "generalizability": 0.028918736335776712,
  "equation": "0.11307 E^{0.5} n P^{-0.5} + 0.00074317 F dT_{i} - 0.00018046 F dn - 0.0016595 P^{-1} F dT_{e} + 3.0648 \\cdot 10^{-5} P^{-1} F dT_{i} - 0.00068557 T_{e}^{0.5} F dT_{e} - 0.00043613 T_{e}^{0.5} F dn - 0.042394 T_{e}^{0.5} P^{-1} dn - 1.15 \\cdot 10^{-6} T_{e}^{0.5} T_{i}^{0.5} F dT_{i} - 0.016291 T_{e}^{0.5} T_{i}^{0.5} F dn - 5.006 \\cdot 10^{-6} T_{e}^{0.5} T_{i}^{0.5} P^{-1} dT_{i} + 0.010462 T_{e}^{0.5} T_{i}^{0.5} P^{-1} dn + 3.4266 \\cdot 10^{-5} T_{e}^{0.5} T_{i}^{0.5} P dT_{e} + 9.7706 \\cdot 10^{-7} T_{e}^{0.5} T_{i}^{0.5} P dT_{i} + 0.00014306 T_{e}^{0.5} T_{i}^{0.5} P dn - 5.8419 \\cdot 10^{-6} T_{e}^{0.5} T_{i} dT_{e} + 0.00038288 T_{e}^{0.5} T_{i} dn - 0.000565 T_{e}^{0.5} dn - 0.00092399 T_{e} F dn + 0.016469 T_{e} P^{-1} dn + 2.6662 \\cdot 10^{-6} T_{e} P dT_{i} - 5.072 \\cdot 10^{-5} T_{e} T_{i}^{0.5} dT_{e} - 0.00016791 T_{e} T_{i} dT_{e} + 0.0011074 T_{e} T_{i} dn - 0.0019527 T_{e} dT_{e} - 8.1367 \\cdot 10^{-5} T_{e} dT_{i} - 0.054328 T_{e} dn + 0.00053716 T_{i}^{0.5} F dT_{e} - 0.00040495 T_{i}^{0.5} F dn + 0.0011918 T_{i}^{0.5} P^{-1} dT_{e} - 4.9504 \\cdot 10^{-6} T_{i}^{0.5} P^{-1} dT_{i} - 0.002233 T_{i}^{0.5} P^{-1} dn + 6.5798 \\cdot 10^{-7} T_{i}^{0.5} P dT_{i} + 0.00010306 T_{i}^{0.5} P dn + 4.9189 \\cdot 10^{-5} T_{i}^{0.5} dT_{e} + 2.1564 \\cdot 10^{-5} T_{i} F dT_{e} + 0.0026971 T_{i} P^{-1} dn + 0.00015849 T_{i} P dT_{e} + 0.013025 T_{i} P dn + 0.00029748 T_{i} dn - 8.1317 \\cdot 10^{-5} dT_{e} - 2.8864 \\cdot 10^{-5} dT_{i} - 0.0099393 n^{-1} F dn + 0.0034999 n^{-1} P^{-1} dn - 2.1983 \\cdot 10^{-5} n^{-1} T_{e}^{0.5} T_{i}^{0.5} dn + 0.00010081 n^{-1} T_{e} dn - 0.00021406 n^{-1} T_{i}^{0.5} dn - 0.00011418 n^{-1} T_{i} dn - 0.064798 n E^{0.5} - 0.025241 n E^{0.5} T_{e}^{0.5} P^{-1} + 0.000286 n E^{0.5} T_{e}^{0.5} T_{i}^{0.5} + 0.030449 n E^{0.5} T_{e}^{0.5} T_{i} + 0.0010191 n E^{0.5} T_{e} T_{i}^{0.5} - 0.020179 n E^{0.5} T_{i}^{0.5} F + 0.00023781 n E^{0.5} T_{i}^{0.5} P^{-1} + 0.00056259 n E^{0.5} T_{i} + 0.023956 n E P^{-1} + 0.022163 n E T_{e}^{0.5} - 0.00087744 n E T_{i}",
  "coefficients": [
    0.08853770830540308,
    0.008010192081837402,
    -5.489047865057229e-05,
    -0.0050585373012394545,
    -0.0009100373957871486,
    -0.002145347489056232,
    6.593645687758885e-06,
    -0.00010661513361390456,
    0.00016587843855250627,
    0.001086619518210749,
    -0.001733529478357679,
    0.011693138571768444,
    -2.263739997825331e-05,
    -0.0022087731847814434,
    -2.3390848271567915e-05,
    0.00027763816995512357,
    1.6257543208034235e-06,
    -0.0027767238096015287,
    -2.3175928706497306e-05,
    -0.0001384621461896074,
    0.0004786422241246648,
    8.15550809156363e-05,
    -0.007106074092428369,
    1.242258576993169e-05,
    0.00025232959193387076,
    8.07440586390532e-05,
    4.979441737171257e-05,
    -0.001797229654211907,
    -0.00010510130117918083,
    -6.052795542075938e-05,
    0.006780541327348043,
    0.00018848624508813698,
    0.0006421458902444027,
    7.239019172765697e-05,
    8.848024371839976e-06,
    0.00011096674472183873,
    0.0028086235593403146,
    -4.206306772295751e-06,
    -0.0002851212270167751,
    5.218106084760253e-05,
    0.00015092286389125156,
    -0.00011732627146714043,
    -0.0028468586278917697,
    -0.00024745438236351523,
    -0.003967080158727841,
    -1.9372582300574773e-05,
    -0.0001930689592913674,
    -8.844537525357567e-05,
    -0.0023942502595801054,
    9.510249398021327e-06,
    -0.000496060143393157,
    0.00013459267007068552,
    0.0042065943895965505,
    0.0002815865971491372,
    0.019489987561442403,
    -0.038214281164526194,
    -0.00037253980483315316,
    -0.0004508930113287389,
    0.012910106723477376,
    -1.0768957626070688e-05,
    -0.019350122976174864,
    0.0001784563915581209,
    0.0003545050608259571,
    0.017196816152056215,
    -0.03453174522542979,
    -0.000925611440596354,
    0.0010161828519294589,
    -3.890798607111734e-06,
    -0.03576774301761292,
    0.00022399231851623138,
    4.9186257749541314e-05,
    -0.0200504867661997,
    4.534934227990558e-05,
    0.0003948213132960266,
    -0.022340695036090614,
    0.0001705601300787801,
    0.02081686129407803,
    -4.31197026198464e-05,
    0.0005909707183748697,
    0.011436419284711908,
    -8.814520935623465e-05,
    -4.0219572180291634e-05,
    4.9035170567921245e-05,
    -0.00045610538370139216,
    0.007777348256643811,
    5.877695064844021e-05,
    0.05551334294226742
  ],
  "val_sse_masked": 0.00032536310027353466,
  "val_nrmse_masked": 0.049098044633865356,
  "val_mse_masked": 1.0845436918316409e-05,
  "val_r2_masked": 0.997588574886322,
  "val_sse_full": 0.00032474269391968846,
  "val_nrmse_full": 0.04905121400952339,
  "val_mse_full": 1.0824756827787496e-05,
  "val_r2_full": 0.9975931644439697,
  "iteration": 446,
  "p_lo_eff": 0.12967753410339355,
  "p_hi_eff": 1.9451630115509033,
  "f_lo_eff": 0.20659340918064117,
  "f_hi_eff": 1.6527472734451294
}