{
  "tag": "498_116e650d",
  "lmb1": 6.674169565786224e-07,
  "lmb2": 0.005078342370782818,
  "nonzero_count": 85,
  "complexity_norm": 0.6854838709677419,
  "train_gen_window": 0.04159164002285827,
  "generalizability": 0.03317404628733639,
  "equation": "0.039096 E^{0.5} n P^{-0.5} - 0.0015847 F dT_{e} + 0.00064433 F dT_{i} - 0.0030299 F dn - 0.0033534 P^{-1} F dT_{e} - 0.00012674 P^{-1} F dT_{i} - 0.0042209 P^{-1} F dn + 0.0001447 P^{-1} dT_{e} - 6.7402 \\cdot 10^{-5} P F dT_{i} + 0.00037773 P dn - 0.00067347 T_{e}^{0.5} F dT_{e} - 0.0044017 T_{e}^{0.5} F dn + 0.0005365 T_{e}^{0.5} P^{-1} dT_{e} - 0.013086 T_{e}^{0.5} P^{-1} dn + 0.00069853 T_{e}^{0.5} T_{i}^{0.5} F dT_{e} - 2.2604 \\cdot 10^{-6} T_{e}^{0.5} T_{i}^{0.5} F dT_{i} - 0.00393 T_{e}^{0.5} T_{i}^{0.5} F dn - 5.0872 \\cdot 10^{-6} T_{e}^{0.5} T_{i}^{0.5} P^{-1} dT_{i} + 0.0035618 T_{e}^{0.5} T_{i}^{0.5} P^{-1} dn + 0.00034068 T_{e}^{0.5} T_{i}^{0.5} P dT_{e} + 1.6846 \\cdot 10^{-6} T_{e}^{0.5} T_{i}^{0.5} P dT_{i} + 0.0035065 T_{e}^{0.5} T_{i}^{0.5} P dn - 1.6321 \\cdot 10^{-6} T_{e}^{0.5} T_{i}^{0.5} dT_{i} - 0.0065054 T_{e}^{0.5} T_{i}^{0.5} dn - 7.4528 \\cdot 10^{-5} T_{e}^{0.5} T_{i} dT_{e} + 7.6041 \\cdot 10^{-8} T_{e}^{0.5} T_{i} dT_{i} + 0.0023964 T_{e}^{0.5} T_{i} dn - 0.015484 T_{e}^{0.5} dn + 0.00016981 T_{e} F dT_{i} - 0.0052476 T_{e} F dn + 0.0048699 T_{e} P^{-1} dn + 1.5541 \\cdot 10^{-5} T_{e} P dT_{i} - 0.00016766 T_{e} T_{i}^{0.5} dT_{e} - 0.00011247 T_{e} T_{i} dT_{e} + 2.2068 \\cdot 10^{-7} T_{e} T_{i} dT_{i} + 0.0019151 T_{e} T_{i} dn - 0.00061482 T_{e} dT_{e} - 2.7143 \\cdot 10^{-5} T_{e} dT_{i} - 0.01909 T_{e} dn + 0.00062586 T_{i}^{0.5} F dT_{e} - 0.0030025 T_{i}^{0.5} F dn + 0.00058534 T_{i}^{0.5} P^{-1} dT_{e} - 6.5729 \\cdot 10^{-6} T_{i}^{0.5} P^{-1} dT_{i} - 0.0094647 T_{i}^{0.5} P^{-1} dn + 0.0036088 T_{i}^{0.5} P dn + 0.00023004 T_{i}^{0.5} dT_{e} - 3.3394 \\cdot 10^{-6} T_{i}^{0.5} dT_{i} - 0.0037914 T_{i}^{0.5} dn - 4.625 \\cdot 10^{-5} T_{i} F dT_{e} + 8.4524 \\cdot 10^{-7} T_{i} F dT_{i} + 4.4695 \\cdot 10^{-5} T_{i} P^{-1} dT_{e} + 0.0038231 T_{i} P^{-1} dn + 0.00015853 T_{i} P dT_{e} + 0.0061635 T_{i} P dn - 1.1611 \\cdot 10^{-5} T_{i} dT_{e} + 0.0039087 T_{i} dn - 0.00038678 dT_{e} - 4.393 \\cdot 10^{-5} dT_{i} - 0.026024 n^{-1} F dn + 0.0027596 n^{-1} P^{-1} dn + 0.00012063 n^{-1} T_{e}^{0.5} T_{i}^{0.5} dn + 0.0017529 n^{-1} T_{e}^{0.5} dn + 0.0017923 n^{-1} T_{e} dn + 9.6184 \\cdot 10^{-5} n^{-1} T_{i}^{0.5} dn - 0.00014193 n^{-1} T_{i} dn + 0.0015292 n^{-1} dn - 0.0069302 n E^{0.5} + 0.007041 n E^{0.5} P^{-1} - 0.012043 n E^{0.5} T_{e}^{0.5} P^{-1} + 0.005393 n E^{0.5} T_{e}^{0.5} T_{i}^{0.5} + 0.0063678 n E^{0.5} T_{e}^{0.5} T_{i} - 0.00024458 n E^{0.5} T_{e} + 0.006862 n E^{0.5} T_{e} T_{i}^{0.5} + 0.0022748 n E^{0.5} T_{i}^{0.5} - 0.012313 n E^{0.5} T_{i}^{0.5} F + 0.001936 n E^{0.5} T_{i}^{0.5} P^{-1} - 0.011518 n E^{0.5} T_{i}^{0.5} P + 0.0048219 n E^{0.5} T_{i} - 0.0065718 n E F + 0.010473 n E P^{-1} - 0.0045298 n E P + 0.028351 n E T_{e}^{0.5} + 0.015685 n E T_{e}^{0.5} T_{i}^{0.5} + 0.014082 n E T_{i}^{0.5} + 0.0012542 n E T_{i}",
  "coefficients": [
    0.08853770663683558,
    0.006316050284673996,
    0.002291498565712969,
    -0.013244829431486175,
    0.0004089143222515187,
    -0.0026667752488219506,
    0.0026898335528525823,
    0.0005850328957253334,
    0.0029491641856436105,
    -0.004493613036564853,
    -0.0026384072938807944,
    0.01013798043133264,
    -0.0010471512681319694,
    -0.002932676779065932,
    -0.0012708022140436818,
    -7.132235830724452e-05,
    0.000581871629107506,
    -0.00282173160032273,
    -0.0007456769720131044,
    -0.0002721526937280389,
    0.0008252610978029644,
    0.00024204607641115528,
    -0.0023704987526689024,
    0.004059893596541338,
    0.0014708212920724988,
    0.0008460842713650689,
    0.00025801233672510457,
    -0.0036318237702196747,
    -0.0004999151033320002,
    -0.0005967475179117126,
    0.003330186311995503,
    0.0008814823626311485,
    0.0007481901416744562,
    0.0010818335415781382,
    -0.00020015860551813192,
    -0.0002380009372342142,
    0.0028093329177630395,
    0.001098325795580066,
    -0.00028008923350465037,
    0.0009499149652304282,
    0.0015005254208273187,
    -0.0014967886997652585,
    -0.0008963307378261004,
    -0.0008179803395613168,
    -0.0026572629927503833,
    -0.0053351750988264845,
    -0.003241519995871585,
    0.00043705243322532655,
    -0.010148384988613179,
    -0.0030055894369504788,
    -0.0036779810043752505,
    0.004712800723562688,
    0.0059626359687446825,
    0.003699917904033496,
    0.0092225802446818,
    -0.011796001085991305,
    -0.010209868348272266,
    -0.0045507110878056905,
    0.0043951163929534885,
    -0.004974186611744974,
    -0.004668140439213751,
    0.004374075332099568,
    0.0022188309957707096,
    0.005085060655731891,
    -0.01213385607869518,
    -0.005256832656963598,
    0.0017573363667150767,
    0.005383272957780246,
    -0.0038254049517400454,
    0.001823572157122818,
    0.0014031933082829526,
    -0.012234736986921851,
    -0.011946283544136713,
    0.003383981142230065,
    -0.010658966127513837,
    0.003216208554870455,
    0.004353403872780224,
    -0.00012576897379560498,
    0.003979216636967133,
    0.004999627216119625,
    -0.0037517664568747985,
    -0.00275171274148827,
    0.005875404377984846,
    0.0006519499552583383,
    0.009948741134215174,
    0.006342716762542132,
    0.01919420538175615
  ],
  "val_sse_masked": 0.0005460357642732561,
  "val_nrmse_masked": 0.06360490620136261,
  "val_mse_masked": 1.820119359763339e-05,
  "val_r2_masked": 0.9959530830383301,
  "val_sse_full": 0.0005464563146233559,
  "val_nrmse_full": 0.0636293962597847,
  "val_mse_full": 1.821521254896652e-05,
  "val_r2_full": 0.995949923992157,
  "iteration": 498,
  "p_lo_eff": 0.12967753410339355,
  "p_hi_eff": 1.9451630115509033,
  "f_lo_eff": 0.20659340918064117,
  "f_hi_eff": 1.6527472734451294
}