{
  "tag": "489_ffc308ac",
  "lmb1": 2.2854093915638936e-07,
  "lmb2": 2.786668875973475e-07,
  "nonzero_count": 86,
  "complexity_norm": 0.6935483870967742,
  "train_gen_window": 0.013398751097719253,
  "generalizability": 0.028803876344413386,
  "equation": "0.17606 E^{0.5} n P^{-0.5} + 0.14766 F dT_{e} + 0.0060615 F dT_{i} + 0.034662 F dn + 0.0012844 P^{-1} F dT_{e} - 4.8055 \\cdot 10^{-5} P^{-1} F dT_{i} + 0.0092518 P^{-1} F dn - 0.009748 P^{-1} dT_{e} - 0.00070164 P F dT_{i} - 0.01897 P dn - 0.20032 T_{e}^{0.5} F dT_{e} + 0.011146 T_{e}^{0.5} F dn + 0.014771 T_{e}^{0.5} P^{-1} dT_{e} - 0.076824 T_{e}^{0.5} P^{-1} dn + 0.032591 T_{e}^{0.5} T_{i}^{0.5} F dT_{e} - 0.00033548 T_{e}^{0.5} T_{i}^{0.5} F dT_{i} - 0.059309 T_{e}^{0.5} T_{i}^{0.5} F dn + 0.00017064 T_{e}^{0.5} T_{i}^{0.5} P^{-1} dT_{i} + 0.029044 T_{e}^{0.5} T_{i}^{0.5} P^{-1} dn + 0.0022759 T_{e}^{0.5} T_{i}^{0.5} P dT_{e} + 1.1426 \\cdot 10^{-5} T_{e}^{0.5} T_{i}^{0.5} P dT_{i} + 0.0054079 T_{e}^{0.5} T_{i}^{0.5} P dn + 9.7602 \\cdot 10^{-5} T_{e}^{0.5} T_{i}^{0.5} dT_{i} + 0.21656 T_{e}^{0.5} T_{i}^{0.5} dn - 0.0013143 T_{e}^{0.5} T_{i} dT_{e} + 4.4213 \\cdot 10^{-6} T_{e}^{0.5} T_{i} dT_{i} + 0.0073689 T_{e}^{0.5} T_{i} dn - 0.18195 T_{e}^{0.5} dn - 0.0017883 T_{e} F dT_{i} - 0.044325 T_{e} F dn + 0.014522 T_{e} P^{-1} dn + 0.00022312 T_{e} P dT_{i} - 0.010925 T_{e} T_{i}^{0.5} dT_{e} + 0.0019481 T_{e} T_{i} dT_{e} - 3.9417 \\cdot 10^{-6} T_{e} T_{i} dT_{i} + 0.0028422 T_{e} T_{i} dn + 0.0091609 T_{e} dT_{e} - 0.0003902 T_{e} dT_{i} + 0.0058363 T_{e} dn + 0.0050833 T_{i}^{0.5} F dT_{e} + 0.010013 T_{i}^{0.5} F dn + 0.00072679 T_{i}^{0.5} P^{-1} dT_{e} - 0.00018438 T_{i}^{0.5} P^{-1} dT_{i} + 0.024321 T_{i}^{0.5} P^{-1} dn - 5.2596 \\cdot 10^{-5} T_{i}^{0.5} P dT_{i} + 0.056145 T_{i}^{0.5} P dn + 0.0075587 T_{i}^{0.5} dT_{e} + 3.1848 \\cdot 10^{-5} T_{i}^{0.5} dT_{i} - 0.0080868 T_{i}^{0.5} dn - 0.0075065 T_{i} F dT_{e} - 1.9588 \\cdot 10^{-5} T_{i} F dT_{i} + 7.044 \\cdot 10^{-5} T_{i} P^{-1} dT_{e} - 0.01109 T_{i} P^{-1} dn - 0.00057787 T_{i} P dT_{e} - 0.029413 T_{i} P dn + 8.685 \\cdot 10^{-5} T_{i} dT_{e} - 0.056762 T_{i} dn - 0.014052 dT_{e} - 0.00063384 dT_{i} + 0.0091778 n^{-1} F dn + 0.004698 n^{-1} P^{-1} dn - 0.020245 n^{-1} T_{e}^{0.5} T_{i}^{0.5} dn - 0.0087102 n^{-1} T_{e}^{0.5} dn + 0.0050439 n^{-1} T_{e} dn + 0.018145 n^{-1} T_{i}^{0.5} dn + 0.001215 n^{-1} T_{i} dn - 0.0055284 n^{-1} dn - 0.28916 n E^{0.5} - 0.072215 n E^{0.5} P^{-1} + 0.00037787 n E^{0.5} T_{e}^{0.5} P^{-1} - 0.0083129 n E^{0.5} T_{e}^{0.5} T_{i}^{0.5} + 0.020669 n E^{0.5} T_{e}^{0.5} T_{i} - 0.054197 n E^{0.5} T_{e} - 0.0021007 n E^{0.5} T_{e} T_{i}^{0.5} + 0.01887 n E^{0.5} T_{i}^{0.5} - 0.010245 n E^{0.5} T_{i}^{0.5} F + 0.055252 n E^{0.5} T_{i}^{0.5} P^{-1} + 0.017857 n E^{0.5} T_{i}^{0.5} P + 0.18581 n E^{0.5} T_{i} - 0.06332 n E F - 0.032686 n E P^{-1} - 0.014224 n E P + 0.81271 n E T_{e}^{0.5} - 0.54762 n E T_{e}^{0.5} T_{i}^{0.5} - 0.14833 n E T_{i}^{0.5} + 0.054735 n E T_{i}",
  "coefficients": [
    0.0885377209383924,
    0.01075249452876206,
    -0.008284073799852344,
    0.004670991309973243,
    0.07714261173435633,
    0.022827773131999483,
    -0.013365825494241956,
    -0.09818929001989413,
    0.00829927227425879,
    -0.0017037665724808151,
    -0.038068009583799925,
    0.09537211111402413,
    -0.010900647018118603,
    -0.0822669766490829,
    0.012119462685048129,
    -0.02219300439939375,
    -0.013484423439773094,
    0.09464739565014464,
    0.04459361228393273,
    -0.04039168166061614,
    0.00559747687905845,
    0.014073336289529987,
    -0.03407773537788312,
    -0.042757132051318314,
    0.02111592470597324,
    -0.015111980783747037,
    -0.017381932762566644,
    0.001391046204702328,
    -0.01816171975995232,
    0.05560427183634128,
    0.0041349607933160275,
    0.028964047951891912,
    0.006076868923593284,
    0.0017050118510694885,
    0.0014971706450118312,
    -0.038627855208030686,
    -0.010240386824496718,
    0.030238832875232137,
    -0.08331077284768153,
    0.044319934690495624,
    0.010024108040187288,
    -0.02639521381559993,
    0.013355491110806597,
    -0.053300293637615334,
    0.04602445947250191,
    0.011694311503031699,
    0.037082514303923744,
    -0.021948935268772507,
    0.026077679143134615,
    -0.006410807430151096,
    0.012266075613860084,
    0.07332116252962627,
    -0.017296491233516946,
    -0.053730141095551125,
    -0.04401045020332125,
    -0.0692500813495646,
    -0.11997328704759964,
    0.011523124693277167,
    0.035839326420118243,
    0.16558706472625653,
    -0.0704478529055614,
    0.006745817714257954,
    0.006822831404346015,
    0.015163273227229082,
    0.003709661586663124,
    -0.04440324008630711,
    0.0026080395558097623,
    -0.05521323904610481,
    -0.15961263366756784,
    0.052042183529551,
    0.01164007509293865,
    -0.010179985910672302,
    0.01852130457434915,
    0.13040216542167254,
    0.0003344549596191945,
    -0.00495754009648483,
    0.014130449423342345,
    -0.02786933257331009,
    -0.001218164278725344,
    -0.015603845844078281,
    -0.03614858330096309,
    -0.00864033437017396,
    -0.061887618514661034,
    0.028451972432514155,
    0.28518530852556173,
    -0.22145112013759122,
    0.0864365886392208
  ],
  "val_sse_masked": 0.00012553005944937468,
  "val_nrmse_masked": 0.03049677610397339,
  "val_mse_masked": 4.184335466561606e-06,
  "val_r2_masked": 0.9990696310997009,
  "val_sse_full": 0.00012553005944937468,
  "val_nrmse_full": 0.03049677610397339,
  "val_mse_full": 4.184335466561606e-06,
  "val_r2_full": 0.9990696310997009,
  "iteration": 489,
  "p_lo_eff": 0.12967753410339355,
  "p_hi_eff": 1.9451630115509033,
  "f_lo_eff": 0.20659340918064117,
  "f_hi_eff": 1.6527472734451294
}