{
  "tag": "331_1990fd32",
  "lmb1": 9.528282753777543e-05,
  "lmb2": 2.8819144622114526e-07,
  "nonzero_count": 39,
  "complexity_norm": 0.31451612903225806,
  "train_gen_window": 0.03800631807379059,
  "generalizability": 0.03244848359792337,
  "equation": "0.087202 E^{0.5} n P^{-0.5} + 0.00011504 F dT_{i} - 0.0041088 P^{-1} F dT_{e} - 3.8413 \\cdot 10^{-5} P^{-1} F dT_{i} - 0.00043149 P^{-1} F dn + 0.00012436 P dn - 0.022905 T_{e}^{0.5} P^{-1} dn - 0.018003 T_{e}^{0.5} T_{i}^{0.5} F dn + 0.0002481 T_{e}^{0.5} T_{i}^{0.5} P^{-1} dn + 0.00020317 T_{e}^{0.5} T_{i}^{0.5} P dn - 0.00020059 T_{e}^{0.5} dn + 0.00011342 T_{e} P^{-1} dn + 1.3971 \\cdot 10^{-6} T_{e} P dT_{i} - 0.036176 T_{e} dn + 0.00013415 T_{i}^{0.5} F dT_{e} - 0.00022413 T_{i}^{0.5} F dn + 0.00041426 T_{i}^{0.5} P^{-1} dT_{e} - 0.00014141 T_{i}^{0.5} P^{-1} dn + 0.0011423 T_{i}^{0.5} P dn + 6.5628 \\cdot 10^{-6} T_{i} P^{-1} dT_{e} + 0.0021055 T_{i} P^{-1} dn + 0.0093955 T_{i} P dn - 0.020727 n^{-1} F dn + 0.0034512 n^{-1} P^{-1} dn + 0.00014627 n^{-1} T_{e}^{0.5} dn + 0.00010544 n^{-1} T_{e} dn - 6.6711 \\cdot 10^{-6} n^{-1} T_{i} dn + 0.0016062 n^{-1} dn - 0.0050556 n E^{0.5} - 0.018016 n E^{0.5} T_{e}^{0.5} P^{-1} + 0.00017181 n E^{0.5} T_{e}^{0.5} T_{i} - 0.016727 n E^{0.5} T_{i}^{0.5} F - 0.012106 n E^{0.5} T_{i}^{0.5} P + 0.00014735 n E^{0.5} T_{i} + 0.006436 n E P^{-1} + 0.0039829 n E T_{e}^{0.5} + 0.040713 n E T_{e}^{0.5} T_{i}^{0.5} + 0.0024522 n E T_{i}^{0.5} + 0.00023422 n E T_{i}",
  "coefficients": [
    0.08853770646513603,
    0.00789893092242902,
    0.002406768826001182,
    -0.01054897200584012,
    -7.312955614434989e-06,
    -0.00012534200998124092,
    0.00022445610011476435,
    -3.7268553959382363e-06,
    0.00017348797347812087,
    -0.0013619103510127664,
    -1.1391031214480124e-05,
    0.0018100675089652077,
    4.137467326288304e-05,
    -6.214599719812653e-05,
    -1.2494920931904093e-06,
    5.323283317586253e-05,
    -2.2943964313953423e-06,
    -5.360074309505103e-05,
    7.470321280717499e-07,
    -5.376922303339554e-06,
    6.885686106369876e-05,
    2.1649461287086073e-06,
    -8.416826256411003e-06,
    2.0627276672516712e-05,
    0.00013222105966857994,
    4.850941799788895e-06,
    2.4195741968336307e-05,
    -0.00444989074629155,
    -2.7323841276184874e-06,
    2.5513647023968228e-05,
    0.002356867589461559,
    5.508691330589542e-05,
    0.00016036977491945,
    0.00015885245432570059,
    3.8720166769906324e-05,
    9.851116473184347e-05,
    4.351826570063003e-05,
    6.297008724061425e-06,
    7.365623946840871e-06,
    3.5112773537307476e-05,
    4.26024240439244e-06,
    8.431401409003192e-06,
    -1.731021776330498e-05,
    -1.8271134448451634e-06,
    -1.2528668214224543e-05,
    -0.0005453985341909182,
    -2.8240662537947696e-05,
    0.00014388981567850176,
    -0.00015162035339066898,
    -4.3534612014019074e-05,
    -0.0002745587430690743,
    0.0014917099648111146,
    0.0032838118474920715,
    -3.224486680182587e-05,
    0.014058554369699543,
    -0.020646510093422422,
    -0.0001322625163630637,
    -4.658193683865112e-05,
    0.0003061406116514565,
    -9.15837932222044e-05,
    -0.021384775803450565,
    0.00025342950717748393,
    -4.124698340404807e-05,
    0.00011843528930193824,
    -0.022994103793874027,
    -6.0447514955785864e-05,
    -2.7428358583545695e-05,
    1.7810292939121552e-05,
    -0.0027906721161166555,
    2.6351105804603745e-06,
    3.668148120755732e-06,
    -0.016619792917588486,
    -0.012556675930896034,
    0.00010341231747611387,
    -0.015945629110588482,
    1.2618962930588561e-05,
    0.00011745590849613541,
    -5.501060190330834e-05,
    1.5397539494583723e-05,
    0.0030724435271411855,
    -6.767983638574311e-06,
    -9.330752355607212e-05,
    0.0010231361478678653,
    0.00012175122480708245,
    0.0013976393832597002,
    0.016463929243800426,
    0.04281166467104442
  ],
  "val_sse_masked": 0.0005759118357673287,
  "val_nrmse_masked": 0.06532178819179535,
  "val_mse_masked": 1.9197063011233695e-05,
  "val_r2_masked": 0.9957316517829895,
  "val_sse_full": 0.0005701361806131899,
  "val_nrmse_full": 0.06499341875314713,
  "val_mse_full": 1.90045411727624e-05,
  "val_r2_full": 0.9957744479179382,
  "iteration": 331,
  "p_lo_eff": 0.12967753410339355,
  "p_hi_eff": 1.9451630115509033,
  "f_lo_eff": 0.20659340918064117,
  "f_hi_eff": 1.6527472734451294
}