{
  "tag": "299_762975d2",
  "lmb1": 1.8249375488338397e-05,
  "lmb2": 0.0002146738936576021,
  "nonzero_count": 72,
  "complexity_norm": 0.5806451612903226,
  "train_gen_window": 0.024277141533056986,
  "generalizability": 0.03046222377429199,
  "equation": "0.098807 E^{0.5} n P^{-0.5} - 0.00074359 F dT_{e} + 0.001095 F dT_{i} - 0.0002389 F dn - 0.0014742 P^{-1} F dT_{e} + 2.7467 \\cdot 10^{-5} P^{-1} F dT_{i} - 8.9623 \\cdot 10^{-5} P^{-1} F dn - 1.2787 \\cdot 10^{-5} P F dT_{i} - 0.00015074 P dn - 0.0019124 T_{e}^{0.5} F dT_{e} - 0.0010964 T_{e}^{0.5} F dn - 0.032715 T_{e}^{0.5} P^{-1} dn + 0.00028259 T_{e}^{0.5} T_{i}^{0.5} F dT_{e} - 1.8827 \\cdot 10^{-6} T_{e}^{0.5} T_{i}^{0.5} F dT_{i} - 0.012887 T_{e}^{0.5} T_{i}^{0.5} F dn - 6.8457 \\cdot 10^{-6} T_{e}^{0.5} T_{i}^{0.5} P^{-1} dT_{i} + 0.013187 T_{e}^{0.5} T_{i}^{0.5} P^{-1} dn + 0.00022861 T_{e}^{0.5} T_{i}^{0.5} P dT_{e} + 1.4652 \\cdot 10^{-6} T_{e}^{0.5} T_{i}^{0.5} P dT_{i} + 0.00039435 T_{e}^{0.5} T_{i}^{0.5} P dn - 2.3639 \\cdot 10^{-5} T_{e}^{0.5} T_{i} dT_{e} + 1.053 \\cdot 10^{-7} T_{e}^{0.5} T_{i} dT_{i} + 0.00073351 T_{e}^{0.5} T_{i} dn - 0.012843 T_{e}^{0.5} dn - 0.0056663 T_{e} F dn + 0.01515 T_{e} P^{-1} dn + 4.7269 \\cdot 10^{-6} T_{e} P dT_{i} - 4.2839 \\cdot 10^{-5} T_{e} T_{i}^{0.5} dT_{e} - 0.00024811 T_{e} T_{i} dT_{e} + 1.4488 \\cdot 10^{-7} T_{e} T_{i} dT_{i} + 0.00063007 T_{e} T_{i} dn - 0.0025467 T_{e} dT_{e} - 9.2831 \\cdot 10^{-5} T_{e} dT_{i} - 0.035052 T_{e} dn + 0.00047052 T_{i}^{0.5} F dT_{e} - 0.0038517 T_{i}^{0.5} F dn + 0.0016573 T_{i}^{0.5} P^{-1} dT_{e} - 7.9419 \\cdot 10^{-6} T_{i}^{0.5} P^{-1} dT_{i} - 0.015906 T_{i}^{0.5} P^{-1} dn + 6.0015 \\cdot 10^{-7} T_{i}^{0.5} P dT_{i} + 0.00022938 T_{i}^{0.5} P dn + 3.6002 \\cdot 10^{-5} T_{i} F dT_{e} + 6.6713 \\cdot 10^{-6} T_{i} P^{-1} dT_{e} + 0.0059453 T_{i} P^{-1} dn + 0.00019266 T_{i} P dT_{e} + 0.012786 T_{i} P dn + 0.0032067 T_{i} dn - 0.00023278 dT_{e} - 9.0456 \\cdot 10^{-5} dT_{i} - 0.014139 n^{-1} F dn + 0.0041886 n^{-1} P^{-1} dn - 2.1846 \\cdot 10^{-5} n^{-1} T_{e}^{0.5} T_{i}^{0.5} dn + 0.00011369 n^{-1} T_{e} dn - 4.4631 \\cdot 10^{-5} n^{-1} T_{i}^{0.5} dn - 0.00022387 n^{-1} T_{i} dn - 0.057282 n E^{0.5} + 0.00024081 n E^{0.5} P^{-1} - 0.021665 n E^{0.5} T_{e}^{0.5} P^{-1} + 0.00048543 n E^{0.5} T_{e}^{0.5} T_{i}^{0.5} + 0.024205 n E^{0.5} T_{e}^{0.5} T_{i} - 0.00037595 n E^{0.5} T_{e} + 0.0060588 n E^{0.5} T_{e} T_{i}^{0.5} - 0.022689 n E^{0.5} T_{i}^{0.5} F + 0.0023323 n E^{0.5} T_{i}^{0.5} P^{-1} - 0.00022356 n E^{0.5} T_{i}^{0.5} P + 0.0062924 n E^{0.5} T_{i} - 0.0022434 n E F + 0.02071 n E P^{-1} - 0.0016872 n E P + 0.029993 n E T_{e}^{0.5} + 0.00029624 n E T_{e}^{0.5} T_{i}^{0.5} - 0.0022088 n E T_{i}",
  "coefficients": [
    0.08853770806589856,
    0.009586576605971064,
    4.9390764196668456e-05,
    -0.007196118671410497,
    -0.00018974417104695497,
    -0.00420621291608443,
    8.046765082497512e-05,
    -0.00010595054619474685,
    0.00018706508864480573,
    0.0009738290954272879,
    -0.005432683259223295,
    0.017229519213832825,
    -0.00019865050615401202,
    -0.0035435248200951404,
    -3.510791540375509e-05,
    0.0002532348312360278,
    6.377850792493247e-05,
    -0.003797144134358305,
    -3.920112815775578e-06,
    -0.00022667091643297638,
    0.0007177461507162248,
    0.0003351713355611893,
    -0.008107275605247445,
    -1.7865892707358304e-05,
    0.00044736318584995017,
    0.000555449890674082,
    1.2970847148003039e-05,
    -0.0015965485332438652,
    -0.0003008668587428199,
    -0.00028000851012183935,
    0.009428863493375832,
    3.449154095356584e-05,
    0.0005624878992170559,
    0.00016147897550508936,
    -9.953330995818113e-05,
    0.000185264836014238,
    0.0034141815794817153,
    4.948528021031851e-05,
    -0.0007953502848429538,
    0.0003842830513622681,
    0.0010068950501958172,
    -0.000474758830709659,
    -0.0037128388992443122,
    -0.0002090032857952749,
    -0.005861891560585385,
    -0.00011328356413584266,
    -0.0002555807323660865,
    -0.0001744137836453489,
    -0.017054847511886222,
    3.0357746348022102e-05,
    -0.00471828724835396,
    0.00029955616053162475,
    0.009272516126740321,
    0.0030354222799323185,
    0.019132525900022568,
    -0.029489988912769598,
    -0.00846819350077921,
    -0.0011334759999820586,
    0.016272665983321256,
    -5.186425061137558e-05,
    -0.015307199070574993,
    0.0004919129073744458,
    0.0006791455602254135,
    0.01581933208672105,
    -0.02227943802407325,
    -0.005676292211487978,
    0.0005781675889398169,
    0.0001841138910055418,
    -0.03161936997503536,
    0.0021967902413476265,
    3.112227544672762e-05,
    -0.022544444054231384,
    -0.00023187930376021614,
    0.004415941187080681,
    -0.01917618651559077,
    0.0002894952530786611,
    0.016547798814849,
    -0.000193325144483583,
    0.003513474589539238,
    0.009886744088089107,
    -0.001280742901038664,
    -0.0010248989174320776,
    7.966074676378134e-05,
    -0.001148170301047388,
    0.010524861591762307,
    0.00011979480953169133,
    0.048509284340856974
  ],
  "val_sse_masked": 0.00033001185511238873,
  "val_nrmse_masked": 0.04944755509495735,
  "val_mse_masked": 1.1000395716109779e-05,
  "val_r2_masked": 0.9975541234016418,
  "val_sse_full": 0.0003259129007346928,
  "val_nrmse_full": 0.049139514565467834,
  "val_mse_full": 1.0863764146051835e-05,
  "val_r2_full": 0.9975845217704773,
  "iteration": 299,
  "p_lo_eff": 0.12967753410339355,
  "p_hi_eff": 1.9451630115509033,
  "f_lo_eff": 0.20659340918064117,
  "f_hi_eff": 1.6527472734451294
}