{
  "tag": "493_e299560c",
  "lmb1": 0.0005806511929216252,
  "lmb2": 1.2151728356229775e-05,
  "nonzero_count": 17,
  "complexity_norm": 0.13709677419354838,
  "train_gen_window": 0.05313494695105489,
  "generalizability": 0.05444136973333669,
  "equation": "0.0504 E^{0.5} n P^{-0.5} - 0.0038485 P^{-1} F dT_{e} - 7.6351 \\cdot 10^{-5} P^{-1} F dT_{i} - 0.0024702 P^{-1} F dn + 0.00045038 P dn - 0.000398 T_{e}^{0.5} T_{i}^{0.5} dn - 0.070193 T_{e} dn - 0.0087631 T_{i}^{0.5} P^{-1} dn + 0.00027726 T_{i}^{0.5} P dn + 0.0057966 T_{i} P dn - 0.00040397 n^{-1} F dn + 0.00032035 n^{-1} P^{-1} dn + 0.0083502 n E^{0.5} T_{e}^{0.5} T_{i} - 0.022273 n E^{0.5} T_{i}^{0.5} P + 0.0013557 n E^{0.5} T_{i} + 0.043333 n E T_{e}^{0.5} T_{i}^{0.5} + 0.00038494 n E T_{i}^{0.5}",
  "coefficients": [
    0.0885377026841615,
    0.0007331920522135222,
    8.18629357904575e-06,
    -0.00020559954986062702,
    2.4131493529831593e-06,
    1.6281068007478092e-06,
    3.2655873610800136e-06,
    7.706962945873619e-07,
    9.017289898607017e-07,
    -0.0027070210286381127,
    -6.709819282163759e-07,
    6.238944302792932e-06,
    7.377776381154543e-07,
    -3.232048195547202e-06,
    -3.0890718196112035e-06,
    -4.083207133597558e-06,
    -4.131324902828917e-06,
    -2.8448112183240385e-06,
    -2.6379200993154926e-06,
    -1.5794005548688463e-06,
    -3.6084042441127674e-06,
    -4.50972493178227e-06,
    8.595236698356948e-08,
    2.6069963965432978e-06,
    -9.184751409937202e-07,
    -4.083654524777232e-06,
    -5.129600267474012e-07,
    -0.0041679824233391595,
    6.710812778488779e-06,
    6.358768460687766e-06,
    3.5356770734272557e-06,
    2.6293677085545997e-05,
    8.795109478758917e-06,
    8.027036535273116e-06,
    2.8882996086278397e-05,
    1.2013430510268671e-05,
    2.610128626088294e-05,
    -7.931837575066093e-07,
    5.906722193119449e-06,
    8.35921752893249e-06,
    2.577822971578004e-05,
    2.700935689155382e-05,
    1.6435155466800303e-05,
    4.101518249358002e-05,
    2.4712281665745662e-05,
    -0.003122312613532283,
    -6.064918230870832e-06,
    0.000521118492227341,
    -0.0093961153408141,
    -3.036858328019825e-05,
    -1.6282693138906512e-05,
    0.00036208438025420246,
    -2.3178427582114325e-06,
    -2.035265320022259e-05,
    0.008673572318794837,
    -2.131162071217031e-05,
    -4.453958355395042e-05,
    -7.833542104289614e-06,
    -2.736053780554353e-06,
    -0.0003043236840159511,
    -2.3774456798810037e-05,
    4.065460568327256e-05,
    -3.726478482887337e-05,
    -4.946237343542167e-07,
    -0.04461586103097505,
    -9.217501980303966e-06,
    -4.270911017421355e-05,
    -1.4142874035453375e-06,
    1.996118050366434e-06,
    9.706077883144935e-07,
    1.1158359751163713e-05,
    2.9692943763243844e-08,
    -0.023101119392255603,
    0.0009514077294041142,
    -3.119122850095078e-05,
    1.2817971092421448e-05,
    0.005708637341211382,
    2.063232324030214e-06,
    1.1463519955931248e-05,
    9.52585062878598e-06,
    2.6715875427095878e-06,
    -3.16504137306965e-05,
    0.0001606097638633988,
    1.99520622759375e-05,
    3.3614013201005624e-05,
    0.017523354871261162,
    0.02474376479897219
  ],
  "val_sse_masked": 0.0008545613382011652,
  "val_nrmse_masked": 0.07957042008638382,
  "val_mse_masked": 2.8485379516496323e-05,
  "val_r2_masked": 0.993666410446167,
  "val_sse_full": 0.0008386309491470456,
  "val_nrmse_full": 0.07882528007030487,
  "val_mse_full": 2.7954367396887392e-05,
  "val_r2_full": 0.993784487247467,
  "iteration": 493,
  "p_lo_eff": 0.12967753410339355,
  "p_hi_eff": 1.9451630115509033,
  "f_lo_eff": 0.20659340918064117,
  "f_hi_eff": 1.6527472734451294
}