{
  "tag": "471_f71b0be7",
  "lmb1": 0.0007753396133830963,
  "lmb2": 1.4205198805727527e-07,
  "nonzero_count": 16,
  "complexity_norm": 0.12903225806451613,
  "train_gen_window": 0.05782464086025146,
  "generalizability": 0.05994835065185199,
  "equation": "0.053181 E^{0.5} n P^{-0.5} - 0.0038196 P^{-1} F dT_{e} - 7.6701 \\cdot 10^{-5} P^{-1} F dT_{i} - 0.00232 P^{-1} F dn + 0.00041408 P dn - 0.0017172 T_{e}^{0.5} T_{i}^{0.5} dn - 0.064387 T_{e} dn - 0.0094651 T_{i}^{0.5} P^{-1} dn + 0.00015488 T_{i}^{0.5} P dn + 0.0042394 T_{i} P dn + 0.00024987 n^{-1} P^{-1} dn + 0.0084259 n E^{0.5} T_{e}^{0.5} T_{i} - 0.021699 n E^{0.5} T_{i}^{0.5} P + 0.001051 n E^{0.5} T_{i} + 0.039882 n E T_{e}^{0.5} T_{i}^{0.5} + 0.00032672 n E T_{i}^{0.5}",
  "coefficients": [
    0.08853770308168601,
    0.000571872719264887,
    9.997868436243676e-06,
    -1.6225426349556416e-05,
    5.669653545819812e-06,
    5.045876216404121e-06,
    4.632713721050436e-06,
    3.4100076948125207e-06,
    2.522068929844704e-06,
    -0.0027194075691683054,
    -2.715935130268649e-06,
    1.5550043111838447e-06,
    -1.7718990881210465e-06,
    -3.710859958972939e-06,
    -4.879614821375423e-06,
    -8.074119515260587e-06,
    -4.593183760299095e-06,
    -3.315708077700817e-06,
    -4.298166252624119e-06,
    -2.5659615712111794e-06,
    -7.2653078773740305e-06,
    -5.672659694517911e-06,
    -1.932804372291068e-06,
    1.5182584102381688e-07,
    -4.279289625963685e-06,
    -5.15540577272798e-06,
    -1.4354440552798572e-06,
    -0.004136730995247229,
    2.3737321945330005e-06,
    2.279401563953454e-06,
    1.1123301926946409e-06,
    7.596519463577064e-06,
    3.4125201339783574e-06,
    3.3687419825035645e-06,
    1.227074650296479e-05,
    5.298889783402872e-06,
    1.2306855259199654e-05,
    -1.6342540512896895e-06,
    2.120747933072913e-06,
    3.372266043862881e-06,
    7.55411827218315e-06,
    1.3010470521506671e-05,
    4.7013686643662836e-06,
    1.1458736117370192e-05,
    1.3364231200069312e-05,
    -0.002932464978336428,
    -6.434418884456169e-06,
    0.0004791219491343218,
    -0.010148863136033293,
    -3.721015392936314e-05,
    -3.261747779789812e-05,
    0.00020226575336603454,
    -2.4946538409955617e-06,
    -2.1364046811161173e-05,
    0.006343508626861086,
    -1.5335897571440978e-05,
    -3.5160291575719334e-05,
    -8.641340773356582e-06,
    -2.8693262001030555e-06,
    -0.0013130400044052302,
    -8.005917454569065e-05,
    3.094293524296801e-05,
    -3.9952769002411e-05,
    -1.0111968828035785e-06,
    -0.04092573669362424,
    -1.074282542357812e-05,
    -4.021567582303582e-05,
    -4.2060401131086627e-07,
    1.928694688707194e-06,
    1.2993446455476073e-06,
    9.695677071566874e-06,
    1.1692011945849576e-06,
    -0.0225056889227772,
    0.000737576685477324,
    -8.132684648613882e-06,
    1.1432413033144948e-05,
    0.005760435400413243,
    2.0970920574026804e-06,
    1.0416226799216079e-05,
    7.779324548827181e-06,
    3.2083051173691925e-06,
    -3.056261638127248e-05,
    0.00013631982232727036,
    1.4791961776420398e-05,
    2.466644631274781e-05,
    0.0161278080581201,
    0.02610911861366986
  ],
  "val_sse_masked": 0.0009664849494583905,
  "val_nrmse_masked": 0.0846208930015564,
  "val_mse_masked": 3.2216168619925156e-05,
  "val_r2_masked": 0.9928368926048279,
  "val_sse_full": 0.0009394950466230512,
  "val_nrmse_full": 0.08343097567558289,
  "val_mse_full": 3.131650373688899e-05,
  "val_r2_full": 0.9930369257926941,
  "iteration": 471,
  "p_lo_eff": 0.12967753410339355,
  "p_hi_eff": 1.9451630115509033,
  "f_lo_eff": 0.20659340918064117,
  "f_hi_eff": 1.6527472734451294
}