{
  "tag": "396_7180ed3a",
  "lmb1": 1.8458134334682556e-06,
  "lmb2": 0.006925889687214882,
  "nonzero_count": 81,
  "complexity_norm": 0.6532258064516129,
  "train_gen_window": 0.04574508400719434,
  "generalizability": 0.03474706164182556,
  "equation": "0.035611 E^{0.5} n P^{-0.5} - 0.00068735 F dT_{e} + 0.00054461 F dT_{i} - 0.0029869 F dn - 0.0033058 P^{-1} F dT_{e} - 0.00013691 P^{-1} F dT_{i} - 0.0044849 P^{-1} F dn + 0.00013924 P^{-1} dT_{e} - 2.7115 \\cdot 10^{-5} P F dT_{i} + 0.00097372 P dn - 0.0041266 T_{e}^{0.5} F dn + 0.0003393 T_{e}^{0.5} P^{-1} dT_{e} - 0.011644 T_{e}^{0.5} P^{-1} dn + 0.00041886 T_{e}^{0.5} T_{i}^{0.5} F dT_{e} - 0.0032889 T_{e}^{0.5} T_{i}^{0.5} F dn - 3.9238 \\cdot 10^{-6} T_{e}^{0.5} T_{i}^{0.5} P^{-1} dT_{i} + 0.002713 T_{e}^{0.5} T_{i}^{0.5} P^{-1} dn + 0.00024607 T_{e}^{0.5} T_{i}^{0.5} P dT_{e} + 1.3503 \\cdot 10^{-6} T_{e}^{0.5} T_{i}^{0.5} P dT_{i} + 0.0035395 T_{e}^{0.5} T_{i}^{0.5} P dn - 1.2242 \\cdot 10^{-6} T_{e}^{0.5} T_{i}^{0.5} dT_{i} - 0.0066742 T_{e}^{0.5} T_{i}^{0.5} dn - 4.9011 \\cdot 10^{-5} T_{e}^{0.5} T_{i} dT_{e} + 0.0016719 T_{e}^{0.5} T_{i} dn - 0.015262 T_{e}^{0.5} dn + 0.00015085 T_{e} F dT_{i} - 0.0047409 T_{e} F dn + 0.0035079 T_{e} P^{-1} dn + 1.2922 \\cdot 10^{-5} T_{e} P dT_{i} - 0.00010813 T_{e} T_{i}^{0.5} dT_{e} - 8.7378 \\cdot 10^{-5} T_{e} T_{i} dT_{e} + 1.4379 \\cdot 10^{-7} T_{e} T_{i} dT_{i} + 0.0014044 T_{e} T_{i} dn - 0.00040573 T_{e} dT_{e} - 1.8385 \\cdot 10^{-5} T_{e} dT_{i} - 0.01828 T_{e} dn + 0.00046845 T_{i}^{0.5} F dT_{e} - 0.0025645 T_{i}^{0.5} F dn + 0.000455 T_{i}^{0.5} P^{-1} dT_{e} - 5.1543 \\cdot 10^{-6} T_{i}^{0.5} P^{-1} dT_{i} - 0.008131 T_{i}^{0.5} P^{-1} dn + 0.003619 T_{i}^{0.5} P dn + 0.00025579 T_{i}^{0.5} dT_{e} - 2.5417 \\cdot 10^{-6} T_{i}^{0.5} dT_{i} - 0.0043752 T_{i}^{0.5} dn - 5.2259 \\cdot 10^{-5} T_{i} F dT_{e} + 4.9343 \\cdot 10^{-7} T_{i} F dT_{i} + 3.239 \\cdot 10^{-5} T_{i} P^{-1} dT_{e} + 0.0034036 T_{i} P^{-1} dn + 0.00013264 T_{i} P dT_{e} + 0.0058447 T_{i} P dn + 0.002844 T_{i} dn - 0.0003001 dT_{e} - 3.3305 \\cdot 10^{-5} dT_{i} - 0.025092 n^{-1} F dn + 0.0025133 n^{-1} P^{-1} dn + 0.00015617 n^{-1} T_{e}^{0.5} T_{i}^{0.5} dn + 0.0017108 n^{-1} T_{e}^{0.5} dn + 0.0016196 n^{-1} T_{e} dn + 0.00017444 n^{-1} T_{i}^{0.5} dn - 0.00010122 n^{-1} T_{i} dn + 0.0017025 n^{-1} dn - 0.0040028 n E^{0.5} + 0.0061964 n E^{0.5} P^{-1} - 0.010141 n E^{0.5} T_{e}^{0.5} P^{-1} + 0.0051231 n E^{0.5} T_{e}^{0.5} T_{i}^{0.5} + 0.0052264 n E^{0.5} T_{e}^{0.5} T_{i} + 0.00098557 n E^{0.5} T_{e} + 0.0060455 n E^{0.5} T_{e} T_{i}^{0.5} + 0.0026504 n E^{0.5} T_{i}^{0.5} - 0.010815 n E^{0.5} T_{i}^{0.5} F + 0.0015289 n E^{0.5} T_{i}^{0.5} P^{-1} - 0.011821 n E^{0.5} T_{i}^{0.5} P + 0.0040822 n E^{0.5} T_{i} - 0.0047544 n E F + 0.0098776 n E P^{-1} - 0.0049955 n E P + 0.027266 n E T_{e}^{0.5} + 0.015252 n E T_{e}^{0.5} T_{i}^{0.5} + 0.014064 n E T_{i}^{0.5} + 0.0017915 n E T_{i}",
  "coefficients": [
    0.08853770659672128,
    0.005752289343291321,
    0.002551107258081618,
    -0.012770213770914682,
    0.0007416072202493435,
    -0.001901882340422821,
    0.0026252548130209228,
    0.0007574246649405571,
    0.0026649354830519407,
    -0.004853997209142568,
    -0.0020002429506257398,
    0.008568948455902241,
    -0.00042125629433578606,
    -0.002299744939218509,
    -0.0009672335593180227,
    -7.093620727434738e-05,
    0.0003396794171234446,
    -0.0021764346777723045,
    -0.0005593409907764617,
    -6.517593290884306e-05,
    0.0006614682796751445,
    6.574801712879732e-05,
    -0.0016056214864244404,
    0.0036066505096515426,
    0.0012229865329520821,
    0.0005512704933703459,
    0.0002482752419190799,
    -0.003580267544905467,
    -0.0003878802393753975,
    -0.0002588301252156055,
    0.0025886353597055563,
    0.0009801368535585886,
    0.0005600140178463665,
    0.0007839983964227713,
    7.535103180264773e-05,
    -0.0002689235101282642,
    0.002350548315381096,
    0.000694608409994045,
    -2.8221303224514657e-05,
    0.000569597456583291,
    0.0010838159340632034,
    -0.0009843036804992559,
    -0.0005914987626979842,
    -0.0005275318858263443,
    -0.002064376343273815,
    -0.0056689217796043545,
    -0.0031955524577018217,
    0.0011266578683999727,
    -0.008718302550160076,
    -0.0034684552120212027,
    -0.003141463536134745,
    0.0047261699012449004,
    0.005308484694447752,
    0.0026921260892009474,
    0.008745521734351168,
    -0.010496269408747766,
    -0.010063504771403454,
    -0.0042662521783843315,
    0.003347736224315202,
    -0.005103302593863915,
    -0.00390660505446799,
    0.004415197448803859,
    0.0015479825773863716,
    0.0036628906297475014,
    -0.011619353870201821,
    -0.00474918452983223,
    0.0012886990106868875,
    0.004737545516424723,
    -0.0022094969526550365,
    0.0014400861339792033,
    0.0016348738008437834,
    -0.010745694239473729,
    -0.012260970181191945,
    0.002864828456891112,
    -0.008976111189380687,
    0.003055235747342002,
    0.0035730872842751676,
    0.0005068044903549038,
    0.003505725377042163,
    0.004715409800142018,
    -0.002714220399356515,
    -0.0030345630432261706,
    0.005867773096768163,
    0.0009312547083280586,
    0.009567958115508946,
    0.00616768202537237,
    0.01748339169708344
  ],
  "val_sse_masked": 0.0005905535072088242,
  "val_nrmse_masked": 0.06614693254232407,
  "val_mse_masked": 1.9685117877088487e-05,
  "val_r2_masked": 0.9956231117248535,
  "val_sse_full": 0.0005905944854021072,
  "val_nrmse_full": 0.06614922732114792,
  "val_mse_full": 1.968648393813055e-05,
  "val_r2_full": 0.9956228137016296,
  "iteration": 396,
  "p_lo_eff": 0.12967753410339355,
  "p_hi_eff": 1.9451630115509033,
  "f_lo_eff": 0.20659340918064117,
  "f_hi_eff": 1.6527472734451294
}