{
  "tag": "96_8434ca37",
  "lmb1": 1.4076723454723472e-07,
  "lmb2": 0.0030259406674970598,
  "nonzero_count": 84,
  "complexity_norm": 0.6774193548387096,
  "train_gen_window": 0.034883956963994225,
  "generalizability": 0.031228581620238092,
  "equation": "0.045597 E^{0.5} n P^{-0.5} - 0.0031964 F dT_{e} + 0.00083562 F dT_{i} - 0.0029859 F dn - 0.0034346 P^{-1} F dT_{e} - 0.00010282 P^{-1} F dT_{i} - 0.0034613 P^{-1} F dn + 0.00019092 P^{-1} dT_{e} - 0.00014619 P F dT_{i} - 0.00074307 P dn - 0.0018687 T_{e}^{0.5} F dT_{e} - 0.0048702 T_{e}^{0.5} F dn + 0.00088337 T_{e}^{0.5} P^{-1} dT_{e} - 0.015981 T_{e}^{0.5} P^{-1} dn + 0.0012831 T_{e}^{0.5} T_{i}^{0.5} F dT_{e} - 6.597 \\cdot 10^{-6} T_{e}^{0.5} T_{i}^{0.5} F dT_{i} - 0.0052037 T_{e}^{0.5} T_{i}^{0.5} F dn - 7.0821 \\cdot 10^{-6} T_{e}^{0.5} T_{i}^{0.5} P^{-1} dT_{i} + 0.0052853 T_{e}^{0.5} T_{i}^{0.5} P^{-1} dn + 0.0005198 T_{e}^{0.5} T_{i}^{0.5} P dT_{e} + 2.2593 \\cdot 10^{-6} T_{e}^{0.5} T_{i}^{0.5} P dT_{i} + 0.0035308 T_{e}^{0.5} T_{i}^{0.5} P dn - 2.547 \\cdot 10^{-6} T_{e}^{0.5} T_{i}^{0.5} dT_{i} - 0.0060629 T_{e}^{0.5} T_{i}^{0.5} dn - 0.00011417 T_{e}^{0.5} T_{i} dT_{e} + 1.9221 \\cdot 10^{-7} T_{e}^{0.5} T_{i} dT_{i} + 0.0033031 T_{e}^{0.5} T_{i} dn - 0.015709 T_{e}^{0.5} dn + 0.00019271 T_{e} F dT_{i} - 0.0059919 T_{e} F dn + 0.0075192 T_{e} P^{-1} dn + 2.0459 \\cdot 10^{-5} T_{e} P dT_{i} - 0.00026762 T_{e} T_{i}^{0.5} dT_{e} - 0.00015227 T_{e} T_{i} dT_{e} + 3.7881 \\cdot 10^{-7} T_{e} T_{i} dT_{i} + 0.0026652 T_{e} T_{i} dn - 0.00098501 T_{e} dT_{e} - 4.3868 \\cdot 10^{-5} T_{e} dT_{i} - 0.020353 T_{e} dn + 0.00085335 T_{i}^{0.5} F dT_{e} - 0.0039098 T_{i}^{0.5} F dn + 0.00081565 T_{i}^{0.5} P^{-1} dT_{e} - 8.9611 \\cdot 10^{-6} T_{i}^{0.5} P^{-1} dT_{i} - 0.01207 T_{i}^{0.5} P^{-1} dn - 3.3583 \\cdot 10^{-7} T_{i}^{0.5} P dT_{i} + 0.003555 T_{i}^{0.5} P dn + 9.3171 \\cdot 10^{-5} T_{i}^{0.5} dT_{e} - 4.7292 \\cdot 10^{-6} T_{i}^{0.5} dT_{i} - 0.0025433 T_{i}^{0.5} dn - 2.2529 \\cdot 10^{-5} T_{i} F dT_{e} + 1.4599 \\cdot 10^{-6} T_{i} F dT_{i} + 6.6413 \\cdot 10^{-5} T_{i} P^{-1} dT_{e} + 0.00461 T_{i} P^{-1} dn + 0.00020019 T_{i} P dT_{e} + 0.0067516 T_{i} P dn - 5.3079 \\cdot 10^{-5} T_{i} dT_{e} + 0.0052807 T_{i} dn - 0.00044909 dT_{e} - 6.2352 \\cdot 10^{-5} dT_{i} - 0.026803 n^{-1} F dn + 0.0032365 n^{-1} P^{-1} dn + 4.7735 \\cdot 10^{-5} n^{-1} T_{e}^{0.5} T_{i}^{0.5} dn + 0.0016726 n^{-1} T_{e}^{0.5} dn + 0.0020057 n^{-1} T_{e} dn - 0.00021318 n^{-1} T_{i} dn + 0.0011769 n^{-1} dn - 0.013057 n E^{0.5} + 0.0086795 n E^{0.5} P^{-1} - 0.015319 n E^{0.5} T_{e}^{0.5} P^{-1} + 0.0058742 n E^{0.5} T_{e}^{0.5} T_{i}^{0.5} + 0.0088858 n E^{0.5} T_{e}^{0.5} T_{i} - 0.0029348 n E^{0.5} T_{e} + 0.0083637 n E^{0.5} T_{e} T_{i}^{0.5} + 0.0012977 n E^{0.5} T_{i}^{0.5} - 0.014683 n E^{0.5} T_{i}^{0.5} F + 0.0027408 n E^{0.5} T_{i}^{0.5} P^{-1} - 0.010414 n E^{0.5} T_{i}^{0.5} P + 0.0065471 n E^{0.5} T_{i} - 0.0095558 n E F + 0.011669 n E P^{-1} - 0.0038981 n E P + 0.029877 n E T_{e}^{0.5} + 0.015789 n E T_{e}^{0.5} T_{i}^{0.5} + 0.01355 n E T_{i}^{0.5}",
  "coefficients": [
    0.08853770679306144,
    0.007407534060225818,
    0.0017634852717077418,
    -0.01364139751006574,
    -4.935036222378231e-05,
    -0.004005473170844272,
    0.002566648099564958,
    0.00023151264422819479,
    0.0033002384453139078,
    -0.0036455365480078036,
    -0.0037448109023519444,
    0.013147683474561606,
    -0.0022711755789046745,
    -0.003998261428020761,
    -0.0017996726274037006,
    -0.00014170312069587687,
    0.0010050223269885278,
    -0.003928284463860135,
    -0.0011636854496392957,
    -0.000794265974030435,
    0.0011067617952892073,
    0.0006118255332541386,
    -0.003831144660260938,
    0.004607406980688643,
    0.0019362435891317475,
    0.0014523236839164635,
    0.00034043179688594827,
    -0.0037197857438809254,
    -0.0005804512242631454,
    -0.0012036341707132442,
    0.004640489722549247,
    0.0003570195609250981,
    0.0010201432750208683,
    0.001607523005537615,
    -0.0009149979784832396,
    -0.00011593092432691382,
    0.003547493173235848,
    0.0018084226794135572,
    -0.0007771524361971094,
    0.0017448148066096791,
    0.0022894297856686785,
    -0.002292921833689149,
    -0.0014360282242172062,
    -0.0013056488779844971,
    -0.00359742350248185,
    -0.0043750589713128715,
    -0.0031944944138147177,
    -0.0008597808214012292,
    -0.012942150322165738,
    -0.0020162241984054974,
    -0.004789457417495549,
    0.004642535518654262,
    0.007189992219777258,
    0.0049986505692318495,
    0.010102459607138514,
    -0.01440595881771771,
    -0.010357823932632917,
    -0.005034984616224869,
    0.006521783551189958,
    -0.004635897037208514,
    -0.006181070230416336,
    0.004404329148995426,
    0.003058275470142313,
    0.007851459279829151,
    -0.012936956490054906,
    -0.006002402170625781,
    0.002445636477567098,
    0.006636027040665279,
    -0.007207508059292704,
    0.0025815865658765716,
    0.0008004613433340024,
    -0.01458952368425441,
    -0.01080095916369661,
    0.004594671869630446,
    -0.013559368190529747,
    0.0035032001038655114,
    0.006074856941241574,
    -0.0015091483888366036,
    0.004850031618817974,
    0.005570652174196916,
    -0.0054552592351955614,
    -0.0023679475611054143,
    0.0056534110137591576,
    -4.5380893807643596e-05,
    0.010484168489309942,
    0.0063848645776172636,
    0.022385980348750133
  ],
  "val_sse_masked": 0.00048070235061459243,
  "val_nrmse_masked": 0.059678539633750916,
  "val_mse_masked": 1.6023412172216922e-05,
  "val_r2_masked": 0.9964373111724854,
  "val_sse_full": 0.00048113553202711046,
  "val_nrmse_full": 0.05970542132854462,
  "val_mse_full": 1.603785131010227e-05,
  "val_r2_full": 0.9964340925216675,
  "iteration": 96,
  "p_lo_eff": 0.12967753410339355,
  "p_hi_eff": 1.9451630115509033,
  "f_lo_eff": 0.20659340918064117,
  "f_hi_eff": 1.6527472734451294
}