{
  "tag": "282_0ed9e1af",
  "lmb1": 0.022144231414345836,
  "lmb2": 1.0051231732396287e-05,
  "nonzero_count": 4,
  "complexity_norm": 0.03225806451612903,
  "train_gen_window": 0.2039248439151141,
  "generalizability": 0.2132574179279809,
  "equation": "0.05696 E^{0.5} n P^{-0.5} - 0.01153 P^{-1} F dn - 0.026925 T_{e}^{0.5} T_{i}^{0.5} dn + 0.012408 n E T_{e}^{0.5} T_{i}^{0.5}",
  "coefficients": [
    0.08853770505687375,
    4.0387758415880776e-08,
    4.900086157620388e-08,
    -2.1118570758060894e-07,
    6.558014077155592e-08,
    5.89890008376483e-08,
    4.822326205115591e-08,
    6.330537678584013e-08,
    4.820261394746792e-08,
    -9.863372070850296e-09,
    -3.6865472995664635e-08,
    6.301989242384922e-09,
    -1.0344129582797771e-08,
    -3.0207279063520635e-08,
    -3.351968908766237e-08,
    -3.5883428299291755e-08,
    -2.611731176387563e-08,
    -3.0684576144811516e-08,
    -3.365145702481852e-08,
    -2.5030389831077257e-08,
    -3.6152833029781635e-08,
    -2.928886919686056e-08,
    -3.745152768356594e-08,
    -9.333436898443759e-09,
    -4.224459002273734e-08,
    -2.9395361451844318e-08,
    -5.966727292760052e-08,
    -3.898703202655136e-08,
    -5.172923631171973e-08,
    -2.4413875183426063e-08,
    -4.2888688910611546e-08,
    -3.5481899480716864e-08,
    -2.854214515151069e-08,
    -2.032873157675008e-08,
    -1.0557185975642528e-08,
    -1.4760059598712742e-08,
    -6.1141358608077786e-09,
    -5.98528509698148e-08,
    -2.6390317538719584e-08,
    -2.8459066270048045e-08,
    -2.9321268520722816e-08,
    -8.42215415887442e-09,
    -4.859605977680167e-08,
    -2.996988164467794e-08,
    -6.544297573576024e-09,
    -0.014574206672178465,
    -8.989064232199814e-07,
    -1.2965429939969577e-07,
    -3.960091521116526e-06,
    -3.107283480865153e-06,
    -2.364025682719838e-06,
    -1.487291145166278e-07,
    -4.4130740755453086e-07,
    -2.366820593062679e-06,
    -1.5552007727235806e-07,
    -1.7949553888574221e-06,
    -2.170524927557309e-06,
    -1.2140015446236626e-06,
    -6.251301388438932e-07,
    -0.02058778597808668,
    -6.785652722496124e-06,
    -1.5979373772041791e-07,
    -3.5611656092158926e-06,
    -5.146033367783799e-07,
    -8.214698013153587e-06,
    -1.7963258166887315e-06,
    -3.5328064131739464e-06,
    4.2987971955626583e-07,
    3.651594795502496e-07,
    5.954692256756051e-07,
    7.478133544086079e-07,
    4.903950000344162e-07,
    9.789348289923351e-08,
    2.7570578291480953e-06,
    2.6452097635146646e-07,
    1.0333802478737604e-06,
    1.4836933550690241e-05,
    5.17653933567283e-07,
    1.5168929996441702e-06,
    1.7121656657607704e-06,
    7.001891682137631e-07,
    1.3250190447372716e-07,
    3.935263602471073e-06,
    1.2720529874967189e-06,
    1.7692656995816344e-06,
    0.00501776068562337,
    0.027964650527180623
  ],
  "val_sse_masked": 0.010373220779001713,
  "val_nrmse_masked": 0.27722784876823425,
  "val_mse_masked": 0.00034577405313029885,
  "val_r2_masked": 0.923119068145752,
  "val_sse_full": 0.010325629264116287,
  "val_nrmse_full": 0.2765911817550659,
  "val_mse_full": 0.0003441876615397632,
  "val_r2_full": 0.9234718084335327,
  "iteration": 282,
  "p_lo_eff": 0.12967753410339355,
  "p_hi_eff": 1.9451630115509033,
  "f_lo_eff": 0.20659340918064117,
  "f_hi_eff": 1.6527472734451294
}