{
  "tag": "445_ea044368",
  "lmb1": 2.6624800771790766e-05,
  "lmb2": 5.776334582399833e-06,
  "nonzero_count": 58,
  "complexity_norm": 0.46774193548387094,
  "train_gen_window": 0.022787473084254297,
  "generalizability": 0.028195342256995562,
  "equation": "0.1122 E^{0.5} n P^{-0.5} + 0.00077467 F dT_{i} - 0.00015941 F dn - 0.0018175 P^{-1} F dT_{e} + 4.3016 \\cdot 10^{-5} P^{-1} F dT_{i} - 0.00013799 P dn - 0.00037136 T_{e}^{0.5} F dT_{e} - 0.00036403 T_{e}^{0.5} F dn - 0.044597 T_{e}^{0.5} P^{-1} dn - 9.6213 \\cdot 10^{-7} T_{e}^{0.5} T_{i}^{0.5} F dT_{i} - 0.016293 T_{e}^{0.5} T_{i}^{0.5} F dn - 5.693 \\cdot 10^{-6} T_{e}^{0.5} T_{i}^{0.5} P^{-1} dT_{i} + 0.011066 T_{e}^{0.5} T_{i}^{0.5} P^{-1} dn + 3.4943 \\cdot 10^{-5} T_{e}^{0.5} T_{i}^{0.5} P dT_{e} + 8.9807 \\cdot 10^{-7} T_{e}^{0.5} T_{i}^{0.5} P dT_{i} + 0.00010075 T_{e}^{0.5} T_{i}^{0.5} P dn - 6.4462 \\cdot 10^{-6} T_{e}^{0.5} T_{i} dT_{e} + 0.00047589 T_{e}^{0.5} T_{i} dn - 0.00080618 T_{e}^{0.5} dn - 0.00091055 T_{e} F dn + 0.018237 T_{e} P^{-1} dn + 2.2212 \\cdot 10^{-6} T_{e} P dT_{i} - 2.4796 \\cdot 10^{-5} T_{e} T_{i}^{0.5} dT_{e} - 0.0001876 T_{e} T_{i} dT_{e} + 0.0020905 T_{e} T_{i} dn - 0.0022768 T_{e} dT_{e} - 9.134 \\cdot 10^{-5} T_{e} dT_{i} - 0.055481 T_{e} dn + 0.0004455 T_{i}^{0.5} F dT_{e} - 0.00043712 T_{i}^{0.5} F dn + 0.0013197 T_{i}^{0.5} P^{-1} dT_{e} - 5.0086 \\cdot 10^{-6} T_{i}^{0.5} P^{-1} dT_{i} - 0.0020679 T_{i}^{0.5} P^{-1} dn + 5.9612 \\cdot 10^{-7} T_{i}^{0.5} P dT_{i} + 3.5285 \\cdot 10^{-5} T_{i}^{0.5} dT_{e} + 0.0023864 T_{i} P^{-1} dn + 0.00017454 T_{i} P dT_{e} + 0.013075 T_{i} P dn + 0.00042469 T_{i} dn - 7.8824 \\cdot 10^{-5} dT_{e} - 2.1575 \\cdot 10^{-5} dT_{i} - 0.0096532 n^{-1} F dn + 0.0035957 n^{-1} P^{-1} dn - 2.2798 \\cdot 10^{-5} n^{-1} T_{e}^{0.5} T_{i}^{0.5} dn + 7.1677 \\cdot 10^{-5} n^{-1} T_{e} dn - 0.00027274 n^{-1} T_{i}^{0.5} dn - 0.00012524 n^{-1} T_{i} dn - 0.066279 n E^{0.5} - 0.024979 n E^{0.5} T_{e}^{0.5} P^{-1} + 0.00027391 n E^{0.5} T_{e}^{0.5} T_{i}^{0.5} + 0.032545 n E^{0.5} T_{e}^{0.5} T_{i} + 0.00095855 n E^{0.5} T_{e} T_{i}^{0.5} - 0.020249 n E^{0.5} T_{i}^{0.5} F + 0.0002745 n E^{0.5} T_{i}^{0.5} P^{-1} + 0.00085626 n E^{0.5} T_{i} + 0.024023 n E P^{-1} + 0.021705 n E T_{e}^{0.5} - 0.0012381 n E T_{i}",
  "coefficients": [
    0.08853770843481173,
    0.00822963847565408,
    -8.587983769447192e-05,
    -0.004912927091933202,
    -0.0011595255124315306,
    -0.0023531013105098034,
    2.137056617360726e-06,
    -0.00011057072192532503,
    0.00011793947949368136,
    0.0015251143537008158,
    -0.0012957776807860381,
    0.012188711334245206,
    -4.921949337199051e-05,
    -0.002234721953239041,
    -2.9003359263846272e-05,
    0.0002515361598393256,
    5.542958675419684e-06,
    -0.0031577466859974024,
    -2.3656276051191202e-05,
    -0.0001158381563756359,
    0.0004399473112667926,
    7.377029979679506e-05,
    -0.007977133050553734,
    2.7155819565058295e-06,
    0.00021021343703785052,
    8.717625896320165e-05,
    7.3713924283571e-05,
    -0.001968344666681361,
    -0.00010187934849313392,
    -3.22441453771637e-05,
    0.007508351559279257,
    0.00013520642597318703,
    0.0005325785641127224,
    4.7935708108505704e-05,
    -2.810069578212002e-06,
    8.483110934203598e-05,
    0.00309300564882846,
    1.43501817282476e-05,
    -0.00015444484895439978,
    9.502421648748137e-05,
    0.0001539047527532902,
    -0.00012946158229403665,
    -0.0033193518515543885,
    -0.00012097690265076367,
    -0.004432334646463697,
    -2.8302489316819784e-05,
    -0.0001705410075604567,
    -0.000159658155952827,
    -0.0022172794918626964,
    1.5581596522690875e-05,
    -0.0005354642548666098,
    8.531970655959912e-05,
    0.0037219784339341303,
    0.00040200812259710015,
    0.019563731889168354,
    -0.040200101149854645,
    -0.0005315612407191641,
    -0.0003763522151932934,
    0.013655109437199655,
    -9.52320808478509e-06,
    -0.019353456672524836,
    0.00012567870425717384,
    0.0004406172369823564,
    0.01904263499315846,
    -0.03526481574167704,
    -0.0009121480454848491,
    0.0019182664591647143,
    -2.2002251892750226e-06,
    -0.03658553364072268,
    0.0002585559141422964,
    5.195185461078484e-05,
    -0.02011988974537285,
    7.610554192647165e-05,
    0.000600914036145431,
    -0.022108795529130698,
    0.00016335104870107768,
    0.022249441347978804,
    -5.2670550366510404e-05,
    0.0005558575034846696,
    0.011468143916951619,
    -9.686611259508717e-05,
    -3.6951920129228675e-05,
    4.242266021202411e-05,
    -0.0006435689207736995,
    0.007616416060903044,
    5.130495128953039e-05,
    0.0550860363675855
  ],
  "val_sse_masked": 0.00031254126224666834,
  "val_nrmse_masked": 0.048120900988578796,
  "val_mse_masked": 1.0418042620585766e-05,
  "val_r2_masked": 0.997683584690094,
  "val_sse_full": 0.0003173876029904932,
  "val_nrmse_full": 0.04849255084991455,
  "val_mse_full": 1.0579587069514673e-05,
  "val_r2_full": 0.9976477026939392,
  "iteration": 445,
  "p_lo_eff": 0.12967753410339355,
  "p_hi_eff": 1.9451630115509033,
  "f_lo_eff": 0.20659340918064117,
  "f_hi_eff": 1.6527472734451294
}