{
  "tag": "223_9093cf4b",
  "lmb1": 8.599367999055857e-05,
  "lmb2": 0.00032512449185188684,
  "nonzero_count": 44,
  "complexity_norm": 0.3548387096774194,
  "train_gen_window": 0.04037541344633831,
  "generalizability": 0.032442253084371375,
  "equation": "0.079943 E^{0.5} n P^{-0.5} + 0.00017549 F dT_{i} - 0.0038955 P^{-1} F dT_{e} - 5.2424 \\cdot 10^{-5} P^{-1} F dT_{i} - 0.00092657 P^{-1} F dn + 0.00012622 P dn - 0.021575 T_{e}^{0.5} P^{-1} dn - 0.015014 T_{e}^{0.5} T_{i}^{0.5} F dn + 0.00035471 T_{e}^{0.5} T_{i}^{0.5} P^{-1} dn + 0.00026441 T_{e}^{0.5} T_{i}^{0.5} P dn - 0.00021773 T_{e}^{0.5} T_{i}^{0.5} dn - 0.00080091 T_{e}^{0.5} dn - 0.000109 T_{e} F dn + 0.00017076 T_{e} P^{-1} dn + 1.0737 \\cdot 10^{-6} T_{e} P dT_{i} - 0.033978 T_{e} dn + 0.00014976 T_{i}^{0.5} F dT_{e} - 0.0024908 T_{i}^{0.5} F dn + 0.00041652 T_{i}^{0.5} P^{-1} dT_{e} - 2.8494 \\cdot 10^{-7} T_{i}^{0.5} P^{-1} dT_{i} - 0.0014929 T_{i}^{0.5} P^{-1} dn + 0.0023899 T_{i}^{0.5} P dn + 4.953 \\cdot 10^{-6} T_{i} P^{-1} dT_{e} + 0.0023543 T_{i} P^{-1} dn + 6.3203 \\cdot 10^{-6} T_{i} P dT_{e} + 0.008447 T_{i} P dn - 0.022803 n^{-1} F dn + 0.0036013 n^{-1} P^{-1} dn + 0.00031245 n^{-1} T_{e}^{0.5} dn + 0.00025391 n^{-1} T_{e} dn - 6.3175 \\cdot 10^{-6} n^{-1} T_{i} dn + 0.0018914 n^{-1} dn - 0.003506 n E^{0.5} - 0.016489 n E^{0.5} T_{e}^{0.5} P^{-1} + 0.0010732 n E^{0.5} T_{e}^{0.5} T_{i} - 0.015279 n E^{0.5} T_{i}^{0.5} F - 0.012685 n E^{0.5} T_{i}^{0.5} P + 0.00044286 n E^{0.5} T_{i} + 0.006632 n E P^{-1} - 0.00033482 n E P + 0.018645 n E T_{e}^{0.5} + 0.025496 n E T_{e}^{0.5} T_{i}^{0.5} + 0.0072476 n E T_{i}^{0.5} + 0.00031565 n E T_{i}",
  "coefficients": [
    0.08853770674760808,
    0.008242320160523599,
    0.002834273126423993,
    -0.011605380589252994,
    -5.698789081688112e-06,
    -0.00011869807037067783,
    0.00047946358515849594,
    -1.063858573985331e-06,
    0.0004177929541298107,
    -0.0018586786679426692,
    -2.678541222790949e-05,
    0.0027612164634695105,
    2.994560166527927e-05,
    -0.00012713601724048765,
    -1.0754669432171669e-05,
    3.3358400694671855e-05,
    -7.021992103178282e-06,
    -9.398843699111174e-05,
    -7.692445032724397e-06,
    -1.1215840420668605e-05,
    4.2157562754355725e-05,
    -4.751157659230149e-06,
    -2.1265465598587903e-05,
    1.993955721213895e-05,
    0.00010161297691388518,
    -3.2622627530610253e-07,
    3.822482535367517e-05,
    -0.004218884290331356,
    7.809630540627384e-06,
    3.253490717552101e-05,
    0.0023697051199115947,
    9.432323876358544e-05,
    0.00017903742279142112,
    0.00011988659771247742,
    5.191844519258175e-05,
    8.705781935719858e-05,
    0.00011200229805199869,
    9.903807764709196e-06,
    1.0025373155137344e-05,
    3.603222716533745e-05,
    1.888650589688272e-05,
    9.545485511954002e-06,
    -1.3020719896257309e-05,
    -2.124462614264684e-06,
    -1.8639526878904386e-05,
    -0.0011711777359195781,
    -3.894919924685496e-05,
    0.00014604981426295221,
    -0.0016007088208721068,
    -5.451015584113965e-05,
    -0.0030512542414826574,
    0.0031209950761600146,
    0.003671850207878414,
    -2.699885167681408e-05,
    0.01263930015906802,
    -0.01944790497575634,
    -0.0005280875816085495,
    -7.178421774618437e-05,
    0.0004376926895907536,
    -0.0001664861436603599,
    -0.017833793981601617,
    0.0003298295921988341,
    -4.276299173843872e-05,
    0.00017830754641410623,
    -0.02159690108539856,
    -0.00010918969950493884,
    -3.58840110351554e-05,
    2.768095366404158e-05,
    -0.001935305581446044,
    7.783081932700814e-06,
    8.859665015320793e-06,
    -0.015181298087585575,
    -0.013156887343300816,
    0.00031079462901102066,
    -0.014594631061372298,
    2.3141109841474333e-05,
    0.0007336966956381751,
    -4.710959828586814e-05,
    2.9752830398316538e-05,
    0.0031659995052682505,
    -1.6701485691617992e-05,
    -0.0002033878920453034,
    0.003023932911085788,
    0.00016407834066331652,
    0.006542514302160751,
    0.010310412340044303,
    0.0392481958764018
  ],
  "val_sse_masked": 0.000580276595428586,
  "val_nrmse_masked": 0.06556885689496994,
  "val_mse_masked": 1.934255487867631e-05,
  "val_r2_masked": 0.9956992864608765,
  "val_sse_full": 0.0005781988729722798,
  "val_nrmse_full": 0.06545136123895645,
  "val_mse_full": 1.9273296857136302e-05,
  "val_r2_full": 0.9957146644592285,
  "iteration": 223,
  "p_lo_eff": 0.12967753410339355,
  "p_hi_eff": 1.9451630115509033,
  "f_lo_eff": 0.20659340918064117,
  "f_hi_eff": 1.6527472734451294
}