{
  "tag": "461_4b7979df",
  "lmb1": 0.00013205356381468795,
  "lmb2": 1.6892916381549193e-07,
  "nonzero_count": 28,
  "complexity_norm": 0.22580645161290322,
  "train_gen_window": 0.0422779940736336,
  "generalizability": 0.03909686290683343,
  "equation": "0.070292 E^{0.5} n P^{-0.5} + 0.00011431 F dT_{i} - 0.0041905 P^{-1} F dT_{e} - 5.6943 \\cdot 10^{-5} P^{-1} F dT_{i} - 0.0023864 P^{-1} F dn + 0.00013433 P dn - 0.018793 T_{e}^{0.5} P^{-1} dn - 0.0079277 T_{e}^{0.5} T_{i}^{0.5} F dn + 9.8665 \\cdot 10^{-5} T_{e}^{0.5} T_{i}^{0.5} P dn - 0.049857 T_{e} dn + 0.00033822 T_{i}^{0.5} F dT_{e} - 0.00018525 T_{i}^{0.5} F dn + 0.00020476 T_{i}^{0.5} P^{-1} dT_{e} + 0.00046395 T_{i}^{0.5} P dn + 7.7815 \\cdot 10^{-5} T_{i}^{0.5} dT_{e} + 7.6849 \\cdot 10^{-6} T_{i} P^{-1} dT_{e} + 0.00071663 T_{i} P^{-1} dn + 0.0089795 T_{i} P dn - 0.014919 n^{-1} F dn + 0.0025957 n^{-1} P^{-1} dn + 0.0015366 n^{-1} dn - 0.013027 n E^{0.5} T_{e}^{0.5} P^{-1} - 0.0078272 n E^{0.5} T_{i}^{0.5} F - 0.017617 n E^{0.5} T_{i}^{0.5} P + 0.0012085 n E P^{-1} + 0.001452 n E T_{e}^{0.5} + 0.053187 n E T_{e}^{0.5} T_{i}^{0.5} + 0.0022233 n E T_{i}^{0.5}",
  "coefficients": [
    0.08853770504377162,
    0.005940800415362998,
    0.0023024760816434857,
    -0.007592946510794788,
    3.3271294667434788e-06,
    -1.5303093826071226e-05,
    7.859334690727542e-05,
    2.9042569864875385e-06,
    4.762401981467857e-05,
    -0.0020188993242868064,
    -3.1824704239972326e-07,
    0.0017985872977088048,
    2.5732805288594004e-05,
    -7.656037183678181e-05,
    -3.0506106153859244e-06,
    2.8738808664964864e-05,
    -1.5107431318389963e-05,
    -7.69437927293084e-05,
    -3.358008284650036e-06,
    -1.1320122251095501e-05,
    3.2021021515307965e-05,
    -6.38860082679288e-06,
    -1.0962001106107577e-06,
    1.6181519608231902e-05,
    4.8816907993158974e-05,
    -6.616773691322508e-06,
    2.9421046413596513e-05,
    -0.0045384187302467014,
    3.5993135707982143e-05,
    9.349279823493855e-05,
    0.0011649652068495427,
    0.0002981773857147758,
    0.0004043286743234189,
    0.00018601278042120685,
    5.345874643659958e-05,
    9.788586843694714e-05,
    2.3412354254106232e-05,
    1.410551640342376e-05,
    3.669721798547286e-05,
    5.716323273476159e-05,
    1.6594768310504618e-05,
    2.4317358315869222e-05,
    2.5185899991008517e-05,
    2.916948589502401e-05,
    1.2141933044390405e-05,
    -0.0030163409830417484,
    -2.197812910541963e-05,
    0.00015542451100205153,
    -8.635252444280836e-05,
    -3.1961991068225324e-05,
    -0.00022692981093489658,
    0.0006058847796963306,
    0.001117689163418685,
    -1.718656185505994e-05,
    0.013436177573900619,
    -0.016940598404064575,
    -9.139023830656685e-05,
    -3.462020302865991e-05,
    5.200873995724791e-05,
    -7.096908607869732e-05,
    -0.009416679947076064,
    0.00012307555864222135,
    -2.1761094619120743e-05,
    3.0184537588534463e-05,
    -0.031690111609061086,
    -4.483965415343953e-05,
    -1.577837224569924e-05,
    8.503796136811366e-06,
    -6.878145149513315e-05,
    1.2982390932527614e-06,
    6.121225280644235e-06,
    -0.007777208381036213,
    -0.018271823824377288,
    6.919659674057184e-05,
    -0.011530184401019215,
    1.164825963803241e-05,
    6.868047927450848e-05,
    -2.471859225562018e-05,
    1.258086163377103e-05,
    0.0005769337051027789,
    -4.167573821039234e-06,
    -5.461160478901307e-05,
    0.0009276298580051235,
    5.5076018347362786e-05,
    0.0005095210224064734,
    0.021508254362077,
    0.034509893113088295
  ],
  "val_sse_masked": 0.0006414809031412005,
  "val_nrmse_masked": 0.06894011050462723,
  "val_mse_masked": 2.1382698832894675e-05,
  "val_r2_masked": 0.9952456951141357,
  "val_sse_full": 0.0006355962250381708,
  "val_nrmse_full": 0.06862315535545349,
  "val_mse_full": 2.1186542653595097e-05,
  "val_r2_full": 0.9952892661094666,
  "iteration": 461,
  "p_lo_eff": 0.12967753410339355,
  "p_hi_eff": 1.9451630115509033,
  "f_lo_eff": 0.20659340918064117,
  "f_hi_eff": 1.6527472734451294
}