{
  "tag": "213_10cc59b2",
  "lmb1": 0.0026191765948485896,
  "lmb2": 0.009275420680681034,
  "nonzero_count": 15,
  "complexity_norm": 0.12096774193548387,
  "train_gen_window": 0.10710734673139635,
  "generalizability": 0.11833477700058866,
  "equation": "0.055999 E^{0.5} n P^{-0.5} - 0.0041711 P^{-1} F dT_{e} - 4.0728 \\cdot 10^{-5} P^{-1} F dT_{i} - 0.0081922 P^{-1} F dn - 0.0013403 T_{e}^{0.5} T_{i}^{0.5} F dn - 0.018798 T_{e}^{0.5} T_{i}^{0.5} dn - 0.0012058 T_{e}^{0.5} T_{i} dn - 0.013014 T_{e} dn - 0.010973 T_{i}^{0.5} P^{-1} dn - 0.0041864 T_{i}^{0.5} dn + 0.00031387 n^{-1} P^{-1} dn + 0.0015831 n E^{0.5} T_{e}^{0.5} T_{i} - 0.0060424 n E^{0.5} T_{i}^{0.5} P + 0.015447 n E T_{e}^{0.5} T_{i}^{0.5} + 0.0027902 n E T_{i}^{0.5}",
  "coefficients": [
    0.0885377053992849,
    0.0007183499689241554,
    7.231496389775393e-06,
    -1.6763463017159284e-06,
    3.108901583705092e-05,
    5.483781398902799e-06,
    5.401108382972319e-06,
    1.0033681128456404e-05,
    4.37683778634466e-06,
    -0.0014440005840942933,
    -1.9253200492182298e-06,
    -4.45155743771754e-07,
    -1.1629246108933898e-06,
    -1.4406339121601172e-06,
    -1.5239548247980155e-06,
    -1.9068284107610185e-06,
    -1.0665182292200378e-06,
    -1.4308518519035324e-06,
    -1.4955265744429683e-06,
    -1.1673307073614236e-06,
    -1.8838657169485058e-06,
    -1.188298515695356e-06,
    -1.8263264189381166e-06,
    -9.559956212343663e-07,
    -2.8180997083014836e-06,
    -1.180759684523403e-06,
    -2.278252651151044e-06,
    -0.004517416487981363,
    -7.98670444354106e-07,
    -5.65410043871865e-07,
    -7.099422669629981e-07,
    -2.9586898958200973e-07,
    -3.595869957550287e-07,
    -5.428731588510072e-08,
    2.11286619785045e-07,
    4.752995309801737e-08,
    1.4108783085052285e-07,
    -2.4754609750932705e-06,
    -6.424591172939391e-07,
    -3.461186325370013e-07,
    -3.8921139877231444e-07,
    2.7561153976180056e-07,
    -5.906220571141213e-07,
    -1.1396370352930743e-07,
    3.314657898954e-07,
    -0.010354934459111903,
    -3.2028584118072646e-06,
    4.91295623756636e-06,
    -0.011765622214607592,
    -0.0033187254080158106,
    -2.260792910155854e-05,
    2.8354823289672943e-06,
    -1.7063124267104345e-06,
    -5.3367343224111715e-05,
    2.5725788025255133e-06,
    -2.4007234068288896e-05,
    -6.315333000691438e-05,
    -4.433941395275132e-06,
    -2.155438396861281e-06,
    -0.0143732040473247,
    -0.001591968347398384,
    2.103985423331834e-06,
    -0.0011164673775509752,
    -1.348701873116222e-06,
    -0.008272004522248261,
    -6.007060688233992e-06,
    -6.962155953133945e-05,
    1.537362805113438e-06,
    8.417685568352712e-07,
    2.0532296572020974e-06,
    2.8586281074241425e-06,
    9.569544859589716e-07,
    -0.006267170064337687,
    4.100531742599214e-05,
    3.259030132546619e-07,
    3.801179114857263e-06,
    0.0010822692954192518,
    1.2075196982830132e-06,
    4.495377830169622e-06,
    9.074113130010093e-06,
    1.6973861096181726e-06,
    -4.120104133430219e-06,
    0.0011641648685438042,
    8.168045670575293e-06,
    8.908492033723593e-06,
    0.006246398735537671,
    0.027492614411474135
  ],
  "val_sse_masked": 0.003044216427952051,
  "val_nrmse_masked": 0.15018197894096375,
  "val_mse_masked": 0.00010147388820769265,
  "val_r2_masked": 0.9774378538131714,
  "val_sse_full": 0.0029699315782636404,
  "val_nrmse_full": 0.14833830296993256,
  "val_mse_full": 9.899772703647614e-05,
  "val_r2_full": 0.9779884219169617,
  "iteration": 213,
  "p_lo_eff": 0.12967753410339355,
  "p_hi_eff": 1.9451630115509033,
  "f_lo_eff": 0.20659340918064117,
  "f_hi_eff": 1.6527472734451294
}