{
  "tag": "351_2ac9543f",
  "lmb1": 1.8697599729437134e-08,
  "lmb2": 0.1,
  "nonzero_count": 81,
  "complexity_norm": 0.6532258064516129,
  "train_gen_window": 0.07977675777936744,
  "generalizability": 0.07192941944952187,
  "equation": "0.014843 E^{0.5} n P^{-0.5} + 0.0013578 F dT_{e} + 0.00014806 F dT_{i} - 0.0022787 F dn - 0.003698 P^{-1} F dT_{e} - 0.00012209 P^{-1} F dT_{i} - 0.0036677 P^{-1} F dn - 0.00049145 P^{-1} dT_{e} + 5.7207 \\cdot 10^{-5} P F dT_{i} + 0.0033511 P dn + 0.00084532 T_{e}^{0.5} F dT_{e} - 0.0025887 T_{e}^{0.5} F dn - 0.00049146 T_{e}^{0.5} P^{-1} dT_{e} - 0.0049246 T_{e}^{0.5} P^{-1} dn - 8.3833 \\cdot 10^{-5} T_{e}^{0.5} T_{i}^{0.5} F dT_{e} + 1.0619 \\cdot 10^{-6} T_{e}^{0.5} T_{i}^{0.5} F dT_{i} - 0.002261 T_{e}^{0.5} T_{i}^{0.5} F dn - 6.9132 \\cdot 10^{-7} T_{e}^{0.5} T_{i}^{0.5} P^{-1} dT_{i} - 0.00062117 T_{e}^{0.5} T_{i}^{0.5} P^{-1} dn - 5.6124 \\cdot 10^{-7} T_{e}^{0.5} T_{i}^{0.5} P dT_{i} + 0.0029239 T_{e}^{0.5} T_{i}^{0.5} P dn - 0.0060303 T_{e}^{0.5} T_{i}^{0.5} dn + 1.3375 \\cdot 10^{-5} T_{e}^{0.5} T_{i} dT_{e} - 6.6752 \\cdot 10^{-8} T_{e}^{0.5} T_{i} dT_{i} - 0.0031644 T_{e}^{0.5} T_{i} dn - 0.0081069 T_{e}^{0.5} dn + 4.2592 \\cdot 10^{-5} T_{e} F dT_{i} - 0.0027739 T_{e} F dn - 0.00095161 T_{e} P^{-1} dn - 1.9649 \\cdot 10^{-6} T_{e} P dT_{i} + 0.00013481 T_{e} T_{i}^{0.5} dT_{e} + 1.2924 \\cdot 10^{-5} T_{e} T_{i} dT_{e} - 4.6133 \\cdot 10^{-8} T_{e} T_{i} dT_{i} - 0.0028959 T_{e} T_{i} dn + 0.00060699 T_{e} dT_{e} + 3.189 \\cdot 10^{-6} T_{e} dT_{i} - 0.008793 T_{e} dn - 0.0020992 T_{i}^{0.5} F dn - 5.7305 \\cdot 10^{-5} T_{i}^{0.5} P^{-1} dT_{e} - 8.4084 \\cdot 10^{-7} T_{i}^{0.5} P^{-1} dT_{i} - 0.003609 T_{i}^{0.5} P^{-1} dn - 9.5706 \\cdot 10^{-7} T_{i}^{0.5} P dT_{i} + 0.0029975 T_{i}^{0.5} P dn + 0.00011052 T_{i}^{0.5} dT_{e} - 2.9116 \\cdot 10^{-7} T_{i}^{0.5} dT_{i} - 0.0054994 T_{i}^{0.5} dn - 5.3283 \\cdot 10^{-5} T_{i} F dT_{e} - 3.1008 \\cdot 10^{-7} T_{i} F dT_{i} - 8.6411 \\cdot 10^{-6} T_{i} P^{-1} dT_{e} + 0.00020384 T_{i} P^{-1} dn + 0.0028728 T_{i} P dn + 1.2959 \\cdot 10^{-5} T_{i} dT_{e} - 0.0030919 T_{i} dn + 0.00028886 dT_{e} + 1.8802 \\cdot 10^{-6} dT_{i} - 0.011955 n^{-1} F dn + 0.0013061 n^{-1} P^{-1} dn + 0.00023145 n^{-1} T_{e}^{0.5} T_{i}^{0.5} dn + 0.0007146 n^{-1} T_{e}^{0.5} dn + 0.00036898 n^{-1} T_{e} dn + 0.00038094 n^{-1} T_{i}^{0.5} dn + 5.5276 \\cdot 10^{-5} n^{-1} T_{i} dn + 0.0011433 n^{-1} dn + 0.0024935 n E^{0.5} + 0.0043717 n E^{0.5} P^{-1} + 0.0043782 n E^{0.5} T_{e}^{0.5} T_{i}^{0.5} + 0.0041439 n E^{0.5} T_{e}^{0.5} T_{i} + 0.0034877 n E^{0.5} T_{e} + 0.0043842 n E^{0.5} T_{e} T_{i}^{0.5} + 0.0039381 n E^{0.5} T_{i}^{0.5} - 0.00095895 n E^{0.5} T_{i}^{0.5} F + 0.0020173 n E^{0.5} T_{i}^{0.5} P^{-1} - 0.007066 n E^{0.5} T_{i}^{0.5} P + 0.0041019 n E^{0.5} T_{i} + 0.0015212 n E F + 0.0068596 n E P^{-1} - 0.007372 n E P + 0.012063 n E T_{e}^{0.5} + 0.0093855 n E T_{e}^{0.5} T_{i}^{0.5} + 0.0092458 n E T_{i}^{0.5} + 0.0050183 n E T_{i}",
  "coefficients": [
    0.08853770629796748,
    0.002989401044530937,
    0.0017132659216622104,
    -0.006084363186664277,
    0.001619503426290192,
    0.001038565632275057,
    0.0010965611255557284,
    0.001122504620956033,
    0.0006071355327578187,
    -0.004328710205093317,
    0.00011292325215742083,
    0.0023296520869837134,
    0.0008887575198298636,
    -0.0003751639715893762,
    -0.00011080086929304844,
    -0.0004038350873696306,
    -0.00021346144208456153,
    -0.00038345471874962067,
    -3.853811005166685e-05,
    0.00012785299905762604,
    -0.00027494015634682567,
    -0.0002124786410898083,
    0.00027851294092554046,
    0.0010183278034079923,
    -0.000185958200756009,
    -0.00017687015471209988,
    -0.0008763174930813689,
    -0.004005026784263538,
    0.00037335088482892687,
    0.0005112939473587153,
    -0.00032602666677988834,
    0.0004234921234081146,
    -9.890780200350058e-05,
    -0.00020915785205016801,
    0.00022339038751326146,
    -0.0002741894778461873,
    2.2801424414409244e-05,
    -0.0010061096808848813,
    0.00035155640558914847,
    -0.00011400274531653265,
    -6.79174574384489e-05,
    0.0002686228218405917,
    0.0008849178372759559,
    0.0006577059571064581,
    0.0003053464595421107,
    -0.00463599098254297,
    -0.0024378182736181364,
    0.003877401771102462,
    -0.0038697250714146703,
    -0.004359601945003677,
    -0.0025714754836145826,
    0.003914470881957399,
    0.00031791252064838904,
    -0.002926760221207303,
    0.004298603353616037,
    -0.00443912576115546,
    -0.005345370509945713,
    -0.00267627457354358,
    -0.0007665025207917453,
    -0.004610938998596881,
    -0.0026856369756898812,
    0.0036473122620263865,
    -0.0029299297972375515,
    -0.000993660227374904,
    -0.005589000692356655,
    -0.0027787641919535533,
    -0.0026573767706776774,
    0.0033424573977388627,
    0.001376414988539132,
    0.0019000739842905123,
    0.002429198048925829,
    -0.0009528248223665825,
    -0.007328778023074023,
    0.0028786917749807905,
    3.4589386404715317e-05,
    0.00261101947249448,
    0.00283303347530911,
    0.0017934812202469175,
    0.002542386431578947,
    0.003274642999740063,
    0.0008684185638468955,
    -0.004478224373171552,
    0.0038576334087748465,
    0.002608563331490399,
    0.004233124273492067,
    0.0037953665696136007,
    0.007287407148054148
  ],
  "val_sse_masked": 0.0013190864119678736,
  "val_nrmse_masked": 0.09885910898447037,
  "val_mse_masked": 4.396955046104267e-05,
  "val_r2_masked": 0.9902236461639404,
  "val_sse_full": 0.001309265149757266,
  "val_nrmse_full": 0.0984903946518898,
  "val_mse_full": 4.36421760241501e-05,
  "val_r2_full": 0.9902964234352112,
  "iteration": 351,
  "p_lo_eff": 0.12967753410339355,
  "p_hi_eff": 1.9451630115509033,
  "f_lo_eff": 0.20659340918064117,
  "f_hi_eff": 1.6527472734451294
}