{
  "tag": "233_a8659f36",
  "lmb1": 4.407930101763424e-05,
  "lmb2": 1.4987388171448365e-07,
  "nonzero_count": 48,
  "complexity_norm": 0.3870967741935484,
  "train_gen_window": 0.027294301308148576,
  "generalizability": 0.027302111530364128,
  "equation": "0.1207 E^{0.5} n P^{-0.5} + 0.00035285 F dT_{i} - 0.0020323 P^{-1} F dT_{e} - 0.00012035 T_{e}^{0.5} F dn - 0.029423 T_{e}^{0.5} P^{-1} dn - 0.017741 T_{e}^{0.5} T_{i}^{0.5} F dn - 2.6808 \\cdot 10^{-6} T_{e}^{0.5} T_{i}^{0.5} P^{-1} dT_{i} + 0.010496 T_{e}^{0.5} T_{i}^{0.5} P^{-1} dn + 2.9712 \\cdot 10^{-7} T_{e}^{0.5} T_{i}^{0.5} P dT_{i} + 0.00057653 T_{e}^{0.5} T_{i}^{0.5} P dn - 0.00040833 T_{e}^{0.5} dn - 0.00017659 T_{e} F dn + 0.0037995 T_{e} P^{-1} dn + 2.5788 \\cdot 10^{-6} T_{e} P dT_{i} - 4.9464 \\cdot 10^{-5} T_{e} T_{i} dT_{e} - 0.00070487 T_{e} dT_{e} - 2.8124 \\cdot 10^{-5} T_{e} dT_{i} - 0.049833 T_{e} dn + 0.00016098 T_{i}^{0.5} F dT_{e} - 0.00036113 T_{i}^{0.5} F dn + 0.00062212 T_{i}^{0.5} P^{-1} dT_{e} - 2.8473 \\cdot 10^{-6} T_{i}^{0.5} P^{-1} dT_{i} - 0.0015725 T_{i}^{0.5} P^{-1} dn + 3.152 \\cdot 10^{-7} T_{i}^{0.5} P dT_{i} + 0.00076678 T_{i}^{0.5} P dn + 0.0014722 T_{i} P^{-1} dn + 8.7013 \\cdot 10^{-5} T_{i} P dT_{e} + 0.011949 T_{i} P dn - 0.00011989 dT_{e} - 4.6945 \\cdot 10^{-6} dT_{i} - 0.013885 n^{-1} F dn + 0.0031281 n^{-1} P^{-1} dn + 9.9152 \\cdot 10^{-5} n^{-1} T_{e}^{0.5} dn + 0.00091788 n^{-1} T_{e} dn - 3.7825 \\cdot 10^{-5} n^{-1} T_{i}^{0.5} dn - 8.5286 \\cdot 10^{-5} n^{-1} T_{i} dn + 6.821 \\cdot 10^{-5} n^{-1} dn - 0.062104 n E^{0.5} - 0.026924 n E^{0.5} T_{e}^{0.5} P^{-1} + 0.022089 n E^{0.5} T_{e}^{0.5} T_{i} + 0.00017356 n E^{0.5} T_{e} T_{i}^{0.5} - 0.019747 n E^{0.5} T_{i}^{0.5} F + 0.0012472 n E^{0.5} T_{i} + 0.021291 n E P^{-1} - 0.0004225 n E P + 0.026709 n E T_{e}^{0.5} + 0.00046893 n E T_{e}^{0.5} T_{i}^{0.5} + 0.0004016 n E T_{i}^{0.5}",
  "coefficients": [
    0.08853770765214358,
    0.007159260026396864,
    0.00010221092617264128,
    -0.007066469102309851,
    -0.00016080727718965893,
    -0.0016024198788885293,
    0.00015214948590879359,
    -2.8094395931927895e-05,
    0.0015102978238858416,
    2.807709043395632e-05,
    -0.00028194745188757874,
    0.005551740173104725,
    5.994494808052992e-05,
    -0.0012704244208112437,
    -4.377887123633455e-05,
    0.00013299952294606638,
    -4.571460045827253e-06,
    -0.0014869515028229066,
    -4.5508249964924605e-05,
    -5.14863007776224e-05,
    0.0001455530056636263,
    -7.203470007438478e-06,
    -0.0024562062854595126,
    5.197925274663784e-06,
    0.00024406277765522783,
    -3.178394119420248e-07,
    6.759882422674866e-05,
    -0.002201044838634704,
    -0.00015496118548757756,
    -1.1190927354112202e-05,
    0.00353942421873669,
    7.761006647856661e-05,
    0.0001924441816163478,
    1.832656002791468e-05,
    1.645853828913217e-05,
    2.5085596824764002e-05,
    0.0015419538544136162,
    1.4775521286424007e-05,
    -5.173036993682599e-05,
    3.259383571971756e-05,
    3.083947649771591e-05,
    -5.5946001505203544e-05,
    -0.001027614091935769,
    -7.933630803873937e-05,
    -0.0011686357750172532,
    -6.413092211938942e-05,
    -7.071082892752378e-05,
    9.177166054088033e-05,
    -0.0016860893606449108,
    -3.863515881314306e-05,
    -0.0004423804167070487,
    0.0010013553050783302,
    0.002296134299061779,
    -4.683161848973313e-06,
    0.017879712108329508,
    -0.026522547265289662,
    -0.00026923974633511887,
    -0.00012442528173575035,
    0.012951574184113437,
    -6.990721109160568e-05,
    -0.021072855459420427,
    0.0007191694110054408,
    -6.7781124959818785e-06,
    0.003967404676548248,
    -0.031674681172452396,
    -0.00017690263928544632,
    1.630719883234881e-05,
    1.5280938825770396e-05,
    -0.034280887239008316,
    4.192282764486789e-05,
    2.613624080076489e-05,
    -0.019621323186537854,
    -9.830669821271192e-05,
    0.0008752470996389691,
    -0.023830635062693655,
    6.399197303020859e-05,
    0.01510121259267111,
    -6.222547443382915e-05,
    0.00010064694936408694,
    0.010163850595261127,
    -3.9560528540534616e-05,
    -0.00025665594913009125,
    0.0001675586833444504,
    3.802305065188021e-05,
    0.009372516180356607,
    0.0001896287120672945,
    0.059256516057419314
  ],
  "val_sse_masked": 0.0003755589132197201,
  "val_nrmse_masked": 0.05274959281086922,
  "val_mse_masked": 1.251863159268396e-05,
  "val_r2_masked": 0.9972165822982788,
  "val_sse_full": 0.00037844263715669513,
  "val_nrmse_full": 0.05295172333717346,
  "val_mse_full": 1.2614755178219639e-05,
  "val_r2_full": 0.9971951842308044,
  "iteration": 233,
  "p_lo_eff": 0.12967753410339355,
  "p_hi_eff": 1.9451630115509033,
  "f_lo_eff": 0.20659340918064117,
  "f_hi_eff": 1.6527472734451294
}