{
  "tag": "283_fc25b35e",
  "lmb1": 6.2723779547974186e-06,
  "lmb2": 3.595637588765821e-05,
  "nonzero_count": 81,
  "complexity_norm": 0.6532258064516129,
  "train_gen_window": 0.026498482304553327,
  "generalizability": 0.02849916880046033,
  "equation": "0.11047 E^{0.5} n P^{-0.5} + 0.00085731 F dT_{e} + 0.0019097 F dT_{i} - 0.00072462 F dn - 0.00091397 P^{-1} F dT_{e} + 5.944 \\cdot 10^{-5} P^{-1} F dT_{i} + 0.00058256 P^{-1} F dn + 0.00099954 P^{-1} dT_{e} - 0.0044942 P dn - 0.013433 T_{e}^{0.5} F dT_{e} - 0.0016047 T_{e}^{0.5} F dn + 0.00042835 T_{e}^{0.5} P^{-1} dT_{e} - 0.04714 T_{e}^{0.5} P^{-1} dn + 0.0046968 T_{e}^{0.5} T_{i}^{0.5} F dT_{e} - 8.8065 \\cdot 10^{-6} T_{e}^{0.5} T_{i}^{0.5} F dT_{i} - 0.011749 T_{e}^{0.5} T_{i}^{0.5} F dn - 2.361 \\cdot 10^{-6} T_{e}^{0.5} T_{i}^{0.5} P^{-1} dT_{i} + 0.025528 T_{e}^{0.5} T_{i}^{0.5} P^{-1} dn + 0.0010297 T_{e}^{0.5} T_{i}^{0.5} P dT_{e} + 3.0858 \\cdot 10^{-6} T_{e}^{0.5} T_{i}^{0.5} P dT_{i} + 0.0078393 T_{e}^{0.5} T_{i}^{0.5} P dn + 0.00050812 T_{e}^{0.5} T_{i}^{0.5} dn - 0.00015441 T_{e}^{0.5} T_{i} dT_{e} - 3.2491 \\cdot 10^{-8} T_{e}^{0.5} T_{i} dT_{i} + 0.0024047 T_{e}^{0.5} T_{i} dn - 0.03652 T_{e}^{0.5} dn - 9.7987 \\cdot 10^{-5} T_{e} F dT_{i} - 0.0055806 T_{e} F dn + 0.019651 T_{e} P^{-1} dn + 1.8622 \\cdot 10^{-5} T_{e} P dT_{i} - 0.0005647 T_{e} T_{i}^{0.5} dT_{e} - 3.8266 \\cdot 10^{-5} T_{e} T_{i} dT_{e} + 5.3981 \\cdot 10^{-8} T_{e} T_{i} dT_{i} + 0.0080843 T_{e} T_{i} dn - 0.0036152 T_{e} dT_{e} - 0.0002371 T_{e} dT_{i} - 0.029116 T_{e} dn + 0.0024551 T_{i}^{0.5} F dT_{e} - 0.003296 T_{i}^{0.5} F dn + 0.0013953 T_{i}^{0.5} P^{-1} dT_{e} - 7.1437 \\cdot 10^{-6} T_{i}^{0.5} P^{-1} dT_{i} - 0.0093156 T_{i}^{0.5} P^{-1} dn + 1.2267 \\cdot 10^{-6} T_{i}^{0.5} P dT_{i} + 0.00089487 T_{i}^{0.5} P dn - 0.0006388 T_{i}^{0.5} dT_{e} - 6.6132 \\cdot 10^{-7} T_{i}^{0.5} dT_{i} + 0.00022018 T_{i}^{0.5} dn + 0.00010573 T_{i} F dT_{e} - 7.1312 \\cdot 10^{-7} T_{i} F dT_{i} + 7.2385 \\cdot 10^{-5} T_{i} P dT_{e} + 0.0095233 T_{i} P dn - 0.00030048 T_{i} dT_{e} + 0.001635 T_{i} dn + 0.00031931 dT_{e} - 0.00018131 dT_{i} - 0.0033824 n^{-1} F dn + 0.0038838 n^{-1} P^{-1} dn - 0.00029208 n^{-1} T_{e}^{0.5} T_{i}^{0.5} dn - 0.0004656 n^{-1} T_{e}^{0.5} dn - 0.0011373 n^{-1} T_{e} dn + 5.4907 \\cdot 10^{-5} n^{-1} T_{i}^{0.5} dn - 0.00060205 n^{-1} T_{i} dn - 0.11972 n E^{0.5} - 0.0012333 n E^{0.5} P^{-1} - 0.026099 n E^{0.5} T_{e}^{0.5} P^{-1} + 0.0013342 n E^{0.5} T_{e}^{0.5} T_{i}^{0.5} + 0.040767 n E^{0.5} T_{e}^{0.5} T_{i} - 0.00098116 n E^{0.5} T_{e} + 0.010743 n E^{0.5} T_{e} T_{i}^{0.5} + 0.00039169 n E^{0.5} T_{i}^{0.5} - 0.023992 n E^{0.5} T_{i}^{0.5} F + 0.011336 n E^{0.5} T_{i}^{0.5} P^{-1} + 0.0049323 n E^{0.5} T_{i}^{0.5} P + 0.033548 n E^{0.5} T_{i} - 0.0026705 n E F + 0.014469 n E P^{-1} - 0.0029565 n E P + 0.065046 n E T_{e}^{0.5} - 0.0048534 n E T_{e}^{0.5} T_{i}^{0.5} - 0.0015215 n E T_{i}^{0.5} - 0.036067 n E T_{i}",
  "coefficients": [
    0.08853771011406225,
    0.008888865325743666,
    3.118542536753572e-05,
    -0.0017214384237441071,
    0.00023342968857559737,
    -0.011311854543847547,
    -0.0007144658851762798,
    -0.001416580844283638,
    -0.0018713882993957023,
    0.0021074463231597917,
    -0.010889463710834206,
    0.030047756080472277,
    4.213578571496022e-05,
    -0.003187395807734138,
    -0.0002516636119935907,
    0.0005176126334221723,
    -0.000490917430170262,
    -0.0013095699461871428,
    -4.656778924876114e-06,
    -0.0010602855349613278,
    0.0015116525875803308,
    -0.0001034239046307258,
    -0.02070706360015834,
    -0.0023427643367442165,
    0.0017624350340621061,
    0.00020695818904211766,
    0.0017823181487675668,
    -0.0009898535803185813,
    0.0004127077126875117,
    0.00032283262881875916,
    0.00793828867451412,
    -0.002447778312235305,
    0.002934968514889689,
    -7.437472121962476e-05,
    -0.00517982874788191,
    0.0005440771787445837,
    0.0012827220532518205,
    0.000876908031755259,
    -0.005586596455113417,
    0.006387025442470355,
    0.004535389502079096,
    -0.003101116613118954,
    -0.005270542409183383,
    -0.0027550854388961976,
    -0.0009040656370282017,
    0.0007363526869700968,
    -0.0007752338590277931,
    -0.005200076677446776,
    -0.009988542630974567,
    0.00017454521609103798,
    -0.004037534373351536,
    0.00116862918342316,
    1.2494070559303455e-05,
    0.0015477165986748603,
    0.014249827303302954,
    -0.04249293312096883,
    -0.024080136291121976,
    -0.0016590404821828356,
    0.0315002040838751,
    0.000388525042044507,
    -0.013955543034921346,
    0.009778754903059964,
    0.002226487083814565,
    0.020519485285684574,
    -0.01850683216196556,
    -0.005590455610697954,
    0.007418343702576715,
    -0.0009429397062536587,
    -0.06608341902861165,
    0.010677865695763943,
    0.00024161436526785993,
    -0.023838650075606104,
    0.005115774840287887,
    0.023544024258607243,
    -0.023100012103913038,
    0.0007956601186286502,
    0.02787071341629284,
    -0.0005045363643717532,
    0.006229629045379963,
    0.006907302258141389,
    -0.001524576271181561,
    -0.0017959575964353373,
    -0.0006348051408735679,
    -0.018748029973643304,
    0.022825056401020227,
    -0.0019626467582103263,
    0.05423644257981051
  ],
  "val_sse_masked": 0.00024517226847819984,
  "val_nrmse_masked": 0.0426202230155468,
  "val_mse_masked": 8.172409252438229e-06,
  "val_r2_masked": 0.9981828927993774,
  "val_sse_full": 0.00024405635485891253,
  "val_nrmse_full": 0.04252311959862709,
  "val_mse_full": 8.13521273812512e-06,
  "val_r2_full": 0.9981911778450012,
  "iteration": 283,
  "p_lo_eff": 0.12967753410339355,
  "p_hi_eff": 1.9451630115509033,
  "f_lo_eff": 0.20659340918064117,
  "f_hi_eff": 1.6527472734451294
}