{
  "tag": "148_f08ec136",
  "lmb1": 1.4718713131452308e-05,
  "lmb2": 0.0005834568283896883,
  "nonzero_count": 76,
  "complexity_norm": 0.6129032258064516,
  "train_gen_window": 0.023649343776816368,
  "generalizability": 0.030229364523096946,
  "equation": "0.077263 E^{0.5} n P^{-0.5} - 0.0014639 F dT_{e} + 0.0011264 F dT_{i} - 0.00046131 F dn - 0.00184 P^{-1} F dT_{e} - 0.00056721 P^{-1} F dn - 6.6172 \\cdot 10^{-5} P F dT_{i} - 0.00031798 P dn - 0.0030153 T_{e}^{0.5} F dT_{e} - 0.0033045 T_{e}^{0.5} F dn + 7.1088 \\cdot 10^{-5} T_{e}^{0.5} P^{-1} dT_{e} - 0.026969 T_{e}^{0.5} P^{-1} dn + 0.0005854 T_{e}^{0.5} T_{i}^{0.5} F dT_{e} - 2.6197 \\cdot 10^{-6} T_{e}^{0.5} T_{i}^{0.5} F dT_{i} - 0.010021 T_{e}^{0.5} T_{i}^{0.5} F dn - 7.2521 \\cdot 10^{-6} T_{e}^{0.5} T_{i}^{0.5} P^{-1} dT_{i} + 0.010616 T_{e}^{0.5} T_{i}^{0.5} P^{-1} dn + 0.00027787 T_{e}^{0.5} T_{i}^{0.5} P dT_{e} + 8.7906 \\cdot 10^{-7} T_{e}^{0.5} T_{i}^{0.5} P dT_{i} + 0.0015897 T_{e}^{0.5} T_{i}^{0.5} P dn - 0.00037852 T_{e}^{0.5} T_{i}^{0.5} dn - 8.0818 \\cdot 10^{-5} T_{e}^{0.5} T_{i} dT_{e} + 1.6633 \\cdot 10^{-7} T_{e}^{0.5} T_{i} dT_{i} + 0.0012475 T_{e}^{0.5} T_{i} dn - 0.015119 T_{e}^{0.5} dn - 0.0069825 T_{e} F dn + 0.013699 T_{e} P^{-1} dn + 7.8151 \\cdot 10^{-6} T_{e} P dT_{i} - 0.00013837 T_{e} T_{i}^{0.5} dT_{e} - 0.00022597 T_{e} T_{i} dT_{e} + 2.7292 \\cdot 10^{-7} T_{e} T_{i} dT_{i} + 0.00060684 T_{e} T_{i} dn - 0.0017484 T_{e} dT_{e} - 6.9597 \\cdot 10^{-5} T_{e} dT_{i} - 0.0273 T_{e} dn + 0.00063728 T_{i}^{0.5} F dT_{e} - 0.0055978 T_{i}^{0.5} F dn + 0.0015761 T_{i}^{0.5} P^{-1} dT_{e} - 9.9175 \\cdot 10^{-6} T_{i}^{0.5} P^{-1} dT_{i} - 0.017651 T_{i}^{0.5} P^{-1} dn + 2.9783 \\cdot 10^{-7} T_{i}^{0.5} P dT_{i} + 0.0013732 T_{i}^{0.5} P dn + 5.7979 \\cdot 10^{-5} T_{i} F dT_{e} + 2.0585 \\cdot 10^{-7} T_{i} F dT_{i} + 2.137 \\cdot 10^{-5} T_{i} P^{-1} dT_{e} + 0.0065728 T_{i} P^{-1} dn + 0.00021411 T_{i} P dT_{e} + 0.010438 T_{i} P dn - 1.0415 \\cdot 10^{-5} T_{i} dT_{e} + 0.0051594 T_{i} dn - 0.00038235 dT_{e} - 0.00010098 dT_{i} - 0.019991 n^{-1} F dn + 0.0043053 n^{-1} P^{-1} dn + 0.00045974 n^{-1} T_{e}^{0.5} dn + 0.00069335 n^{-1} T_{e} dn - 0.00023766 n^{-1} T_{i} dn + 0.00039832 n^{-1} dn - 0.038282 n E^{0.5} + 0.0057966 n E^{0.5} P^{-1} - 0.021011 n E^{0.5} T_{e}^{0.5} P^{-1} + 0.00099549 n E^{0.5} T_{e}^{0.5} T_{i}^{0.5} + 0.017214 n E^{0.5} T_{e}^{0.5} T_{i} - 0.001871 n E^{0.5} T_{e} + 0.0081835 n E^{0.5} T_{e} T_{i}^{0.5} - 0.020878 n E^{0.5} T_{i}^{0.5} F + 0.0029423 n E^{0.5} T_{i}^{0.5} P^{-1} - 0.0041148 n E^{0.5} T_{i}^{0.5} P + 0.0087346 n E^{0.5} T_{i} - 0.0071741 n E F + 0.017673 n E P^{-1} - 0.0020215 n E P + 0.036176 n E T_{e}^{0.5} + 0.0039736 n E T_{e}^{0.5} T_{i}^{0.5} + 0.0016235 n E T_{i}^{0.5} - 0.00084635 n E T_{i}",
  "coefficients": [
    0.08853770755601031,
    0.009853707370320921,
    0.0005968756790552752,
    -0.0101740490591747,
    -3.773642574935785e-05,
    -0.004465388089272087,
    0.000705470463097052,
    -4.3478338919070576e-05,
    0.0011408543130289857,
    8.18348245533184e-05,
    -0.006064913973207934,
    0.017723444579268128,
    -0.0010280407868696675,
    -0.004424998304382216,
    -8.234135023441337e-05,
    0.00012566972087177543,
    0.00014170654440125906,
    -0.004022548201548961,
    -1.0655358333339196e-05,
    -0.0003154099277496394,
    0.0004306317617461077,
    0.0005294444267939165,
    -0.006078179865425316,
    9.813084605816755e-05,
    0.0007396271099445133,
    0.0010463459556338604,
    7.934910801930754e-05,
    -0.001992781104005691,
    -0.0004941790029289215,
    -0.0005512384655438343,
    0.008966728486407201,
    -1.873308097772542e-05,
    0.0007618428948056265,
    0.0005172678542766795,
    -0.00017953251357587837,
    0.000298358303733834,
    0.0037942401527906082,
    0.00014553163335437306,
    -0.0012540230171943793,
    0.000796069069229901,
    0.0012238749505996212,
    -0.0016231169659313214,
    -0.0025490198645543526,
    -0.0006751009393093673,
    -0.005338817435792189,
    -0.0007169463110215397,
    -0.0004935267055602843,
    -0.0003679260619494865,
    -0.018926382552179953,
    5.661311087433576e-06,
    -0.0068572698515759825,
    0.0017932749059771634,
    0.010251240053230665,
    0.00488381064596572,
    0.015618450606272628,
    -0.024310520930289452,
    -0.009968692515713948,
    -0.003416375262133818,
    0.013099469993021253,
    -0.000289428945767844,
    -0.011902624620150124,
    0.001983019189197613,
    0.0011550204467795984,
    0.01430418902321921,
    -0.017352519174183838,
    -0.006994811777474137,
    0.0005568487577443498,
    0.004431834593370776,
    -0.021131080135213875,
    0.0027713938258660557,
    1.8117136204279195e-05,
    -0.020744305366544574,
    -0.004267801478562283,
    0.006129850130041937,
    -0.018596705696241306,
    0.000593676595313005,
    0.01176875189405129,
    -0.0009621012538912619,
    0.004745555636931964,
    0.008437023971685085,
    -0.0040955899567008125,
    -0.0012280100629146,
    0.0006773641514974428,
    -0.00043994680142673436,
    0.012694347998577925,
    0.0016068707021424712,
    0.03793248035905976
  ],
  "val_sse_masked": 0.00036043330328539014,
  "val_nrmse_masked": 0.0516764335334301,
  "val_mse_masked": 1.201444410980912e-05,
  "val_r2_masked": 0.9973286390304565,
  "val_sse_full": 0.0003663684765342623,
  "val_nrmse_full": 0.05210016667842865,
  "val_mse_full": 1.2212283763801679e-05,
  "val_r2_full": 0.9972846508026123,
  "iteration": 148,
  "p_lo_eff": 0.12967753410339355,
  "p_hi_eff": 1.9451630115509033,
  "f_lo_eff": 0.20659340918064117,
  "f_hi_eff": 1.6527472734451294
}