{
  "tag": "146_8735dce7",
  "lmb1": 1.0303920398718516e-06,
  "lmb2": 0.0069279691246537075,
  "nonzero_count": 81,
  "complexity_norm": 0.6532258064516129,
  "train_gen_window": 0.04562984249232018,
  "generalizability": 0.03472353508421922,
  "equation": "0.035569 E^{0.5} n P^{-0.5} - 0.0007247 F dT_{e} + 0.00054751 F dT_{i} - 0.0030052 F dn - 0.0033149 P^{-1} F dT_{e} - 0.00013701 P^{-1} F dT_{i} - 0.004485 P^{-1} F dn + 0.00013654 P^{-1} dT_{e} - 2.8535 \\cdot 10^{-5} P F dT_{i} + 0.00096696 P dn - 0.0041432 T_{e}^{0.5} F dn + 0.00035046 T_{e}^{0.5} P^{-1} dT_{e} - 0.011663 T_{e}^{0.5} P^{-1} dn + 0.00043329 T_{e}^{0.5} T_{i}^{0.5} F dT_{e} - 0.0033024 T_{e}^{0.5} T_{i}^{0.5} F dn - 3.9811 \\cdot 10^{-6} T_{e}^{0.5} T_{i}^{0.5} P^{-1} dT_{i} + 0.0027402 T_{e}^{0.5} T_{i}^{0.5} P^{-1} dn + 0.00025127 T_{e}^{0.5} T_{i}^{0.5} P dT_{e} + 1.3788 \\cdot 10^{-6} T_{e}^{0.5} T_{i}^{0.5} P dT_{i} + 0.0035464 T_{e}^{0.5} T_{i}^{0.5} P dn - 1.2557 \\cdot 10^{-6} T_{e}^{0.5} T_{i}^{0.5} dT_{i} - 0.006703 T_{e}^{0.5} T_{i}^{0.5} dn - 5.077 \\cdot 10^{-5} T_{e}^{0.5} T_{i} dT_{e} + 0.0017175 T_{e}^{0.5} T_{i} dn - 0.015268 T_{e}^{0.5} dn + 0.00015296 T_{e} F dT_{i} - 0.0047558 T_{e} F dn + 0.0035548 T_{e} P^{-1} dn + 1.3129 \\cdot 10^{-5} T_{e} P dT_{i} - 0.00011101 T_{e} T_{i}^{0.5} dT_{e} - 8.8462 \\cdot 10^{-5} T_{e} T_{i} dT_{e} + 1.4795 \\cdot 10^{-7} T_{e} T_{i} dT_{i} + 0.0014431 T_{e} T_{i} dn - 0.00041791 T_{e} dT_{e} - 1.8712 \\cdot 10^{-5} T_{e} dT_{i} - 0.018275 T_{e} dn + 0.00047407 T_{i}^{0.5} F dT_{e} - 0.0025781 T_{i}^{0.5} F dn + 0.00046048 T_{i}^{0.5} P^{-1} dT_{e} - 5.2213 \\cdot 10^{-6} T_{i}^{0.5} P^{-1} dT_{i} - 0.0081658 T_{i}^{0.5} P^{-1} dn + 0.0036215 T_{i}^{0.5} P dn + 0.00025776 T_{i}^{0.5} dT_{e} - 2.598 \\cdot 10^{-6} T_{i}^{0.5} dT_{i} - 0.0044057 T_{i}^{0.5} dn - 5.4377 \\cdot 10^{-5} T_{i} F dT_{e} + 5.0898 \\cdot 10^{-7} T_{i} F dT_{i} + 3.3218 \\cdot 10^{-5} T_{i} P^{-1} dT_{e} + 0.0034108 T_{i} P^{-1} dn + 0.00013407 T_{i} P dT_{e} + 0.0058421 T_{i} P dn + 0.0028937 T_{i} dn - 0.00030905 dT_{e} - 3.3762 \\cdot 10^{-5} dT_{i} - 0.025131 n^{-1} F dn + 0.0025152 n^{-1} P^{-1} dn + 0.000157 n^{-1} T_{e}^{0.5} T_{i}^{0.5} dn + 0.0017132 n^{-1} T_{e}^{0.5} dn + 0.0016241 n^{-1} T_{e} dn + 0.00017513 n^{-1} T_{i}^{0.5} dn - 0.00010324 n^{-1} T_{i} dn + 0.0016976 n^{-1} dn - 0.0041083 n E^{0.5} + 0.006239 n E^{0.5} P^{-1} - 0.010183 n E^{0.5} T_{e}^{0.5} P^{-1} + 0.0051554 n E^{0.5} T_{e}^{0.5} T_{i}^{0.5} + 0.0052541 n E^{0.5} T_{e}^{0.5} T_{i} + 0.00098064 n E^{0.5} T_{e} + 0.0060804 n E^{0.5} T_{e} T_{i}^{0.5} + 0.0026783 n E^{0.5} T_{i}^{0.5} - 0.010848 n E^{0.5} T_{i}^{0.5} F + 0.0015578 n E^{0.5} T_{i}^{0.5} P^{-1} - 0.011804 n E^{0.5} T_{i}^{0.5} P + 0.0041091 n E^{0.5} T_{i} - 0.0048514 n E F + 0.0099042 n E P^{-1} - 0.0050071 n E P + 0.027272 n E T_{e}^{0.5} + 0.015274 n E T_{e}^{0.5} T_{i}^{0.5} + 0.01409 n E T_{i}^{0.5} + 0.0017978 n E T_{i}",
  "coefficients": [
    0.08853770659946075,
    0.00575667737093663,
    0.0025438712889954266,
    -0.01279022249339215,
    0.0007445453446006636,
    -0.0019397698000641593,
    0.0026289681586071684,
    0.0007614222860289556,
    0.0026722664617684303,
    -0.004857633629542805,
    -0.002027693550216947,
    0.00861452840434679,
    -0.0004433174684959841,
    -0.0023296274430375913,
    -0.000988657178183295,
    -7.717808935503662e-05,
    0.0003503859335335503,
    -0.002208194524558384,
    -0.0005737123110825994,
    -6.468842316576786e-05,
    0.0006754404443530732,
    6.973838067695021e-05,
    -0.0016341613527502288,
    0.0036570253919413253,
    0.001242511191519531,
    0.0005672224805193275,
    0.00024346368305407963,
    -0.0035901318291324353,
    -0.0003994472823563885,
    -0.00027289690320984146,
    0.002619795247222884,
    0.000987695238725399,
    0.0005667358039649823,
    0.0008040475628184511,
    6.731378324744026e-05,
    -0.00027982264736825914,
    0.0023757621909396426,
    0.0007174568169865244,
    -3.058116888809623e-05,
    0.0005892184106073097,
    0.0011067117261435969,
    -0.0010196482841043028,
    -0.0006092593774001498,
    -0.000541607646776977,
    -0.002089988917014527,
    -0.005668970607889017,
    -0.0032150947974386064,
    0.0011188315782396326,
    -0.008755714234006659,
    -0.003492630068315887,
    -0.0031581295058888234,
    0.004729344601273631,
    0.0053196395660403415,
    0.0027391292364276586,
    0.00874156300242847,
    -0.01051347120811185,
    -0.010067175058496976,
    -0.004283401496464414,
    0.0033812799393112716,
    -0.005125270174530129,
    -0.003922575560084929,
    0.004423777266555561,
    0.0015902365815442657,
    0.003711854883537256,
    -0.011616117888513484,
    -0.004764141669332033,
    0.0013242290977661965,
    0.004770116287651471,
    -0.002267724694968881,
    0.0014673104315856924,
    0.0016521241971507764,
    -0.010778986277400085,
    -0.012242546233563106,
    0.0028837229509632587,
    -0.009012595712635841,
    0.0030745059870566187,
    0.0035919791755238775,
    0.0005042714714143547,
    0.003525952521574298,
    0.0047280901151292645,
    -0.0027695825045487947,
    -0.0030416495395074916,
    0.0058789356945754215,
    0.000934519230726467,
    0.009570100473353587,
    0.006176777446847442,
    0.01746282453414532
  ],
  "val_sse_masked": 0.0005894469213671982,
  "val_nrmse_masked": 0.06608492881059647,
  "val_mse_masked": 1.9648232409963384e-05,
  "val_r2_masked": 0.9956313371658325,
  "val_sse_full": 0.0005893509951420128,
  "val_nrmse_full": 0.06607954949140549,
  "val_mse_full": 1.964503462659195e-05,
  "val_r2_full": 0.9956320524215698,
  "iteration": 146,
  "p_lo_eff": 0.12967753410339355,
  "p_hi_eff": 1.9451630115509033,
  "f_lo_eff": 0.20659340918064117,
  "f_hi_eff": 1.6527472734451294
}