{
  "tag": "448_7e551904",
  "lmb1": 5.459121007497467e-05,
  "lmb2": 1.8938551272634476e-07,
  "nonzero_count": 43,
  "complexity_norm": 0.3467741935483871,
  "train_gen_window": 0.032327183633251405,
  "generalizability": 0.025975208318438144,
  "equation": "0.12082 E^{0.5} n P^{-0.5} + 0.00015241 F dT_{i} - 0.002627 P^{-1} F dT_{e} - 0.024316 T_{e}^{0.5} P^{-1} dn - 0.018197 T_{e}^{0.5} T_{i}^{0.5} F dn - 1.1155 \\cdot 10^{-6} T_{e}^{0.5} T_{i}^{0.5} P^{-1} dT_{i} + 0.0072722 T_{e}^{0.5} T_{i}^{0.5} P^{-1} dn + 0.00043996 T_{e}^{0.5} T_{i}^{0.5} P dn - 0.00034951 T_{e}^{0.5} dn - 0.00011101 T_{e} F dn + 0.001116 T_{e} P^{-1} dn + 2.4252 \\cdot 10^{-6} T_{e} P dT_{i} - 0.00018173 T_{e} dT_{e} - 1.5586 \\cdot 10^{-6} T_{e} dT_{i} - 0.050124 T_{e} dn + 0.00010414 T_{i}^{0.5} F dT_{e} - 0.00030911 T_{i}^{0.5} F dn + 0.00043542 T_{i}^{0.5} P^{-1} dT_{e} - 1.4853 \\cdot 10^{-6} T_{i}^{0.5} P^{-1} dT_{i} - 0.00071788 T_{i}^{0.5} P^{-1} dn + 0.0047871 T_{i}^{0.5} P dn + 0.0014 T_{i} P^{-1} dn + 3.5703 \\cdot 10^{-5} T_{i} P dT_{e} + 0.0091102 T_{i} P dn - 9.2608 \\cdot 10^{-5} dT_{e} - 2.0611 \\cdot 10^{-6} dT_{i} - 0.015695 n^{-1} F dn + 0.0030754 n^{-1} P^{-1} dn + 0.00017828 n^{-1} T_{e}^{0.5} dn + 0.0010094 n^{-1} T_{e} dn - 4.8189 \\cdot 10^{-5} n^{-1} T_{i} dn + 0.00021904 n^{-1} dn - 0.05743 n E^{0.5} - 0.026549 n E^{0.5} T_{e}^{0.5} P^{-1} + 0.016352 n E^{0.5} T_{e}^{0.5} T_{i} - 0.019574 n E^{0.5} T_{i}^{0.5} F - 0.00017466 n E^{0.5} T_{i}^{0.5} P + 0.0012309 n E^{0.5} T_{i} + 0.019404 n E P^{-1} - 0.00035462 n E P + 0.029392 n E T_{e}^{0.5} + 0.00095081 n E T_{e}^{0.5} T_{i}^{0.5} + 0.00074318 n E T_{i}^{0.5}",
  "coefficients": [
    0.08853770738921429,
    0.007038724228115344,
    0.0003282169374024093,
    -0.007987676688385462,
    -5.4824601527854324e-05,
    -0.0009054074205332532,
    0.0002735671474240572,
    -1.8300429990624023e-05,
    0.0016608397130834453,
    -2.012322580064787e-05,
    -0.0001237897941904756,
    0.0023979854967493474,
    7.592777756966284e-05,
    -0.0006627181694238393,
    -4.1585313631376514e-05,
    6.246088876509802e-05,
    -1.1354227325514105e-05,
    -0.0006187426487866387,
    -4.03230207237364e-05,
    -3.825379294418786e-05,
    6.922696234206672e-05,
    -1.8403890996057377e-05,
    -0.00013611582213745267,
    8.095502916509025e-06,
    0.0002295203144641291,
    -1.0616312686346414e-05,
    5.207260106496556e-05,
    -0.002845061700547471,
    -0.00011969497597417573,
    -4.0035140253000015e-06,
    0.002477259900842495,
    4.71534900712517e-05,
    0.00012448999363990024,
    4.2507208877960506e-05,
    2.7776819841586302e-05,
    3.9409931252095926e-05,
    0.0006326942300088971,
    1.368567124316787e-05,
    -2.6846073305390824e-05,
    2.9689464619532775e-05,
    1.1991655784700016e-05,
    -1.8482873943616596e-05,
    -0.00026494316137780165,
    -4.494090504573983e-05,
    -4.808698750337221e-05,
    -9.58490236756623e-05,
    -4.832797861024242e-05,
    6.137911811802224e-05,
    -0.0007697420988095807,
    -4.565679502827587e-05,
    -0.00037865011243289515,
    0.006251526858704868,
    0.002183568494546644,
    -2.2901733742998167e-05,
    0.013631624959042504,
    -0.021918647900363446,
    -0.00023045089100935087,
    -8.250669202326837e-05,
    0.008973630982837936,
    -8.231613328196591e-05,
    -0.02161514449330317,
    0.0005488130561154626,
    -2.770658774319186e-05,
    0.0011653105568079222,
    -0.031859531085750056,
    -0.00011120471100465533,
    -1.1640984839162827e-05,
    1.9244838826916463e-05,
    -0.03170066563475038,
    2.2673207812877683e-05,
    1.910364697398875e-05,
    -0.019449080607894242,
    -0.00018115365418511518,
    0.0008638044815921095,
    -0.0234986313515359,
    4.381596494495101e-05,
    0.011179074489774257,
    -6.598526867982581e-05,
    6.024059018846652e-05,
    0.00926331324445484,
    -2.776331032908617e-05,
    -0.00021541733730018773,
    0.00031008032688828593,
    9.347036057018903e-05,
    0.010313871147365093,
    0.0003844940143209239,
    0.05931484149220171
  ],
  "val_sse_masked": 0.00042987940832972527,
  "val_nrmse_masked": 0.05643562972545624,
  "val_mse_masked": 1.4329314581118524e-05,
  "val_r2_masked": 0.996813952922821,
  "val_sse_full": 0.00041621303535066545,
  "val_nrmse_full": 0.05553130805492401,
  "val_mse_full": 1.3873768693883903e-05,
  "val_r2_full": 0.9969152212142944,
  "iteration": 448,
  "p_lo_eff": 0.12967753410339355,
  "p_hi_eff": 1.9451630115509033,
  "f_lo_eff": 0.20659340918064117,
  "f_hi_eff": 1.6527472734451294
}