{
  "tag": "4_15b34c6f",
  "lmb1": 0.00012922683982896546,
  "lmb2": 4.783710366472624e-06,
  "nonzero_count": 28,
  "complexity_norm": 0.22580645161290322,
  "train_gen_window": 0.041791821005295354,
  "generalizability": 0.03863580860318633,
  "equation": "0.071311 E^{0.5} n P^{-0.5} + 0.0001155 F dT_{i} - 0.0041889 P^{-1} F dT_{e} - 5.5958 \\cdot 10^{-5} P^{-1} F dT_{i} - 0.0022293 P^{-1} F dn + 0.00013397 P dn - 0.0192 T_{e}^{0.5} P^{-1} dn - 0.0087662 T_{e}^{0.5} T_{i}^{0.5} F dn + 0.00010306 T_{e}^{0.5} T_{i}^{0.5} P dn - 0.048519 T_{e} dn + 0.00030909 T_{i}^{0.5} F dT_{e} - 0.00018922 T_{i}^{0.5} F dn + 0.0002256 T_{i}^{0.5} P^{-1} dT_{e} + 0.0004921 T_{i}^{0.5} P dn + 6.9786 \\cdot 10^{-5} T_{i}^{0.5} dT_{e} + 7.487 \\cdot 10^{-6} T_{i} P^{-1} dT_{e} + 0.00082729 T_{i} P^{-1} dn + 0.0090129 T_{i} P dn - 0.015464 n^{-1} F dn + 0.0026762 n^{-1} P^{-1} dn + 0.001554 n^{-1} dn - 0.013333 n E^{0.5} T_{e}^{0.5} P^{-1} - 0.0085429 n E^{0.5} T_{i}^{0.5} F - 0.017266 n E^{0.5} T_{i}^{0.5} P + 0.0014424 n E P^{-1} + 0.0017378 n E T_{e}^{0.5} + 0.052117 n E T_{e}^{0.5} T_{i}^{0.5} + 0.0023909 n E T_{i}^{0.5}",
  "coefficients": [
    0.0885377051696139,
    0.0061250889893962185,
    0.002328651731375891,
    -0.007870457839277634,
    2.9352692974716224e-06,
    -1.724300357312261e-05,
    8.345422679802535e-05,
    2.6778052974890947e-06,
    5.0890368558492586e-05,
    -0.0019839902488994992,
    -6.891271616327248e-07,
    0.0018173029990305259,
    2.6269020882048002e-05,
    -7.424634145310258e-05,
    -2.9443020557088525e-06,
    2.9692892920537538e-05,
    -1.4118381384130653e-05,
    -7.377861109242678e-05,
    -3.1429489599202008e-06,
    -1.0898577893589071e-05,
    3.332676154183125e-05,
    -5.899074342193628e-06,
    -1.3962438685609126e-06,
    1.6488417410441923e-05,
    5.092888652394666e-05,
    -5.968892852224146e-06,
    2.9544011893803512e-05,
    -0.004536686354387554,
    3.455058457896648e-05,
    8.613101812939656e-05,
    0.001283536283015398,
    0.0002674093701496994,
    0.0003695006801278908,
    0.00018122260161765848,
    5.287055463850108e-05,
    9.935588835723073e-05,
    2.458096317083296e-05,
    1.3806746515793654e-05,
    3.4864511255230754e-05,
    5.638871178376573e-05,
    1.6426712302091223e-05,
    2.335678941585873e-05,
    2.275020911222783e-05,
    2.702969794228814e-05,
    1.1101069289792065e-05,
    -0.002817788525044639,
    -2.2504246902175615e-05,
    0.00015500946286375097,
    -8.873059263408651e-05,
    -3.2702515318998024e-05,
    -0.00023179401337904024,
    0.0006426453684105971,
    0.0012902757876986101,
    -1.780207849252122e-05,
    0.013486049607574838,
    -0.017306810074522266,
    -9.483150466810027e-05,
    -3.5573166729834264e-05,
    5.645260205024955e-05,
    -7.251408175039713e-05,
    -0.010412580466558635,
    0.00012856198919970402,
    -2.2551977836901e-05,
    3.2456227498657325e-05,
    -0.030839679614780315,
    -4.615465043606704e-05,
    -1.624529727880264e-05,
    8.977642499110016e-06,
    -7.55779212049344e-05,
    1.3919822434423956e-06,
    6.030102104760656e-06,
    -0.008488338342206522,
    -0.01790807718447924,
    7.064311324120619e-05,
    -0.01180108328125183,
    1.1739049057249391e-05,
    7.052615885379734e-05,
    -2.588291311069595e-05,
    1.2761833962159777e-05,
    0.0006885949321152318,
    -4.226901752776989e-06,
    -5.622390305747764e-05,
    0.0009975578453648743,
    5.7009122096328886e-05,
    0.0006098014424208911,
    0.021075409647423906,
    0.035009877483304024
  ],
  "val_sse_masked": 0.000637083372566849,
  "val_nrmse_masked": 0.06870339065790176,
  "val_mse_masked": 2.123611375282053e-05,
  "val_r2_masked": 0.9952782988548279,
  "val_sse_full": 0.0006306758150458336,
  "val_nrmse_full": 0.06835702061653137,
  "val_mse_full": 2.1022528017056175e-05,
  "val_r2_full": 0.9953257441520691,
  "iteration": 4,
  "p_lo_eff": 0.12967753410339355,
  "p_hi_eff": 1.9451630115509033,
  "f_lo_eff": 0.20659340918064117,
  "f_hi_eff": 1.6527472734451294
}