{
  "tag": "329_a343ce6b",
  "lmb1": 2.117286062825396e-07,
  "lmb2": 2.2530254495140708e-08,
  "nonzero_count": 86,
  "complexity_norm": 0.6935483870967742,
  "train_gen_window": 0.013564217401488192,
  "generalizability": 0.030750230630911396,
  "equation": "0.17026 E^{0.5} n P^{-0.5} + 0.1574 F dT_{e} + 0.0063989 F dT_{i} + 0.040695 F dn + 0.001241 P^{-1} F dT_{e} - 0.00010368 P^{-1} F dT_{i} + 0.0094954 P^{-1} F dn - 0.010656 P^{-1} dT_{e} - 0.00090687 P F dT_{i} - 0.01601 P dn - 0.20613 T_{e}^{0.5} F dT_{e} + 0.0096311 T_{e}^{0.5} F dn + 0.015402 T_{e}^{0.5} P^{-1} dT_{e} - 0.074756 T_{e}^{0.5} P^{-1} dn + 0.033429 T_{e}^{0.5} T_{i}^{0.5} F dT_{e} - 0.00056708 T_{e}^{0.5} T_{i}^{0.5} F dT_{i} - 0.060709 T_{e}^{0.5} T_{i}^{0.5} F dn + 0.00024293 T_{e}^{0.5} T_{i}^{0.5} P^{-1} dT_{i} + 0.025441 T_{e}^{0.5} T_{i}^{0.5} P^{-1} dn + 0.0019496 T_{e}^{0.5} T_{i}^{0.5} P dT_{e} + 1.6809 \\cdot 10^{-5} T_{e}^{0.5} T_{i}^{0.5} P dT_{i} + 0.0023059 T_{e}^{0.5} T_{i}^{0.5} P dn + 0.00012501 T_{e}^{0.5} T_{i}^{0.5} dT_{i} + 0.24647 T_{e}^{0.5} T_{i}^{0.5} dn - 0.002094 T_{e}^{0.5} T_{i} dT_{e} + 8.0579 \\cdot 10^{-6} T_{e}^{0.5} T_{i} dT_{i} + 0.0039358 T_{e}^{0.5} T_{i} dn - 0.19811 T_{e}^{0.5} dn - 0.0015703 T_{e} F dT_{i} - 0.049059 T_{e} F dn + 0.015545 T_{e} P^{-1} dn + 0.0003048 T_{e} P dT_{i} - 0.011278 T_{e} T_{i}^{0.5} dT_{e} + 0.0023016 T_{e} T_{i} dT_{e} - 8.6124 \\cdot 10^{-6} T_{e} T_{i} dT_{i} - 0.0025026 T_{e} T_{i} dn + 0.010422 T_{e} dT_{e} - 0.00056339 T_{e} dT_{i} + 0.0078399 T_{e} dn + 0.0033069 T_{i}^{0.5} F dT_{e} + 0.01122 T_{i}^{0.5} F dn + 0.00046299 T_{i}^{0.5} P^{-1} dT_{e} - 0.00024752 T_{i}^{0.5} P^{-1} dT_{i} + 0.023019 T_{i}^{0.5} P^{-1} dn - 7.2161 \\cdot 10^{-5} T_{i}^{0.5} P dT_{i} + 0.054486 T_{i}^{0.5} P dn + 0.0089928 T_{i}^{0.5} dT_{e} + 5.5977 \\cdot 10^{-5} T_{i}^{0.5} dT_{i} - 0.014319 T_{i}^{0.5} dn - 0.0082751 T_{i} F dT_{e} - 1.269 \\cdot 10^{-5} T_{i} F dT_{i} + 0.00018464 T_{i} P^{-1} dT_{e} - 0.0092752 T_{i} P^{-1} dn - 0.00057625 T_{i} P dT_{e} - 0.028668 T_{i} P dn + 0.00053464 T_{i} dT_{e} - 0.056395 T_{i} dn - 0.016199 dT_{e} - 0.00058751 dT_{i} + 0.01054 n^{-1} F dn + 0.0044136 n^{-1} P^{-1} dn - 0.021001 n^{-1} T_{e}^{0.5} T_{i}^{0.5} dn - 0.010233 n^{-1} T_{e}^{0.5} dn + 0.0068522 n^{-1} T_{e} dn + 0.018441 n^{-1} T_{i}^{0.5} dn + 0.0013766 n^{-1} T_{i} dn - 0.0053951 n^{-1} dn - 0.29291 n E^{0.5} - 0.070793 n E^{0.5} P^{-1} + 0.00034581 n E^{0.5} T_{e}^{0.5} P^{-1} - 0.0073663 n E^{0.5} T_{e}^{0.5} T_{i}^{0.5} + 0.013027 n E^{0.5} T_{e}^{0.5} T_{i} - 0.053338 n E^{0.5} T_{e} - 0.0019713 n E^{0.5} T_{e} T_{i}^{0.5} + 0.020827 n E^{0.5} T_{i}^{0.5} - 0.009642 n E^{0.5} T_{i}^{0.5} F + 0.056041 n E^{0.5} T_{i}^{0.5} P^{-1} + 0.016897 n E^{0.5} T_{i}^{0.5} P + 0.19716 n E^{0.5} T_{i} - 0.065184 n E F - 0.033628 n E P^{-1} - 0.015514 n E P + 0.84487 n E T_{e}^{0.5} - 0.58732 n E T_{e}^{0.5} T_{i}^{0.5} - 0.14502 n E T_{i}^{0.5} + 0.064449 n E T_{i}",
  "coefficients": [
    0.08853772175714159,
    0.01010145981931996,
    -0.00808440668308472,
    0.005364057914542942,
    0.07840157211511609,
    0.025865299265612818,
    -0.015702242402117074,
    -0.10185114411453929,
    0.011274773111532138,
    -0.0036759475163230908,
    -0.03528496385387479,
    0.10068036878435595,
    -0.014088994927801824,
    -0.110437573626117,
    0.021301675122923466,
    -0.030448639042614013,
    -0.00873603805717403,
    0.13474937710032575,
    0.05711629624175911,
    -0.06827543973068194,
    0.008234586455214844,
    0.02564921902402352,
    -0.049203557061929915,
    -0.037544798529203574,
    0.028846652249033416,
    -0.033019069704137254,
    -0.019000826717744293,
    0.0013439886927229684,
    -0.02093758611513949,
    0.05927260597539476,
    0.002634072892745384,
    0.03445912844539288,
    0.003953283018309243,
    0.004469246683999013,
    0.009216474513235965,
    -0.04258308720896609,
    -0.01021173321038377,
    0.03153077559892052,
    -0.08572519347143175,
    0.045459092755683383,
    0.008586836132361058,
    -0.04205548605388023,
    0.015194020038795364,
    -0.055023241392577096,
    0.05437848886160175,
    0.012002163836684766,
    0.04353715632479111,
    -0.01852479042756906,
    0.024681377733937027,
    -0.011351047092476375,
    0.013744904003526766,
    0.07115371595618371,
    -0.014466001202780604,
    -0.053382414764400615,
    -0.04289620504077022,
    -0.06738586294452671,
    -0.13062678872758665,
    0.009957065974866978,
    0.03139292700156586,
    0.18845790792548955,
    -0.07211081880554569,
    0.002876388550488806,
    0.003644087810134155,
    0.01623234495355843,
    0.004983175851863248,
    -0.0491452141521575,
    -0.0022964920462634295,
    -0.054125871400265334,
    -0.16168384753075454,
    0.052785055202699785,
    0.012847034630272206,
    -0.009580379121750759,
    0.01752547897128471,
    0.13836283123098722,
    0.0003060770551450917,
    -0.0043930502779190635,
    0.008905695335886655,
    -0.027427718713098147,
    -0.0011431154235930756,
    -0.016053631742154233,
    -0.03721245653245928,
    -0.009423956406071259,
    -0.06050866102996834,
    0.03350167828989325,
    0.2964714698409344,
    -0.23750466938399434,
    0.08358704405931425
  ],
  "val_sse_masked": 0.00012278600479476154,
  "val_nrmse_masked": 0.03016160987317562,
  "val_mse_masked": 4.092867129656952e-06,
  "val_r2_masked": 0.9990899562835693,
  "val_sse_full": 0.00012278600479476154,
  "val_nrmse_full": 0.03016160987317562,
  "val_mse_full": 4.092867129656952e-06,
  "val_r2_full": 0.9990899562835693,
  "iteration": 329,
  "p_lo_eff": 0.12967753410339355,
  "p_hi_eff": 1.9451630115509033,
  "f_lo_eff": 0.20659340918064117,
  "f_hi_eff": 1.6527472734451294
}