{
  "tag": "180_08c36478",
  "lmb1": 2.3005683487582184e-08,
  "lmb2": 2.499883853758326e-07,
  "nonzero_count": 85,
  "complexity_norm": 0.6854838709677419,
  "train_gen_window": 0.01394888178495835,
  "generalizability": 0.0318988407874589,
  "equation": "0.15007 E^{0.5} n P^{-0.5} + 0.21005 F dT_{e} + 0.0074225 F dT_{i} + 0.018552 F dn - 0.00035812 P^{-1} F dT_{i} + 0.0096493 P^{-1} F dn - 0.01766 P^{-1} dT_{e} - 0.0015017 P F dT_{i} - 0.03447 P dn - 0.24693 T_{e}^{0.5} F dT_{e} + 0.058815 T_{e}^{0.5} F dn + 0.022421 T_{e}^{0.5} P^{-1} dT_{e} - 0.073671 T_{e}^{0.5} P^{-1} dn + 0.045168 T_{e}^{0.5} T_{i}^{0.5} F dT_{e} - 0.0014782 T_{e}^{0.5} T_{i}^{0.5} F dT_{i} - 0.077417 T_{e}^{0.5} T_{i}^{0.5} F dn + 0.00049364 T_{e}^{0.5} T_{i}^{0.5} P^{-1} dT_{i} + 0.026798 T_{e}^{0.5} T_{i}^{0.5} P^{-1} dn + 0.0021519 T_{e}^{0.5} T_{i}^{0.5} P dT_{e} + 8.8066 \\cdot 10^{-5} T_{e}^{0.5} T_{i}^{0.5} P dT_{i} + 0.006049 T_{e}^{0.5} T_{i}^{0.5} P dn + 0.0002958 T_{e}^{0.5} T_{i}^{0.5} dT_{i} + 0.18904 T_{e}^{0.5} T_{i}^{0.5} dn - 0.010377 T_{e}^{0.5} T_{i} dT_{e} + 3.5232 \\cdot 10^{-5} T_{e}^{0.5} T_{i} dT_{i} + 0.011032 T_{e}^{0.5} T_{i} dn - 0.21651 T_{e}^{0.5} dn - 0.0002891 T_{e} F dT_{i} - 0.079688 T_{e} F dn + 0.013812 T_{e} P^{-1} dn + 0.00066094 T_{e} P dT_{i} - 0.011577 T_{e} T_{i}^{0.5} dT_{e} + 0.0051109 T_{e} T_{i} dT_{e} - 3.5867 \\cdot 10^{-5} T_{e} T_{i} dT_{i} - 0.015686 T_{e} T_{i} dn + 0.015752 T_{e} dT_{e} - 0.0014725 T_{e} dT_{i} + 0.049522 T_{e} dn - 0.007154 T_{i}^{0.5} F dT_{e} + 0.031114 T_{i}^{0.5} F dn - 0.0010747 T_{i}^{0.5} P^{-1} dT_{e} - 0.00046543 T_{i}^{0.5} P^{-1} dT_{i} + 0.025235 T_{i}^{0.5} P^{-1} dn - 0.00025217 T_{i}^{0.5} P dT_{i} + 0.08227 T_{i}^{0.5} P dn + 0.009229 T_{i}^{0.5} dT_{e} + 0.00016759 T_{i}^{0.5} dT_{i} + 0.0059197 T_{i}^{0.5} dn - 0.013237 T_{i} F dT_{e} - 6.8506 \\cdot 10^{-6} T_{i} F dT_{i} + 0.00072269 T_{i} P^{-1} dT_{e} - 0.0099406 T_{i} P^{-1} dn - 0.0010297 T_{i} P dT_{e} - 0.044167 T_{i} P dn + 0.0076768 T_{i} dT_{e} - 0.037489 T_{i} dn - 0.023877 dT_{e} - 0.00033976 dT_{i} + 0.015956 n^{-1} F dn + 0.0024985 n^{-1} P^{-1} dn - 0.024536 n^{-1} T_{e}^{0.5} T_{i}^{0.5} dn - 0.033578 n^{-1} T_{e}^{0.5} dn + 0.025969 n^{-1} T_{e} dn + 0.020288 n^{-1} T_{i}^{0.5} dn + 0.0018954 n^{-1} T_{i} dn + 0.0013799 n^{-1} dn - 0.33007 n E^{0.5} - 0.070604 n E^{0.5} P^{-1} - 0.0010664 n E^{0.5} T_{e}^{0.5} P^{-1} - 0.046872 n E^{0.5} T_{e}^{0.5} T_{i}^{0.5} - 0.017292 n E^{0.5} T_{e}^{0.5} T_{i} - 0.02584 n E^{0.5} T_{e} - 0.010214 n E^{0.5} T_{e} T_{i}^{0.5} + 0.11778 n E^{0.5} T_{i}^{0.5} - 0.0093374 n E^{0.5} T_{i}^{0.5} F + 0.066332 n E^{0.5} T_{i}^{0.5} P^{-1} + 0.013312 n E^{0.5} T_{i}^{0.5} P + 0.20223 n E^{0.5} T_{i} - 0.066405 n E F - 0.038208 n E P^{-1} - 0.018612 n E P + 0.93961 n E T_{e}^{0.5} - 0.69225 n E T_{e}^{0.5} T_{i}^{0.5} - 0.18886 n E T_{i}^{0.5} + 0.12836 n E T_{i}",
  "coefficients": [
    0.08853772769202267,
    0.0057183183177720864,
    0.0020677099777437757,
    0.008120929245636788,
    0.08625242309430602,
    0.03561281537827783,
    -0.05152599546294846,
    -0.11899908475436123,
    0.042729857496536516,
    -0.012696962565708389,
    -0.020405725914933545,
    0.11678656542788893,
    -0.023330407560248775,
    -0.20766679276685857,
    0.06377390444655842,
    -0.10640581798558246,
    -0.00471602360869583,
    0.27380745663937633,
    0.13514615999231794,
    -0.17797737307621234,
    0.04314180891906695,
    0.11214790985973165,
    -0.12859939247811475,
    -0.006912081466568437,
    0.06255173747393403,
    -0.13751131609663053,
    -0.031490466438026055,
    7.840749085617771e-05,
    -0.030860605351737805,
    0.07909817417366347,
    -0.006114086005763131,
    0.03536416054396971,
    -0.008552252524489726,
    0.017492750819331118,
    0.13233753970389972,
    -0.06811518091679891,
    -0.018246650189375824,
    0.045900552240565815,
    -0.10269519862726591,
    0.061422653604513766,
    0.009478118527702986,
    -0.20840475102951134,
    0.022964539196898615,
    -0.05648071006864225,
    0.12075063033356565,
    0.01219669947236783,
    0.019847564778117346,
    -0.039884312280189876,
    0.027057776392906657,
    0.004692804585724075,
    0.038114356344984016,
    0.10743825841346347,
    -0.015503872521807613,
    -0.03548640176811843,
    -0.06608787703407566,
    -0.06640839359883284,
    -0.1427570987573304,
    0.060805468328227044,
    0.033067512760641765,
    0.14454789770419937,
    -0.09195730223091501,
    0.007545609284002372,
    0.010214220800667098,
    0.014422752597977026,
    0.03147711713601706,
    -0.07982780711675744,
    -0.014394300421969597,
    -0.05398144506143937,
    -0.18219823513988997,
    0.0624781047984619,
    0.07265157076935981,
    -0.009277717551375755,
    0.013806906548751607,
    0.14192155106126275,
    -0.0009438808192726023,
    -0.02795310728097164,
    -0.011821658494718668,
    -0.013287813662196474,
    -0.00592327100053483,
    -0.01823980350217959,
    -0.037909872565939626,
    -0.011306015890308885,
    -0.07879840007186939,
    0.06672422738658561,
    0.32971548267132594,
    -0.27993513644817336,
    0.07367488616796412
  ],
  "val_sse_masked": 0.00012193559086881578,
  "val_nrmse_masked": 0.030056975781917572,
  "val_mse_masked": 4.064519998792093e-06,
  "val_r2_masked": 0.9990962743759155,
  "val_sse_full": 0.00012178014731034636,
  "val_nrmse_full": 0.030037812888622284,
  "val_mse_full": 4.059338607476093e-06,
  "val_r2_full": 0.9990974068641663,
  "iteration": 180,
  "p_lo_eff": 0.12967753410339355,
  "p_hi_eff": 1.9451630115509033,
  "f_lo_eff": 0.20659340918064117,
  "f_hi_eff": 1.6527472734451294
}