{
  "tag": "414_964cea74",
  "lmb1": 0.013939245738438045,
  "lmb2": 4.085273853790198e-06,
  "nonzero_count": 4,
  "complexity_norm": 0.03225806451612903,
  "train_gen_window": 0.1648938768131416,
  "generalizability": 0.17566801421895795,
  "equation": "0.057526 E^{0.5} n P^{-0.5} - 0.013846 P^{-1} F dn - 0.035008 T_{e}^{0.5} T_{i}^{0.5} dn + 0.0025123 n E T_{e}^{0.5} T_{i}^{0.5}",
  "coefficients": [
    0.08853770568050617,
    5.264451436564238e-08,
    4.952045538206044e-08,
    -9.477148798291517e-08,
    5.899005122952442e-08,
    4.531072226656529e-08,
    4.953457930720818e-08,
    5.606378861314324e-08,
    4.9856742949096683e-08,
    -2.3048953944675873e-08,
    -2.2439984849509264e-08,
    4.607061940975842e-09,
    -6.61238595241323e-09,
    -1.766596049477935e-08,
    -1.8386941480875324e-08,
    -2.076639102415e-08,
    -1.3022966613257974e-08,
    -1.834532436830743e-08,
    -1.8561742224949446e-08,
    -1.3584165201468071e-08,
    -2.084689806118208e-08,
    -1.5018315123044228e-08,
    -2.310684551723154e-08,
    -7.449857440531567e-09,
    -2.712561900928799e-08,
    -1.517977788366922e-08,
    -7.361145528424307e-08,
    -6.230638839142734e-08,
    -5.354596497952552e-08,
    -3.794751571426083e-08,
    -5.1873852962722664e-08,
    -4.054121661893585e-08,
    -3.852345864087733e-08,
    -2.838186010253354e-08,
    -1.9027495792748126e-08,
    -2.391906887267978e-08,
    -1.4290666268288552e-08,
    -7.564698992857911e-08,
    -4.09277134562145e-08,
    -3.878694862945132e-08,
    -3.310448724749115e-08,
    -1.7147055474955066e-08,
    -5.2275615202817464e-08,
    -3.579670491876667e-08,
    -1.545417869766636e-08,
    -0.017500685976992638,
    -3.877297826314099e-07,
    -4.323557286690717e-08,
    -3.613979149852207e-06,
    -1.6544148840147352e-06,
    -9.978491081444761e-07,
    -5.2629863498481346e-08,
    -2.1507808931777152e-07,
    -1.1839597592372434e-06,
    -5.620318287821927e-08,
    -1.0725844319581364e-06,
    -1.0276491113682716e-06,
    -5.003209222185006e-07,
    -3.078978963165423e-07,
    -0.026768288056897422,
    -1.931795428194721e-06,
    -5.7884811327326586e-08,
    -1.5273791534686265e-06,
    -2.456328949446289e-07,
    -3.0185145063357985e-06,
    -6.693532258560269e-07,
    -1.2569487888394276e-06,
    2.1835077087497956e-07,
    1.5878757468497738e-07,
    3.1349136561904843e-07,
    3.3608240948749825e-07,
    2.015988349234409e-07,
    2.6801086068980177e-08,
    1.2748402820107462e-06,
    1.2470049948025906e-07,
    4.4339891780301635e-07,
    3.595439634933939e-06,
    2.1596078954710153e-07,
    5.886883384369287e-07,
    1.021319828683269e-06,
    2.946550663242154e-07,
    4.486412931688776e-08,
    2.3713013905029676e-06,
    8.843625430669113e-07,
    7.888559806193746e-07,
    0.0010159511036346145,
    0.02824221849552127
  ],
  "val_sse_masked": 0.0072603123262524605,
  "val_nrmse_masked": 0.2319304198026657,
  "val_mse_masked": 0.0002420104283373803,
  "val_r2_masked": 0.946190357208252,
  "val_sse_full": 0.00724545493721962,
  "val_nrmse_full": 0.23169299960136414,
  "val_mse_full": 0.00024151518300641328,
  "val_r2_full": 0.9463004469871521,
  "iteration": 414,
  "p_lo_eff": 0.12967753410339355,
  "p_hi_eff": 1.9451630115509033,
  "f_lo_eff": 0.20659340918064117,
  "f_hi_eff": 1.6527472734451294
}