{
  "tag": "87_f4b645d8",
  "lmb1": 1.5708800667121115e-07,
  "lmb2": 1e-08,
  "nonzero_count": 85,
  "complexity_norm": 0.6854838709677419,
  "train_gen_window": 0.0137417034563356,
  "generalizability": 0.03211720693548829,
  "equation": "0.16168 E^{0.5} n P^{-0.5} + 0.15251 F dT_{e} + 0.0069919 F dT_{i} + 0.041051 F dn + 0.0014071 P^{-1} F dT_{e} - 0.00019235 P^{-1} F dT_{i} + 0.0094998 P^{-1} F dn - 0.010279 P^{-1} dT_{e} - 0.0011583 P F dT_{i} - 0.016426 P dn - 0.19836 T_{e}^{0.5} F dT_{e} + 0.013047 T_{e}^{0.5} F dn + 0.014461 T_{e}^{0.5} P^{-1} dT_{e} - 0.073092 T_{e}^{0.5} P^{-1} dn + 0.031418 T_{e}^{0.5} T_{i}^{0.5} F dT_{e} - 0.0010239 T_{e}^{0.5} T_{i}^{0.5} F dT_{i} - 0.063996 T_{e}^{0.5} T_{i}^{0.5} F dn + 0.00037081 T_{e}^{0.5} T_{i}^{0.5} P^{-1} dT_{i} + 0.024479 T_{e}^{0.5} T_{i}^{0.5} P^{-1} dn + 0.0014982 T_{e}^{0.5} T_{i}^{0.5} P dT_{e} + 2.5626 \\cdot 10^{-5} T_{e}^{0.5} T_{i}^{0.5} P dT_{i} + 0.0013872 T_{e}^{0.5} T_{i}^{0.5} P dn + 0.00021327 T_{e}^{0.5} T_{i}^{0.5} dT_{i} + 0.25747 T_{e}^{0.5} T_{i}^{0.5} dn - 0.0042108 T_{e}^{0.5} T_{i} dT_{e} + 1.5909 \\cdot 10^{-5} T_{e}^{0.5} T_{i} dT_{i} + 0.001908 T_{e}^{0.5} T_{i} dn - 0.20651 T_{e}^{0.5} dn - 0.001215 T_{e} F dT_{i} - 0.053631 T_{e} F dn + 0.015966 T_{e} P^{-1} dn + 0.00043578 T_{e} P dT_{i} - 0.011034 T_{e} T_{i}^{0.5} dT_{e} + 0.0031479 T_{e} T_{i} dT_{e} - 2.016 \\cdot 10^{-5} T_{e} T_{i} dT_{i} - 0.0084309 T_{e} T_{i} dn + 0.011347 T_{e} dT_{e} - 0.00089857 T_{e} dT_{i} + 0.01309 T_{e} dn + 0.0044472 T_{i}^{0.5} F dT_{e} + 0.015424 T_{i}^{0.5} F dn + 0.00029108 T_{i}^{0.5} P^{-1} dT_{e} - 0.00035339 T_{i}^{0.5} P^{-1} dT_{i} + 0.021134 T_{i}^{0.5} P^{-1} dn - 0.00011115 T_{i}^{0.5} P dT_{i} + 0.056041 T_{i}^{0.5} P dn + 0.0096372 T_{i}^{0.5} dT_{e} + 8.9893 \\cdot 10^{-5} T_{i}^{0.5} dT_{i} - 0.019246 T_{i}^{0.5} dn - 0.0091066 T_{i} F dT_{e} + 2.0975 \\cdot 10^{-6} T_{i} F dT_{i} + 0.00029834 T_{i} P^{-1} dT_{e} - 0.0081017 T_{i} P^{-1} dn - 0.00055987 T_{i} P dT_{e} - 0.029866 T_{i} P dn + 0.001895 T_{i} dT_{e} - 0.051321 T_{i} dn - 0.017334 dT_{e} - 0.00052179 dT_{i} + 0.012037 n^{-1} F dn + 0.0040338 n^{-1} P^{-1} dn - 0.020884 n^{-1} T_{e}^{0.5} T_{i}^{0.5} dn - 0.011411 n^{-1} T_{e}^{0.5} dn + 0.0080606 n^{-1} T_{e} dn + 0.018186 n^{-1} T_{i}^{0.5} dn + 0.0014542 n^{-1} T_{i} dn - 0.0051713 n^{-1} dn - 0.29053 n E^{0.5} - 0.069561 n E^{0.5} P^{-1} + 0.00048773 n E^{0.5} T_{e}^{0.5} P^{-1} - 0.0043363 n E^{0.5} T_{e}^{0.5} T_{i}^{0.5} + 0.0064829 n E^{0.5} T_{e}^{0.5} T_{i} - 0.05536 n E^{0.5} T_{e} + 0.02442 n E^{0.5} T_{i}^{0.5} - 0.0094939 n E^{0.5} T_{i}^{0.5} F + 0.057827 n E^{0.5} T_{i}^{0.5} P^{-1} + 0.01563 n E^{0.5} T_{i}^{0.5} P + 0.20119 n E^{0.5} T_{i} - 0.065333 n E F - 0.034684 n E P^{-1} - 0.016813 n E P + 0.8712 n E T_{e}^{0.5} - 0.62607 n E T_{e}^{0.5} T_{i}^{0.5} - 0.14439 n E T_{i}^{0.5} + 0.078952 n E T_{i}",
  "coefficients": [
    0.08853772323673781,
    0.009232173569366155,
    -0.007749028453442148,
    0.006125972839092863,
    0.07731455457823522,
    0.027322841556214186,
    -0.017510912122322052,
    -0.10128757752375701,
    0.013263022455531698,
    -0.006819737856004137,
    -0.03133787292410373,
    0.11001142769975383,
    -0.017994835109288523,
    -0.15767441981736718,
    0.03420852550823907,
    -0.04689863607301631,
    0.0014439379851971836,
    0.20567729837759197,
    0.09744128137177892,
    -0.12327760527251959,
    0.012553657462421432,
    0.05064022757520535,
    -0.07847569262950176,
    -0.029049749074667258,
    0.04124270609803113,
    -0.0772901796720915,
    -0.018329005652778743,
    0.0015238765994670719,
    -0.02240418127054,
    0.05743059232020346,
    0.0016560652141186707,
    0.03692860777491524,
    0.005316449027848743,
    0.007221352570864325,
    0.03266690451958146,
    -0.046862228187733584,
    -0.009921399745152205,
    0.029605096061040236,
    -0.08249546840716326,
    0.042724276863273854,
    0.006598726294549356,
    -0.08456804805299195,
    0.01654282813798858,
    -0.05383251991903187,
    0.07437282308704908,
    0.012007741965877287,
    0.0439186052705265,
    -0.01900585035175174,
    0.02266090994030889,
    -0.015256976084856624,
    0.018893708001933324,
    0.07318561638448265,
    -0.012635882736139683,
    -0.04857977135777816,
    -0.04468861527664004,
    -0.06588578931553978,
    -0.13616310315742458,
    0.01348868789465477,
    0.030206294541874356,
    0.1968710350130389,
    -0.07601564681594833,
    0.0017304556549941116,
    0.00176657341548468,
    0.01667151531057151,
    0.008320371312453582,
    -0.053725553525895836,
    -0.0077364117203921265,
    -0.05318339659605834,
    -0.16037236172982536,
    0.054467384814910556,
    0.015063611739188087,
    -0.00943323086573456,
    0.01621174245913127,
    0.14119590066025806,
    0.0004316954635590134,
    -0.002586022964170329,
    0.0044320630459804,
    -0.028467786842816683,
    4.2836208705817475e-05,
    -0.016557560585841673,
    -0.03729761278445118,
    -0.01021334785611384,
    -0.06024619844726855,
    0.04104055833809539,
    0.3057129257975158,
    -0.2531720527835652,
    0.07937819030509681
  ],
  "val_sse_masked": 0.00012099951709387824,
  "val_nrmse_masked": 0.029941385611891747,
  "val_mse_masked": 4.0333175093110185e-06,
  "val_r2_masked": 0.9991031885147095,
  "val_sse_full": 0.00012162167695350945,
  "val_nrmse_full": 0.030018262565135956,
  "val_mse_full": 4.054056262248196e-06,
  "val_r2_full": 0.9990985989570618,
  "iteration": 87,
  "p_lo_eff": 0.12967753410339355,
  "p_hi_eff": 1.9451630115509033,
  "f_lo_eff": 0.20659340918064117,
  "f_hi_eff": 1.6527472734451294
}