{
  "tag": "398_f3db3409",
  "lmb1": 1.8726262606168176e-08,
  "lmb2": 9.056166022449453e-08,
  "nonzero_count": 86,
  "complexity_norm": 0.6935483870967742,
  "train_gen_window": 0.014350029063597962,
  "generalizability": 0.03202228473495717,
  "equation": "0.12911 E^{0.5} n P^{-0.5} + 0.15649 F dT_{e} + 0.0083694 F dT_{i} + 0.0010567 F dn - 0.00102 P^{-1} F dT_{e} - 0.00054072 P^{-1} F dT_{i} + 0.0098774 P^{-1} F dn - 0.011858 P^{-1} dT_{e} - 0.001823 P F dT_{i} - 0.030173 P dn - 0.19158 T_{e}^{0.5} F dT_{e} + 0.10216 T_{e}^{0.5} F dn + 0.016892 T_{e}^{0.5} P^{-1} dT_{e} - 0.064124 T_{e}^{0.5} P^{-1} dn + 0.036219 T_{e}^{0.5} T_{i}^{0.5} F dT_{e} - 0.0025334 T_{e}^{0.5} T_{i}^{0.5} F dT_{i} - 0.081485 T_{e}^{0.5} T_{i}^{0.5} F dn + 0.00081083 T_{e}^{0.5} T_{i}^{0.5} P^{-1} dT_{i} + 0.024552 T_{e}^{0.5} T_{i}^{0.5} P^{-1} dn + 0.0016369 T_{e}^{0.5} T_{i}^{0.5} P dT_{e} + 0.00019933 T_{e}^{0.5} T_{i}^{0.5} P dT_{i} + 0.014172 T_{e}^{0.5} T_{i}^{0.5} P dn + 0.00044093 T_{e}^{0.5} T_{i}^{0.5} dT_{i} + 0.18945 T_{e}^{0.5} T_{i}^{0.5} dn - 0.018794 T_{e}^{0.5} T_{i} dT_{e} + 5.6798 \\cdot 10^{-5} T_{e}^{0.5} T_{i} dT_{i} - 0.062028 T_{e}^{0.5} T_{i} dn - 0.25216 T_{e}^{0.5} dn + 0.00059875 T_{e} F dT_{i} - 0.10792 T_{e} F dn + 0.010104 T_{e} P^{-1} dn + 0.00082882 T_{e} P dT_{i} - 0.0093631 T_{e} T_{i}^{0.5} dT_{e} + 0.0083423 T_{e} T_{i} dT_{e} - 6.4261 \\cdot 10^{-5} T_{e} T_{i} dT_{i} + 0.0074747 T_{e} T_{i} dn + 0.015707 T_{e} dT_{e} - 0.0021667 T_{e} dT_{i} + 0.080493 T_{e} dn + 0.0084611 T_{i}^{0.5} F dT_{e} + 0.037219 T_{i}^{0.5} F dn - 0.0023354 T_{i}^{0.5} P^{-1} dT_{e} - 0.00072498 T_{i}^{0.5} P^{-1} dT_{i} + 0.019511 T_{i}^{0.5} P^{-1} dn - 0.0004037 T_{i}^{0.5} P dT_{i} + 0.069523 T_{i}^{0.5} P dn + 0.0059597 T_{i}^{0.5} dT_{e} + 0.00023683 T_{i}^{0.5} dT_{i} + 0.012714 T_{i}^{0.5} dn - 0.017124 T_{i} F dT_{e} + 2.984 \\cdot 10^{-5} T_{i} F dT_{i} + 0.0012631 T_{i} P^{-1} dT_{e} - 0.0067428 T_{i} P^{-1} dn - 0.00088337 T_{i} P dT_{e} - 0.043709 T_{i} P dn + 0.01337 T_{i} dT_{e} + 0.0084649 T_{i} dn - 0.02264 dT_{e} - 7.8393 \\cdot 10^{-5} dT_{i} + 0.017092 n^{-1} F dn + 0.0018258 n^{-1} P^{-1} dn - 0.027062 n^{-1} T_{e}^{0.5} T_{i}^{0.5} dn - 0.047406 n^{-1} T_{e}^{0.5} dn + 0.03856 n^{-1} T_{e} dn + 0.021143 n^{-1} T_{i}^{0.5} dn + 0.0022057 n^{-1} T_{i} dn + 0.0055104 n^{-1} dn - 0.34171 n E^{0.5} - 0.061221 n E^{0.5} P^{-1} - 0.0062004 n E^{0.5} T_{e}^{0.5} P^{-1} - 0.053374 n E^{0.5} T_{e}^{0.5} T_{i}^{0.5} - 0.0019182 n E^{0.5} T_{e}^{0.5} T_{i} - 0.0069277 n E^{0.5} T_{e} - 0.022631 n E^{0.5} T_{e} T_{i}^{0.5} + 0.14899 n E^{0.5} T_{i}^{0.5} - 0.010309 n E^{0.5} T_{i}^{0.5} F + 0.069008 n E^{0.5} T_{i}^{0.5} P^{-1} + 0.010922 n E^{0.5} T_{i}^{0.5} P + 0.18553 n E^{0.5} T_{i} - 0.064084 n E F - 0.037686 n E P^{-1} - 0.019165 n E P + 0.99151 n E T_{e}^{0.5} - 0.79704 n E T_{e}^{0.5} T_{i}^{0.5} - 0.17458 n E T_{i}^{0.5} + 0.16249 n E T_{i}",
  "coefficients": [
    0.08853773223200895,
    0.00417882931217145,
    0.008257105428259082,
    0.008699082354755722,
    0.08988610607556577,
    0.0414416648980635,
    -0.07274444231972818,
    -0.13124963431496867,
    0.06344794072461016,
    -0.019171281394379625,
    -0.0047081854586142335,
    0.13168513951548905,
    -0.028322271762935558,
    -0.32347307996012664,
    0.09012456857086959,
    -0.17034391918013786,
    0.020541963126449778,
    0.44974748762867134,
    0.20145572742805204,
    -0.30501277525451914,
    0.09764809743708888,
    0.18079499497728727,
    -0.18922490891029908,
    0.014315594345158056,
    0.07844040707277197,
    -0.24637302725503657,
    -0.021143757482248338,
    -0.0011047121590831155,
    -0.02926218990393817,
    0.05892755239152188,
    -0.013287070580260338,
    0.02283676069340626,
    0.010114906809151919,
    0.030573577803656743,
    0.23047953135573915,
    -0.08811900436794529,
    -0.015654155339370174,
    0.034580932936868924,
    -0.07967629110772254,
    0.04925297208754978,
    0.007209647855029394,
    -0.37744162306744733,
    0.02289941381918495,
    -0.04568079095414268,
    0.19709392583630303,
    0.012484951220339324,
    0.0011304585394459332,
    -0.03491155035460852,
    0.020919944246849037,
    0.010078627470849338,
    0.045592254113157565,
    0.09079135459597432,
    -0.010516441234954071,
    0.008012739099901772,
    -0.06540293953094584,
    -0.057801866437954236,
    -0.16626292523710542,
    0.10561535732124681,
    0.030296096559966262,
    0.14485926745923233,
    -0.09678911414380659,
    0.01767867905118914,
    -0.057430710253337375,
    0.010550177266611921,
    0.05116252318231994,
    -0.10810870060369646,
    0.006859000790121389,
    -0.04680762824424975,
    -0.18861911139322404,
    0.06499954451636876,
    0.09190304687649797,
    -0.010243540553881159,
    0.011328457953936333,
    0.13020597430373557,
    -0.005487970094095268,
    -0.03183037498073342,
    -0.0013113917285645371,
    -0.0035623809406584717,
    -0.013123628442558571,
    -0.017990839352753363,
    -0.03658469624422328,
    -0.011641820367750993,
    -0.0728400048088717,
    0.08446446486534209,
    0.3479293118187454,
    -0.3223132284687173,
    0.06338648565011817
  ],
  "val_sse_masked": 0.00012235288158990443,
  "val_nrmse_masked": 0.030108364298939705,
  "val_mse_masked": 4.078429810761008e-06,
  "val_r2_masked": 0.9990931749343872,
  "val_sse_full": 0.00012235288158990443,
  "val_nrmse_full": 0.030108364298939705,
  "val_mse_full": 4.078429810761008e-06,
  "val_r2_full": 0.9990931749343872,
  "iteration": 398,
  "p_lo_eff": 0.12967753410339355,
  "p_hi_eff": 1.9451630115509033,
  "f_lo_eff": 0.20659340918064117,
  "f_hi_eff": 1.6527472734451294
}