{
  "tag": "218_2a47b865",
  "lmb1": 3.800730403332322e-06,
  "lmb2": 4.396533568428499e-07,
  "nonzero_count": 85,
  "complexity_norm": 0.6854838709677419,
  "train_gen_window": 0.020007276816832096,
  "generalizability": 0.0135132164184741,
  "equation": "0.15053 E^{0.5} n P^{-0.5} + 0.0086186 F dT_{e} + 0.0028028 F dT_{i} - 0.00041046 F dn - 0.00023752 P^{-1} F dT_{e} + 5.1438 \\cdot 10^{-5} P^{-1} F dT_{i} + 0.0022601 P^{-1} F dn + 0.0040708 P^{-1} dT_{e} + 5.3628 \\cdot 10^{-5} P F dT_{i} - 0.0033267 P dn - 0.038058 T_{e}^{0.5} F dT_{e} - 0.00093546 T_{e}^{0.5} F dn + 0.00033883 T_{e}^{0.5} P^{-1} dT_{e} - 0.048806 T_{e}^{0.5} P^{-1} dn + 0.011552 T_{e}^{0.5} T_{i}^{0.5} F dT_{e} - 3.0368 \\cdot 10^{-6} T_{e}^{0.5} T_{i}^{0.5} F dT_{i} - 0.021516 T_{e}^{0.5} T_{i}^{0.5} F dn + 5.5608 \\cdot 10^{-7} T_{e}^{0.5} T_{i}^{0.5} P^{-1} dT_{i} + 0.03507 T_{e}^{0.5} T_{i}^{0.5} P^{-1} dn + 0.0013045 T_{e}^{0.5} T_{i}^{0.5} P dT_{e} + 3.9022 \\cdot 10^{-6} T_{e}^{0.5} T_{i}^{0.5} P dT_{i} + 0.017051 T_{e}^{0.5} T_{i}^{0.5} P dn + 4.6441 \\cdot 10^{-7} T_{e}^{0.5} T_{i}^{0.5} dT_{i} + 0.017536 T_{e}^{0.5} T_{i}^{0.5} dn - 4.3281 \\cdot 10^{-5} T_{e}^{0.5} T_{i} dT_{e} - 3.0713 \\cdot 10^{-7} T_{e}^{0.5} T_{i} dT_{i} + 0.00387 T_{e}^{0.5} T_{i} dn - 0.076226 T_{e}^{0.5} dn - 0.00068989 T_{e} F dT_{i} - 0.0018806 T_{e} F dn + 0.008924 T_{e} P^{-1} dn + 1.5634 \\cdot 10^{-5} T_{e} P dT_{i} - 0.00076026 T_{e} T_{i}^{0.5} dT_{e} - 7.3028 \\cdot 10^{-8} T_{e} T_{i} dT_{i} + 0.0027032 T_{e} T_{i} dn - 0.003281 T_{e} dT_{e} - 8.0573 \\cdot 10^{-5} T_{e} dT_{i} - 0.0032158 T_{e} dn + 0.0045734 T_{i}^{0.5} F dT_{e} - 0.0015331 T_{i}^{0.5} F dn + 0.00037982 T_{i}^{0.5} P^{-1} dT_{e} - 4.7735 \\cdot 10^{-7} T_{i}^{0.5} P^{-1} dT_{i} - 0.00055264 T_{i}^{0.5} P^{-1} dn + 1.626 \\cdot 10^{-6} T_{i}^{0.5} P dT_{i} + 0.0014739 T_{i}^{0.5} P dn - 0.0025754 T_{i}^{0.5} dT_{e} - 6.2152 \\cdot 10^{-7} T_{i}^{0.5} dT_{i} + 0.0017764 T_{i}^{0.5} dn + 4.6012 \\cdot 10^{-5} T_{i} F dT_{e} - 8.0395 \\cdot 10^{-6} T_{i} F dT_{i} - 3.7452 \\cdot 10^{-5} T_{i} P^{-1} dT_{e} - 0.0055513 T_{i} P^{-1} dn + 8.2361 \\cdot 10^{-5} T_{i} P dT_{e} + 0.0010062 T_{i} P dn - 0.00049961 T_{i} dT_{e} + 0.0029837 T_{i} dn + 0.0024889 dT_{e} - 0.00045819 dT_{i} + 0.00029439 n^{-1} F dn + 0.0040431 n^{-1} P^{-1} dn - 0.0020875 n^{-1} T_{e}^{0.5} T_{i}^{0.5} dn - 0.00057085 n^{-1} T_{e}^{0.5} dn - 0.0018204 n^{-1} T_{e} dn + 0.00040766 n^{-1} T_{i}^{0.5} dn - 0.00019923 n^{-1} T_{i} dn + 0.0007616 n^{-1} dn - 0.21446 n E^{0.5} - 0.029903 n E^{0.5} P^{-1} - 0.019372 n E^{0.5} T_{e}^{0.5} P^{-1} + 0.0015824 n E^{0.5} T_{e}^{0.5} T_{i}^{0.5} + 0.05366 n E^{0.5} T_{e}^{0.5} T_{i} - 0.00092012 n E^{0.5} T_{e} + 0.0039128 n E^{0.5} T_{e} T_{i}^{0.5} + 0.00093593 n E^{0.5} T_{i}^{0.5} - 0.023247 n E^{0.5} T_{i}^{0.5} F + 0.027322 n E^{0.5} T_{i}^{0.5} P^{-1} + 0.013858 n E^{0.5} T_{i}^{0.5} P + 0.079556 n E^{0.5} T_{i} - 0.0079268 n E F + 0.003259 n E P^{-1} - 0.0068042 n E P + 0.32564 n E T_{e}^{0.5} - 0.27128 n E T_{e}^{0.5} T_{i}^{0.5} - 0.0060308 n E T_{i}^{0.5} - 0.0052928 n E T_{i}",
  "coefficients": [
    0.08853771480159162,
    0.00925341865084891,
    0.001141237292233692,
    0.00014982772790007144,
    0.0017331131465328272,
    -0.00374321877032764,
    -0.0008759767965534867,
    -0.010124338692107802,
    -0.002995291592303439,
    0.001823733673232184,
    -0.02751855137725907,
    0.044099415010182545,
    0.0008331577951232144,
    -0.00021298423371927965,
    -0.00023651805151589757,
    0.0006860957256035697,
    -0.005534441442318616,
    0.0003084408087080597,
    0.00021218549108598952,
    -0.0003656264262668884,
    0.0019115902540780194,
    -0.0009776181382360216,
    -0.007036795480369991,
    -0.016494506768993174,
    0.0014796616832227708,
    -0.0002799828774708835,
    0.007258867737955431,
    -0.00025723450966484577,
    0.003216858768818741,
    0.0032454586879200505,
    0.0021609397965643533,
    -0.00986849372079427,
    0.0054672639158024755,
    -0.0009065378048494419,
    -0.008612529532015556,
    0.00023677632508804054,
    0.0014595046499456927,
    0.0006936463992014592,
    -0.015827672051067297,
    0.015709225611415894,
    0.005745564497175399,
    -0.000869238173185954,
    -0.004783278442049739,
    -0.003709159787077544,
    4.9838239651858e-05,
    0.00285673700996359,
    -0.0004391270174780719,
    -0.0038491786580289464,
    -0.0005925618069404653,
    0.0014082418793376927,
    -0.0018780216009229534,
    0.0019248073851378389,
    -0.008658087906439732,
    0.0028243662205280767,
    0.0015055186961924934,
    -0.04399420581403292,
    -0.05026063976575131,
    -0.0009671216211375559,
    0.04327499298068058,
    0.013408396119091,
    -0.025557541441895343,
    0.021268994987715163,
    0.0035831809603623496,
    0.009318331658970077,
    -0.002044003741246923,
    -0.0018839380020921827,
    0.002480568139520871,
    -0.022862762739966225,
    -0.11838081526781581,
    0.025734493859711067,
    0.0005773225298296187,
    -0.023098347284784507,
    0.014373381263802292,
    0.055831609743439065,
    -0.017145854940561592,
    0.0009437192944463796,
    0.036684978416099884,
    -0.0004731480805665372,
    0.0022690193682725034,
    0.0015557928609063593,
    -0.004525303228061145,
    -0.004133319246491431,
    -0.002516260892406782,
    -0.0027512650612883526,
    0.1142689770354096,
    -0.10970218776454937,
    0.07390368639496926
  ],
  "val_sse_masked": 0.00018582168559078127,
  "val_nrmse_masked": 0.03710464388132095,
  "val_mse_masked": 6.194056368258316e-06,
  "val_r2_masked": 0.9986227750778198,
  "val_sse_full": 0.00018609591643325984,
  "val_nrmse_full": 0.03713201358914375,
  "val_mse_full": 6.203197699505836e-06,
  "val_r2_full": 0.9986207485198975,
  "iteration": 218,
  "p_lo_eff": 0.12967753410339355,
  "p_hi_eff": 1.9451630115509033,
  "f_lo_eff": 0.20659340918064117,
  "f_hi_eff": 1.6527472734451294
}