{
  "tag": "216_c725a030",
  "lmb1": 0.000485732431246036,
  "lmb2": 5.769803615124582e-08,
  "nonzero_count": 18,
  "complexity_norm": 0.14516129032258066,
  "train_gen_window": 0.05345158549175961,
  "generalizability": 0.05214409456821006,
  "equation": "0.050336 E^{0.5} n P^{-0.5} - 0.0038339 P^{-1} F dT_{e} - 7.0825 \\cdot 10^{-5} P^{-1} F dT_{i} - 0.0026307 P^{-1} F dn + 0.00055955 P dn - 0.0002853 T_{e}^{0.5} T_{i}^{0.5} dn - 0.07173 T_{e} dn - 0.0086114 T_{i}^{0.5} P^{-1} dn + 0.00072132 T_{i}^{0.5} P dn + 0.006522 T_{i} P dn - 0.0015068 n^{-1} F dn + 0.00058284 n^{-1} P^{-1} dn - 0.00048253 n E^{0.5} T_{e}^{0.5} P^{-1} + 0.0060956 n E^{0.5} T_{e}^{0.5} T_{i} - 0.021819 n E^{0.5} T_{i}^{0.5} P + 0.0014861 n E^{0.5} T_{i} + 0.046965 n E T_{e}^{0.5} T_{i}^{0.5} + 0.00045453 n E T_{i}^{0.5}",
  "coefficients": [
    0.0885377025678683,
    0.0013339469659815143,
    1.4556390712848156e-05,
    -0.0007668897676866082,
    1.5018603818022098e-06,
    -4.729082147263482e-07,
    4.380466226339023e-06,
    -6.635726956919891e-07,
    7.733748073920745e-07,
    -0.0025110879117808908,
    1.0636013190872822e-06,
    1.4720499339286817e-05,
    3.309891127923271e-06,
    -2.555184877704034e-06,
    -1.5176310676548825e-06,
    -1.7004038998252554e-06,
    -3.021606833553101e-06,
    -2.2280777282410186e-06,
    -1.1232786189470456e-06,
    -4.3425583934878765e-07,
    -1.3035420815140981e-06,
    -3.0087858584516194e-06,
    2.1061324992381843e-06,
    5.777884823391611e-06,
    1.5218277457482568e-06,
    -2.7070915467105255e-06,
    3.8611855654516266e-07,
    -0.004152166153971492,
    8.922328998632162e-06,
    1.0004533426812303e-05,
    6.8750956659574686e-06,
    4.858811323218914e-05,
    1.6329763905477414e-05,
    1.591864129237369e-05,
    3.564436977389403e-05,
    2.1190055554186186e-05,
    1.9233726723987862e-05,
    1.78614832348598e-08,
    9.450206571164582e-06,
    1.5140391069967556e-05,
    2.74593989267688e-05,
    3.209359884284542e-05,
    3.0241194587514142e-05,
    7.671122890100323e-05,
    2.8469833100858615e-05,
    -0.003325247065307262,
    -6.362567328072576e-06,
    0.000647429906638391,
    -0.009233480290402038,
    -3.0381620578409928e-05,
    -1.704611091602678e-05,
    0.0009419871518827297,
    -1.8901650085683848e-06,
    -2.4384635525439846e-05,
    0.00975886277598117,
    -3.119226037069448e-05,
    -4.856385304436983e-05,
    -8.270751332478394e-06,
    -2.4067025096610506e-06,
    -0.00021814532897469348,
    -2.418839341922736e-05,
    5.685120830087327e-05,
    -5.222594278590863e-05,
    -2.628809609490081e-08,
    -0.04559299972735738,
    -9.655936279038042e-06,
    -6.653777469011574e-05,
    -2.172098035953465e-06,
    1.7733017272766143e-06,
    6.780398757863829e-07,
    1.2171653865593923e-05,
    -1.1501435402820588e-06,
    -0.022630236106279622,
    0.0010429206699736672,
    -0.00042709188473627545,
    1.3766108951861344e-05,
    0.004167265324266609,
    1.8050179830141126e-06,
    1.1921359059414428e-05,
    1.1453526044593533e-05,
    2.2448195098471156e-06,
    -3.728394544418288e-05,
    0.00018964562537222325,
    1.8536916959088687e-05,
    3.93052070361993e-05,
    0.018992050191146536,
    0.02471263418581603
  ],
  "val_sse_masked": 0.0008181199664250016,
  "val_nrmse_masked": 0.07785536348819733,
  "val_mse_masked": 2.7270667487755418e-05,
  "val_r2_masked": 0.9939365386962891,
  "val_sse_full": 0.0008003084221854806,
  "val_nrmse_full": 0.07700319588184357,
  "val_mse_full": 2.667694934643805e-05,
  "val_r2_full": 0.9940685033798218,
  "iteration": 216,
  "p_lo_eff": 0.12967753410339355,
  "p_hi_eff": 1.9451630115509033,
  "f_lo_eff": 0.20659340918064117,
  "f_hi_eff": 1.6527472734451294
}