{
  "tag": "165_e611d34f",
  "lmb1": 5.939703967385436e-07,
  "lmb2": 0.001787786944362066,
  "nonzero_count": 85,
  "complexity_norm": 0.6854838709677419,
  "train_gen_window": 0.028963982833808414,
  "generalizability": 0.03079066086756298,
  "equation": "0.052653 E^{0.5} n P^{-0.5} - 0.0044956 F dT_{e} + 0.0010568 F dT_{i} - 0.0027819 F dn - 0.0035118 P^{-1} F dT_{e} - 7.1335 \\cdot 10^{-5} P^{-1} F dT_{i} - 0.002357 P^{-1} F dn + 0.00028697 P^{-1} dT_{e} - 0.00023127 P F dT_{i} - 0.0019778 P dn - 0.0037914 T_{e}^{0.5} F dT_{e} - 0.0052749 T_{e}^{0.5} F dn + 0.0012958 T_{e}^{0.5} P^{-1} dT_{e} - 0.01952 T_{e}^{0.5} P^{-1} dn + 0.002062 T_{e}^{0.5} T_{i}^{0.5} F dT_{e} - 1.2465 \\cdot 10^{-5} T_{e}^{0.5} T_{i}^{0.5} F dT_{i} - 0.0065938 T_{e}^{0.5} T_{i}^{0.5} F dn - 9.0366 \\cdot 10^{-6} T_{e}^{0.5} T_{i}^{0.5} P^{-1} dT_{i} + 0.007478 T_{e}^{0.5} T_{i}^{0.5} P^{-1} dn + 0.0007378 T_{e}^{0.5} T_{i}^{0.5} P dT_{e} + 2.8621 \\cdot 10^{-6} T_{e}^{0.5} T_{i}^{0.5} P dT_{i} + 0.0037642 T_{e}^{0.5} T_{i}^{0.5} P dn - 3.403 \\cdot 10^{-6} T_{e}^{0.5} T_{i}^{0.5} dT_{i} - 0.0055407 T_{e}^{0.5} T_{i}^{0.5} dn - 0.00015412 T_{e}^{0.5} T_{i} dT_{e} + 3.23 \\cdot 10^{-7} T_{e}^{0.5} T_{i} dT_{i} + 0.003921 T_{e}^{0.5} T_{i} dn - 0.015914 T_{e}^{0.5} dn + 0.00020229 T_{e} F dT_{i} - 0.0067265 T_{e} F dn + 0.01058 T_{e} P^{-1} dn + 2.5267 \\cdot 10^{-5} T_{e} P dT_{i} - 0.00037892 T_{e} T_{i}^{0.5} dT_{e} - 0.00018241 T_{e} T_{i} dT_{e} + 5.6764 \\cdot 10^{-7} T_{e} T_{i} dT_{i} + 0.0033818 T_{e} T_{i} dn - 0.0014763 T_{e} dT_{e} - 6.3538 \\cdot 10^{-5} T_{e} dT_{i} - 0.021627 T_{e} dn + 0.0011192 T_{i}^{0.5} F dT_{e} - 0.0049084 T_{i}^{0.5} F dn + 0.0010597 T_{i}^{0.5} P^{-1} dT_{e} - 1.13 \\cdot 10^{-5} T_{i}^{0.5} P^{-1} dT_{i} - 0.015067 T_{i}^{0.5} P^{-1} dn - 6.8482 \\cdot 10^{-7} T_{i}^{0.5} P dT_{i} + 0.0035439 T_{i}^{0.5} P dn - 0.00018259 T_{i}^{0.5} dT_{e} - 6.2075 \\cdot 10^{-6} T_{i}^{0.5} dT_{i} - 0.0013979 T_{i}^{0.5} dn + 2.2287 \\cdot 10^{-5} T_{i} F dT_{e} + 2.0203 \\cdot 10^{-6} T_{i} F dT_{i} + 8.5494 \\cdot 10^{-5} T_{i} P^{-1} dT_{e} + 0.0054571 T_{i} P^{-1} dn + 0.00023857 T_{i} P dT_{e} + 0.0073425 T_{i} P dn - 0.00011384 T_{i} dT_{e} + 0.0061854 T_{i} dn - 0.00035088 dT_{e} - 8.2572 \\cdot 10^{-5} dT_{i} - 0.026513 n^{-1} F dn + 0.0037926 n^{-1} P^{-1} dn - 4.9364 \\cdot 10^{-5} n^{-1} T_{e}^{0.5} T_{i}^{0.5} dn + 0.001384 n^{-1} T_{e}^{0.5} dn + 0.0019912 n^{-1} T_{e} dn - 5.0007 \\cdot 10^{-5} n^{-1} T_{i}^{0.5} dn - 0.00029232 n^{-1} T_{i} dn + 0.0008398 n^{-1} dn - 0.020976 n E^{0.5} + 0.010466 n E^{0.5} P^{-1} - 0.018643 n E^{0.5} T_{e}^{0.5} P^{-1} + 0.0064098 n E^{0.5} T_{e}^{0.5} T_{i}^{0.5} + 0.011922 n E^{0.5} T_{e}^{0.5} T_{i} - 0.0063536 n E^{0.5} T_{e} + 0.01014 n E^{0.5} T_{e} T_{i}^{0.5} - 0.016828 n E^{0.5} T_{i}^{0.5} F + 0.0037467 n E^{0.5} T_{i}^{0.5} P^{-1} - 0.0085523 n E^{0.5} T_{i}^{0.5} P + 0.0088405 n E^{0.5} T_{i} - 0.012228 n E F + 0.013123 n E P^{-1} - 0.0035529 n E P + 0.031753 n E T_{e}^{0.5} + 0.014899 n E T_{e}^{0.5} T_{i}^{0.5} + 0.012346 n E T_{i}^{0.5} - 0.0020907 n E T_{i}",
  "coefficients": [
    0.08853770686019191,
    0.00868017084595602,
    0.0012584133520908074,
    -0.013493505027668516,
    -0.00021259735519947066,
    -0.005492374507648503,
    0.002123816870813683,
    -0.00023941038801343194,
    0.003276410598394937,
    -0.0025291689653258185,
    -0.004959188475845893,
    0.016627551710344933,
    -0.003592991830562913,
    -0.00504186719717544,
    -0.0023622443840538567,
    -0.0002889599308140674,
    0.0013907975715586529,
    -0.0050123704968059,
    -0.0015547770746574853,
    -0.0015007790243533646,
    0.0014020944265247907,
    0.0010281492125504901,
    -0.005549046231492859,
    0.004836481920074706,
    0.0023913439083458046,
    0.0021762973334099427,
    0.000511713457017119,
    -0.003803333261363835,
    -0.00045351186797098694,
    -0.001692880964291087,
    0.006028944880376079,
    -0.0006996496499410421,
    0.001338011505928223,
    0.002069371125642838,
    -0.001962454725986677,
    0.00011468984612324727,
    0.0042276623423835044,
    0.0026526795211119195,
    -0.0015767774381931039,
    0.0028040072353818866,
    0.0032496255007065807,
    -0.003095218127374284,
    -0.002152305125283545,
    -0.0018486796350416393,
    -0.004309658295874518,
    -0.002979229904248785,
    -0.0029761891024661456,
    -0.002288467801807807,
    -0.016154913234126052,
    -0.0011081629343602426,
    -0.006012723360823636,
    0.004628093922088038,
    0.008511218822889459,
    0.0058550524742127805,
    0.010986587230585003,
    -0.017595669899971716,
    -0.0104933900188942,
    -0.005453399481924266,
    0.009227542968670446,
    -0.004236544230031931,
    -0.007832159941919596,
    0.004695460263457645,
    0.0036304366256978545,
    0.011047114760558143,
    -0.01374628853605351,
    -0.006738327328113153,
    0.0031032684995624627,
    0.008001581783547863,
    -0.011578712366165079,
    0.003529055530026428,
    6.43469091491395e-05,
    -0.01672018714571734,
    -0.008870382020689318,
    0.006204177270604686,
    -0.01650146481706397,
    0.003822624895759139,
    0.008150345403032076,
    -0.003267178587032243,
    0.005880342626425063,
    0.006264907233231604,
    -0.006980911172327955,
    -0.0021582796670361858,
    0.005151210516589562,
    -0.0010867511227078885,
    0.011142239481415976,
    0.006024969155989408,
    0.025850116005420424
  ],
  "val_sse_masked": 0.0004249617049936205,
  "val_nrmse_masked": 0.0561118982732296,
  "val_mse_masked": 1.4165390894049779e-05,
  "val_r2_masked": 0.9968504309654236,
  "val_sse_full": 0.00042429903987795115,
  "val_nrmse_full": 0.05606812983751297,
  "val_mse_full": 1.414330199622782e-05,
  "val_r2_full": 0.9968553185462952,
  "iteration": 165,
  "p_lo_eff": 0.12967753410339355,
  "p_hi_eff": 1.9451630115509033,
  "f_lo_eff": 0.20659340918064117,
  "f_hi_eff": 1.6527472734451294
}