{
  "tag": "241_1889bacc",
  "lmb1": 1.1107911721083765e-05,
  "lmb2": 0.0025082042271688154,
  "nonzero_count": 82,
  "complexity_norm": 0.6612903225806451,
  "train_gen_window": 0.03532557245574287,
  "generalizability": 0.0314910069705063,
  "equation": "0.049573 E^{0.5} n P^{-0.5} - 0.0018012 F dT_{e} + 0.00079301 F dT_{i} - 0.0023355 F dn - 0.0030481 P^{-1} F dT_{e} - 8.5759 \\cdot 10^{-5} P^{-1} F dT_{i} - 0.0032934 P^{-1} F dn + 0.00011025 P^{-1} dT_{e} - 8.5709 \\cdot 10^{-5} P F dT_{i} - 0.0015464 T_{e}^{0.5} F dT_{e} - 0.0045551 T_{e}^{0.5} F dn + 0.00050259 T_{e}^{0.5} P^{-1} dT_{e} - 0.016655 T_{e}^{0.5} P^{-1} dn + 0.00059451 T_{e}^{0.5} T_{i}^{0.5} F dT_{e} - 2.9267 \\cdot 10^{-6} T_{e}^{0.5} T_{i}^{0.5} F dT_{i} - 0.0054817 T_{e}^{0.5} T_{i}^{0.5} F dn - 5.9727 \\cdot 10^{-6} T_{e}^{0.5} T_{i}^{0.5} P^{-1} dT_{i} + 0.0051219 T_{e}^{0.5} T_{i}^{0.5} P^{-1} dn + 0.00031604 T_{e}^{0.5} T_{i}^{0.5} P dT_{e} + 1.0747 \\cdot 10^{-6} T_{e}^{0.5} T_{i}^{0.5} P dT_{i} + 0.0029798 T_{e}^{0.5} T_{i}^{0.5} P dn - 5.7155 \\cdot 10^{-7} T_{e}^{0.5} T_{i}^{0.5} dT_{i} - 0.0045483 T_{e}^{0.5} T_{i}^{0.5} dn - 7.9103 \\cdot 10^{-5} T_{e}^{0.5} T_{i} dT_{e} + 1.3727 \\cdot 10^{-7} T_{e}^{0.5} T_{i} dT_{i} + 0.0022163 T_{e}^{0.5} T_{i} dn - 0.01561 T_{e}^{0.5} dn + 0.0001131 T_{e} F dT_{i} - 0.0058952 T_{e} F dn + 0.0071858 T_{e} P^{-1} dn + 1.2829 \\cdot 10^{-5} T_{e} P dT_{i} - 0.00016457 T_{e} T_{i}^{0.5} dT_{e} - 0.00014491 T_{e} T_{i} dT_{e} + 2.2189 \\cdot 10^{-7} T_{e} T_{i} dT_{i} + 0.0014416 T_{e} T_{i} dn - 0.00064546 T_{e} dT_{e} - 3.8001 \\cdot 10^{-5} T_{e} dT_{i} - 0.021311 T_{e} dn + 0.00067498 T_{i}^{0.5} F dT_{e} - 0.0038943 T_{i}^{0.5} F dn + 0.00082691 T_{i}^{0.5} P^{-1} dT_{e} - 7.8366 \\cdot 10^{-6} T_{i}^{0.5} P^{-1} dT_{i} - 0.012019 T_{i}^{0.5} P^{-1} dn + 0.0031039 T_{i}^{0.5} P dn + 9.133 \\cdot 10^{-5} T_{i}^{0.5} dT_{e} - 2.2058 \\cdot 10^{-6} T_{i}^{0.5} dT_{i} - 0.0012412 T_{i}^{0.5} dn + 4.0628 \\cdot 10^{-5} T_{i} F dT_{e} + 7.6705 \\cdot 10^{-7} T_{i} F dT_{i} + 3.8529 \\cdot 10^{-5} T_{i} P^{-1} dT_{e} + 0.004752 T_{i} P^{-1} dn + 0.00017714 T_{i} P dT_{e} + 0.0071482 T_{i} P dn - 5.8149 \\cdot 10^{-6} T_{i} dT_{e} + 0.0045526 T_{i} dn - 0.00039278 dT_{e} - 5.7684 \\cdot 10^{-5} dT_{i} - 0.025851 n^{-1} F dn + 0.0033226 n^{-1} P^{-1} dn + 3.0827 \\cdot 10^{-5} n^{-1} T_{e}^{0.5} T_{i}^{0.5} dn + 0.0015453 n^{-1} T_{e}^{0.5} dn + 0.0019113 n^{-1} T_{e} dn - 0.0001726 n^{-1} T_{i} dn + 0.0011183 n^{-1} dn - 0.012639 n E^{0.5} + 0.0077744 n E^{0.5} P^{-1} - 0.015431 n E^{0.5} T_{e}^{0.5} P^{-1} + 0.0043561 n E^{0.5} T_{e}^{0.5} T_{i}^{0.5} + 0.0088625 n E^{0.5} T_{e}^{0.5} T_{i} - 0.0015292 n E^{0.5} T_{e} + 0.0073575 n E^{0.5} T_{e} T_{i}^{0.5} + 0.00080862 n E^{0.5} T_{i}^{0.5} - 0.015092 n E^{0.5} T_{i}^{0.5} F + 0.0019134 n E^{0.5} T_{i}^{0.5} P^{-1} - 0.010383 n E^{0.5} T_{i}^{0.5} P + 0.0059319 n E^{0.5} T_{i} - 0.0077547 n E F + 0.011928 n E P^{-1} - 0.0030168 n E P + 0.030149 n E T_{e}^{0.5} + 0.014711 n E T_{e}^{0.5} T_{i}^{0.5} + 0.011866 n E T_{i}^{0.5}",
  "coefficients": [
    0.08853770676434358,
    0.007604515865758566,
    0.001675711781718384,
    -0.013156505809237266,
    -4.066753602160198e-05,
    -0.0032429762086143375,
    0.002371231793324157,
    0.00014950933369960054,
    0.0031449565489993867,
    -0.0030405844473501225,
    -0.0034644482007368063,
    0.012477222090449502,
    -0.0013315643480298176,
    -0.003496540659132585,
    -0.0008393989438052472,
    6.113593158951173e-05,
    0.0005280403026902299,
    -0.0033129148246412226,
    -0.00026113368176313226,
    -0.00035236715022032774,
    0.0005264723704163045,
    0.0004369586859346707,
    -0.0033187943472833582,
    0.0027041071552407364,
    0.0012141497648578722,
    0.0008506889128496162,
    0.00019658887993457343,
    -0.0033011806591266755,
    -0.000507665285590636,
    -0.0006782799702109608,
    0.0047045560325867175,
    0.0003499659647851492,
    0.0008069086970939054,
    0.0009325912894335146,
    -0.0001002403742052605,
    0.00020906781020651685,
    0.003139121108513296,
    0.0010289106052607353,
    -0.0006431173292926977,
    0.000808458727780053,
    0.001391995042565493,
    -0.0015886697551318874,
    -0.0009409971022325044,
    -0.0008029008401657165,
    -0.0034236683792764826,
    -0.004162806992727553,
    -0.0024986483790854614,
    3.200131409400225e-05,
    -0.012887422923319394,
    -0.000983988999553577,
    -0.004770413952761507,
    0.0040533900608793255,
    0.007411396403495337,
    0.004309474886849833,
    0.010695916492308047,
    -0.015012980693349089,
    -0.010292872422277749,
    -0.00470929267000208,
    0.006320229602634382,
    -0.00347776531551954,
    -0.0065112240785598205,
    0.003717078781000475,
    0.0020520436061502766,
    0.007503275112979701,
    -0.013545520512398226,
    -0.0059055676842700204,
    0.0013228918580123652,
    0.0059439943162697675,
    -0.006976761479901986,
    0.0018022692887091783,
    0.0004987904745585357,
    -0.014995746142008602,
    -0.010769491381123012,
    0.004162948335624685,
    -0.013657675677764531,
    0.0025978449047602686,
    0.0060588695048953934,
    -0.0007863596432436104,
    0.004266560260830733,
    0.005694229408093494,
    -0.004427037408563001,
    -0.0018325952218461532,
    0.00495088187327503,
    -2.906659922405461e-06,
    0.01057941028312446,
    0.005948897221238612,
    0.024337984686358238
  ],
  "val_sse_masked": 0.0004857558524236083,
  "val_nrmse_masked": 0.05999141186475754,
  "val_mse_masked": 1.6191863323911093e-05,
  "val_r2_masked": 0.9963998198509216,
  "val_sse_full": 0.0004859096370637417,
  "val_nrmse_full": 0.060000911355018616,
  "val_mse_full": 1.6196989236050285e-05,
  "val_r2_full": 0.9963986873626709,
  "iteration": 241,
  "p_lo_eff": 0.12967753410339355,
  "p_hi_eff": 1.9451630115509033,
  "f_lo_eff": 0.20659340918064117,
  "f_hi_eff": 1.6527472734451294
}