{
  "tag": "382_0e9b260f",
  "lmb1": 5.537478678391344e-08,
  "lmb2": 0.0001425245371093228,
  "nonzero_count": 86,
  "complexity_norm": 0.6935483870967742,
  "train_gen_window": 0.025166813341597774,
  "generalizability": 0.03058650040682963,
  "equation": "0.095175 E^{0.5} n P^{-0.5} + 0.011465 F dT_{e} + 0.0024493 F dT_{i} + 0.0023221 F dn - 0.0027857 P^{-1} F dT_{e} + 9.7378 \\cdot 10^{-5} P^{-1} F dT_{i} + 0.0028343 P^{-1} F dn + 0.0035578 P^{-1} dT_{e} - 0.00034108 P F dT_{i} - 0.0094912 P dn - 0.050085 T_{e}^{0.5} F dT_{e} - 0.0047902 T_{e}^{0.5} F dn + 0.0027084 T_{e}^{0.5} P^{-1} dT_{e} - 0.041411 T_{e}^{0.5} P^{-1} dn + 0.0083766 T_{e}^{0.5} T_{i}^{0.5} F dT_{e} - 4.5766 \\cdot 10^{-5} T_{e}^{0.5} T_{i}^{0.5} F dT_{i} - 0.0127 T_{e}^{0.5} T_{i}^{0.5} F dn - 7.8865 \\cdot 10^{-7} T_{e}^{0.5} T_{i}^{0.5} P^{-1} dT_{i} + 0.024213 T_{e}^{0.5} T_{i}^{0.5} P^{-1} dn + 0.00229 T_{e}^{0.5} T_{i}^{0.5} P dT_{e} + 1.185 \\cdot 10^{-5} T_{e}^{0.5} T_{i}^{0.5} P dT_{i} + 0.012835 T_{e}^{0.5} T_{i}^{0.5} P dn + 3.3708 \\cdot 10^{-6} T_{e}^{0.5} T_{i}^{0.5} dT_{i} + 0.00567 T_{e}^{0.5} T_{i}^{0.5} dn - 0.00024517 T_{e}^{0.5} T_{i} dT_{e} - 7.8678 \\cdot 10^{-7} T_{e}^{0.5} T_{i} dT_{i} + 0.0043228 T_{e}^{0.5} T_{i} dn - 0.027128 T_{e}^{0.5} dn - 0.00030399 T_{e} F dT_{i} - 0.010541 T_{e} F dn + 0.01938 T_{e} P^{-1} dn + 6.9135 \\cdot 10^{-6} T_{e} P dT_{i} - 0.00071285 T_{e} T_{i}^{0.5} dT_{e} + 6.3562 \\cdot 10^{-5} T_{e} T_{i} dT_{e} + 1.0445 \\cdot 10^{-6} T_{e} T_{i} dT_{i} + 0.013406 T_{e} T_{i} dn - 0.0057696 T_{e} dT_{e} - 0.00017276 T_{e} dT_{i} - 0.029474 T_{e} dn + 0.0086854 T_{i}^{0.5} F dT_{e} - 0.0079429 T_{i}^{0.5} F dn + 0.0018327 T_{i}^{0.5} P^{-1} dT_{e} - 1.0301 \\cdot 10^{-5} T_{i}^{0.5} P^{-1} dT_{i} - 0.019726 T_{i}^{0.5} P^{-1} dn - 1.7351 \\cdot 10^{-6} T_{i}^{0.5} P dT_{i} + 0.0064207 T_{i}^{0.5} P dn - 0.0034268 T_{i}^{0.5} dT_{e} - 1.0694 \\cdot 10^{-5} T_{i}^{0.5} dT_{i} + 0.00092476 T_{i}^{0.5} dn + 0.00080201 T_{i} F dT_{e} - 3.6028 \\cdot 10^{-6} T_{i} F dT_{i} - 0.00018626 T_{i} P^{-1} dT_{e} + 0.0034946 T_{i} P^{-1} dn + 0.00012808 T_{i} P dT_{e} + 0.0048063 T_{i} P dn - 0.00066591 T_{i} dT_{e} - 0.0030862 T_{i} dn + 0.002958 dT_{e} - 0.00023481 dT_{i} - 0.013811 n^{-1} F dn + 0.0066583 n^{-1} P^{-1} dn - 0.0012707 n^{-1} T_{e}^{0.5} T_{i}^{0.5} dn - 0.0036353 n^{-1} T_{e}^{0.5} dn - 0.0031362 n^{-1} T_{e} dn + 0.0023189 n^{-1} T_{i}^{0.5} dn - 0.00077624 n^{-1} T_{i} dn + 0.0023289 n^{-1} dn - 0.088082 n E^{0.5} + 0.0039657 n E^{0.5} P^{-1} - 0.025926 n E^{0.5} T_{e}^{0.5} P^{-1} + 0.0095753 n E^{0.5} T_{e}^{0.5} T_{i}^{0.5} + 0.031633 n E^{0.5} T_{e}^{0.5} T_{i} - 0.028199 n E^{0.5} T_{e} + 0.027521 n E^{0.5} T_{e} T_{i}^{0.5} - 0.0076837 n E^{0.5} T_{i}^{0.5} - 0.023556 n E^{0.5} T_{i}^{0.5} F + 0.013405 n E^{0.5} T_{i}^{0.5} P^{-1} + 0.0047877 n E^{0.5} T_{i}^{0.5} P + 0.02717 n E^{0.5} T_{i} - 0.013718 n E F + 0.011101 n E P^{-1} - 0.0042578 n E P + 0.090852 n E T_{e}^{0.5} - 0.020445 n E T_{e}^{0.5} T_{i}^{0.5} - 0.006842 n E T_{i}^{0.5} - 0.021322 n E T_{i}",
  "coefficients": [
    0.08853770933893557,
    0.015239049951861566,
    0.003489808125701807,
    -0.007029160160586079,
    0.009858423663914824,
    -0.014584569683265228,
    -0.00557831115670792,
    -0.00616263355718677,
    -0.005160346778277619,
    0.003452512539350576,
    -0.014102175380898793,
    0.03853796710671649,
    -0.005299021029431604,
    -0.00459609673069622,
    -0.004069634438386947,
    -0.0007321506047617485,
    -0.0024801800597166815,
    -0.0004374467003263466,
    0.0015400935715438047,
    -0.005510077851273998,
    0.005805105462245372,
    -0.002504417517215453,
    -0.015088199498655933,
    -0.007268142337120621,
    0.0006543000341348512,
    0.004004668598974755,
    0.006344071356907566,
    -0.0030170044845384894,
    0.0038232354513120306,
    0.00431727836237817,
    0.010426837653715222,
    -0.01313099481451016,
    0.010383038999897523,
    -0.004508521098225658,
    -0.01147927958417884,
    0.004127079778605901,
    0.0022696363055469022,
    0.005544597539233961,
    -0.020829836099080123,
    0.011391093214628473,
    0.010086367988695985,
    -0.004923864227687591,
    -0.008411369446523077,
    -0.0034778810655945666,
    0.0015017185007461936,
    0.0035824879723176037,
    0.002484232701598553,
    -0.010981901825648115,
    -0.02115073738738829,
    0.0007331007722118921,
    -0.009729966943768723,
    0.008384897371656791,
    0.0054503957843877945,
    -0.0029213955183633594,
    0.007191758805170617,
    -0.03732866956125912,
    -0.01788740921071358,
    -0.004952273401484297,
    0.029877591147697988,
    0.00433547665546416,
    -0.015085725096040961,
    0.016010851225252386,
    0.004002419578297604,
    0.02023633995192993,
    -0.018734406413158086,
    -0.010559109414519208,
    0.012301661085866236,
    0.0030320381300093513,
    -0.04862044217026672,
    0.012626173267283394,
    -0.004739640339169723,
    -0.023405016632159104,
    0.004965788898239856,
    0.01906776288760837,
    -0.0229473116963147,
    0.005710399792527687,
    0.02162615598958592,
    -0.014500804028531489,
    0.01595928230293145,
    0.005299618129407005,
    -0.007831508943676117,
    -0.0025864669452184894,
    -0.002854727323317978,
    -0.0110835745322663,
    0.03188061939016127,
    -0.008267768860509644,
    0.04672591617668687
  ],
  "val_sse_masked": 0.00025586053379811347,
  "val_nrmse_masked": 0.04353932663798332,
  "val_mse_masked": 8.528684702469036e-06,
  "val_r2_masked": 0.998103678226471,
  "val_sse_full": 0.00025586053379811347,
  "val_nrmse_full": 0.04353932663798332,
  "val_mse_full": 8.528684702469036e-06,
  "val_r2_full": 0.998103678226471,
  "iteration": 382,
  "p_lo_eff": 0.12967753410339355,
  "p_hi_eff": 1.9451630115509033,
  "f_lo_eff": 0.20659340918064117,
  "f_hi_eff": 1.6527472734451294
}