{
  "tag": "384_f841999c",
  "lmb1": 2.6178584045139704e-05,
  "lmb2": 1.6619772476657606e-08,
  "nonzero_count": 64,
  "complexity_norm": 0.5161290322580645,
  "train_gen_window": 0.021903373755669336,
  "generalizability": 0.028845738914705238,
  "equation": "0.11162 E^{0.5} n P^{-0.5} + 0.00079986 F dT_{i} - 0.00022388 F dn - 0.0015957 P^{-1} F dT_{e} + 4.3144 \\cdot 10^{-5} P^{-1} F dT_{i} - 0.00012944 P dn - 0.00079307 T_{e}^{0.5} F dT_{e} - 0.00054706 T_{e}^{0.5} F dn - 0.045721 T_{e}^{0.5} P^{-1} dn - 1.4632 \\cdot 10^{-6} T_{e}^{0.5} T_{i}^{0.5} F dT_{i} - 0.015906 T_{e}^{0.5} T_{i}^{0.5} F dn - 5.3487 \\cdot 10^{-6} T_{e}^{0.5} T_{i}^{0.5} P^{-1} dT_{i} + 0.011408 T_{e}^{0.5} T_{i}^{0.5} P^{-1} dn + 4.3045 \\cdot 10^{-5} T_{e}^{0.5} T_{i}^{0.5} P dT_{e} + 1.0774 \\cdot 10^{-6} T_{e}^{0.5} T_{i}^{0.5} P dT_{i} + 0.00013085 T_{e}^{0.5} T_{i}^{0.5} P dn - 6.7899 \\cdot 10^{-6} T_{e}^{0.5} T_{i} dT_{e} + 3.4814 \\cdot 10^{-8} T_{e}^{0.5} T_{i} dT_{i} + 0.00064991 T_{e}^{0.5} T_{i} dn - 0.00055609 T_{e}^{0.5} dn - 0.001155 T_{e} F dn + 0.019306 T_{e} P^{-1} dn + 2.9409 \\cdot 10^{-6} T_{e} P dT_{i} - 5.3724 \\cdot 10^{-5} T_{e} T_{i}^{0.5} dT_{e} - 0.00018353 T_{e} T_{i} dT_{e} + 2.9306 \\cdot 10^{-8} T_{e} T_{i} dT_{i} + 0.0020979 T_{e} T_{i} dn - 0.002131 T_{e} dT_{e} - 9.4281 \\cdot 10^{-5} T_{e} dT_{i} - 0.056265 T_{e} dn + 0.00063859 T_{i}^{0.5} F dT_{e} - 0.00041288 T_{i}^{0.5} F dn + 0.0012786 T_{i}^{0.5} P^{-1} dT_{e} - 5.2561 \\cdot 10^{-6} T_{i}^{0.5} P^{-1} dT_{i} - 0.0021566 T_{i}^{0.5} P^{-1} dn + 6.9133 \\cdot 10^{-7} T_{i}^{0.5} P dT_{i} + 8.6841 \\cdot 10^{-5} T_{i}^{0.5} P dn + 4.5595 \\cdot 10^{-5} T_{i}^{0.5} dT_{e} + 2.6073 \\cdot 10^{-5} T_{i} F dT_{e} + 0.0023251 T_{i} P^{-1} dn + 0.00016679 T_{i} P dT_{e} + 0.012974 T_{i} P dn + 0.0005227 T_{i} dn - 0.00010708 dT_{e} - 3.01 \\cdot 10^{-5} dT_{i} - 0.0094123 n^{-1} F dn + 0.0035845 n^{-1} P^{-1} dn - 3.7171 \\cdot 10^{-5} n^{-1} T_{e}^{0.5} T_{i}^{0.5} dn + 6.295 \\cdot 10^{-5} n^{-1} T_{e} dn - 0.00027685 n^{-1} T_{i}^{0.5} dn - 0.00013184 n^{-1} T_{i} dn - 6.7147 \\cdot 10^{-5} n^{-1} dn - 0.067538 n E^{0.5} - 0.024857 n E^{0.5} T_{e}^{0.5} P^{-1} + 0.00034474 n E^{0.5} T_{e}^{0.5} T_{i}^{0.5} + 0.03446 n E^{0.5} T_{e}^{0.5} T_{i} + 0.0013306 n E^{0.5} T_{e} T_{i}^{0.5} - 0.020398 n E^{0.5} T_{i}^{0.5} F + 0.00038565 n E^{0.5} T_{i}^{0.5} P^{-1} + 0.00011883 n E^{0.5} T_{i}^{0.5} P + 0.00037109 n E^{0.5} T_{i} + 0.024186 n E P^{-1} + 0.021917 n E T_{e}^{0.5} - 0.0021977 n E T_{i}",
  "coefficients": [
    0.08853770852264575,
    0.008203912542672602,
    -0.00010061750056069743,
    -0.0047903366337481,
    -0.0011769919376421697,
    -0.002477039989577901,
    -3.270388233782597e-05,
    -0.00018027929343924945,
    0.00010357869545609025,
    0.001529648142682631,
    -0.001807787686227409,
    0.012585085275211415,
    -4.21446506347602e-05,
    -0.0023451601429050816,
    -1.4783272456835722e-05,
    0.0002917068114597634,
    -5.053295901689714e-06,
    -0.002966814019938673,
    -1.618916977830047e-05,
    -0.0001761625184201987,
    0.000527774464399581,
    0.00011081565221881223,
    -0.008233974761433793,
    7.380118774674016e-06,
    0.0002783292747042293,
    0.00011235789133963651,
    4.1296345552332576e-05,
    -0.0017282020237186706,
    -0.00013839955744614262,
    -8.015711831420659e-05,
    0.007274274453800379,
    0.00017471546028018727,
    0.0007634099537974623,
    7.668565411669568e-05,
    6.502370822701281e-06,
    0.0001341722477422056,
    0.002955703317267664,
    -2.7520158513856305e-05,
    -0.00032982689275203074,
    6.343698988340092e-05,
    0.00018958863352211213,
    -0.00013636447304473602,
    -0.0031067986695341387,
    -0.0002621073092273822,
    -0.004335986800478881,
    8.526570186210604e-06,
    -0.00023952031981280675,
    -0.00014977357601124864,
    -0.0023124046720958734,
    1.949564570119988e-05,
    -0.000505767198801808,
    0.00011340788649116217,
    0.0036263042903188778,
    0.0004947805782015493,
    0.01941287848290956,
    -0.04121383950807706,
    -0.00036666232310629033,
    -0.0005655781082273589,
    0.014076643143038305,
    1.6534892647601955e-07,
    -0.018893795617014392,
    0.00016321830694938938,
    0.0006017451661923086,
    0.020159097808735777,
    -0.03576285785069265,
    -0.001157075702761124,
    0.001925122986285677,
    -1.2079081742135146e-05,
    -0.0372801885089747,
    0.0003632430813054013,
    5.8337520011609626e-05,
    -0.020267467212208005,
    0.0001232500854747145,
    0.0002604284608990315,
    -0.022000857377443808,
    0.0002055911928705672,
    0.023559069107599376,
    -3.958804623677045e-05,
    0.0007715899016422045,
    0.011545912535528653,
    -8.59276635923869e-05,
    -1.4345332090762156e-05,
    3.51222683422254e-05,
    -0.0011424051708749763,
    0.007690684541949115,
    4.304240871908306e-05,
    0.05480138906412161
  ],
  "val_sse_masked": 0.0003135231672786176,
  "val_nrmse_masked": 0.04819643124938011,
  "val_mse_masked": 1.0450772606418468e-05,
  "val_r2_masked": 0.9976763129234314,
  "val_sse_full": 0.0003138741012662649,
  "val_nrmse_full": 0.04822339862585068,
  "val_mse_full": 1.0462470527272671e-05,
  "val_r2_full": 0.997673749923706,
  "iteration": 384,
  "p_lo_eff": 0.12967753410339355,
  "p_hi_eff": 1.9451630115509033,
  "f_lo_eff": 0.20659340918064117,
  "f_hi_eff": 1.6527472734451294
}