{
  "tag": "113_4271b652",
  "lmb1": 0.0006591818488669216,
  "lmb2": 4.329651187034917e-08,
  "nonzero_count": 15,
  "complexity_norm": 0.12096774193548387,
  "train_gen_window": 0.053365433949234646,
  "generalizability": 0.05609781778145221,
  "equation": "0.051429 E^{0.5} n P^{-0.5} - 0.0038087 P^{-1} F dT_{e} - 8.0469 \\cdot 10^{-5} P^{-1} F dT_{i} - 0.0023929 P^{-1} F dn + 0.00032116 P dn - 0.00047685 T_{e}^{0.5} T_{i}^{0.5} dn - 0.068627 T_{e} dn - 0.0090346 T_{i}^{0.5} P^{-1} dn + 8.7181 \\cdot 10^{-5} T_{i}^{0.5} P dn + 0.0051987 T_{i} P dn + 0.00021076 n^{-1} P^{-1} dn + 0.0094825 n E^{0.5} T_{e}^{0.5} T_{i} - 0.022352 n E^{0.5} T_{i}^{0.5} P + 0.00066504 n E^{0.5} T_{i} + 0.041886 n E T_{e}^{0.5} T_{i}^{0.5}",
  "coefficients": [
    0.08853770310974507,
    0.0004823643134943928,
    2.8430222389941475e-06,
    -1.6233832900233414e-05,
    1.2840037182407194e-06,
    1.2836458813134091e-06,
    1.223753232919486e-06,
    6.705712216755995e-07,
    4.656768042144376e-07,
    -0.0028530165948258295,
    -8.520395106306656e-07,
    1.0145989225180673e-06,
    -4.02793055091356e-07,
    -1.6103388083815786e-06,
    -2.0427660414456902e-06,
    -3.0482052666889687e-06,
    -2.2519914786629714e-06,
    -1.4165543898428795e-06,
    -1.7709589750220106e-06,
    -1.0814698251956712e-06,
    -2.7021213274840182e-06,
    -2.756874084397781e-06,
    -5.298437009604601e-07,
    3.4469448427230475e-07,
    -1.1032888131038844e-06,
    -2.453476346478268e-06,
    -3.3034025755539216e-07,
    -0.004124930267792666,
    2.015102816243448e-06,
    1.7514892045060676e-06,
    9.915773106061398e-07,
    8.93357118999011e-06,
    2.678639142173369e-06,
    2.3988364543209316e-06,
    1.5059793290322081e-05,
    4.1359705562535815e-06,
    2.1060320062836662e-05,
    -3.9215784088163486e-07,
    1.657883469976939e-06,
    2.6005985465497707e-06,
    1.1880938463102945e-05,
    1.4510571860073445e-05,
    4.563194054583583e-06,
    1.5445127307552096e-05,
    1.3433929405735334e-05,
    -0.003024641856345125,
    -2.166478821889498e-06,
    0.0003716051830631807,
    -0.009687207484373423,
    -1.1491700233705047e-05,
    -6.45506160532907e-06,
    0.00011385098152514594,
    -8.936805376148481e-07,
    -7.272864152489858e-06,
    0.007778836724394813,
    -6.496043403956182e-06,
    -1.4316169239576336e-05,
    -2.806588019303038e-06,
    -1.0426841929758764e-06,
    -0.0003646094954949909,
    -1.0290155565985803e-05,
    1.2316009270443322e-05,
    -1.3456534979297003e-05,
    -2.834974975551488e-07,
    -0.04362038368701262,
    -3.33741152518515e-06,
    -1.4823256218036527e-05,
    -3.371261397167455e-07,
    7.370925380995615e-07,
    4.23609930297117e-07,
    3.834923097549582e-06,
    2.3095371574334544e-07,
    -0.02318294100569521,
    0.0004667220576861939,
    -5.4909175182678475e-06,
    4.434870149597784e-06,
    0.006482794029774096,
    7.761409090372255e-07,
    4.029677979976786e-06,
    3.217965883036406e-06,
    1.036831880243987e-06,
    -1.1095064708966097e-05,
    5.021734024230164e-05,
    3.9437097659608155e-06,
    1.0508464244619894e-05,
    0.016938065429767255,
    0.02524915842664003
  ],
  "val_sse_masked": 0.0008859940571710467,
  "val_nrmse_masked": 0.08102060109376907,
  "val_mse_masked": 2.9533137421822175e-05,
  "val_r2_masked": 0.9934334754943848,
  "val_sse_full": 0.0008766065584495664,
  "val_nrmse_full": 0.08059023320674896,
  "val_mse_full": 2.922022031270899e-05,
  "val_r2_full": 0.9935030341148376,
  "iteration": 113,
  "p_lo_eff": 0.12967753410339355,
  "p_hi_eff": 1.9451630115509033,
  "f_lo_eff": 0.20659340918064117,
  "f_hi_eff": 1.6527472734451294
}