{
  "tag": "40_23b3bc04",
  "lmb1": 2.1982566501063054e-08,
  "lmb2": 0.0013354343618702,
  "nonzero_count": 86,
  "complexity_norm": 0.6935483870967742,
  "train_gen_window": 0.026433563553538642,
  "generalizability": 0.03074602385093921,
  "equation": "0.05675 E^{0.5} n P^{-0.5} - 0.0048131 F dT_{e} + 0.0011952 F dT_{i} - 0.0025421 F dn - 0.0035408 P^{-1} F dT_{e} - 5.0899 \\cdot 10^{-5} P^{-1} F dT_{i} - 0.0016296 P^{-1} F dn + 0.00039046 P^{-1} dT_{e} - 0.00027624 P F dT_{i} - 0.0027683 P dn - 0.0055562 T_{e}^{0.5} F dT_{e} - 0.005453 T_{e}^{0.5} F dn + 0.0015637 T_{e}^{0.5} P^{-1} dT_{e} - 0.021819 T_{e}^{0.5} P^{-1} dn + 0.0025912 T_{e}^{0.5} T_{i}^{0.5} F dT_{e} - 1.6399 \\cdot 10^{-5} T_{e}^{0.5} T_{i}^{0.5} F dT_{i} - 0.0073824 T_{e}^{0.5} T_{i}^{0.5} F dn - 1.0044 \\cdot 10^{-5} T_{e}^{0.5} T_{i}^{0.5} P^{-1} dT_{i} + 0.0089563 T_{e}^{0.5} T_{i}^{0.5} P^{-1} dn + 0.00088405 T_{e}^{0.5} T_{i}^{0.5} P dT_{e} + 3.2562 \\cdot 10^{-6} T_{e}^{0.5} T_{i}^{0.5} P dT_{i} + 0.0040228 T_{e}^{0.5} T_{i}^{0.5} P dn - 3.8318 \\cdot 10^{-6} T_{e}^{0.5} T_{i}^{0.5} dT_{i} - 0.0052271 T_{e}^{0.5} T_{i}^{0.5} dn - 0.00017922 T_{e}^{0.5} T_{i} dT_{e} + 3.9835 \\cdot 10^{-7} T_{e}^{0.5} T_{i} dT_{i} + 0.0041767 T_{e}^{0.5} T_{i} dn - 0.016199 T_{e}^{0.5} dn + 0.00020116 T_{e} F dT_{i} - 0.0071829 T_{e} F dn + 0.012467 T_{e} P^{-1} dn + 2.7393 \\cdot 10^{-5} T_{e} P dT_{i} - 0.00044749 T_{e} T_{i}^{0.5} dT_{e} - 0.00018953 T_{e} T_{i} dT_{e} + 6.832 \\cdot 10^{-7} T_{e} T_{i} dT_{i} + 0.0038565 T_{e} T_{i} dn - 0.0018337 T_{e} dT_{e} - 7.6187 \\cdot 10^{-5} T_{e} dT_{i} - 0.02237 T_{e} dn + 0.0013603 T_{i}^{0.5} F dT_{e} - 0.0054329 T_{i}^{0.5} F dn + 0.0011907 T_{i}^{0.5} P^{-1} dT_{e} - 1.2546 \\cdot 10^{-5} T_{i}^{0.5} P^{-1} dT_{i} - 0.01687 T_{i}^{0.5} P^{-1} dn - 9.5942 \\cdot 10^{-7} T_{i}^{0.5} P dT_{i} + 0.0036197 T_{i}^{0.5} P dn - 0.00041367 T_{i}^{0.5} dT_{e} - 7.0965 \\cdot 10^{-6} T_{i}^{0.5} dT_{i} - 0.00087696 T_{i}^{0.5} dn + 6.3954 \\cdot 10^{-5} T_{i} F dT_{e} + 2.3188 \\cdot 10^{-6} T_{i} F dT_{i} + 9.2642 \\cdot 10^{-5} T_{i} P^{-1} dT_{e} + 0.0059137 T_{i} P^{-1} dn + 0.00025597 T_{i} P dT_{e} + 0.0076393 T_{i} P dn - 0.0001579 T_{i} dT_{e} + 0.0064459 T_{i} dn - 0.00019966 dT_{e} - 9.5917 \\cdot 10^{-5} dT_{i} - 0.025823 n^{-1} F dn + 0.0041381 n^{-1} P^{-1} dn - 0.00012617 n^{-1} T_{e}^{0.5} T_{i}^{0.5} dn + 0.0011301 n^{-1} T_{e}^{0.5} dn + 0.001837 n^{-1} T_{e} dn - 3.3277 \\cdot 10^{-5} n^{-1} T_{i}^{0.5} dn - 0.00034109 n^{-1} T_{i} dn + 0.00070342 n^{-1} dn - 0.026336 n E^{0.5} + 0.01145 n E^{0.5} P^{-1} - 0.020465 n E^{0.5} T_{e}^{0.5} P^{-1} + 0.0067353 n E^{0.5} T_{e}^{0.5} T_{i}^{0.5} + 0.013894 n E^{0.5} T_{e}^{0.5} T_{i} - 0.0086032 n E^{0.5} T_{e} + 0.011392 n E^{0.5} T_{e} T_{i}^{0.5} - 0.00065902 n E^{0.5} T_{i}^{0.5} - 0.017906 n E^{0.5} T_{i}^{0.5} F + 0.0043876 n E^{0.5} T_{i}^{0.5} P^{-1} - 0.0072205 n E^{0.5} T_{i}^{0.5} P + 0.010347 n E^{0.5} T_{i} - 0.013457 n E F + 0.013987 n E P^{-1} - 0.0035202 n E P + 0.033389 n E T_{e}^{0.5} + 0.013907 n E T_{e}^{0.5} T_{i}^{0.5} + 0.011373 n E T_{i}^{0.5} - 0.0036544 n E T_{i}",
  "coefficients": [
    0.08853770728133126,
    0.00947082633480667,
    0.0010540517917428938,
    -0.01314245111700435,
    -0.0001414709497686295,
    -0.006408701507586045,
    0.0017341458581444646,
    -0.0006119387050225744,
    0.0030226056086522513,
    -0.0018046269596743159,
    -0.005760691632387516,
    0.018805804200435094,
    -0.00429168649458378,
    -0.0055976073421823425,
    -0.002700540744496993,
    -0.00040482911522199405,
    0.0015962689237652983,
    -0.005570953896629927,
    -0.0017507273524152156,
    -0.001974393762757931,
    0.0015951220475165506,
    0.0012680002991718453,
    -0.006653738257978992,
    0.004809446558624864,
    0.0025924853349234,
    0.0026193226193801378,
    0.0006962528387771671,
    -0.0038347520461189943,
    -0.00025805848064808234,
    -0.0018124386766119605,
    0.0067743935834082,
    -0.0015851390601926418,
    0.0016262008242207138,
    0.002242395780938211,
    -0.002721942427105828,
    0.0003291028949239938,
    0.0045359829747405045,
    0.0032012889967439895,
    -0.002310729734664063,
    0.003523670670393053,
    0.003893766833909018,
    -0.0035993468046326416,
    -0.002673302780527298,
    -0.002183196984621938,
    -0.0044779323892482625,
    -0.002059796179397666,
    -0.0027196533397144673,
    -0.003203096848044762,
    -0.018088138400009113,
    -0.0006952068354643126,
    -0.0066552539415709044,
    0.004727080494153102,
    0.009223237102098603,
    0.0061015959101545225,
    0.011430814786418608,
    -0.019668170881919744,
    -0.01068096722813705,
    -0.005637554207297113,
    0.011051697899302881,
    -0.003996799374829718,
    -0.00876895842555564,
    0.005018078144330473,
    0.0038671351171519763,
    0.013017601963113856,
    -0.01421903487627646,
    -0.007195469159103907,
    0.0035388594048456623,
    0.008754420372640459,
    -0.01453743349841341,
    0.0041326902234762874,
    -0.00040651379575884494,
    -0.01779192394819712,
    -0.0074890144265718495,
    0.00726114137888767,
    -0.018113945860609937,
    0.004016687832104349,
    0.009498848766016088,
    -0.004423986894461551,
    0.006606286101570713,
    0.006677005511312117,
    -0.007682635659718662,
    -0.0021383696075474856,
    0.004745377787569061,
    -0.0018996163752226791,
    0.011716610019743834,
    0.005623728232473424,
    0.02786164444712963
  ],
  "val_sse_masked": 0.0003954912826884538,
  "val_nrmse_masked": 0.05413131043314934,
  "val_mse_masked": 1.3183043847675435e-05,
  "val_r2_masked": 0.9970688223838806,
  "val_sse_full": 0.0003954912826884538,
  "val_nrmse_full": 0.05413131043314934,
  "val_mse_full": 1.3183043847675435e-05,
  "val_r2_full": 0.9970688223838806,
  "iteration": 40,
  "p_lo_eff": 0.12967753410339355,
  "p_hi_eff": 1.9451630115509033,
  "f_lo_eff": 0.20659340918064117,
  "f_hi_eff": 1.6527472734451294
}