{
  "tag": "176_62b2f34e",
  "lmb1": 3.154888673205843e-05,
  "lmb2": 0.020964342161061467,
  "nonzero_count": 72,
  "complexity_norm": 0.5806451612903226,
  "train_gen_window": 0.059162861346359626,
  "generalizability": 0.04529826608559116,
  "equation": "0.025563 E^{0.5} n P^{-0.5} + 0.00091566 F dT_{e} + 0.00029174 F dT_{i} - 0.0025274 F dn - 0.0034121 P^{-1} F dT_{e} - 0.00014743 P^{-1} F dT_{i} - 0.0043527 P^{-1} F dn + 4.3712 \\cdot 10^{-5} P F dT_{i} + 0.0026452 P dn + 0.00055208 T_{e}^{0.5} F dT_{e} - 0.003095 T_{e}^{0.5} F dn - 0.0076533 T_{e}^{0.5} P^{-1} dn - 0.0020719 T_{e}^{0.5} T_{i}^{0.5} F dn - 1.0152 \\cdot 10^{-6} T_{e}^{0.5} T_{i}^{0.5} P^{-1} dT_{i} + 0.00045874 T_{e}^{0.5} T_{i}^{0.5} P^{-1} dn + 5.1045 \\cdot 10^{-5} T_{e}^{0.5} T_{i}^{0.5} P dT_{e} + 0.0034568 T_{e}^{0.5} T_{i}^{0.5} P dn - 0.0072107 T_{e}^{0.5} T_{i}^{0.5} dn - 5.2502 \\cdot 10^{-8} T_{e}^{0.5} T_{i} dT_{i} - 0.00071399 T_{e}^{0.5} T_{i} dn - 0.013299 T_{e}^{0.5} dn + 7.8419 \\cdot 10^{-5} T_{e} F dT_{i} - 0.003356 T_{e} F dn + 0.00015053 T_{e} P^{-1} dn + 2.628 \\cdot 10^{-6} T_{e} P dT_{i} + 3.0712 \\cdot 10^{-5} T_{e} T_{i}^{0.5} dT_{e} - 0.00053648 T_{e} T_{i} dn + 0.00024269 T_{e} dT_{e} - 0.014827 T_{e} dn - 0.0017936 T_{i}^{0.5} F dn + 5.2937 \\cdot 10^{-5} T_{i}^{0.5} P^{-1} dT_{e} - 1.447 \\cdot 10^{-6} T_{i}^{0.5} P^{-1} dT_{i} - 0.0048175 T_{i}^{0.5} P^{-1} dn - 2.5213 \\cdot 10^{-7} T_{i}^{0.5} P dT_{i} + 0.0035826 T_{i}^{0.5} P dn + 0.00015111 T_{i}^{0.5} dT_{e} - 4.4661 \\cdot 10^{-7} T_{i}^{0.5} dT_{i} - 0.0060602 T_{i}^{0.5} dn - 1.9958 \\cdot 10^{-7} T_{i} F dT_{i} + 0.0018213 T_{i} P^{-1} dn + 4.4759 \\cdot 10^{-5} T_{i} P dT_{e} + 0.0045605 T_{i} P dn + 1.5794 \\cdot 10^{-5} T_{i} dT_{e} - 0.00042768 T_{i} dn + 0.00013219 dT_{e} - 2.0037 \\cdot 10^{-6} dT_{i} - 0.019807 n^{-1} F dn + 0.0018928 n^{-1} P^{-1} dn + 0.00019372 n^{-1} T_{e}^{0.5} T_{i}^{0.5} dn + 0.0012986 n^{-1} T_{e}^{0.5} dn + 0.0007557 n^{-1} T_{e} dn + 0.00037308 n^{-1} T_{i}^{0.5} dn + 7.7185 \\cdot 10^{-6} n^{-1} T_{i} dn + 0.0019285 n^{-1} dn + 0.00092695 n E^{0.5} + 0.0043641 n E^{0.5} P^{-1} - 0.0038916 n E^{0.5} T_{e}^{0.5} P^{-1} + 0.0044925 n E^{0.5} T_{e}^{0.5} T_{i}^{0.5} + 0.0034632 n E^{0.5} T_{e}^{0.5} T_{i} + 0.0026226 n E^{0.5} T_{e} + 0.0043921 n E^{0.5} T_{e} T_{i}^{0.5} + 0.0035839 n E^{0.5} T_{i}^{0.5} - 0.0051157 n E^{0.5} T_{i}^{0.5} F + 0.00062379 n E^{0.5} T_{i}^{0.5} P^{-1} - 0.010958 n E^{0.5} T_{i}^{0.5} P + 0.0033573 n E^{0.5} T_{i} + 0.007643 n E P^{-1} - 0.0068454 n E P + 0.021376 n E T_{e}^{0.5} + 0.012917 n E T_{e}^{0.5} T_{i}^{0.5} + 0.012789 n E T_{i}^{0.5} + 0.0029546 n E T_{i}",
  "coefficients": [
    0.08853770634310781,
    0.004332016372164744,
    0.0028898571040331207,
    -0.010080570388843505,
    0.001586103722865095,
    0.00014502219888986586,
    0.0019927751439900035,
    0.0009395131980084125,
    0.0012434469057477702,
    -0.005227237688935931,
    -0.00012033980305901192,
    0.004590257890174734,
    0.0006791107358735254,
    -0.0006456420790840721,
    -0.00016995641434929708,
    -0.00010638796030538107,
    -0.0001373902569041725,
    -0.000563085545946705,
    -5.557704889900522e-05,
    9.654319663517064e-06,
    -1.2549372191145394e-05,
    -0.0001671186001576921,
    1.988652675015213e-05,
    0.0018749261866930474,
    0.0002487170608874436,
    -9.460579233699618e-05,
    -2.8008904332142272e-05,
    -0.0036954012509340536,
    0.00017085541401411095,
    0.0003448037353949085,
    0.0003011764191312615,
    0.0005790364518808302,
    8.359484054210121e-05,
    5.789025657193362e-05,
    0.00027226750913709633,
    -1.9980005246358966e-05,
    0.0007931708165149717,
    -1.9365769577525812e-05,
    0.00022960293879159026,
    2.031331457040841e-05,
    0.0002248267412740421,
    4.6157732949443365e-05,
    0.00035381420255611146,
    0.0001498354090572347,
    -3.217773415950619e-05,
    -0.005501752508684689,
    -0.002703922381031314,
    0.0030606242777309225,
    -0.005165478700672746,
    -0.004804205189920238,
    -0.002197102272558973,
    0.004678621363906455,
    0.0028405956781603673,
    -0.00040483921007144775,
    0.00682388126260209,
    -0.006898781710524387,
    -0.008768813628261159,
    -0.003199775818363403,
    0.0005660652089128919,
    -0.0055135037064179505,
    -0.0024609917478550084,
    0.004312074769805099,
    -0.0006610756432987675,
    0.00015718425309706034,
    -0.009424160939680338,
    -0.003361896430646207,
    -0.0004922923201027703,
    0.003336663981019568,
    0.0005116712609963517,
    0.0005875488379842917,
    0.002210694872314657,
    -0.005083029187002802,
    -0.011365932102038696,
    0.0023561175736280526,
    -0.0034445177029755235,
    0.002679200170330176,
    0.0023676651999183125,
    0.001348634282663499,
    0.002546962114063987,
    0.0036486389610067014,
    -6.839416497471374e-05,
    -0.004158351392793171,
    0.005336048382426354,
    0.0015358313133458587,
    0.0075010798451164255,
    0.005223500183236833,
    0.012550392005565075
  ],
  "val_sse_masked": 0.0007835739525035024,
  "val_nrmse_masked": 0.07619386911392212,
  "val_mse_masked": 2.6119132598978467e-05,
  "val_r2_masked": 0.9941925406455994,
  "val_sse_full": 0.0007870568078942597,
  "val_nrmse_full": 0.07636301964521408,
  "val_mse_full": 2.6235227778670378e-05,
  "val_r2_full": 0.9941667318344116,
  "iteration": 176,
  "p_lo_eff": 0.12967753410339355,
  "p_hi_eff": 1.9451630115509033,
  "f_lo_eff": 0.20659340918064117,
  "f_hi_eff": 1.6527472734451294
}