{
  "tag": "22_4c90841e",
  "lmb1": 1.1346822704776432e-07,
  "lmb2": 9.721648635517326e-05,
  "nonzero_count": 85,
  "complexity_norm": 0.6854838709677419,
  "train_gen_window": 0.024280133127325798,
  "generalizability": 0.029520274270645512,
  "equation": "0.10458 E^{0.5} n P^{-0.5} + 0.017979 F dT_{e} + 0.0027586 F dT_{i} + 0.0034947 F dn - 0.0023273 P^{-1} F dT_{e} + 0.00011128 P^{-1} F dT_{i} + 0.0033656 P^{-1} F dn + 0.0041827 P^{-1} dT_{e} - 0.00031513 P F dT_{i} - 0.010881 P dn - 0.064387 T_{e}^{0.5} F dT_{e} - 0.0042499 T_{e}^{0.5} F dn + 0.0028167 T_{e}^{0.5} P^{-1} dT_{e} - 0.045238 T_{e}^{0.5} P^{-1} dn + 0.0095865 T_{e}^{0.5} T_{i}^{0.5} F dT_{e} - 4.7895 \\cdot 10^{-5} T_{e}^{0.5} T_{i}^{0.5} F dT_{i} - 0.013941 T_{e}^{0.5} T_{i}^{0.5} F dn + 4.7465 \\cdot 10^{-6} T_{e}^{0.5} T_{i}^{0.5} P^{-1} dT_{i} + 0.027797 T_{e}^{0.5} T_{i}^{0.5} P^{-1} dn + 0.002537 T_{e}^{0.5} T_{i}^{0.5} P dT_{e} + 1.4746 \\cdot 10^{-5} T_{e}^{0.5} T_{i}^{0.5} P dT_{i} + 0.016011 T_{e}^{0.5} T_{i}^{0.5} P dn + 8.7254 \\cdot 10^{-6} T_{e}^{0.5} T_{i}^{0.5} dT_{i} + 0.010672 T_{e}^{0.5} T_{i}^{0.5} dn - 0.00023111 T_{e}^{0.5} T_{i} dT_{e} - 1.4983 \\cdot 10^{-6} T_{e}^{0.5} T_{i} dT_{i} + 0.0044517 T_{e}^{0.5} T_{i} dn - 0.031287 T_{e}^{0.5} dn - 0.00051683 T_{e} F dT_{i} - 0.011573 T_{e} F dn + 0.018233 T_{e} P^{-1} dn - 0.00087909 T_{e} T_{i}^{0.5} dT_{e} + 0.0001731 T_{e} T_{i} dT_{e} + 1.0073 \\cdot 10^{-6} T_{e} T_{i} dT_{i} + 0.016586 T_{e} T_{i} dn - 0.0058385 T_{e} dT_{e} - 0.00018249 T_{e} dT_{i} - 0.030293 T_{e} dn + 0.011208 T_{i}^{0.5} F dT_{e} - 0.0082727 T_{i}^{0.5} F dn + 0.0019042 T_{i}^{0.5} P^{-1} dT_{e} - 9.2417 \\cdot 10^{-6} T_{i}^{0.5} P^{-1} dT_{i} - 0.016648 T_{i}^{0.5} P^{-1} dn - 1.9529 \\cdot 10^{-6} T_{i}^{0.5} P dT_{i} + 0.0077554 T_{i}^{0.5} P dn - 0.0040077 T_{i}^{0.5} dT_{e} - 1.0737 \\cdot 10^{-5} T_{i}^{0.5} dT_{i} + 0.00097599 T_{i}^{0.5} dn + 0.00088676 T_{i} F dT_{e} - 6.2169 \\cdot 10^{-6} T_{i} F dT_{i} - 0.00029202 T_{i} P^{-1} dT_{e} + 0.0013456 T_{i} P^{-1} dn + 6.7446 \\cdot 10^{-5} T_{i} P dT_{e} + 0.0027418 T_{i} P dn - 0.00076141 T_{i} dT_{e} - 0.0072014 T_{i} dn + 0.003414 dT_{e} - 0.00027704 dT_{i} - 0.01187 n^{-1} F dn + 0.0069657 n^{-1} P^{-1} dn - 0.0016973 n^{-1} T_{e}^{0.5} T_{i}^{0.5} dn - 0.0046685 n^{-1} T_{e}^{0.5} dn - 0.0042333 n^{-1} T_{e} dn + 0.0032263 n^{-1} T_{i}^{0.5} dn - 0.00083986 n^{-1} T_{i} dn + 0.0027623 n^{-1} dn - 0.10319 n E^{0.5} - 0.0012916 n E^{0.5} P^{-1} - 0.025053 n E^{0.5} T_{e}^{0.5} P^{-1} + 0.0094844 n E^{0.5} T_{e}^{0.5} T_{i}^{0.5} + 0.035547 n E^{0.5} T_{e}^{0.5} T_{i} - 0.033143 n E^{0.5} T_{e} + 0.031173 n E^{0.5} T_{e} T_{i}^{0.5} - 0.0085821 n E^{0.5} T_{i}^{0.5} - 0.024055 n E^{0.5} T_{i}^{0.5} F + 0.01634 n E^{0.5} T_{i}^{0.5} P^{-1} + 0.0069203 n E^{0.5} T_{i}^{0.5} P + 0.032128 n E^{0.5} T_{i} - 0.014364 n E F + 0.0082442 n E P^{-1} - 0.0037678 n E P + 0.11586 n E T_{e}^{0.5} - 0.035277 n E T_{e}^{0.5} T_{i}^{0.5} - 0.013281 n E T_{i}^{0.5} - 0.024149 n E T_{i}",
  "coefficients": [
    0.08853770979722769,
    0.015942560754731452,
    0.004139214260720021,
    -0.006041199971463504,
    0.013716132175902528,
    -0.0157800595398324,
    -0.007163839518907138,
    -0.00823189131592656,
    -0.006965640969702681,
    0.003945486203256653,
    -0.016638611956762226,
    0.04340328417134376,
    -0.00489577820900438,
    -0.004123453360398974,
    -0.0040857731503205555,
    -0.0008240207735770166,
    -0.004279768829181893,
    0.002632778544773451,
    0.003986552259831994,
    -0.00576643093153105,
    0.007223593663163989,
    -0.004769376719773621,
    -0.015937661773597966,
    -0.012356834935791164,
    -6.263518399246548e-05,
    0.0038620717506802175,
    0.007458252074970487,
    -0.0025204983365479453,
    0.0044125973580554645,
    0.00677030974564273,
    0.010833589123540807,
    -0.015357046313443996,
    0.013398914657026993,
    -0.007068384836251215,
    -0.013125652174682874,
    0.0045632035654937265,
    0.0011952040178837692,
    0.005766265324216063,
    -0.026777863215209252,
    0.013036495206785712,
    0.011174174985854653,
    -0.00464153917714713,
    -0.008511876742308425,
    -0.004288890886981721,
    0.004089677824341203,
    0.004254107692363805,
    0.003738786101521549,
    -0.012589895214307957,
    -0.017850313033324242,
    0.0007737110583426743,
    -0.010133942164198571,
    0.010127932179388982,
    0.002098599876506055,
    -0.006816727840781189,
    0.004102511994676837,
    -0.040778070488679506,
    -0.020629213597352397,
    -0.004393743361795113,
    0.03429993018158077,
    0.008160129810382818,
    -0.016559123789066172,
    0.019972137471900693,
    0.004121768140896799,
    0.0190388575653425,
    -0.019254816697220612,
    -0.011592956089427314,
    0.015219619049868127,
    -0.0009875173186752947,
    -0.056959172115473036,
    0.01539123604971774,
    -0.005293841200212188,
    -0.023901158391083144,
    0.007177666040844889,
    0.022547469875302054,
    -0.022174543337988864,
    0.0056562052006556285,
    0.02430194440365674,
    -0.017042961404645285,
    0.018076897728064194,
    0.003935635825628309,
    -0.00820038329120382,
    -0.0022887962972621724,
    -0.0055411020080512255,
    -0.01255308892744919,
    0.04065768061398148,
    -0.014265336042249104,
    0.05134118569914009
  ],
  "val_sse_masked": 0.0002384119143243879,
  "val_nrmse_masked": 0.0420285165309906,
  "val_mse_masked": 7.947064659674652e-06,
  "val_r2_masked": 0.9982330203056335,
  "val_sse_full": 0.00023883090761955827,
  "val_nrmse_full": 0.04206543043255806,
  "val_mse_full": 7.961030860315077e-06,
  "val_r2_full": 0.9982299208641052,
  "iteration": 22,
  "p_lo_eff": 0.12967753410339355,
  "p_hi_eff": 1.9451630115509033,
  "f_lo_eff": 0.20659340918064117,
  "f_hi_eff": 1.6527472734451294
}