{
  "tag": "95_348a14ee",
  "lmb1": 0.0005440979237055157,
  "lmb2": 6.632247277061485e-05,
  "nonzero_count": 17,
  "complexity_norm": 0.13709677419354838,
  "train_gen_window": 0.05295281354305315,
  "generalizability": 0.05328909106486504,
  "equation": "0.05012 E^{0.5} n P^{-0.5} - 0.0038391 P^{-1} F dT_{e} - 7.4532 \\cdot 10^{-5} P^{-1} F dT_{i} - 0.002531 P^{-1} F dn + 0.00049088 P dn - 0.00052354 T_{e}^{0.5} T_{i}^{0.5} dn - 0.07041 T_{e} dn - 0.0086802 T_{i}^{0.5} P^{-1} dn + 0.00041307 T_{i}^{0.5} P dn + 0.0061139 T_{i} P dn - 0.00084359 n^{-1} F dn + 0.00042009 n^{-1} P^{-1} dn + 0.0071886 n E^{0.5} T_{e}^{0.5} T_{i} - 0.022078 n E^{0.5} T_{i}^{0.5} P + 0.0019451 n E^{0.5} T_{i} + 0.04456 n E T_{e}^{0.5} T_{i}^{0.5} + 0.00052699 n E T_{i}^{0.5}",
  "coefficients": [
    0.0885377026405183,
    0.0009614728242573756,
    9.968211089660822e-06,
    -0.00042934072216834266,
    2.2437767098656797e-06,
    1.1197312546723914e-06,
    3.6689072996134137e-06,
    4.2840183471118716e-07,
    8.908789816489612e-07,
    -0.0026425267497478585,
    -2.3508814504880706e-07,
    8.114593044023002e-06,
    1.3744103634890382e-06,
    -3.1503338546568587e-06,
    -2.7272961113594203e-06,
    -3.475417925811801e-06,
    -4.007153181480169e-06,
    -2.7546897766229727e-06,
    -2.286548998641652e-06,
    -1.323722525601135e-06,
    -3.027303629669942e-06,
    -4.208926857815513e-06,
    5.957391591055474e-07,
    3.429616936949708e-06,
    -3.050500814974145e-07,
    -3.8143627304901597e-06,
    -2.8558595103374477e-07,
    -0.004157884885135557,
    7.616366473108951e-06,
    7.384202040124613e-06,
    4.416392968972861e-06,
    3.3412998610489e-05,
    1.0843382093092623e-05,
    1.0603660709769058e-05,
    3.2229833353257765e-05,
    1.5507004753556116e-05,
    2.2783455095400443e-05,
    -5.830375519613262e-07,
    6.926147022074287e-06,
    1.0271387528116819e-05,
    2.8033954366725893e-05,
    2.9719808520419674e-05,
    2.1314324185755785e-05,
    5.070629233543726e-05,
    2.684814609046956e-05,
    -0.0031992101472460145,
    -6.39745673982609e-06,
    0.0005679826736676054,
    -0.009307272572768178,
    -3.3113971943415385e-05,
    -1.7456251874710494e-05,
    0.0005394336269641665,
    -2.1764750851759046e-06,
    -2.2209304562773906e-05,
    0.009148315297086486,
    -2.383388385439475e-05,
    -5.1594249686433226e-05,
    -8.293183517450141e-06,
    -2.6346849520048632e-06,
    -0.000400317046066271,
    -2.573857077928001e-05,
    4.587547845931602e-05,
    -4.3615972235407363e-05,
    -3.154411089435244e-07,
    -0.04475350796007937,
    -9.733200150548992e-06,
    -5.30222672092946e-05,
    -1.7382249351124157e-06,
    1.992342260576825e-06,
    8.13000614983675e-07,
    1.1792953379104468e-05,
    -2.9427955163354753e-07,
    -0.022899118359439155,
    0.001365064020857097,
    -7.38674905204712e-05,
    1.3441791071997486e-05,
    0.004914544996927604,
    2.034413686758753e-06,
    1.1835687511478179e-05,
    9.7925416605662e-06,
    2.624185025209892e-06,
    -3.42799908034892e-05,
    0.00021987839397043148,
    2.4576724603301606e-05,
    3.776866426334894e-05,
    0.018019331007062846,
    0.02460648211348562
  ],
  "val_sse_masked": 0.0008379947394132614,
  "val_nrmse_masked": 0.07879537343978882,
  "val_mse_masked": 2.793315979943145e-05,
  "val_r2_masked": 0.9937891960144043,
  "val_sse_full": 0.0008233214030042291,
  "val_nrmse_full": 0.0781024694442749,
  "val_mse_full": 2.7444048100733198e-05,
  "val_r2_full": 0.9938979744911194,
  "iteration": 95,
  "p_lo_eff": 0.12967753410339355,
  "p_hi_eff": 1.9451630115509033,
  "f_lo_eff": 0.20659340918064117,
  "f_hi_eff": 1.6527472734451294
}