{
  "tag": "450_3fc694ab",
  "lmb1": 1.6793185296795787e-05,
  "lmb2": 5.222610350484284e-07,
  "nonzero_count": 67,
  "complexity_norm": 0.5403225806451613,
  "train_gen_window": 0.022921745127041017,
  "generalizability": 0.027122082187199907,
  "equation": "0.10875 E^{0.5} n P^{-0.5} - 0.0002865 F dT_{e} + 0.001115 F dT_{i} - 0.00035077 F dn - 0.0011932 P^{-1} F dT_{e} + 7.1127 \\cdot 10^{-5} P^{-1} F dT_{i} - 0.00054258 P dn - 0.00082251 T_{e}^{0.5} F dT_{e} - 0.0007055 T_{e}^{0.5} F dn - 0.055164 T_{e}^{0.5} P^{-1} dn + 0.00031361 T_{e}^{0.5} T_{i}^{0.5} F dT_{e} - 1.9875 \\cdot 10^{-6} T_{e}^{0.5} T_{i}^{0.5} F dT_{i} - 0.014606 T_{e}^{0.5} T_{i}^{0.5} F dn - 3.1665 \\cdot 10^{-6} T_{e}^{0.5} T_{i}^{0.5} P^{-1} dT_{i} + 0.016277 T_{e}^{0.5} T_{i}^{0.5} P^{-1} dn + 0.00019401 T_{e}^{0.5} T_{i}^{0.5} P dT_{e} + 1.5208 \\cdot 10^{-6} T_{e}^{0.5} T_{i}^{0.5} P dT_{i} + 0.00019546 T_{e}^{0.5} T_{i}^{0.5} P dn - 1.5226 \\cdot 10^{-5} T_{e}^{0.5} T_{i} dT_{e} + 0.00075484 T_{e}^{0.5} T_{i} dn - 0.0055567 T_{e}^{0.5} dn - 0.0011986 T_{e} F dn + 0.026409 T_{e} P^{-1} dn + 9.2887 \\cdot 10^{-6} T_{e} P dT_{i} - 4.7789 \\cdot 10^{-5} T_{e} T_{i}^{0.5} dT_{e} - 0.00018013 T_{e} T_{i} dT_{e} + 0.0069284 T_{e} T_{i} dn - 0.0029518 T_{e} dT_{e} - 0.00019745 T_{e} dT_{i} - 0.058152 T_{e} dn + 0.00079647 T_{i}^{0.5} F dT_{e} - 0.00091285 T_{i}^{0.5} F dn + 0.0013942 T_{i}^{0.5} P^{-1} dT_{e} - 6.1506 \\cdot 10^{-6} T_{i}^{0.5} P^{-1} dT_{i} - 0.0015933 T_{i}^{0.5} P^{-1} dn + 9.1067 \\cdot 10^{-7} T_{i}^{0.5} P dT_{i} + 9.0036 \\cdot 10^{-5} T_{i}^{0.5} P dn + 3.7001 \\cdot 10^{-5} T_{i} F dT_{e} + 0.0002954 T_{i} P^{-1} dn + 0.00011784 T_{i} P dT_{e} + 0.012575 T_{i} P dn - 7.0418 \\cdot 10^{-6} T_{i} dT_{e} + 0.00054222 T_{i} dn - 0.00016358 dT_{e} - 1.4546 \\cdot 10^{-5} dT_{i} - 0.0058816 n^{-1} F dn + 0.0036654 n^{-1} P^{-1} dn - 9.6952 \\cdot 10^{-5} n^{-1} T_{e}^{0.5} T_{i}^{0.5} dn - 0.00010042 n^{-1} T_{e}^{0.5} dn - 0.0004758 n^{-1} T_{i}^{0.5} dn - 0.00030321 n^{-1} T_{i} dn - 0.00014416 n^{-1} dn - 0.086439 n E^{0.5} - 0.023939 n E^{0.5} T_{e}^{0.5} P^{-1} + 0.00042668 n E^{0.5} T_{e}^{0.5} T_{i}^{0.5} + 0.054171 n E^{0.5} T_{e}^{0.5} T_{i} - 0.00023615 n E^{0.5} T_{e} + 0.00098572 n E^{0.5} T_{e} T_{i}^{0.5} + 0.00018921 n E^{0.5} T_{i}^{0.5} - 0.021169 n E^{0.5} T_{i}^{0.5} F + 0.0016428 n E^{0.5} T_{i}^{0.5} P^{-1} + 0.00064462 n E^{0.5} T_{i}^{0.5} P + 0.0032054 n E^{0.5} T_{i} - 0.00026479 n E F + 0.023021 n E P^{-1} + 0.034054 n E T_{e}^{0.5} - 0.018361 n E T_{i}",
  "coefficients": [
    0.08853770962843655,
    0.008388990121184508,
    -0.00021601405221480745,
    -0.002993379031265993,
    -0.0020227866594457996,
    -0.00569701777884893,
    -0.00015408842693270363,
    -0.00047021108888454057,
    -3.590051073379597e-05,
    0.0025218114120206057,
    -0.000873603094380919,
    0.017543991306552605,
    2.247297670393344e-05,
    -0.002744280979622531,
    -5.421329230810489e-05,
    0.00038426019865590914,
    -7.410620843677717e-05,
    -0.0017563609019620866,
    -2.965523408328909e-05,
    -0.00023929066021828176,
    0.0007450328556453419,
    4.828834715940697e-05,
    -0.01724424913459658,
    -6.373116847889626e-05,
    0.0008790978427954627,
    9.925666872033583e-05,
    9.737814390968056e-05,
    -0.0012923027953770472,
    -0.00021142113560401125,
    -0.00010788631855457717,
    0.007932296597177913,
    2.3966509592104294e-05,
    0.0009521449208822585,
    9.267175327302639e-05,
    -0.00012139002800928028,
    0.0001904076043481596,
    0.002088153790917412,
    7.05508238109884e-05,
    -0.00034207217144611947,
    0.00042646339631387974,
    0.0008545268760454982,
    -0.0003057949012473054,
    -0.004303341952153241,
    -0.0002331522221122573,
    -0.0042556183111337334,
    -4.377994463528398e-05,
    -0.0003752741599128487,
    -0.0006277952512575144,
    -0.001708441078573638,
    9.850618293923624e-06,
    -0.0011182277587910533,
    0.0001175791398238536,
    0.0004607139983158367,
    0.0005132600912000319,
    0.018816011082222188,
    -0.04972584419372981,
    -0.00366386072922843,
    -0.0007293799778342909,
    0.020084926345461055,
    1.343052381709068e-05,
    -0.01734917699420417,
    0.0002438135174204086,
    0.0006988976970535377,
    0.02757595970075467,
    -0.03696243597438989,
    -0.0012007233697059053,
    0.00635768764733307,
    -6.50069156522399e-05,
    -0.04771348322927205,
    0.0015473712762667793,
    0.00011671235460527485,
    -0.021034112788838318,
    0.0006685896787046794,
    0.0022495485667731892,
    -0.021188876318983765,
    0.0002544585160715805,
    0.03703448975161804,
    -0.00012143561814886488,
    0.0005716121181075557,
    0.010990061473585683,
    -0.00015116420198218458,
    -6.486927578184593e-05,
    1.7243946980021808e-05,
    -0.009544183583224376,
    0.011949914289158564,
    -6.41652572201822e-06,
    0.0533899412917064
  ],
  "val_sse_masked": 0.00027054440579377115,
  "val_nrmse_masked": 0.044771261513233185,
  "val_mse_masked": 9.018147466122173e-06,
  "val_r2_masked": 0.9979948401451111,
  "val_sse_full": 0.0002743315417319536,
  "val_nrmse_full": 0.045083533972501755,
  "val_mse_full": 9.144385330728255e-06,
  "val_r2_full": 0.9979668259620667,
  "iteration": 450,
  "p_lo_eff": 0.12967753410339355,
  "p_hi_eff": 1.9451630115509033,
  "f_lo_eff": 0.20659340918064117,
  "f_hi_eff": 1.6527472734451294
}