{
  "tag": "343_9b28a1b6",
  "lmb1": 0.00010061952696085706,
  "lmb2": 0.00015366518957338443,
  "nonzero_count": 39,
  "complexity_norm": 0.31451612903225806,
  "train_gen_window": 0.0412153957852252,
  "generalizability": 0.03348262393509045,
  "equation": "0.078398 E^{0.5} n P^{-0.5} + 0.00014559 F dT_{i} - 0.0040799 P^{-1} F dT_{e} - 5.28 \\cdot 10^{-5} P^{-1} F dT_{i} - 0.00098201 P^{-1} F dn + 0.00013948 P dn - 0.022157 T_{e}^{0.5} P^{-1} dn - 0.01559 T_{e}^{0.5} T_{i}^{0.5} F dn + 0.00014236 T_{e}^{0.5} T_{i}^{0.5} P^{-1} dn + 0.00019056 T_{e}^{0.5} T_{i}^{0.5} P dn - 0.00016167 T_{e}^{0.5} T_{i}^{0.5} dn - 0.00029569 T_{e}^{0.5} dn - 0.036655 T_{e} dn + 0.00017553 T_{i}^{0.5} F dT_{e} - 0.00050758 T_{i}^{0.5} F dn + 0.00036698 T_{i}^{0.5} P^{-1} dT_{e} - 0.00021482 T_{i}^{0.5} P^{-1} dn + 0.001344 T_{i}^{0.5} P dn + 2.8448 \\cdot 10^{-5} T_{i}^{0.5} dT_{e} + 5.4715 \\cdot 10^{-6} T_{i} P^{-1} dT_{e} + 0.0017264 T_{i} P^{-1} dn + 0.0088507 T_{i} P dn - 0.020999 n^{-1} F dn + 0.0033959 n^{-1} P^{-1} dn + 0.00013122 n^{-1} T_{e}^{0.5} dn + 9.1015 \\cdot 10^{-5} n^{-1} T_{e} dn + 0.0018923 n^{-1} dn - 0.00057022 n E^{0.5} - 0.015895 n E^{0.5} T_{e}^{0.5} P^{-1} + 0.00025112 n E^{0.5} T_{e}^{0.5} T_{i} - 0.014193 n E^{0.5} T_{i}^{0.5} F - 0.014216 n E^{0.5} T_{i}^{0.5} P + 0.00020739 n E^{0.5} T_{i} + 0.0048285 n E P^{-1} - 0.00018786 n E P + 0.010942 n E T_{e}^{0.5} + 0.03431 n E T_{e}^{0.5} T_{i}^{0.5} + 0.0066164 n E T_{i}^{0.5} + 0.00023114 n E T_{i}",
  "coefficients": [
    0.08853770640527919,
    0.007772310901878198,
    0.0028354806529496176,
    -0.010687294261206648,
    -1.1784540221277869e-06,
    -5.586085459236746e-05,
    0.00020135615781452954,
    1.145950081836402e-06,
    0.00014975776398563483,
    -0.0018720076445751604,
    -1.0384400500946935e-05,
    0.0022906819485276845,
    3.0293806560633016e-05,
    -7.694217108964183e-05,
    -4.260871831525901e-06,
    3.636823096650045e-05,
    -6.5446945643659085e-06,
    -6.50685105630807e-05,
    -2.7946713113810813e-06,
    -8.153307816856055e-06,
    4.374211923780707e-05,
    -2.0208352299940584e-06,
    -9.001780266711167e-06,
    1.9543499947180726e-05,
    7.627082665757442e-05,
    1.4572659977982741e-07,
    3.394435136639327e-05,
    -0.004418633234712231,
    1.4850440833073694e-05,
    4.2804132309167425e-05,
    0.0020878867040287777,
    0.00010900768582932278,
    0.0002098347292585409,
    0.00013243732954200892,
    4.659037569286522e-05,
    9.107482367042859e-05,
    4.4014165270961016e-05,
    1.058806176432011e-05,
    1.715121841342402e-05,
    4.029011154847114e-05,
    1.2739481202697007e-05,
    1.2985075008406453e-05,
    -9.750171050320277e-08,
    7.181711638915966e-06,
    -4.309478398551404e-06,
    -0.0012412607114737255,
    -2.989958220724436e-05,
    0.00016138476926405348,
    -0.0002303354170148123,
    -4.8523436947974306e-05,
    -0.0006217806776677115,
    0.0017551144157785966,
    0.002692503804396741,
    -2.685605431405731e-05,
    0.013243361612977731,
    -0.019972894198247635,
    -0.00019496732645736555,
    -5.0468333628340576e-05,
    0.00017566560244589968,
    -0.00012361923915107055,
    -0.01851813564684441,
    0.00023770506018992968,
    -3.6929103139063986e-05,
    8.479120882785438e-05,
    -0.023298611019190073,
    -6.871833591689116e-05,
    -2.7169582142095973e-05,
    1.7765768506287406e-05,
    -0.00031475659284560975,
    4.034065651042466e-06,
    6.494480732156708e-06,
    -0.014102428498745967,
    -0.014744251544504691,
    0.00014554381484970644,
    -0.014068463131536157,
    1.5851527933196272e-05,
    0.00017167894018624456,
    -4.161166566168606e-05,
    1.888026637729181e-05,
    0.0023050429119335566,
    -9.015828436445987e-06,
    -0.00011411503359490597,
    0.0027605852037988067,
    0.00012015231069082327,
    0.0038396639366435354,
    0.013874572789739545,
    0.03848929645302595
  ],
  "val_sse_masked": 0.0006041625747457147,
  "val_nrmse_masked": 0.06690474599599838,
  "val_mse_masked": 2.0138753825449385e-05,
  "val_r2_masked": 0.9955222606658936,
  "val_sse_full": 0.0005948138423264027,
  "val_nrmse_full": 0.06638509780168533,
  "val_mse_full": 1.982713001780212e-05,
  "val_r2_full": 0.9955915212631226,
  "iteration": 343,
  "p_lo_eff": 0.12967753410339355,
  "p_hi_eff": 1.9451630115509033,
  "f_lo_eff": 0.20659340918064117,
  "f_hi_eff": 1.6527472734451294
}