{
  "tag": "48_cbccd44a",
  "lmb1": 0.0007940956196021907,
  "lmb2": 9.971746081030794e-07,
  "nonzero_count": 16,
  "complexity_norm": 0.12903225806451613,
  "train_gen_window": 0.05858150915949364,
  "generalizability": 0.06053312611254393,
  "equation": "0.05346 E^{0.5} n P^{-0.5} - 0.0038179 P^{-1} F dT_{e} - 7.6729 \\cdot 10^{-5} P^{-1} F dT_{i} - 0.0023033 P^{-1} F dn + 0.00038677 P dn - 0.001861 T_{e}^{0.5} T_{i}^{0.5} dn - 0.063764 T_{e} dn - 0.0095374 T_{i}^{0.5} P^{-1} dn + 0.00013661 T_{i}^{0.5} P dn + 0.0041097 T_{i} P dn + 0.00024743 n^{-1} P^{-1} dn + 0.0084336 n E^{0.5} T_{e}^{0.5} T_{i} - 0.021647 n E^{0.5} T_{i}^{0.5} P + 0.0010185 n E^{0.5} T_{i} + 0.039614 n E T_{e}^{0.5} T_{i}^{0.5} + 0.00031544 n E T_{i}^{0.5}",
  "coefficients": [
    0.08853770312230042,
    0.0005662987527654801,
    1.0409575194979855e-05,
    -1.4427013033742672e-05,
    6.092610829392357e-06,
    5.318868294838939e-06,
    4.8216533135511596e-06,
    3.656173598073539e-06,
    2.675652568932375e-06,
    -0.0027204143301431103,
    -2.809143529694932e-06,
    1.3800664204289132e-06,
    -1.89416019242528e-06,
    -3.646370611702239e-06,
    -4.872248850566718e-06,
    -8.200059710176198e-06,
    -4.476749264505923e-06,
    -3.268079704358766e-06,
    -4.294311327581171e-06,
    -2.5653635483228914e-06,
    -7.368641703012745e-06,
    -5.56380912760978e-06,
    -2.026181234143602e-06,
    3.243148063082329e-08,
    -4.460418717698236e-06,
    -5.055235049383645e-06,
    -1.501322659443654e-06,
    -0.004134923717271025,
    2.0908362661102507e-06,
    2.0458625512015028e-06,
    9.641708086456399e-07,
    6.4919691303757975e-06,
    3.016225268873292e-06,
    3.0328219940535714e-06,
    1.0850994868138608e-05,
    4.7295092220776915e-06,
    1.1229103102740847e-05,
    -1.6952047983093154e-06,
    1.8936582270483977e-06,
    2.9895160391204305e-06,
    6.578881371277646e-06,
    1.1524535525192093e-05,
    4.0663931043111805e-06,
    9.648889851025764e-06,
    1.1867485295446839e-05,
    -0.0029114074909528057,
    -6.409875143612909e-06,
    0.00044751142625118685,
    -0.010226370810628698,
    -3.590765800902737e-05,
    -3.3134514339880824e-05,
    0.00017840721403744716,
    -2.492208738234327e-06,
    -2.000938536815175e-05,
    0.00614937966885525,
    -1.4951153436032878e-05,
    -3.45495214871837e-05,
    -8.616481600719823e-06,
    -2.8654792048293853e-06,
    -0.0014229966077480367,
    -8.454376827271875e-05,
    2.8820296911575548e-05,
    -3.649993444830518e-05,
    -1.0349834126355917e-06,
    -0.04052928789414935,
    -1.0737783017462612e-05,
    -3.60664210730677e-05,
    -3.660628184259019e-07,
    1.9128615099597476e-06,
    1.3095526274191474e-06,
    9.419811391202506e-06,
    1.2113559034871742e-06,
    -0.022452421454100775,
    0.0007147461278796792,
    -7.50607034809422e-06,
    1.1114888545677352e-05,
    0.005765668669881694,
    2.087658899602689e-06,
    1.0185219452985403e-05,
    7.629415844159191e-06,
    3.2142588816406886e-06,
    -2.8606377708536726e-05,
    0.0001316138672803296,
    1.4086169861967898e-05,
    2.4065294016002043e-05,
    0.01601938982166918,
    0.026246230289357166
  ],
  "val_sse_masked": 0.0009786803275346756,
  "val_nrmse_masked": 0.08515310287475586,
  "val_mse_masked": 3.262268000980839e-05,
  "val_r2_masked": 0.9927465319633484,
  "val_sse_full": 0.0009512333781458437,
  "val_nrmse_full": 0.08395056426525116,
  "val_mse_full": 3.170778290950693e-05,
  "val_r2_full": 0.9929499626159668,
  "iteration": 48,
  "p_lo_eff": 0.12967753410339355,
  "p_hi_eff": 1.9451630115509033,
  "f_lo_eff": 0.20659340918064117,
  "f_hi_eff": 1.6527472734451294
}