{
  "tag": "200_242ff77a",
  "lmb1": 0.0009541422297949793,
  "lmb2": 3.2888242485580605e-06,
  "nonzero_count": 16,
  "complexity_norm": 0.12903225806451613,
  "train_gen_window": 0.06523402571428834,
  "generalizability": 0.06522917944578614,
  "equation": "0.055879 E^{0.5} n P^{-0.5} - 0.0038338 P^{-1} F dT_{e} - 7.4521 \\cdot 10^{-5} P^{-1} F dT_{i} - 0.002156 P^{-1} F dn + 0.00026658 P dn - 0.00015745 T_{e}^{0.5} T_{i}^{0.5} F dn - 0.003384 T_{e}^{0.5} T_{i}^{0.5} dn - 0.058117 T_{e} dn - 0.010154 T_{i}^{0.5} P^{-1} dn + 0.0029242 T_{i} P dn + 0.000253 n^{-1} P^{-1} dn + 0.0082646 n E^{0.5} T_{e}^{0.5} T_{i} - 0.021052 n E^{0.5} T_{i}^{0.5} P + 0.00076894 n E^{0.5} T_{i} + 0.037167 n E T_{e}^{0.5} T_{i}^{0.5} + 0.00028028 n E T_{i}^{0.5}",
  "coefficients": [
    0.08853770348482637,
    0.0005790461924416032,
    1.9258220951226293e-05,
    -6.9293190597913055e-06,
    1.5268758665563626e-05,
    1.070385162882862e-05,
    8.08751035145415e-06,
    7.659949194720862e-06,
    4.587256603588671e-06,
    -0.0026421176410235023,
    -4.11497360211069e-06,
    2.937678082018227e-07,
    -3.182266306788908e-06,
    -3.864185469768548e-06,
    -5.8271211633866226e-06,
    -1.1292282936252326e-05,
    -4.478484178783849e-06,
    -3.489153763811306e-06,
    -5.15390558788825e-06,
    -2.9773680803705497e-06,
    -1.0098973485040944e-05,
    -5.771489618428966e-06,
    -3.1195678074561386e-06,
    -7.63683787924717e-07,
    -7.802410011258417e-06,
    -5.2658664235532765e-06,
    -2.0480113605684885e-06,
    -0.00415206486544591,
    6.366734685812989e-07,
    7.307900304249889e-07,
    1.2642343460314999e-07,
    2.7032686097844897e-06,
    1.3173311707773156e-06,
    1.6970776957865547e-06,
    5.616478094722652e-06,
    2.6335703614147455e-06,
    6.1203555846348534e-06,
    -2.191443313374589e-06,
    6.401312982711757e-07,
    1.3494007535575559e-06,
    2.7586966658333953e-06,
    6.0585347364384915e-06,
    1.5885567742441094e-06,
    3.899350426966859e-06,
    6.363705202129097e-06,
    -0.002725211859073644,
    -6.914860084975442e-06,
    0.0003084486051962318,
    -0.010887602886232167,
    -3.459835148386182e-05,
    -5.438572858610917e-05,
    9.808570124430368e-05,
    -2.389550246334565e-06,
    -1.507178202707185e-05,
    0.004375562021034047,
    -1.2302969037489157e-05,
    -3.003361686517758e-05,
    -9.80036650978482e-06,
    -2.771158751813342e-06,
    -0.0025874926967118764,
    -0.00018702154740631087,
    2.154471180607553e-05,
    -2.2506367997477154e-05,
    -1.1352574640585992e-06,
    -0.036940137781814,
    -1.289629683435286e-05,
    -1.904319952670117e-05,
    -6.02284561512197e-08,
    1.7842600224932917e-06,
    1.3126153215446925e-06,
    8.359614520136645e-06,
    1.596698239716594e-06,
    -0.021835181411337865,
    0.000539635096606418,
    -4.437890727864077e-06,
    1.004581823267426e-05,
    0.00565016005965629,
    1.984073368566864e-06,
    9.419151395471284e-06,
    6.381545992565731e-06,
    3.451209425258687e-06,
    -2.359400396238297e-05,
    0.00011694340428162037,
    1.1575637421195101e-05,
    1.989299886262383e-05,
    0.01502964759594057,
    0.02743396520939347
  ],
  "val_sse_masked": 0.0010953436139971018,
  "val_nrmse_masked": 0.09008557349443436,
  "val_mse_masked": 3.65114574378822e-05,
  "val_r2_masked": 0.9918819069862366,
  "val_sse_full": 0.0010658130049705505,
  "val_nrmse_full": 0.08886291831731796,
  "val_mse_full": 3.5527104046195745e-05,
  "val_r2_full": 0.9921007752418518,
  "iteration": 200,
  "p_lo_eff": 0.12967753410339355,
  "p_hi_eff": 1.9451630115509033,
  "f_lo_eff": 0.20659340918064117,
  "f_hi_eff": 1.6527472734451294
}