{
  "tag": "234_ca761823",
  "lmb1": 1.2492909938367304e-05,
  "lmb2": 5.758821626412338e-08,
  "nonzero_count": 75,
  "complexity_norm": 0.6048387096774194,
  "train_gen_window": 0.024072192515730714,
  "generalizability": 0.027807983534450516,
  "equation": "0.11246 E^{0.5} n P^{-0.5} - 0.00034177 F dT_{e} + 0.0014272 F dT_{i} - 0.00058721 F dn - 0.00094277 P^{-1} F dT_{e} + 6.5808 \\cdot 10^{-5} P^{-1} F dT_{i} + 6.6108 \\cdot 10^{-5} P^{-1} dT_{e} - 0.00067678 P dn - 0.0016738 T_{e}^{0.5} F dT_{e} - 0.001347 T_{e}^{0.5} F dn - 0.055486 T_{e}^{0.5} P^{-1} dn + 0.00085139 T_{e}^{0.5} T_{i}^{0.5} F dT_{e} - 2.9064 \\cdot 10^{-6} T_{e}^{0.5} T_{i}^{0.5} F dT_{i} - 0.013133 T_{e}^{0.5} T_{i}^{0.5} F dn - 2.0558 \\cdot 10^{-6} T_{e}^{0.5} T_{i}^{0.5} P^{-1} dT_{i} + 0.017865 T_{e}^{0.5} T_{i}^{0.5} P^{-1} dn + 0.00046309 T_{e}^{0.5} T_{i}^{0.5} P dT_{e} + 2.0391 \\cdot 10^{-6} T_{e}^{0.5} T_{i}^{0.5} P dT_{i} + 0.0004682 T_{e}^{0.5} T_{i}^{0.5} P dn - 4.4084 \\cdot 10^{-5} T_{e}^{0.5} T_{i} dT_{e} + 0.0011702 T_{e}^{0.5} T_{i} dn - 0.035304 T_{e}^{0.5} dn - 5.7849 \\cdot 10^{-6} T_{e} F dT_{i} - 0.002689 T_{e} F dn + 0.026095 T_{e} P^{-1} dn + 1.8588 \\cdot 10^{-5} T_{e} P dT_{i} - 0.00011796 T_{e} T_{i}^{0.5} dT_{e} - 0.00015931 T_{e} T_{i} dT_{e} + 0.007275 T_{e} T_{i} dn - 0.003569 T_{e} dT_{e} - 0.00027367 T_{e} dT_{i} - 0.028527 T_{e} dn + 0.0010723 T_{i}^{0.5} F dT_{e} - 0.0012335 T_{i}^{0.5} F dn + 0.0014438 T_{i}^{0.5} P^{-1} dT_{e} - 5.0685 \\cdot 10^{-6} T_{i}^{0.5} P^{-1} dT_{i} - 0.0016757 T_{i}^{0.5} P^{-1} dn + 1.1645 \\cdot 10^{-6} T_{i}^{0.5} P dT_{i} + 0.00019284 T_{i}^{0.5} P dn - 2.6308 \\cdot 10^{-7} T_{i}^{0.5} dT_{i} + 5.0034 \\cdot 10^{-5} T_{i} F dT_{e} - 3.4268 \\cdot 10^{-7} T_{i} F dT_{i} + 0.00016453 T_{i} P^{-1} dn + 4.9266 \\cdot 10^{-5} T_{i} P dT_{e} + 0.012535 T_{i} P dn - 2.2457 \\cdot 10^{-5} T_{i} dT_{e} + 0.00085438 T_{i} dn - 0.00012945 dT_{e} - 2.9376 \\cdot 10^{-5} dT_{i} - 0.0030934 n^{-1} F dn + 0.0034924 n^{-1} P^{-1} dn - 0.00032619 n^{-1} T_{e}^{0.5} T_{i}^{0.5} dn - 0.00029745 n^{-1} T_{e}^{0.5} dn - 0.00022334 n^{-1} T_{e} dn - 0.00021643 n^{-1} T_{i}^{0.5} dn - 0.00043768 n^{-1} T_{i} dn - 0.00015445 n^{-1} dn - 0.10492 n E^{0.5} - 0.00025337 n E^{0.5} P^{-1} - 0.024451 n E^{0.5} T_{e}^{0.5} P^{-1} + 0.00061219 n E^{0.5} T_{e}^{0.5} T_{i}^{0.5} + 0.066217 n E^{0.5} T_{e}^{0.5} T_{i} - 0.00026235 n E^{0.5} T_{e} + 0.0015774 n E^{0.5} T_{e} T_{i}^{0.5} + 0.00028157 n E^{0.5} T_{i}^{0.5} - 0.022535 n E^{0.5} T_{i}^{0.5} F + 0.003185 n E^{0.5} T_{i}^{0.5} P^{-1} + 0.0021551 n E^{0.5} T_{i}^{0.5} P + 0.0066705 n E^{0.5} T_{i} - 0.00038874 n E F + 0.020472 n E P^{-1} - 0.00026075 n E P + 0.046447 n E T_{e}^{0.5} - 0.0002624 n E T_{e}^{0.5} T_{i}^{0.5} - 0.031463 n E T_{i}",
  "coefficients": [
    0.08853771128974747,
    0.007993054396723332,
    -0.00023144150950191652,
    -0.0015743534231192828,
    -0.0009201163297971129,
    -0.00822340719034323,
    -0.0004564323365443301,
    -0.0015819770785798683,
    -0.0003674864639218147,
    0.0023332262497209,
    -0.001764307259481132,
    0.02245538633202371,
    9.747990051663639e-05,
    -0.002261458028849747,
    -0.00010011540549759022,
    0.0004913768850715037,
    -0.00023590379779390525,
    -0.0011402824888445903,
    -4.208242843218427e-05,
    -0.00034992037863799605,
    0.000998913349615975,
    -4.659660549158925e-05,
    -0.02390084351759405,
    -0.00013831026323998178,
    0.001759182693909493,
    3.143378202849828e-05,
    0.00011787950574677664,
    -0.0010210389548010244,
    -0.00016731695806880868,
    -0.00012869701500150667,
    0.00821420596623819,
    -7.740153211659978e-05,
    0.0012818850526277949,
    9.638328399503432e-05,
    -0.00038713369780071956,
    0.000257473823217475,
    0.0008730324798600867,
    7.346587471236717e-05,
    -0.0006961167860511379,
    0.0011577839519681774,
    0.0020396540754848112,
    -0.0008853678225830245,
    -0.005203151882873305,
    -0.0005755254232052542,
    -0.00376383101718291,
    -3.9167130929101e-06,
    -0.0006282239839160294,
    -0.000783076854648471,
    -0.0017967259906402492,
    5.0897083153243294e-05,
    -0.0015110178823263517,
    0.0002518370354476451,
    0.0002566043483790564,
    0.0008087495190368632,
    0.0187560314482668,
    -0.05001571986659756,
    -0.023278341703932864,
    -0.0013925718782274437,
    0.022045015148869484,
    7.569051695131598e-05,
    -0.015599405789955067,
    0.0005840385565807216,
    0.0010834337041359763,
    0.027247861489945072,
    -0.01813211134739839,
    -0.0026937291076928973,
    0.006675738389754797,
    -0.0001937188869136155,
    -0.057915180785662095,
    0.0029999528372670965,
    0.0001736829172089463,
    -0.022391047636351878,
    0.00223525025826563,
    0.0046813009137101425,
    -0.021641899136861324,
    0.00036508960710521227,
    0.045269522301471285,
    -0.000134908473991775,
    0.0009147379672724856,
    0.009773126073295143,
    -0.00022192412973735053,
    -0.00015839366463744266,
    -4.9223681079542874e-05,
    -0.016355022404936616,
    0.016298596913386042,
    -0.0001061096381879608,
    0.055211234570918546
  ],
  "val_sse_masked": 0.000253258622251451,
  "val_nrmse_masked": 0.04331737756729126,
  "val_mse_masked": 8.441954378213268e-06,
  "val_r2_masked": 0.9981229901313782,
  "val_sse_full": 0.00025524236843921244,
  "val_nrmse_full": 0.04348669573664665,
  "val_mse_full": 8.508079190505669e-06,
  "val_r2_full": 0.9981082677841187,
  "iteration": 234,
  "p_lo_eff": 0.12967753410339355,
  "p_hi_eff": 1.9451630115509033,
  "f_lo_eff": 0.20659340918064117,
  "f_hi_eff": 1.6527472734451294
}