{
  "tag": "5_80d394b0",
  "lmb1": 0.0005984532226890964,
  "lmb2": 0.0634591952531039,
  "nonzero_count": 43,
  "complexity_norm": 0.3467741935483871,
  "train_gen_window": 0.08920406335571464,
  "generalizability": 0.08174329440257358,
  "equation": "0.021229 E^{0.5} n P^{-0.5} - 0.00138 F dn - 0.0043198 P^{-1} F dT_{e} - 7.6037 \\cdot 10^{-5} P^{-1} F dT_{i} - 0.004561 P^{-1} F dn + 0.0029481 P dn - 0.0019803 T_{e}^{0.5} F dn - 0.0056604 T_{e}^{0.5} P^{-1} dn - 0.0022756 T_{e}^{0.5} T_{i}^{0.5} F dn + 0.0019952 T_{e}^{0.5} T_{i}^{0.5} P dn - 0.0067649 T_{e}^{0.5} T_{i}^{0.5} dn - 0.0024587 T_{e}^{0.5} T_{i} dn - 0.0088449 T_{e}^{0.5} dn - 0.0023825 T_{e} F dn - 0.0021717 T_{e} T_{i} dn - 0.010279 T_{e} dn - 0.0018927 T_{i}^{0.5} F dn - 0.0043603 T_{i}^{0.5} P^{-1} dn + 0.0024463 T_{i}^{0.5} P dn - 0.0055851 T_{i}^{0.5} dn + 0.0025383 T_{i} P dn - 0.0021578 T_{i} dn - 0.0093958 n^{-1} F dn + 0.0013596 n^{-1} P^{-1} dn + 2.9291 \\cdot 10^{-5} n^{-1} T_{e}^{0.5} T_{i}^{0.5} dn + 0.00027464 n^{-1} T_{i}^{0.5} dn + 3.3643 \\cdot 10^{-5} n^{-1} T_{i} dn + 0.00082316 n^{-1} dn + 0.0035957 n E^{0.5} P^{-1} + 0.0041273 n E^{0.5} T_{e}^{0.5} T_{i}^{0.5} + 0.0047212 n E^{0.5} T_{e}^{0.5} T_{i} + 0.0011897 n E^{0.5} T_{e} + 0.0043925 n E^{0.5} T_{e} T_{i}^{0.5} + 0.0031497 n E^{0.5} T_{i}^{0.5} + 0.0011248 n E^{0.5} T_{i}^{0.5} P^{-1} - 0.0076221 n E^{0.5} T_{i}^{0.5} P + 0.0044474 n E^{0.5} T_{i} + 0.0071426 n E P^{-1} - 0.0061231 n E P + 0.01264 n E T_{e}^{0.5} + 0.01042 n E T_{e}^{0.5} T_{i}^{0.5} + 0.0098296 n E T_{i}^{0.5} + 0.0025271 n E T_{i}",
  "coefficients": [
    0.08853770578208031,
    0.0031116625790340827,
    0.001233481887530366,
    -0.004781931760785343,
    0.0011676101310366326,
    0.0006321133541268054,
    7.36895107319378e-05,
    0.00014206091584139516,
    8.506170538534408e-06,
    -0.0026958792116107883,
    -3.6296480896760676e-06,
    7.76553279775559e-06,
    -3.512764448857856e-08,
    -6.767246155180362e-06,
    -1.4530532459501803e-05,
    -8.16310803576254e-05,
    -1.2582905298384349e-05,
    -6.155172248951696e-06,
    -1.059322517522102e-05,
    -3.678410207644696e-06,
    -6.247566112410704e-05,
    -2.213475358479529e-05,
    -2.180821800938199e-06,
    3.055005298194061e-06,
    -1.367683876116976e-05,
    -1.9943891183666724e-05,
    -3.9893042747639656e-05,
    -0.004678427675843059,
    2.2629413335623713e-06,
    3.6288369996541745e-07,
    -4.939323696327497e-06,
    5.07757217815548e-06,
    -1.0544525140781766e-06,
    -1.2204341413088099e-06,
    1.1304210548817756e-05,
    1.8988086985207918e-07,
    5.3926354273713994e-05,
    -3.6218521268492087e-05,
    8.399200007038267e-09,
    -7.901410276231386e-07,
    2.9204615907833134e-05,
    1.1970477715975517e-05,
    6.4756698583483205e-06,
    1.0410500519683334e-05,
    1.668092807416921e-05,
    -0.005765068596480902,
    -0.0014764175455702704,
    0.0034111614535208942,
    -0.004675275009889611,
    -0.004427595366739243,
    -0.0023185295427209126,
    0.0031946253188894196,
    -3.948583231761902e-06,
    -0.0020425311703506266,
    0.0037980482660598656,
    -0.005102378867131598,
    -0.005831998948838001,
    -0.0020473364454430647,
    -3.152150713368619e-05,
    -0.005172664178331597,
    -0.0027029693757349934,
    0.002488838746045536,
    -0.002276451079931955,
    -2.8793775790277705e-05,
    -0.006533508237465039,
    -0.002386681710433578,
    -0.0019927745321740983,
    0.0027491616980866614,
    6.739197068146982e-05,
    0.001059478546086377,
    0.0019429004230174657,
    2.349210070815191e-06,
    -0.007905566636790892,
    0.003121167410196484,
    3.311998966795823e-06,
    0.002461401378567846,
    0.0032277058936084164,
    0.0006117942731492888,
    0.0025471570653209444,
    0.0034097588825569933,
    2.125235697509291e-05,
    -0.003719558930104644,
    0.004101229068908885,
    0.0013136177068010363,
    0.004435528969788831,
    0.004213626875279883,
    0.01042250330682531
  ],
  "val_sse_masked": 0.0014758596662431955,
  "val_nrmse_masked": 0.10456891357898712,
  "val_mse_masked": 4.9195325118489563e-05,
  "val_r2_masked": 0.989061713218689,
  "val_sse_full": 0.0014338321052491665,
  "val_nrmse_full": 0.10306927561759949,
  "val_mse_full": 4.779440496349707e-05,
  "val_r2_full": 0.9893732070922852,
  "iteration": 5,
  "p_lo_eff": 0.12967753410339355,
  "p_hi_eff": 1.9451630115509033,
  "f_lo_eff": 0.20659340918064117,
  "f_hi_eff": 1.6527472734451294
}