{
  "tag": "18_a336d0ec",
  "lmb1": 0.0002694793339740996,
  "lmb2": 2.2664985622857003e-06,
  "nonzero_count": 26,
  "complexity_norm": 0.20967741935483872,
  "train_gen_window": 0.04905798653891951,
  "generalizability": 0.04714813275832632,
  "equation": "0.055853 E^{0.5} n P^{-0.5} + 4.6551 \\cdot 10^{-5} F dT_{i} - 0.0038956 P^{-1} F dT_{e} - 6.4258 \\cdot 10^{-5} P^{-1} F dT_{i} - 0.003528 P^{-1} F dn + 0.00042301 P dn - 0.0061539 T_{e}^{0.5} P^{-1} dn + 0.00011465 T_{e}^{0.5} T_{i}^{0.5} P dn - 0.0002144 T_{e}^{0.5} T_{i}^{0.5} dn + 3.2926 \\cdot 10^{-5} T_{e} T_{i}^{0.5} dT_{e} - 0.06776 T_{e} dn + 0.00010679 T_{i}^{0.5} F dT_{e} - 0.005302 T_{i}^{0.5} P^{-1} dn + 0.0010035 T_{i}^{0.5} P dn + 9.5592 \\cdot 10^{-5} T_{i}^{0.5} dT_{e} + 5.9353 \\cdot 10^{-6} T_{i} P^{-1} dT_{e} + 0.007775 T_{i} P dn - 0.006799 n^{-1} F dn + 0.0014417 n^{-1} P^{-1} dn + 0.00074767 n^{-1} dn - 0.0056916 n E^{0.5} T_{e}^{0.5} P^{-1} + 0.00041388 n E^{0.5} T_{e}^{0.5} T_{i} - 0.020921 n E^{0.5} T_{i}^{0.5} P + 0.00034736 n E^{0.5} T_{i} + 0.057337 n E T_{e}^{0.5} T_{i}^{0.5} + 0.00064026 n E T_{i}^{0.5}",
  "coefficients": [
    0.08853770308425701,
    0.0032995650196059375,
    0.0011203519866820736,
    -0.0034603318056332364,
    9.798615121523294e-07,
    -7.220411126152993e-06,
    1.686653154199279e-05,
    -2.78567914544758e-06,
    4.916948794676863e-06,
    -0.0022782538768912216,
    7.136497472235112e-06,
    0.0007324364698582091,
    1.843052928615183e-05,
    -6.681843060299285e-06,
    2.595484389585515e-06,
    9.109222305029793e-06,
    -2.795348497387904e-06,
    -6.748832940606379e-06,
    2.6155368595230214e-06,
    4.3051222933013675e-07,
    1.0189410851447278e-05,
    -3.264351441479025e-07,
    8.998518899290334e-06,
    2.1440233924507055e-05,
    1.6789293241527345e-05,
    -5.322607124941935e-07,
    7.6251911849123515e-06,
    -0.004219056595698265,
    2.2040694670485563e-05,
    4.611003884856898e-05,
    5.803553724704108e-05,
    0.0003662977009520541,
    0.00012765835954329802,
    0.00014366379065973122,
    5.223178027324732e-05,
    9.173333865265418e-05,
    1.105933077490887e-05,
    5.197988262933891e-06,
    3.557738862483327e-05,
    6.943887624817806e-05,
    1.3108420115619322e-05,
    3.726130875399761e-05,
    7.790700554976767e-05,
    0.0001606411576842219,
    2.7832436973099117e-05,
    -0.004459324157056544,
    -7.5600802675638516e-06,
    0.0004894439140459056,
    -0.005684977306281789,
    -3.6728667754036417e-05,
    -2.6227231230273547e-05,
    0.001310453294918493,
    3.754245345790935e-06,
    -2.9367037005066856e-05,
    0.011633837468233944,
    -0.005547242163399915,
    -6.115491676151301e-05,
    -1.0500850364960703e-05,
    4.321927213197109e-07,
    -0.000163933923968233,
    -3.668274917520889e-05,
    0.0001430204425628851,
    -5.2662330149750235e-05,
    1.5129390730202391e-06,
    -0.043069643474436294,
    -1.2545371639833961e-05,
    -5.686336563971716e-05,
    -1.0800792593219956e-06,
    -2.9885290365338604e-06,
    1.6281474011501476e-06,
    1.3028562818976602e-05,
    -1.6024551024346e-05,
    -0.021699194029499325,
    0.00024377697319869835,
    -0.0050376531936904825,
    1.6474814818004446e-05,
    0.00028295445587106017,
    -1.4919989829239725e-06,
    1.5367501358946103e-05,
    3.627813549979575e-05,
    -1.2295503178342556e-06,
    -7.667274132534715e-05,
    0.00026713771464446836,
    8.745486495003039e-05,
    9.395349375825185e-05,
    0.023186348061790776,
    0.027420979510507513
  ],
  "val_sse_masked": 0.0007370245875790715,
  "val_nrmse_masked": 0.07389602065086365,
  "val_mse_masked": 2.456748734402936e-05,
  "val_r2_masked": 0.9945375323295593,
  "val_sse_full": 0.000721059157513082,
  "val_nrmse_full": 0.07309126853942871,
  "val_mse_full": 2.4035307433223352e-05,
  "val_r2_full": 0.9946559071540833,
  "iteration": 18,
  "p_lo_eff": 0.12967753410339355,
  "p_hi_eff": 1.9451630115509033,
  "f_lo_eff": 0.20659340918064117,
  "f_hi_eff": 1.6527472734451294
}