{
  "tag": "341_267d52d1",
  "lmb1": 8.114754278470404e-07,
  "lmb2": 0.0005362201190273916,
  "nonzero_count": 86,
  "complexity_norm": 0.6935483870967742,
  "train_gen_window": 0.024902901479022348,
  "generalizability": 0.03145249654853564,
  "equation": "0.070282 E^{0.5} n P^{-0.5} - 0.0028817 F dT_{e} + 0.0016262 F dT_{i} - 0.0013387 F dn - 0.0034997 P^{-1} F dT_{e} + 1.6637 \\cdot 10^{-5} P^{-1} F dT_{i} + 0.00044147 P^{-1} F dn + 0.0011175 P^{-1} dT_{e} - 0.00035627 P F dT_{i} - 0.0050877 P dn - 0.01443 T_{e}^{0.5} F dT_{e} - 0.0055629 T_{e}^{0.5} F dn + 0.0021686 T_{e}^{0.5} P^{-1} dT_{e} - 0.029242 T_{e}^{0.5} P^{-1} dn + 0.0043668 T_{e}^{0.5} T_{i}^{0.5} F dT_{e} - 2.8483 \\cdot 10^{-5} T_{e}^{0.5} T_{i}^{0.5} F dT_{i} - 0.0094803 T_{e}^{0.5} T_{i}^{0.5} F dn - 1.0632 \\cdot 10^{-5} T_{e}^{0.5} T_{i}^{0.5} P^{-1} dT_{i} + 0.014031 T_{e}^{0.5} T_{i}^{0.5} P^{-1} dn + 0.0013524 T_{e}^{0.5} T_{i}^{0.5} P dT_{e} + 4.7988 \\cdot 10^{-6} T_{e}^{0.5} T_{i}^{0.5} P dT_{i} + 0.005603 T_{e}^{0.5} T_{i}^{0.5} P dn - 3.7094 \\cdot 10^{-6} T_{e}^{0.5} T_{i}^{0.5} dT_{i} - 0.0033041 T_{e}^{0.5} T_{i}^{0.5} dn - 0.00022839 T_{e}^{0.5} T_{i} dT_{e} + 4.3165 \\cdot 10^{-7} T_{e}^{0.5} T_{i} dT_{i} + 0.0043658 T_{e}^{0.5} T_{i} dn - 0.018192 T_{e}^{0.5} dn + 0.00011625 T_{e} F dT_{i} - 0.0081947 T_{e} F dn + 0.017392 T_{e} P^{-1} dn + 2.7037 \\cdot 10^{-5} T_{e} P dT_{i} - 0.00060813 T_{e} T_{i}^{0.5} dT_{e} - 0.00016275 T_{e} T_{i} dT_{e} + 9.415 \\cdot 10^{-7} T_{e} T_{i} dT_{i} + 0.005639 T_{e} T_{i} dn - 0.00332 T_{e} dT_{e} - 0.00011554 T_{e} dT_{i} - 0.025205 T_{e} dn + 0.0026957 T_{i}^{0.5} F dT_{e} - 0.0065779 T_{i}^{0.5} F dn + 0.0015188 T_{i}^{0.5} P^{-1} dT_{e} - 1.4025 \\cdot 10^{-5} T_{i}^{0.5} P^{-1} dT_{i} - 0.021198 T_{i}^{0.5} P^{-1} dn - 1.4455 \\cdot 10^{-6} T_{i}^{0.5} P dT_{i} + 0.003946 T_{i}^{0.5} P dn - 0.001299 T_{i}^{0.5} dT_{e} - 8.8635 \\cdot 10^{-6} T_{i}^{0.5} dT_{i} + 0.00018491 T_{i}^{0.5} dn + 0.00026317 T_{i} F dT_{e} + 1.9326 \\cdot 10^{-6} T_{i} F dT_{i} + 6.6968 \\cdot 10^{-5} T_{i} P^{-1} dT_{e} + 0.0066215 T_{i} P^{-1} dn + 0.00026199 T_{i} P dT_{e} + 0.0080683 T_{i} P dn - 0.00031448 T_{i} dT_{e} + 0.0054614 T_{i} dn + 0.00064352 dT_{e} - 0.00013922 dT_{i} - 0.021521 n^{-1} F dn + 0.0051742 n^{-1} P^{-1} dn - 0.00040864 n^{-1} T_{e}^{0.5} T_{i}^{0.5} dn - 0.00015369 n^{-1} T_{e}^{0.5} dn + 0.00053847 n^{-1} T_{e} dn + 0.00031308 n^{-1} T_{i}^{0.5} dn - 0.0004889 n^{-1} T_{i} dn + 0.00076956 n^{-1} dn - 0.046045 n E^{0.5} + 0.012227 n E^{0.5} P^{-1} - 0.024603 n E^{0.5} T_{e}^{0.5} P^{-1} + 0.0075602 n E^{0.5} T_{e}^{0.5} T_{i}^{0.5} + 0.020075 n E^{0.5} T_{e}^{0.5} T_{i} - 0.015026 n E^{0.5} T_{e} + 0.015945 n E^{0.5} T_{e} T_{i}^{0.5} - 0.0029967 n E^{0.5} T_{i}^{0.5} - 0.020573 n E^{0.5} T_{i}^{0.5} F + 0.0066483 n E^{0.5} T_{i}^{0.5} P^{-1} - 0.0026221 n E^{0.5} T_{i}^{0.5} P + 0.015244 n E^{0.5} T_{i} - 0.014561 n E F + 0.015526 n E P^{-1} - 0.0040552 n E P + 0.04356 n E T_{e}^{0.5} + 0.0074489 n E T_{e}^{0.5} T_{i}^{0.5} + 0.0066856 n E T_{i}^{0.5} - 0.009452 n E T_{i}",
  "coefficients": [
    0.08853770749101586,
    0.011842354490847558,
    0.0011531609360017985,
    -0.010953158373972928,
    0.0013310177934908888,
    -0.009185780557965236,
    -0.0002358334621150658,
    -0.0019818793748130484,
    0.000886016706238512,
    0.0005898782708676936,
    -0.008361403029005957,
    0.02558701618580218,
    -0.0055350444869377595,
    -0.006257765109884499,
    -0.0033729623965969894,
    -0.0006099171534510134,
    0.0013303921764430703,
    -0.005897233262990886,
    -0.001694800164829876,
    -0.003429308755558876,
    0.0023508210309607534,
    0.001373998910675789,
    -0.010090852360509502,
    0.002779396535941567,
    0.0025588337056306073,
    0.0036096149583090035,
    0.001992584461365297,
    -0.0037902138435075413,
    0.0008317409598235744,
    -0.0010851470195451028,
    0.00864068450441247,
    -0.004977606218433688,
    0.003222629282019015,
    0.0016209583673381161,
    -0.005421189747596701,
    0.0013542778767749188,
    0.004642619307938601,
    0.0044396357016708654,
    -0.006001414989697852,
    0.005938252161956314,
    0.005956390290969995,
    -0.0045868354527950645,
    -0.004840120909995192,
    -0.0029669260038930737,
    -0.003845212132313275,
    0.000558023177422459,
    -0.0014322084092236093,
    -0.005886806221507956,
    -0.022729341478747247,
    0.00014658675254889796,
    -0.008057798190256852,
    0.0051531118598357566,
    0.01032719406872722,
    0.00516967165816452,
    0.01207273651746649,
    -0.026359413761947614,
    -0.011995188065185342,
    -0.005751205931898774,
    0.01731428750142755,
    -0.002526377200069504,
    -0.011260881304930002,
    0.0069892420243400175,
    0.004042206915403602,
    0.018160665028692922,
    -0.016020884127399455,
    -0.008209054483142249,
    0.005174520899023263,
    0.009348560723518171,
    -0.025416440758771877,
    0.006262102025637088,
    -0.001848480048026888,
    -0.020441237532972084,
    -0.002719648097658021,
    0.010697834150088504,
    -0.021776008620037896,
    0.00450866187303919,
    0.013724155814009334,
    -0.007726788511820385,
    0.009246176372783486,
    0.007411673704152253,
    -0.008312534597397041,
    -0.002463396685789622,
    0.002789472118744584,
    -0.0049132829420735664,
    0.015285727762618074,
    0.0030122447774537393,
    0.03450488656185906
  ],
  "val_sse_masked": 0.0003279346856288612,
  "val_nrmse_masked": 0.049291692674160004,
  "val_mse_masked": 1.0931156793958507e-05,
  "val_r2_masked": 0.9975695013999939,
  "val_sse_full": 0.0003279346856288612,
  "val_nrmse_full": 0.049291692674160004,
  "val_mse_full": 1.0931156793958507e-05,
  "val_r2_full": 0.9975695013999939,
  "iteration": 341,
  "p_lo_eff": 0.12967753410339355,
  "p_hi_eff": 1.9451630115509033,
  "f_lo_eff": 0.20659340918064117,
  "f_hi_eff": 1.6527472734451294
}