{
  "tag": "411_ef945360",
  "lmb1": 6.714158026549783e-05,
  "lmb2": 8.575692406949453e-05,
  "nonzero_count": 45,
  "complexity_norm": 0.3629032258064516,
  "train_gen_window": 0.033705521622918025,
  "generalizability": 0.02894661084982195,
  "equation": "0.1067 E^{0.5} n P^{-0.5} + 0.00011901 F dT_{i} - 0.0035286 P^{-1} F dT_{e} - 8.3164 \\cdot 10^{-6} P^{-1} F dT_{i} - 0.00013457 P^{-1} F dn + 0.00011471 P dn - 0.022713 T_{e}^{0.5} P^{-1} dn - 0.019014 T_{e}^{0.5} T_{i}^{0.5} F dn - 4.0657 \\cdot 10^{-7} T_{e}^{0.5} T_{i}^{0.5} P^{-1} dT_{i} + 0.0030016 T_{e}^{0.5} T_{i}^{0.5} P^{-1} dn + 0.00044736 T_{e}^{0.5} T_{i}^{0.5} P dn - 0.00018946 T_{e}^{0.5} T_{i}^{0.5} dn - 0.00048312 T_{e}^{0.5} dn + 0.00084294 T_{e} P^{-1} dn + 2.3672 \\cdot 10^{-6} T_{e} P dT_{i} - 7.6356 \\cdot 10^{-5} T_{e} dT_{e} - 0.042588 T_{e} dn + 9.5656 \\cdot 10^{-5} T_{i}^{0.5} F dT_{e} - 0.00058275 T_{i}^{0.5} F dn + 0.00047362 T_{i}^{0.5} P^{-1} dT_{e} - 6.6153 \\cdot 10^{-7} T_{i}^{0.5} P^{-1} dT_{i} - 0.0011019 T_{i}^{0.5} P^{-1} dn + 0.0047788 T_{i}^{0.5} P dn + 4.1643 \\cdot 10^{-6} T_{i} P^{-1} dT_{e} + 0.0022023 T_{i} P^{-1} dn + 1.2162 \\cdot 10^{-5} T_{i} P dT_{e} + 0.0084419 T_{i} P dn - 0.019668 n^{-1} F dn + 0.0035012 n^{-1} P^{-1} dn + 0.00027097 n^{-1} T_{e}^{0.5} dn + 0.00061527 n^{-1} T_{e} dn - 3.213 \\cdot 10^{-5} n^{-1} T_{i} dn + 0.000914 n^{-1} dn - 0.033917 n E^{0.5} - 0.022851 n E^{0.5} T_{e}^{0.5} P^{-1} + 0.0061433 n E^{0.5} T_{e}^{0.5} T_{i} - 0.018908 n E^{0.5} T_{i}^{0.5} F - 0.0041037 n E^{0.5} T_{i}^{0.5} P + 0.0010479 n E^{0.5} T_{i} + 0.013826 n E P^{-1} - 0.00058534 n E P + 0.021737 n E T_{e}^{0.5} + 0.014766 n E T_{e}^{0.5} T_{i}^{0.5} + 0.0030395 n E T_{i}^{0.5} + 0.00028396 n E T_{i}",
  "coefficients": [
    0.08853770710971065,
    0.008013251411845067,
    0.001369600463994421,
    -0.010009880636265053,
    -2.420382316912144e-05,
    -0.0006036826247493664,
    0.00041580115935762864,
    -1.1163440403427317e-05,
    0.0010123862097577744,
    -0.0002948564045115907,
    -5.890046056790149e-05,
    0.0018724846911163699,
    6.891533346500822e-05,
    -0.0002951608673517057,
    -1.9322745778793886e-05,
    5.908219859620947e-05,
    -1.050325066181216e-05,
    -0.00022551641159802388,
    -1.5938304743942377e-05,
    -2.154774695414194e-05,
    7.112741630934508e-05,
    -1.0551706042618563e-05,
    -5.23753688643991e-05,
    1.3985290928945007e-05,
    0.00022403116378385757,
    -4.63167331821505e-06,
    3.944901671349862e-05,
    -0.00382157618559414,
    -4.537144596236835e-05,
    6.487210483775673e-06,
    0.0026945639078864245,
    4.100875646284324e-05,
    0.00011435276104326743,
    0.00010079616262114985,
    3.966695133513977e-05,
    7.80305135640354e-05,
    0.00021552167751685947,
    8.172072032248509e-06,
    -1.419897239655057e-05,
    2.9447976206845813e-05,
    7.080974121579224e-06,
    2.7321928188421785e-07,
    -0.00011131751841735851,
    -2.4136627904641727e-05,
    -6.6264021283637844e-06,
    -0.0001700991134173363,
    -3.94853576905597e-05,
    0.00013272614071371773,
    -0.0011815375816493776,
    -6.577189088913788e-05,
    -0.0007138605354925988,
    0.006240673345406982,
    0.0034348226624296616,
    -3.569914189183147e-05,
    0.012631719706932146,
    -0.020474198385906795,
    -0.00031855085069931656,
    -6.864290337676838e-05,
    0.0037037971574238092,
    -0.00014486899005828967,
    -0.0225853319521254,
    0.0005580379473069055,
    -4.9754473007564274e-05,
    0.000880191182437686,
    -0.027069621703162797,
    -9.315834295151882e-05,
    -3.318778816482257e-05,
    2.76972296756553e-05,
    -0.018721962281522946,
    1.3066366134909243e-05,
    1.2565871811967032e-05,
    -0.018787319948988704,
    -0.004256373284344849,
    0.0007354153239717232,
    -0.020225664047520867,
    3.043804979355877e-05,
    0.004199934158258511,
    -7.115825219877337e-05,
    3.800770057248556e-05,
    0.006600090598363891,
    -2.260698985398107e-05,
    -0.0003555693120215916,
    0.0012681764870580024,
    0.00014760894164106083,
    0.007627703329133687,
    0.005971040926144218,
    0.05238345967669715
  ],
  "val_sse_masked": 0.0004913127049803734,
  "val_nrmse_masked": 0.060333576053380966,
  "val_mse_masked": 1.6377091014874168e-05,
  "val_r2_masked": 0.9963586330413818,
  "val_sse_full": 0.0004819511086679995,
  "val_nrmse_full": 0.05975600332021713,
  "val_mse_full": 1.6065037925727665e-05,
  "val_r2_full": 0.9964280128479004,
  "iteration": 411,
  "p_lo_eff": 0.12967753410339355,
  "p_hi_eff": 1.9451630115509033,
  "f_lo_eff": 0.20659340918064117,
  "f_hi_eff": 1.6527472734451294
}