{
  "tag": "290_abf6fdc4",
  "lmb1": 0.001134556603653853,
  "lmb2": 0.1,
  "nonzero_count": 45,
  "complexity_norm": 0.3629032258064516,
  "train_gen_window": 0.10175795868516674,
  "generalizability": 0.09997878253750671,
  "equation": "0.019588 E^{0.5} n P^{-0.5} - 0.0010886 F dn - 0.0039262 P^{-1} F dT_{e} - 7.4326 \\cdot 10^{-5} P^{-1} F dT_{i} - 0.0049134 P^{-1} F dn + 0.0023681 P dn - 0.0017297 T_{e}^{0.5} F dn - 5.2922 \\cdot 10^{-5} T_{e}^{0.5} P^{-1} dT_{e} - 0.0054671 T_{e}^{0.5} P^{-1} dn - 0.0023861 T_{e}^{0.5} T_{i}^{0.5} F dn - 0.00018431 T_{e}^{0.5} T_{i}^{0.5} P^{-1} dn + 0.0011418 T_{e}^{0.5} T_{i}^{0.5} P dn - 0.0059571 T_{e}^{0.5} T_{i}^{0.5} dn - 0.0027944 T_{e}^{0.5} T_{i} dn - 0.0067213 T_{e}^{0.5} dn - 0.0022194 T_{e} F dn - 0.0025267 T_{e} T_{i} dn - 0.0081123 T_{e} dn - 0.001932 T_{i}^{0.5} F dn - 0.0046909 T_{i}^{0.5} P^{-1} dn + 0.0016245 T_{i}^{0.5} P dn - 0.0048108 T_{i}^{0.5} dn + 0.0015162 T_{i} P dn - 0.0025061 T_{i} dn - 0.0052571 n^{-1} F dn + 0.0010439 n^{-1} P^{-1} dn + 5.2277 \\cdot 10^{-5} n^{-1} T_{e}^{0.5} T_{i}^{0.5} dn + 0.00025119 n^{-1} T_{i}^{0.5} dn + 4.0253 \\cdot 10^{-5} n^{-1} T_{i} dn + 0.00024444 n^{-1} dn + 0.004045 n E^{0.5} P^{-1} + 0.0040214 n E^{0.5} T_{e}^{0.5} T_{i}^{0.5} + 0.005114 n E^{0.5} T_{e}^{0.5} T_{i} + 0.0010659 n E^{0.5} T_{e} + 0.0045538 n E^{0.5} T_{e} T_{i}^{0.5} + 0.0029119 n E^{0.5} T_{i}^{0.5} + 0.0020696 n E^{0.5} T_{i}^{0.5} P^{-1} - 0.0055429 n E^{0.5} T_{i}^{0.5} P + 0.004656 n E^{0.5} T_{i} + 0.0078362 n E P^{-1} - 0.0047123 n E P + 0.0091805 n E T_{e}^{0.5} + 0.0088582 n E T_{e}^{0.5} T_{i}^{0.5} + 0.0080068 n E T_{i}^{0.5} + 0.0022407 n E T_{i}",
  "coefficients": [
    0.08853770555920953,
    0.0023892510855424336,
    0.0003662922938154025,
    -0.002675564244652865,
    0.0010678958202656426,
    0.0007562986988540579,
    3.473918555255941e-05,
    0.0002535387027312954,
    1.0081290601297157e-05,
    -0.0026352241282505016,
    -5.302936450164233e-06,
    1.0213549366357457e-06,
    -2.1255465202920968e-06,
    -5.259245138773798e-06,
    -1.1347118867409461e-05,
    -7.84001323501672e-05,
    -6.55851160449487e-06,
    -4.897565982509166e-06,
    -9.204407392780106e-06,
    -3.4533221411895526e-06,
    -6.047422767063172e-05,
    -1.2184313653487206e-05,
    -3.988275623484424e-06,
    -6.900426554030136e-07,
    -2.2960588702918103e-05,
    -1.0221635919662996e-05,
    -7.282125634605074e-05,
    -0.004252179791063862,
    -5.873755101116652e-07,
    -9.788417911144553e-07,
    -3.5090168449762337e-06,
    4.1196273558343255e-07,
    -1.1165877411258157e-06,
    -7.978657426309155e-07,
    2.1232089467955074e-06,
    -6.860784736798357e-08,
    5.254378706903526e-06,
    -0.00010834257059048636,
    -1.3711765905111764e-06,
    -1.0883348309563952e-06,
    1.5615484562981598e-06,
    2.404755773799173e-06,
    1.5520126315742175e-07,
    1.0368201903252508e-06,
    2.7721376403435712e-06,
    -0.006210580743227536,
    -0.0011645859658084346,
    0.002740062555688695,
    -0.005029714754813107,
    -0.003813731424328174,
    -0.0023666118798784256,
    0.0021215158882167966,
    -9.266399205965855e-06,
    -0.002372244594220878,
    0.0022686963461258335,
    -0.004928124278463804,
    -0.0044317711860449565,
    -0.0017882609852255592,
    -0.00022743313457707917,
    -0.004554945165675493,
    -0.0028342924525078736,
    0.0014243397262973668,
    -0.002587270078442257,
    -8.164579187622072e-05,
    -0.005156344033051669,
    -0.0022233242608173374,
    -0.0023186103363544122,
    0.0030926739390544754,
    2.5703692647834573e-05,
    0.0019493587381196396,
    0.001796201234406981,
    5.007419091460751e-06,
    -0.0057490528686362456,
    0.0032675559800980853,
    5.659141051152305e-06,
    0.002398245282050424,
    0.0034962257195571065,
    0.0005480887636488112,
    0.002640720322849038,
    0.0037408756593123905,
    1.941388562862877e-05,
    -0.0028625463369114524,
    0.0033407167091700604,
    0.0011647606629556274,
    0.0032215283051852776,
    0.003582120304420456,
    0.009616723007548542
  ],
  "val_sse_masked": 0.002198233501985669,
  "val_nrmse_masked": 0.12761947512626648,
  "val_mse_masked": 7.327445200644433e-05,
  "val_r2_masked": 0.983707845211029,
  "val_sse_full": 0.0021439415868371725,
  "val_nrmse_full": 0.12603366374969482,
  "val_mse_full": 7.146472489694133e-05,
  "val_r2_full": 0.9841102361679077,
  "iteration": 290,
  "p_lo_eff": 0.12967753410339355,
  "p_hi_eff": 1.9451630115509033,
  "f_lo_eff": 0.20659340918064117,
  "f_hi_eff": 1.6527472734451294
}