{
  "tag": "157_0bebc5fd",
  "lmb1": 0.0002528685873133229,
  "lmb2": 1.8741613616964517e-08,
  "nonzero_count": 26,
  "complexity_norm": 0.20967741935483872,
  "train_gen_window": 0.046940991962726185,
  "generalizability": 0.04678401398290046,
  "equation": "0.056425 E^{0.5} n P^{-0.5} + 5.6984 \\cdot 10^{-5} F dT_{i} - 0.0038602 P^{-1} F dT_{e} - 6.6889 \\cdot 10^{-5} P^{-1} F dT_{i} - 0.0035323 P^{-1} F dn + 0.00035185 P dn - 0.0080001 T_{e}^{0.5} P^{-1} dn + 0.00010426 T_{e}^{0.5} T_{i}^{0.5} P dn - 0.00019218 T_{e}^{0.5} T_{i}^{0.5} dn + 2.5703 \\cdot 10^{-5} T_{e} T_{i}^{0.5} dT_{e} - 0.06648 T_{e} dn + 0.00012156 T_{i}^{0.5} F dT_{e} - 0.0042589 T_{i}^{0.5} P^{-1} dn + 0.00086476 T_{i}^{0.5} P dn + 0.00016236 T_{i}^{0.5} dT_{e} + 5.7623 \\cdot 10^{-6} T_{i} P^{-1} dT_{e} + 0.0079058 T_{i} P dn - 0.0075943 n^{-1} F dn + 0.0015252 n^{-1} P^{-1} dn + 0.00090646 n^{-1} dn - 0.0065074 n E^{0.5} T_{e}^{0.5} P^{-1} + 0.00035942 n E^{0.5} T_{e}^{0.5} T_{i} - 0.020969 n E^{0.5} T_{i}^{0.5} P + 0.00030076 n E^{0.5} T_{i} + 0.058286 n E T_{e}^{0.5} T_{i}^{0.5} + 0.00061983 n E T_{i}^{0.5}",
  "coefficients": [
    0.08853770326289162,
    0.0034907971521310702,
    0.0013582964701756063,
    -0.0038650758540376856,
    1.4002013275784693e-06,
    -7.201658933154757e-06,
    1.95537472279727e-05,
    -2.348807985181164e-06,
    6.246333740175684e-06,
    -0.0023715342746572043,
    6.975648196788596e-06,
    0.0008965974612602349,
    1.9383102783742615e-05,
    -9.404460373911946e-06,
    2.21205476730769e-06,
    1.0210930373060457e-05,
    -4.358980499786538e-06,
    -9.563145806192574e-06,
    2.1554896583756654e-06,
    -4.775459525700505e-07,
    1.133256199998024e-05,
    -1.1280246987217124e-06,
    8.362476227711092e-06,
    1.9737330311404077e-05,
    1.8758460856990555e-05,
    -1.4273701133373016e-06,
    7.979264452546015e-06,
    -0.0041807211747195904,
    7.876417684408479e-06,
    4.099876178181453e-05,
    5.8130789663521205e-05,
    0.0006221504427782445,
    0.00014531676602507826,
    0.00013947586964416271,
    3.776048909193235e-05,
    7.776287958689577e-05,
    8.928929441440981e-06,
    5.3842165363114895e-06,
    3.187182105156161e-05,
    6.598089254746689e-05,
    3.812355277577799e-06,
    3.147044676771356e-05,
    2.8316840090845553e-05,
    0.0001254000220539722,
    2.570620161768751e-05,
    -0.004464788616902807,
    -8.454210952218666e-06,
    0.0004071131421796502,
    -0.004566528033792877,
    -3.5777781101922996e-05,
    -3.318716184698109e-05,
    0.0011293079479357615,
    4.7904735972083845e-06,
    -2.7371946741090756e-05,
    0.011829579840919088,
    -0.007211376819582456,
    -6.287814951679695e-05,
    -1.1878678569042026e-05,
    1.1064798758775696e-06,
    -0.00014694257473513853,
    -5.107990864552282e-05,
    0.00013005963408542758,
    -4.6903919154155946e-05,
    2.2968375922371063e-06,
    -0.04225570573096202,
    -1.428758525620107e-05,
    -4.870442474857008e-05,
    -7.253178470338361e-07,
    -4.203297239890272e-06,
    1.7454517687105988e-06,
    1.2531428360143474e-05,
    -1.949191230810087e-05,
    -0.02174928898935117,
    0.0002110712260728377,
    -0.005759698353988127,
    1.6079742649505416e-05,
    0.00024572274711558416,
    -2.2498721081969854e-06,
    1.5251942878042024e-05,
    3.2356546494577266e-05,
    -1.5020361618015197e-06,
    -7.212509182008656e-05,
    0.0002586120715514038,
    8.068011375181048e-05,
    9.881122047686807e-05,
    0.02357019557484357,
    0.02770189878386635
  ],
  "val_sse_masked": 0.0007277711411006749,
  "val_nrmse_masked": 0.07343066483736038,
  "val_mse_masked": 2.4259039491880685e-05,
  "val_r2_masked": 0.9946061372756958,
  "val_sse_full": 0.0007122638635337353,
  "val_nrmse_full": 0.07264412939548492,
  "val_mse_full": 2.3742129997117445e-05,
  "val_r2_full": 0.9947210550308228,
  "iteration": 157,
  "p_lo_eff": 0.12967753410339355,
  "p_hi_eff": 1.9451630115509033,
  "f_lo_eff": 0.20659340918064117,
  "f_hi_eff": 1.6527472734451294
}