{
  "tag": "168_2c79361b",
  "lmb1": 1.1703298783200327e-07,
  "lmb2": 1.9503160958071388e-05,
  "nonzero_count": 86,
  "complexity_norm": 0.6935483870967742,
  "train_gen_window": 0.017960520020674046,
  "generalizability": 0.01805823321625445,
  "equation": "0.14933 E^{0.5} n P^{-0.5} + 0.045245 F dT_{e} + 0.0044527 F dT_{i} + 0.0099891 F dn + 0.00022411 P^{-1} F dT_{e} + 0.0001161 P^{-1} F dT_{i} + 0.0053878 P^{-1} F dn + 0.0039294 P^{-1} dT_{e} - 0.00021987 P F dT_{i} - 0.017395 P dn - 0.11624 T_{e}^{0.5} F dT_{e} - 0.0023028 T_{e}^{0.5} F dn + 0.0036252 T_{e}^{0.5} P^{-1} dT_{e} - 0.064285 T_{e}^{0.5} P^{-1} dn + 0.016107 T_{e}^{0.5} T_{i}^{0.5} F dT_{e} - 5.8876 \\cdot 10^{-5} T_{e}^{0.5} T_{i}^{0.5} F dT_{i} - 0.023321 T_{e}^{0.5} T_{i}^{0.5} F dn + 3.98 \\cdot 10^{-5} T_{e}^{0.5} T_{i}^{0.5} P^{-1} dT_{i} + 0.043489 T_{e}^{0.5} T_{i}^{0.5} P^{-1} dn + 0.0032987 T_{e}^{0.5} T_{i}^{0.5} P dT_{e} + 2.6441 \\cdot 10^{-5} T_{e}^{0.5} T_{i}^{0.5} P dT_{i} + 0.030773 T_{e}^{0.5} T_{i}^{0.5} P dn + 4.1123 \\cdot 10^{-5} T_{e}^{0.5} T_{i}^{0.5} dT_{i} + 0.048499 T_{e}^{0.5} T_{i}^{0.5} dn + 9.9077 \\cdot 10^{-5} T_{e}^{0.5} T_{i} dT_{e} - 4.8782 \\cdot 10^{-6} T_{e}^{0.5} T_{i} dT_{i} + 0.0039082 T_{e}^{0.5} T_{i} dn - 0.059127 T_{e}^{0.5} dn - 0.0016701 T_{e} F dT_{i} - 0.016284 T_{e} F dn + 0.010367 T_{e} P^{-1} dn - 1.2072 \\cdot 10^{-5} T_{e} P dT_{i} - 0.0038569 T_{e} T_{i}^{0.5} dT_{e} + 0.00075889 T_{e} T_{i} dT_{e} + 1.1866 \\cdot 10^{-6} T_{e} T_{i} dT_{i} + 0.029173 T_{e} T_{i} dn - 0.0021552 T_{e} dT_{e} - 0.00014839 T_{e} dT_{i} - 0.03076 T_{e} dn + 0.019063 T_{i}^{0.5} F dT_{e} - 0.0084984 T_{i}^{0.5} F dn + 0.0023711 T_{i}^{0.5} P^{-1} dT_{e} - 2.4271 \\cdot 10^{-5} T_{i}^{0.5} P^{-1} dT_{i} + 0.0046484 T_{i}^{0.5} P^{-1} dn - 6.461 \\cdot 10^{-6} T_{i}^{0.5} P dT_{i} + 0.017086 T_{i}^{0.5} P dn - 0.0038875 T_{i}^{0.5} dT_{e} - 8.1828 \\cdot 10^{-6} T_{i}^{0.5} dT_{i} + 0.0053872 T_{i}^{0.5} dn - 0.0005857 T_{i} F dT_{e} - 1.6422 \\cdot 10^{-5} T_{i} F dT_{i} - 0.00062665 T_{i} P^{-1} dT_{e} - 0.010526 T_{i} P^{-1} dn - 0.00025617 T_{i} P dT_{e} - 0.010572 T_{i} P dn - 0.0010577 T_{i} dT_{e} - 0.030568 T_{i} dn + 0.0021213 dT_{e} - 0.0005651 dT_{i} - 0.0034908 n^{-1} F dn + 0.0071036 n^{-1} P^{-1} dn - 0.0058431 n^{-1} T_{e}^{0.5} T_{i}^{0.5} dn - 0.0084532 n^{-1} T_{e}^{0.5} dn - 0.005474 n^{-1} T_{e} dn + 0.0085749 n^{-1} T_{i}^{0.5} dn - 0.00069029 n^{-1} T_{i} dn + 0.0023797 n^{-1} dn - 0.17113 n E^{0.5} - 0.036239 n E^{0.5} P^{-1} - 0.015121 n E^{0.5} T_{e}^{0.5} P^{-1} + 0.0035592 n E^{0.5} T_{e}^{0.5} T_{i}^{0.5} + 0.055301 n E^{0.5} T_{e}^{0.5} T_{i} - 0.056661 n E^{0.5} T_{e} + 0.032553 n E^{0.5} T_{e} T_{i}^{0.5} - 0.011897 n E^{0.5} T_{i}^{0.5} - 0.021843 n E^{0.5} T_{i}^{0.5} F + 0.034552 n E^{0.5} T_{i}^{0.5} P^{-1} + 0.015119 n E^{0.5} T_{i}^{0.5} P + 0.065186 n E^{0.5} T_{i} - 0.028874 n E F - 0.0096994 n E P^{-1} - 0.0024509 n E P + 0.31465 n E T_{e}^{0.5} - 0.15437 n E T_{e}^{0.5} T_{i}^{0.5} - 0.061465 n E T_{i}^{0.5} - 0.023123 n E T_{i}",
  "coefficients": [
    0.08853771366400565,
    0.016258149143098085,
    0.0035658908651919723,
    -0.0017766341970897118,
    0.036454945166815744,
    -0.012969766023550638,
    -0.012971449792942322,
    -0.028338530703617047,
    -0.009007067140637967,
    0.004116323160418871,
    -0.033939578569204674,
    0.0700590698293862,
    -0.0034158276563778546,
    -0.010829166717613577,
    -0.0031139343584610166,
    -0.0027262521707033353,
    -0.011305345506435163,
    0.022076173324504348,
    0.018788554331552885,
    -0.007088561652900133,
    0.012952741707359303,
    -0.015527745627497112,
    -0.012959603971002202,
    -0.039930665779671484,
    -0.0011425308851572627,
    0.004549478537410015,
    0.0070065947696231375,
    0.00024271742719189637,
    0.0027417455604292,
    0.017037457778348274,
    0.013489736152971762,
    -0.01489651407906031,
    0.022788596700673965,
    -0.015168010620744698,
    -0.018233395718831234,
    -0.0030139710730737075,
    -0.004539497511859534,
    0.0074215357545708745,
    -0.04834067369157409,
    0.021903811668320956,
    0.014528826916278225,
    0.0019898206647108382,
    -0.003142057345217157,
    -0.01881700335764045,
    0.017929353164562532,
    0.006810108489226131,
    0.010686797451143586,
    -0.020127341022846624,
    0.004984176009033288,
    0.0042706774016122336,
    -0.010410431335886025,
    0.022312634099505815,
    -0.016416473098924515,
    -0.02893559845065715,
    -0.0158196576215196,
    -0.0579473913325987,
    -0.03898635895130986,
    -0.002380715951577163,
    0.053664148485343274,
    0.03708368055147049,
    -0.027700537722112062,
    0.03838614347356262,
    0.0036185443753459917,
    0.010825511859759478,
    -0.019551276960786478,
    -0.01631240513445103,
    0.02676961830062799,
    -0.027706905112329,
    -0.09446330136189372,
    0.03254506327172734,
    -0.007338523168994526,
    -0.021703696489728502,
    0.015681696994871364,
    0.04574665096718401,
    -0.013383280897088196,
    0.002122568577312335,
    0.03780675494744073,
    -0.029136597526927044,
    0.018877428067005566,
    -0.004630312539267708,
    -0.01648376141122103,
    -0.001488820584428549,
    -0.02564515790412549,
    -0.012019847516425496,
    0.11041442121973774,
    -0.062426369466961895,
    0.07331520147174062
  ],
  "val_sse_masked": 0.00017830482101999223,
  "val_nrmse_masked": 0.03634641692042351,
  "val_mse_masked": 5.9434942158986814e-06,
  "val_r2_masked": 0.9986785054206848,
  "val_sse_full": 0.00017830482101999223,
  "val_nrmse_full": 0.03634641692042351,
  "val_mse_full": 5.9434942158986814e-06,
  "val_r2_full": 0.9986785054206848,
  "iteration": 168,
  "p_lo_eff": 0.12967753410339355,
  "p_hi_eff": 1.9451630115509033,
  "f_lo_eff": 0.20659340918064117,
  "f_hi_eff": 1.6527472734451294
}