{
  "tag": "116_29c89d57",
  "lmb1": 1.6157452315845902e-05,
  "lmb2": 3.533170583653749e-06,
  "nonzero_count": 67,
  "complexity_norm": 0.5403225806451613,
  "train_gen_window": 0.023437540395167586,
  "generalizability": 0.027124184515649616,
  "equation": "0.10884 E^{0.5} n P^{-0.5} - 0.00030974 F dT_{e} + 0.0011575 F dT_{i} - 0.00037188 F dn - 0.0011636 P^{-1} F dT_{e} + 6.9799 \\cdot 10^{-5} P^{-1} F dT_{i} - 0.0005777 P dn - 0.00090993 T_{e}^{0.5} F dT_{e} - 0.00076078 T_{e}^{0.5} F dn - 0.054764 T_{e}^{0.5} P^{-1} dn + 0.00035676 T_{e}^{0.5} T_{i}^{0.5} F dT_{e} - 2.091 \\cdot 10^{-6} T_{e}^{0.5} T_{i}^{0.5} F dT_{i} - 0.014527 T_{e}^{0.5} T_{i}^{0.5} F dn - 3.0984 \\cdot 10^{-6} T_{e}^{0.5} T_{i}^{0.5} P^{-1} dT_{i} + 0.016703 T_{e}^{0.5} T_{i}^{0.5} P^{-1} dn + 0.00022744 T_{e}^{0.5} T_{i}^{0.5} P dT_{e} + 1.6109 \\cdot 10^{-6} T_{e}^{0.5} T_{i}^{0.5} P dT_{i} + 0.00021327 T_{e}^{0.5} T_{i}^{0.5} P dn - 1.4923 \\cdot 10^{-5} T_{e}^{0.5} T_{i} dT_{e} + 0.00081346 T_{e}^{0.5} T_{i} dn - 0.0085529 T_{e}^{0.5} dn - 0.0013842 T_{e} F dn + 0.026043 T_{e} P^{-1} dn + 1.0173 \\cdot 10^{-5} T_{e} P dT_{i} - 4.9213 \\cdot 10^{-5} T_{e} T_{i}^{0.5} dT_{e} - 0.00018178 T_{e} T_{i} dT_{e} + 0.006882 T_{e} T_{i} dn - 0.0030219 T_{e} dT_{e} - 0.00020606 T_{e} dT_{i} - 0.054851 T_{e} dn + 0.00079672 T_{i}^{0.5} F dT_{e} - 0.00097589 T_{i}^{0.5} F dn + 0.0014072 T_{i}^{0.5} P^{-1} dT_{e} - 6.1201 \\cdot 10^{-6} T_{i}^{0.5} P^{-1} dT_{i} - 0.0019466 T_{i}^{0.5} P^{-1} dn + 9.4337 \\cdot 10^{-7} T_{i}^{0.5} P dT_{i} + 9.6181 \\cdot 10^{-5} T_{i}^{0.5} P dn + 3.671 \\cdot 10^{-5} T_{i} F dT_{e} + 0.00029814 T_{i} P^{-1} dn + 0.00011036 T_{i} P dT_{e} + 0.01258 T_{i} P dn - 8.2667 \\cdot 10^{-6} T_{i} dT_{e} + 0.0006019 T_{i} dn - 0.00016952 dT_{e} - 1.691 \\cdot 10^{-5} dT_{i} - 0.0057126 n^{-1} F dn + 0.0036598 n^{-1} P^{-1} dn - 0.00012139 n^{-1} T_{e}^{0.5} T_{i}^{0.5} dn - 0.00012019 n^{-1} T_{e}^{0.5} dn - 0.00041874 n^{-1} T_{i}^{0.5} dn - 0.00032435 n^{-1} T_{i} dn - 0.0001651 n^{-1} dn - 0.087964 n E^{0.5} - 0.024 n E^{0.5} T_{e}^{0.5} P^{-1} + 0.00045285 n E^{0.5} T_{e}^{0.5} T_{i}^{0.5} + 0.054829 n E^{0.5} T_{e}^{0.5} T_{i} - 0.0002462 n E^{0.5} T_{e} + 0.0010768 n E^{0.5} T_{e} T_{i}^{0.5} + 0.00019782 n E^{0.5} T_{i}^{0.5} - 0.021375 n E^{0.5} T_{i}^{0.5} F + 0.0019419 n E^{0.5} T_{i}^{0.5} P^{-1} + 0.00073886 n E^{0.5} T_{i}^{0.5} P + 0.0040463 n E^{0.5} T_{i} - 0.00029531 n E F + 0.022672 n E P^{-1} + 0.035635 n E T_{e}^{0.5} - 0.019889 n E T_{i}",
  "coefficients": [
    0.0885377097557063,
    0.008376264442032266,
    -0.0002473937764902519,
    -0.002907401861064687,
    -0.0017802139478473578,
    -0.006094228490132394,
    -0.00018443747156534742,
    -0.0005887346969064765,
    -5.6575369821066626e-05,
    0.0024747031565314744,
    -0.001015611335077141,
    0.0182126359338827,
    2.2893986692100894e-05,
    -0.002730656422392339,
    -5.7744903501562176e-05,
    0.0003980559591674203,
    -8.410896483503638e-05,
    -0.001718622087947428,
    -3.0427097103211863e-05,
    -0.0002517538064860908,
    0.0007891683022261672,
    4.031120964858879e-05,
    -0.01799646191938544,
    -7.121210351270415e-05,
    0.0009627842312592986,
    9.53174458258921e-05,
    9.992500296517821e-05,
    -0.0012602543423746394,
    -0.0002190986523373233,
    -0.00011663675430968807,
    0.008006211539285003,
    1.5043900072535667e-05,
    0.0009524429580243848,
    9.052096533102995e-05,
    -0.00014250495913015326,
    0.00018890801822388128,
    0.0019557384616013754,
    8.145644658677246e-05,
    -0.00037842772180684116,
    0.0004851527016346179,
    0.0010017461194252147,
    -0.00029971027194291894,
    -0.00440558661152747,
    -0.00024010275826647106,
    -0.004294770974490489,
    -3.9614982535387215e-05,
    -0.0003978513862733045,
    -0.0006684354141011555,
    -0.002087221167685604,
    1.2262203379394054e-05,
    -0.0011954534085158455,
    0.0001256041729265873,
    0.0004650010219952978,
    0.0005697524427448808,
    0.018823172048715718,
    -0.049365337163933536,
    -0.005639438627759069,
    -0.000786529323722281,
    0.02061060741324458,
    1.639912172743418e-05,
    -0.017254935315745148,
    0.00026602987755956894,
    0.0007531777704590386,
    0.027193976708798077,
    -0.03486428158461176,
    -0.001386602792345138,
    0.006315112348147937,
    -6.932203606336041e-05,
    -0.048555509392381194,
    0.001829130492778502,
    0.00012202162881298432,
    -0.021238192411173994,
    0.0007663436956235501,
    0.0028396484238395136,
    -0.02124260277655024,
    0.00027006731961042106,
    0.037484254912292236,
    -0.00012660054570210393,
    0.0006244396250854791,
    0.010823174666640182,
    -0.00016858714258953725,
    -8.00773139967728e-05,
    1.3055128107387752e-05,
    -0.010338742460067689,
    0.012504609492942853,
    -1.2237216879674875e-05,
    0.05343444958819678
  ],
  "val_sse_masked": 0.00026832224102690816,
  "val_nrmse_masked": 0.044587016105651855,
  "val_mse_masked": 8.94407548912568e-06,
  "val_r2_masked": 0.9980113506317139,
  "val_sse_full": 0.00027248967671766877,
  "val_nrmse_full": 0.04493193328380585,
  "val_mse_full": 9.082989890885074e-06,
  "val_r2_full": 0.9979804754257202,
  "iteration": 116,
  "p_lo_eff": 0.12967753410339355,
  "p_hi_eff": 1.9451630115509033,
  "f_lo_eff": 0.20659340918064117,
  "f_hi_eff": 1.6527472734451294
}