{
  "tag": "32_41ab5065",
  "lmb1": 0.0004334634361575205,
  "lmb2": 1.0942791356223602e-05,
  "nonzero_count": 19,
  "complexity_norm": 0.1532258064516129,
  "train_gen_window": 0.05254883026385819,
  "generalizability": 0.051129538998658706,
  "equation": "0.051431 E^{0.5} n P^{-0.5} - 0.0038451 P^{-1} F dT_{e} - 6.6011 \\cdot 10^{-5} P^{-1} F dT_{i} - 0.0028245 P^{-1} F dn + 0.0004766 P dn - 0.00021428 T_{e}^{0.5} T_{i}^{0.5} dn + 2.5075 \\cdot 10^{-5} T_{e} T_{i}^{0.5} dT_{e} - 0.071858 T_{e} dn - 0.0086839 T_{i}^{0.5} P^{-1} dn + 0.0010327 T_{i}^{0.5} P dn + 0.0068093 T_{i} P dn - 0.0021954 n^{-1} F dn + 0.00076571 n^{-1} P^{-1} dn - 0.0012277 n E^{0.5} T_{e}^{0.5} P^{-1} + 0.0047304 n E^{0.5} T_{e}^{0.5} T_{i} - 0.021589 n E^{0.5} T_{i}^{0.5} P + 0.00092402 n E^{0.5} T_{i} + 0.049583 n E T_{e}^{0.5} T_{i}^{0.5} + 0.00055865 n E T_{i}^{0.5}",
  "coefficients": [
    0.08853770254877208,
    0.001752505902120998,
    2.3344484551985015e-05,
    -0.0011173188059836706,
    1.0731628641868776e-06,
    -2.125482506608937e-06,
    5.792678598050558e-06,
    -1.5782433712186618e-06,
    1.0094800101220688e-06,
    -0.002340392290128764,
    2.4441209344035663e-06,
    3.295311903020836e-05,
    5.721291457350973e-06,
    -2.3622934428250964e-06,
    -4.0797260227395045e-07,
    -4.863535092561173e-08,
    -2.3760792251644035e-06,
    -2.045475681834049e-06,
    -5.814106976179362e-09,
    3.403299197723718e-07,
    3.7440617846159943e-07,
    -2.023821502498003e-06,
    3.873689604239317e-06,
    9.05735776666631e-06,
    3.664746125531028e-06,
    -1.7781277332224204e-06,
    1.2958154332024103e-06,
    -0.004164358174046215,
    9.735573532840028e-06,
    1.3189281612149712e-05,
    1.0933212112361141e-05,
    6.67669439132357e-05,
    2.54484269224372e-05,
    2.52128272799417e-05,
    3.9738555685546966e-05,
    2.9944845978786488e-05,
    1.606608690192711e-05,
    8.217141389731845e-07,
    1.2677302828326296e-05,
    2.2760320238086153e-05,
    2.2089952772102487e-05,
    3.473853321946362e-05,
    3.6680533355262104e-05,
    0.0001223372995796661,
    2.9829174150416983e-05,
    -0.0035701208176550344,
    -6.317873899180023e-06,
    0.0005514571679080137,
    -0.009311223571254638,
    -3.0749304070917086e-05,
    -1.660606922453398e-05,
    0.001348603354932118,
    -1.3482883986325785e-06,
    -2.5718869600545517e-05,
    0.010188759579277088,
    -4.3743550257001915e-05,
    -5.2290440712770635e-05,
    -8.249467937914335e-06,
    -2.1179328138158037e-06,
    -0.00016384706903179415,
    -2.2319459769344935e-05,
    6.582554739465485e-05,
    -5.354459673368958e-05,
    1.2908364838949215e-07,
    -0.04567415041110582,
    -9.586347364100631e-06,
    -6.737859752220963e-05,
    -2.232148524383272e-06,
    1.3915970968423666e-06,
    6.945924019134445e-07,
    1.2276528020809902e-05,
    -2.4542111676086344e-06,
    -0.02239206566297556,
    0.0006484729483214042,
    -0.0010866703923754514,
    1.3768397962103739e-05,
    0.0032339952564593238,
    1.4886328928104868e-06,
    1.1879840706692999e-05,
    1.312769253402333e-05,
    1.693199303153051e-06,
    -3.8473191627634905e-05,
    0.00023308915571791604,
    2.7932872592301346e-05,
    4.3259155326946604e-05,
    0.020050662975140455,
    0.025250238953098008
  ],
  "val_sse_masked": 0.000800752779468894,
  "val_nrmse_masked": 0.07702457159757614,
  "val_mse_masked": 2.6691761377151124e-05,
  "val_r2_masked": 0.9940652251243591,
  "val_sse_full": 0.0007836652803234756,
  "val_nrmse_full": 0.07619831711053848,
  "val_mse_full": 2.6122177587240003e-05,
  "val_r2_full": 0.9941918849945068,
  "iteration": 32,
  "p_lo_eff": 0.12967753410339355,
  "p_hi_eff": 1.9451630115509033,
  "f_lo_eff": 0.20659340918064117,
  "f_hi_eff": 1.6527472734451294
}