{
  "tag": "121_b690b789",
  "lmb1": 9.605248685660104e-05,
  "lmb2": 3.3284028480142843e-06,
  "nonzero_count": 39,
  "complexity_norm": 0.31451612903225806,
  "train_gen_window": 0.03817209294759214,
  "generalizability": 0.03255682037476225,
  "equation": "0.086331 E^{0.5} n P^{-0.5} + 0.0001172 F dT_{i} - 0.0041097 P^{-1} F dT_{e} - 3.9784 \\cdot 10^{-5} P^{-1} F dT_{i} - 0.0004649 P^{-1} F dn + 0.00012298 P dn - 0.022921 T_{e}^{0.5} P^{-1} dn - 0.017892 T_{e}^{0.5} T_{i}^{0.5} F dn + 0.00023586 T_{e}^{0.5} T_{i}^{0.5} P^{-1} dn + 0.00019708 T_{e}^{0.5} T_{i}^{0.5} P dn - 0.00020012 T_{e}^{0.5} dn + 0.00010971 T_{e} P^{-1} dn + 1.3155 \\cdot 10^{-6} T_{e} P dT_{i} - 0.036033 T_{e} dn + 0.00013695 T_{i}^{0.5} F dT_{e} - 0.00022559 T_{i}^{0.5} F dn + 0.00041027 T_{i}^{0.5} P^{-1} dT_{e} - 0.00014041 T_{i}^{0.5} P^{-1} dn + 0.0010768 T_{i}^{0.5} P dn + 6.5684 \\cdot 10^{-6} T_{i} P^{-1} dT_{e} + 0.0020832 T_{i} P^{-1} dn + 0.0093827 T_{i} P dn - 0.020742 n^{-1} F dn + 0.003445 n^{-1} P^{-1} dn + 0.00014113 n^{-1} T_{e}^{0.5} dn + 0.00010062 n^{-1} T_{e} dn - 6.158 \\cdot 10^{-6} n^{-1} T_{i} dn + 0.0016284 n^{-1} dn - 0.0042397 n E^{0.5} - 0.017811 n E^{0.5} T_{e}^{0.5} P^{-1} + 0.00016754 n E^{0.5} T_{e}^{0.5} T_{i} - 0.016601 n E^{0.5} T_{i}^{0.5} F - 0.012382 n E^{0.5} T_{i}^{0.5} P + 0.000144 n E^{0.5} T_{i} + 0.006218 n E P^{-1} + 0.0041278 n E T_{e}^{0.5} + 0.040859 n E T_{e}^{0.5} T_{i}^{0.5} + 0.0024988 n E T_{i}^{0.5} + 0.0002299 n E T_{i}",
  "coefficients": [
    0.08853770645268344,
    0.007884582023062437,
    0.002440138168250849,
    -0.010556472360403217,
    -6.739783487415436e-06,
    -0.00011570194590682094,
    0.00021656059760684205,
    -3.30470070141628e-06,
    0.00016557035773031908,
    -0.0014105386464258803,
    -1.1344067196304e-05,
    0.0018439958532219254,
    4.019391113726881e-05,
    -6.196777655604788e-05,
    -1.3016529599532101e-06,
    5.205438266524392e-05,
    -2.5116020991494555e-06,
    -5.3533698759314025e-05,
    6.492537279708982e-07,
    -5.445363326647864e-06,
    6.713226708168291e-05,
    1.95698685906832e-06,
    -8.268447883051613e-06,
    2.0617000021028995e-05,
    0.00012449671868135405,
    4.551528001563564e-06,
    2.4139978180977635e-05,
    -0.0044509399793052195,
    -1.5763703105199257e-06,
    2.6472800506885673e-05,
    0.0023341782387453686,
    5.747559281525441e-05,
    0.0001637202015760459,
    0.00015898855799649178,
    3.90631068423944e-05,
    9.883014773603428e-05,
    4.2653918694417496e-05,
    6.506407826427599e-06,
    8.06960979098769e-06,
    3.556235115899023e-05,
    4.715642421244265e-06,
    8.739683919634656e-06,
    -1.5597585251037682e-05,
    -1.0738469501140844e-06,
    -1.1972091676098946e-05,
    -0.000587628117835266,
    -2.819511088871566e-05,
    0.00014229812404877251,
    -0.0001505580622720134,
    -4.3240280600829925e-05,
    -0.00027634644661938765,
    0.001406277699542432,
    0.003249094674375229,
    -3.155927908672983e-05,
    0.014039459268647074,
    -0.020660897419937634,
    -0.00013194965146135876,
    -4.652078638630348e-05,
    0.0002910412983191474,
    -9.123030315216264e-05,
    -0.021252029919280536,
    0.00024583430698002626,
    -4.046035072921454e-05,
    0.00011455868482848424,
    -0.02290301385492423,
    -6.04439231522913e-05,
    -2.7021903610765e-05,
    1.771209800262158e-05,
    -0.0023402855524925843,
    2.627314403848463e-06,
    3.605445227341872e-06,
    -0.016494479206638747,
    -0.012842616423815338,
    0.00010105991765844921,
    -0.01576420956022716,
    1.2471550149585254e-05,
    0.00011453889977077756,
    -5.4374921074733674e-05,
    1.5221180074727284e-05,
    0.002968383715337974,
    -6.615301320403023e-06,
    -9.081805084030866e-05,
    0.001042569559955329,
    0.00011950627261877066,
    0.0014484854588419436,
    0.016522894087148847,
    0.042384304947537935
  ],
  "val_sse_masked": 0.0005781723884865642,
  "val_nrmse_masked": 0.06544986367225647,
  "val_mse_masked": 1.9272414647275582e-05,
  "val_r2_masked": 0.9957149028778076,
  "val_sse_full": 0.0005727249081246555,
  "val_nrmse_full": 0.06514080613851547,
  "val_mse_full": 1.9090832211077213e-05,
  "val_r2_full": 0.9957552552223206,
  "iteration": 121,
  "p_lo_eff": 0.12967753410339355,
  "p_hi_eff": 1.9451630115509033,
  "f_lo_eff": 0.20659340918064117,
  "f_hi_eff": 1.6527472734451294
}