{
  "tag": "328_99f6869e",
  "lmb1": 0.0037028855989427838,
  "lmb2": 0.0025272779750970084,
  "nonzero_count": 7,
  "complexity_norm": 0.056451612903225805,
  "train_gen_window": 0.12252380385268331,
  "generalizability": 0.13809425887223298,
  "equation": "0.059154 E^{0.5} n P^{-0.5} - 0.0043334 P^{-1} F dT_{e} - 7.0911 \\cdot 10^{-6} P^{-1} F dT_{i} - 0.010096 P^{-1} F dn - 0.037917 T_{e}^{0.5} T_{i}^{0.5} dn - 0.0097776 T_{i}^{0.5} P^{-1} dn + 0.00098828 n E T_{e}^{0.5} T_{i}^{0.5}",
  "coefficients": [
    0.08853770609045197,
    9.769812698953117e-05,
    1.2349881863254885e-06,
    -2.704280925146096e-07,
    1.7875173460561124e-06,
    6.862900192380058e-07,
    1.1544438938504158e-06,
    1.2997847786517168e-06,
    1.0942181457396335e-06,
    -0.00025141427260215487,
    -3.6926877585868794e-07,
    -1.340825308242364e-07,
    -1.9977829923903469e-07,
    -3.374049130522297e-07,
    -2.6667201258565344e-07,
    -2.5704187341282633e-07,
    -2.0801000491910072e-07,
    -3.4511022448881564e-07,
    -2.721321224255303e-07,
    -2.571986898787532e-07,
    -2.611739807904863e-07,
    -2.0740106960750027e-07,
    -3.8095437166444404e-07,
    -2.69543109051251e-07,
    -3.956483108828929e-07,
    -2.1381486703102624e-07,
    -6.88109145093639e-07,
    -0.004693191486837084,
    -2.757765350353685e-07,
    -1.9657990414760666e-07,
    -2.0022292272529657e-07,
    -1.2864712555463795e-07,
    -1.1828882343126466e-07,
    -2.4062371987404084e-08,
    2.1138152108596198e-09,
    -8.740878052489116e-09,
    -4.148391365139854e-08,
    -7.668737363264669e-07,
    -2.218938384023861e-07,
    -1.1638279021376485e-07,
    -1.761033876101594e-07,
    1.799058558717925e-08,
    -2.2721536653822963e-07,
    -8.263287701687554e-08,
    3.195126727914252e-08,
    -0.012760733590797768,
    -7.112269139582918e-07,
    5.572564090089716e-07,
    -0.010483880545225546,
    -9.15387301354902e-06,
    -3.1821793551876042e-06,
    3.643554729437034e-07,
    -4.4373228497566797e-07,
    -8.745655666148033e-06,
    3.03057571916903e-07,
    -2.3184116154593676e-06,
    -2.561217818265255e-06,
    -9.241254826943554e-07,
    -5.308723320301639e-07,
    -0.028992361548463644,
    -1.0435947736975058e-05,
    2.941196270513951e-07,
    -3.808788727833656e-05,
    -3.498225543199552e-07,
    -9.79839168881643e-06,
    -1.172019717779996e-06,
    -8.205319023134902e-06,
    3.9531137450568303e-07,
    1.6193419586292127e-07,
    5.351580068406098e-07,
    5.072016081694781e-07,
    2.2067619066719518e-07,
    -2.6009108170763445e-06,
    2.075664391625413e-06,
    1.2189678065114537e-07,
    6.315063791806672e-07,
    3.0353003060940474e-06,
    2.3707817591115334e-07,
    7.260439312898547e-07,
    1.9069051056876193e-06,
    4.368855899613874e-07,
    -5.126803654151762e-07,
    8.953116658866128e-06,
    2.8169640711392748e-06,
    1.4301504338507046e-06,
    0.0003996462090075958,
    0.029041850668158835
  ],
  "val_sse_masked": 0.004062647931277752,
  "val_nrmse_masked": 0.17349407076835632,
  "val_mse_masked": 0.00013542160741053522,
  "val_r2_masked": 0.969889760017395,
  "val_sse_full": 0.004029129631817341,
  "val_nrmse_full": 0.17277689278125763,
  "val_mse_full": 0.00013430432591121644,
  "val_r2_full": 0.9701381921768188,
  "iteration": 328,
  "p_lo_eff": 0.12967753410339355,
  "p_hi_eff": 1.9451630115509033,
  "f_lo_eff": 0.20659340918064117,
  "f_hi_eff": 1.6527472734451294
}