{
  "tag": "82_04332843",
  "lmb1": 0.000185823750938729,
  "lmb2": 0.1,
  "nonzero_count": 65,
  "complexity_norm": 0.5241935483870968,
  "train_gen_window": 0.08615726824522135,
  "generalizability": 0.07850303902912521,
  "equation": "0.015582 E^{0.5} n P^{-0.5} + 0.00011067 F dT_{i} - 0.0020448 F dn - 0.0038711 P^{-1} F dT_{e} - 0.00010654 P^{-1} F dT_{i} - 0.0038358 P^{-1} F dn - 0.00031972 P^{-1} dT_{e} + 8.8273 \\cdot 10^{-6} P F dT_{i} + 0.0032027 P dn - 0.0024076 T_{e}^{0.5} F dn - 0.00034466 T_{e}^{0.5} P^{-1} dT_{e} - 0.0050194 T_{e}^{0.5} P^{-1} dn - 0.0022609 T_{e}^{0.5} T_{i}^{0.5} F dn - 0.00049643 T_{e}^{0.5} T_{i}^{0.5} P^{-1} dn + 3.4678 \\cdot 10^{-5} T_{e}^{0.5} T_{i}^{0.5} P dT_{e} - 3.1051 \\cdot 10^{-7} T_{e}^{0.5} T_{i}^{0.5} P dT_{i} + 0.0026175 T_{e}^{0.5} T_{i}^{0.5} P dn - 0.00605 T_{e}^{0.5} T_{i}^{0.5} dn - 4.1193 \\cdot 10^{-8} T_{e}^{0.5} T_{i} dT_{i} - 0.0030433 T_{e}^{0.5} T_{i} dn - 0.0079309 T_{e}^{0.5} dn + 1.2288 \\cdot 10^{-5} T_{e} F dT_{i} - 0.002641 T_{e} F dn - 0.00075945 T_{e} P^{-1} dn + 6.3428 \\cdot 10^{-5} T_{e} T_{i}^{0.5} dT_{e} + 5.5047 \\cdot 10^{-6} T_{e} T_{i} dT_{e} - 2.9346 \\cdot 10^{-8} T_{e} T_{i} dT_{i} - 0.0027798 T_{e} T_{i} dn + 0.00042022 T_{e} dT_{e} - 0.0087526 T_{e} dn - 0.0020529 T_{i}^{0.5} F dn - 1.8192 \\cdot 10^{-5} T_{i}^{0.5} P^{-1} dT_{e} - 0.0037255 T_{i}^{0.5} P^{-1} dn - 4.9203 \\cdot 10^{-7} T_{i}^{0.5} P dT_{i} + 0.0027708 T_{i}^{0.5} P dn + 2.8027 \\cdot 10^{-5} T_{i}^{0.5} dT_{e} - 0.0053998 T_{i}^{0.5} dn + 6.0451 \\cdot 10^{-6} T_{i} P dT_{e} + 0.0026418 T_{i} P dn - 0.0029291 T_{i} dn + 0.00011159 dT_{e} - 0.010893 n^{-1} F dn + 0.0013332 n^{-1} P^{-1} dn + 0.00016351 n^{-1} T_{e}^{0.5} T_{i}^{0.5} dn + 0.00041293 n^{-1} T_{e}^{0.5} dn + 0.00033525 n^{-1} T_{i}^{0.5} dn + 5.3197 \\cdot 10^{-5} n^{-1} T_{i} dn + 0.00097091 n^{-1} dn + 0.0017769 n E^{0.5} + 0.004333 n E^{0.5} P^{-1} + 0.0042683 n E^{0.5} T_{e}^{0.5} T_{i}^{0.5} + 0.0042637 n E^{0.5} T_{e}^{0.5} T_{i} + 0.0029772 n E^{0.5} T_{e} + 0.0043648 n E^{0.5} T_{e} T_{i}^{0.5} + 0.0037156 n E^{0.5} T_{i}^{0.5} + 0.0020278 n E^{0.5} T_{i}^{0.5} P^{-1} - 0.0068999 n E^{0.5} T_{i}^{0.5} P + 0.0041557 n E^{0.5} T_{i} + 0.00094731 n E F + 0.0070907 n E P^{-1} - 0.006947 n E P + 0.011719 n E T_{e}^{0.5} + 0.0094323 n E T_{e}^{0.5} T_{i}^{0.5} + 0.0091696 n E T_{i}^{0.5} + 0.00455 n E T_{i}",
  "coefficients": [
    0.08853770582794507,
    0.00305131358503981,
    0.0014548707264661692,
    -0.005543981012327344,
    0.001425283461180078,
    0.0009995176126416968,
    0.0006336465894302063,
    0.0007930298059713438,
    8.641458202576813e-05,
    -0.0037773415306879272,
    -2.9107471644556456e-06,
    0.0017413044892451565,
    0.00013714003030039517,
    -9.374661999363277e-05,
    -5.246547629035506e-05,
    -0.00020761223892916349,
    -9.613021016244401e-05,
    -9.747863058779826e-05,
    -2.3844474430851048e-05,
    -1.179253091534643e-05,
    -0.00015211221467412194,
    -0.00013112280764973383,
    1.274152546600604e-06,
    0.0002938038843408481,
    -3.542919540209254e-05,
    -0.00011251005522358756,
    -0.0005700986902897851,
    -0.004192516876676236,
    0.00014422549999124778,
    3.7868300700301326e-05,
    -0.00010349828689744294,
    0.00010739424387579977,
    -6.243221333587767e-06,
    -1.3232078271963224e-05,
    7.323100039136136e-05,
    -5.406105745854915e-06,
    0.00010712542117635744,
    -0.0007055761624348203,
    1.3740404658638223e-05,
    -6.979371831056849e-06,
    0.00015273968924579682,
    5.707273672633613e-05,
    0.0006126365924262434,
    0.0003094524352890357,
    0.00013005342139747668,
    -0.0048484401061679025,
    -0.0021875991081195868,
    0.0037057464417431588,
    -0.003994606800951721,
    -0.004280687800890036,
    -0.002514821012579527,
    0.003618457825830257,
    -6.9563543744628754e-06,
    -0.0027726409333492224,
    0.003953005710316815,
    -0.004524515285156395,
    -0.005229325164674853,
    -0.002489069407419487,
    -0.0006125754007670363,
    -0.004625994290133323,
    -0.0026855630861097775,
    0.003265144678755388,
    -0.0028178022827677215,
    -0.0007930048162784466,
    -0.005563294410685559,
    -0.0026456723746419437,
    -0.0025508649578415165,
    0.0033128157522601953,
    0.0009808256366254243,
    0.0019099852796051375,
    0.002291955087387486,
    -1.1952441755280088e-05,
    -0.007156501952256056,
    0.002916453723713685,
    4.758307486265578e-05,
    0.0025454898993602666,
    0.002914925285872905,
    0.001530931009164499,
    0.002531131714633729,
    0.0033849831491017186,
    0.0005408057924595071,
    -0.004220042992221431,
    0.003825843003080083,
    0.0023651286150066556,
    0.004112272240330992,
    0.0038142830862905055,
    0.007650065723089112
  ],
  "val_sse_masked": 0.0014378436608240008,
  "val_nrmse_masked": 0.1032133549451828,
  "val_mse_masked": 4.792812615050934e-05,
  "val_r2_masked": 0.9893434643745422,
  "val_sse_full": 0.0014128349721431732,
  "val_nrmse_full": 0.10231181234121323,
  "val_mse_full": 4.709450149675831e-05,
  "val_r2_full": 0.9895287752151489,
  "iteration": 82,
  "p_lo_eff": 0.12967753410339355,
  "p_hi_eff": 1.9451630115509033,
  "f_lo_eff": 0.20659340918064117,
  "f_hi_eff": 1.6527472734451294
}