{
  "tag": "321_853f54c6",
  "lmb1": 3.549198381179619e-06,
  "lmb2": 0.014778274133726014,
  "nonzero_count": 78,
  "complexity_norm": 0.6290322580645161,
  "train_gen_window": 0.054688298516679244,
  "generalizability": 0.03996323694060846,
  "equation": "0.027984 E^{0.5} n P^{-0.5} + 0.0008303 F dT_{e} + 0.00036914 F dT_{i} - 0.0028332 F dn - 0.0033275 P^{-1} F dT_{e} - 0.00014931 P^{-1} F dT_{i} - 0.0045918 P^{-1} F dn + 3.8812 \\cdot 10^{-5} P F dT_{i} + 0.0021851 P dn + 0.00070362 T_{e}^{0.5} F dT_{e} - 0.003518 T_{e}^{0.5} F dn + 5.0187 \\cdot 10^{-5} T_{e}^{0.5} P^{-1} dT_{e} - 0.0089275 T_{e}^{0.5} P^{-1} dn + 1.7125 \\cdot 10^{-6} T_{e}^{0.5} T_{i}^{0.5} F dT_{i} - 0.0023354 T_{e}^{0.5} T_{i}^{0.5} F dn - 2.0544 \\cdot 10^{-6} T_{e}^{0.5} T_{i}^{0.5} P^{-1} dT_{i} + 0.0013245 T_{e}^{0.5} T_{i}^{0.5} P^{-1} dn + 9.0004 \\cdot 10^{-5} T_{e}^{0.5} T_{i}^{0.5} P dT_{e} + 5.5764 \\cdot 10^{-7} T_{e}^{0.5} T_{i}^{0.5} P dT_{i} + 0.0035994 T_{e}^{0.5} T_{i}^{0.5} P dn - 4.0524 \\cdot 10^{-7} T_{e}^{0.5} T_{i}^{0.5} dT_{i} - 0.0070637 T_{e}^{0.5} T_{i}^{0.5} dn - 1.1323 \\cdot 10^{-5} T_{e}^{0.5} T_{i} dT_{e} - 5.4547 \\cdot 10^{-8} T_{e}^{0.5} T_{i} dT_{i} - 0.014085 T_{e}^{0.5} dn + 0.0001135 T_{e} F dT_{i} - 0.0038549 T_{e} F dn + 0.0012331 T_{e} P^{-1} dn + 7.9934 \\cdot 10^{-6} T_{e} P dT_{i} - 3.6165 \\cdot 10^{-5} T_{e} T_{i} dT_{e} + 2.9262 \\cdot 10^{-8} T_{e} T_{i} dT_{i} - 3.7366 \\cdot 10^{-6} T_{e} dT_{i} - 0.015919 T_{e} dn + 0.00018341 T_{i}^{0.5} F dT_{e} - 0.0019639 T_{i}^{0.5} F dn + 0.0002168 T_{i}^{0.5} P^{-1} dT_{e} - 2.7977 \\cdot 10^{-6} T_{i}^{0.5} P^{-1} dT_{i} - 0.0058348 T_{i}^{0.5} P^{-1} dn - 4.6812 \\cdot 10^{-7} T_{i}^{0.5} P dT_{i} + 0.0036645 T_{i}^{0.5} P dn + 0.00023183 T_{i}^{0.5} dT_{e} - 1.2876 \\cdot 10^{-6} T_{i}^{0.5} dT_{i} - 0.0056851 T_{i}^{0.5} dn - 5.9601 \\cdot 10^{-5} T_{i} F dT_{e} + 1.18 \\cdot 10^{-5} T_{i} P^{-1} dT_{e} + 0.0024926 T_{i} P^{-1} dn + 8.0171 \\cdot 10^{-5} T_{i} P dT_{e} + 0.0050419 T_{i} P dn + 2.3288 \\cdot 10^{-5} T_{i} dT_{e} + 0.00051695 T_{i} dn - 1.3973 \\cdot 10^{-5} dT_{i} - 0.021949 n^{-1} F dn + 0.0020214 n^{-1} P^{-1} dn + 0.00022593 n^{-1} T_{e}^{0.5} T_{i}^{0.5} dn + 0.0015088 n^{-1} T_{e}^{0.5} dn + 0.0011351 n^{-1} T_{e} dn + 0.00035002 n^{-1} T_{i}^{0.5} dn - 2.2603 \\cdot 10^{-5} n^{-1} T_{i} dn + 0.0018725 n^{-1} dn + 0.000268 n E^{0.5} + 0.0050365 n E^{0.5} P^{-1} - 0.006139 n E^{0.5} T_{e}^{0.5} P^{-1} + 0.0047169 n E^{0.5} T_{e}^{0.5} T_{i}^{0.5} + 0.0036729 n E^{0.5} T_{e}^{0.5} T_{i} + 0.002696 n E^{0.5} T_{e} + 0.0048219 n E^{0.5} T_{e} T_{i}^{0.5} + 0.0034605 n E^{0.5} T_{i}^{0.5} - 0.0073482 n E^{0.5} T_{i}^{0.5} F + 0.00109 n E^{0.5} T_{i}^{0.5} P^{-1} - 0.01141 n E^{0.5} T_{i}^{0.5} P + 0.0033268 n E^{0.5} T_{i} - 0.0016751 n E F + 0.0087132 n E P^{-1} - 0.0063015 n E P + 0.023578 n E T_{e}^{0.5} + 0.013709 n E T_{e}^{0.5} T_{i}^{0.5} + 0.013328 n E T_{i}^{0.5} + 0.0027924 n E T_{i}",
  "coefficients": [
    0.08853770641651304,
    0.004626505815068784,
    0.002805946747134258,
    -0.011170964349430278,
    0.0014880473525360682,
    -0.0004246910380436217,
    0.0023152221312083324,
    0.0010957589808088769,
    0.001867796966847177,
    -0.005293709406122095,
    -0.0008391898372743347,
    0.005808099380844952,
    0.0006029804422887216,
    -0.0012482659573901569,
    -0.0004900018398152553,
    -0.0001975241161028009,
    -3.932763776029729e-05,
    -0.0011395441625158124,
    -0.00018514808757030398,
    0.0002061868698978235,
    0.00027317491496421913,
    -0.00017362846287084918,
    -0.00032633235944508647,
    0.002713604284391238,
    0.0007565064071088807,
    0.00011218968246308881,
    3.8533778413213436e-05,
    -0.003603776302059177,
    -9.805420699758474e-05,
    0.0003126597182504569,
    0.0012334436565174054,
    0.0008883288521383416,
    0.0002192578386785547,
    0.0002856284513481096,
    0.00040145431361003376,
    -0.00030670271968024406,
    0.0014207058730324818,
    0.00010274168310435742,
    0.0002926259718768708,
    6.454127506329505e-05,
    0.0003964207705962,
    -0.00022740924046340367,
    6.404511149061154e-05,
    4.848126601574281e-06,
    -0.0008544385407364706,
    -0.005803975790679363,
    -0.003031077446969161,
    0.00252835427935744,
    -0.006256333196684621,
    -0.004506837971230666,
    -0.002405753125279967,
    0.0047854799891593166,
    0.003887551768028889,
    0.0004893361628145487,
    0.007544287551935491,
    -0.00804737502742347,
    -0.009286879219469442,
    -0.003637099700962477,
    0.0016343768111923948,
    -0.005401094064143859,
    -0.0027740587716181147,
    0.004489893620817275,
    4.32131448864048e-06,
    0.001287638010100465,
    -0.010118656724850706,
    -0.0038616869442221926,
    8.32974125644471e-05,
    0.003850713573642931,
    0.00014793456654642453,
    0.0010266725534947185,
    0.0021345666305007628,
    -0.007301234397790151,
    -0.011834633131629805,
    0.002334702553951108,
    -0.00543369559677094,
    0.0028130074272845413,
    0.0025109887142018583,
    0.0013863432902018994,
    0.0027961682069184636,
    0.004159545280204266,
    -0.0009562816161420339,
    -0.003827911140545073,
    0.005561027617339079,
    0.0014515422376555837,
    0.008273747433652171,
    0.005543546466144195,
    0.013738604727547418
  ],
  "val_sse_masked": 0.0007062701042741537,
  "val_nrmse_masked": 0.07233782857656479,
  "val_mse_masked": 2.354233765800018e-05,
  "val_r2_masked": 0.9947655200958252,
  "val_sse_full": 0.0007088956190273166,
  "val_nrmse_full": 0.07247216254472733,
  "val_mse_full": 2.362985469517298e-05,
  "val_r2_full": 0.9947460293769836,
  "iteration": 321,
  "p_lo_eff": 0.12967753410339355,
  "p_hi_eff": 1.9451630115509033,
  "f_lo_eff": 0.20659340918064117,
  "f_hi_eff": 1.6527472734451294
}