{
  "tag": "174_3370ecd5",
  "lmb1": 0.0015925493212645807,
  "lmb2": 1e-08,
  "nonzero_count": 13,
  "complexity_norm": 0.10483870967741936,
  "train_gen_window": 0.08436028324999888,
  "generalizability": 0.08855662444464107,
  "equation": "0.067283 E^{0.5} n P^{-0.5} - 0.0039865 P^{-1} F dT_{e} - 4.945 \\cdot 10^{-5} P^{-1} F dT_{i} - 0.0020184 P^{-1} F dn - 0.0012286 T_{e}^{0.5} T_{i}^{0.5} F dn - 0.021434 T_{e}^{0.5} T_{i}^{0.5} dn - 0.024422 T_{e} dn - 0.011899 T_{i}^{0.5} P^{-1} dn + 0.0004385 n^{-1} P^{-1} dn + 3.1018 \\cdot 10^{-5} n^{-1} T_{i}^{0.5} dn + 0.0012092 n E^{0.5} T_{e}^{0.5} T_{i} - 0.015986 n E^{0.5} T_{i}^{0.5} P + 0.02992 n E T_{e}^{0.5} T_{i}^{0.5}",
  "coefficients": [
    0.08853770523029408,
    0.0010035944542244523,
    2.1067059606418078e-05,
    -2.254193449090299e-06,
    0.00013186823215153684,
    8.153152462750676e-06,
    9.990505390399951e-06,
    1.4069206270268385e-05,
    6.395151763550563e-06,
    -0.0017532417712061662,
    -2.5356942760064067e-06,
    -3.4643455031419115e-07,
    -2.030920609369128e-06,
    -1.7796219968128692e-06,
    -2.0941148076830525e-06,
    -3.1211007632061e-06,
    -1.4514395938182998e-06,
    -1.7388848723130822e-06,
    -1.9968283574547774e-06,
    -1.4552489356218785e-06,
    -2.9764059372979437e-06,
    -1.6571378142756232e-06,
    -2.2023039450737447e-06,
    -1.0109934287169268e-06,
    -4.483068247332025e-06,
    -1.6186260910124202e-06,
    -2.293878363441829e-06,
    -0.004317448809018814,
    -7.292316880885157e-07,
    -4.7497851303654014e-07,
    -8.153397635998988e-07,
    -1.7756924761481308e-07,
    -3.606785661074736e-07,
    6.770037936890996e-10,
    4.585642832897747e-07,
    1.3014070251760498e-07,
    2.6870837010379303e-07,
    -2.4556793232522317e-06,
    -5.522481754330762e-07,
    -3.207366706020329e-07,
    -4.806423257076808e-07,
    5.715721630732271e-07,
    -3.6835784497633286e-07,
    1.443695752859741e-07,
    6.704100310572707e-07,
    -0.0025512970495716386,
    -4.848231247182551e-06,
    1.9302193752160836e-05,
    -0.012758832180205869,
    -1.6807092765398963e-05,
    -2.5242465555329906e-05,
    1.3106102284896603e-05,
    -1.95633208578214e-06,
    -7.240653328944899e-06,
    3.193533341783998e-05,
    -7.960412093755026e-06,
    -1.9585997358735763e-05,
    -6.631563724039208e-06,
    -2.287098853217659e-06,
    -0.016389338470826086,
    -0.0014593514086168513,
    7.222827259287749e-06,
    -9.556397559646046e-06,
    -1.1403798025104292e-06,
    -0.015522905954897631,
    -8.658927819157925e-06,
    -9.088051881561569e-06,
    3.466520902700816e-07,
    1.2497188117919938e-06,
    1.2020845261702154e-06,
    4.597556164578207e-06,
    1.376563968653431e-06,
    -0.016580045172184532,
    7.693674326404822e-05,
    -1.2272228080000074e-06,
    5.5807546451146905e-06,
    0.0008266894825755093,
    1.471182958609411e-06,
    5.728861590938853e-06,
    4.540258087820693e-06,
    2.573317485863888e-06,
    -8.451013389480923e-06,
    4.3731820319213746e-05,
    7.840278717457667e-06,
    1.1109622899900888e-05,
    0.012099251314595662,
    0.0330324861799362
  ],
  "val_sse_masked": 0.0017538927495479584,
  "val_nrmse_masked": 0.11399389058351517,
  "val_mse_masked": 5.846309431944974e-05,
  "val_r2_masked": 0.9870010614395142,
  "val_sse_full": 0.0017067781882360578,
  "val_nrmse_full": 0.11245237290859222,
  "val_mse_full": 5.689261161023751e-05,
  "val_r2_full": 0.9873502254486084,
  "iteration": 174,
  "p_lo_eff": 0.12967753410339355,
  "p_hi_eff": 1.9451630115509033,
  "f_lo_eff": 0.20659340918064117,
  "f_hi_eff": 1.6527472734451294
}