{
  "tag": "115_4be2f6fe",
  "lmb1": 2.0199631127200684e-06,
  "lmb2": 4.4872589985452165e-08,
  "nonzero_count": 83,
  "complexity_norm": 0.6693548387096774,
  "train_gen_window": 0.01674997960350759,
  "generalizability": 0.013151466982925398,
  "equation": "0.16791 E^{0.5} n P^{-0.5} + 0.043332 F dT_{e} + 0.0036595 F dT_{i} + 0.0010439 F dn + 0.00097409 P^{-1} F dT_{e} + 8.0066 \\cdot 10^{-5} P^{-1} F dT_{i} + 0.0046794 P^{-1} F dn + 0.0040025 P^{-1} dT_{e} + 0.00010642 P F dT_{i} - 0.0012825 P dn - 0.086924 T_{e}^{0.5} F dT_{e} + 0.0019283 T_{e}^{0.5} P^{-1} dT_{e} - 0.052251 T_{e}^{0.5} P^{-1} dn + 0.015565 T_{e}^{0.5} T_{i}^{0.5} F dT_{e} + 2.5467 \\cdot 10^{-6} T_{e}^{0.5} T_{i}^{0.5} F dT_{i} - 0.031571 T_{e}^{0.5} T_{i}^{0.5} F dn + 1.6297 \\cdot 10^{-5} T_{e}^{0.5} T_{i}^{0.5} P^{-1} dT_{i} + 0.043892 T_{e}^{0.5} T_{i}^{0.5} P^{-1} dn + 0.0013826 T_{e}^{0.5} T_{i}^{0.5} P dT_{e} + 9.336 \\cdot 10^{-6} T_{e}^{0.5} T_{i}^{0.5} P dT_{i} + 0.01823 T_{e}^{0.5} T_{i}^{0.5} P dn + 2.7983 \\cdot 10^{-6} T_{e}^{0.5} T_{i}^{0.5} dT_{i} + 0.05662 T_{e}^{0.5} T_{i}^{0.5} dn - 1.4962 \\cdot 10^{-5} T_{e}^{0.5} T_{i} dT_{e} - 9.5285 \\cdot 10^{-7} T_{e}^{0.5} T_{i} dT_{i} - 0.092172 T_{e}^{0.5} dn - 0.0013382 T_{e} F dT_{i} - 0.0014658 T_{e} F dn + 0.0019383 T_{e} P^{-1} dn + 9.1624 \\cdot 10^{-6} T_{e} P dT_{i} - 0.0014325 T_{e} T_{i}^{0.5} dT_{e} + 0.00020481 T_{e} T_{i} dT_{e} - 3.0098 \\cdot 10^{-7} T_{e} T_{i} dT_{i} - 0.00029237 T_{e} T_{i} dn - 0.0022205 T_{e} dT_{e} - 4.5264 \\cdot 10^{-5} T_{e} dT_{i} - 0.0018868 T_{e} dn + 0.0071085 T_{i}^{0.5} F dT_{e} - 0.00093959 T_{i}^{0.5} F dn + 0.00028754 T_{i}^{0.5} P^{-1} dT_{e} + 1.4614 \\cdot 10^{-6} T_{i}^{0.5} P^{-1} dT_{i} + 0.0013959 T_{i}^{0.5} P^{-1} dn + 3.3708 \\cdot 10^{-6} T_{i}^{0.5} P dT_{i} + 0.0017173 T_{i}^{0.5} P dn - 0.0019987 T_{i}^{0.5} dT_{e} + 6.3259 \\cdot 10^{-7} T_{i}^{0.5} dT_{i} + 0.0009433 T_{i}^{0.5} dn - 8.1724 \\cdot 10^{-5} T_{i} F dT_{e} - 1.7661 \\cdot 10^{-5} T_{i} F dT_{i} - 0.00016825 T_{i} P^{-1} dT_{e} - 0.0090317 T_{i} P^{-1} dn + 1.9966 \\cdot 10^{-5} T_{i} P dT_{e} - 0.0024892 T_{i} P dn - 0.00081313 T_{i} dT_{e} - 0.0010774 T_{i} dn + 0.0010381 dT_{e} - 0.00061102 dT_{i} + 0.0054143 n^{-1} P^{-1} dn - 0.0051661 n^{-1} T_{e}^{0.5} T_{i}^{0.5} dn - 0.0019395 n^{-1} T_{e}^{0.5} dn - 0.0035328 n^{-1} T_{e} dn + 0.0041085 n^{-1} T_{i}^{0.5} dn - 5.0258 \\cdot 10^{-5} n^{-1} T_{i} dn + 0.00026673 n^{-1} dn - 0.25944 n E^{0.5} - 0.046882 n E^{0.5} P^{-1} - 0.014554 n E^{0.5} T_{e}^{0.5} P^{-1} + 0.00066358 n E^{0.5} T_{e}^{0.5} T_{i}^{0.5} + 0.04407 n E^{0.5} T_{e}^{0.5} T_{i} - 0.0062832 n E^{0.5} T_{e} + 0.0019181 n E^{0.5} T_{e} T_{i}^{0.5} + 0.00065735 n E^{0.5} T_{i}^{0.5} - 0.019661 n E^{0.5} T_{i}^{0.5} F + 0.038202 n E^{0.5} T_{i}^{0.5} P^{-1} + 0.017447 n E^{0.5} T_{i}^{0.5} P + 0.11877 n E^{0.5} T_{i} - 0.022293 n E F - 0.0062297 n E P^{-1} - 0.0094214 n E P + 0.48848 n E T_{e}^{0.5} - 0.40718 n E T_{e}^{0.5} T_{i}^{0.5} - 0.010695 n E T_{i}^{0.5} + 0.0052782 n E T_{i}",
  "coefficients": [
    0.08853771656206266,
    0.01239169399895756,
    0.0003996854814739266,
    4.361248820934204e-05,
    0.017466671611236516,
    -0.0009442842694167171,
    -0.002976208382507903,
    -0.02505506604164137,
    -0.005813010047241841,
    0.0028387368962717895,
    -0.036697353830158326,
    0.0575787386922989,
    0.001653311616480584,
    0.0006520388423452953,
    0.00024072961030006577,
    0.001422315735497037,
    -0.012157641940365189,
    0.009039707758243531,
    0.0012785148525017364,
    0.0003066139961339794,
    0.004573494563557168,
    -0.003033030070726034,
    -0.003953122865737293,
    -0.031994883108563965,
    0.0008671454612881391,
    -0.0011539302092517974,
    0.007137077006712363,
    0.0010549620270341176,
    0.0013417939504169183,
    0.016317375822745547,
    0.0016359153132062686,
    -0.007658819346726924,
    0.008497873140753873,
    -0.00407251004584124,
    -0.014017166034391728,
    -0.0004205463310033048,
    0.0003538157615112323,
    0.003947665850047217,
    -0.03615035507404671,
    0.02116702006120624,
    0.006089728198855686,
    -0.00030048406625140123,
    -0.003237171403927557,
    -0.006989079072132496,
    0.0048388082135143555,
    0.005914692426902514,
    0.0011168390759238958,
    -0.0014839689496824351,
    0.001496683958975976,
    0.0007477987108703531,
    -0.0011509834654844535,
    0.0022426133476606794,
    -0.01408626340362494,
    -0.00101986760277516,
    -0.0037245703300055524,
    -0.04709960703643932,
    -0.06077467957745285,
    -3.122624671042843e-05,
    0.054161074619376734,
    0.04329344896046319,
    -0.03750046692068848,
    0.022739858452272884,
    -2.706601862026252e-06,
    0.0020239648753807744,
    -0.0011992883156281956,
    -0.0014683865097873654,
    -0.00026828972065916874,
    -0.03584440772730007,
    -0.14321115622436456,
    0.03598287100702209,
    0.0004054837102908939,
    -0.01953519095543874,
    0.018096131871301616,
    0.08335302486922026,
    -0.012881801036170985,
    0.00039573529874469904,
    0.03012892050953089,
    -0.003230996529853197,
    0.0011122853743941014,
    -0.002973971620341237,
    -0.012726957069539673,
    -0.005723149356908625,
    -0.004462458153047885,
    0.002743660562800332,
    0.17141009145967231,
    -0.16465984964876185,
    0.0824331581355284
  ],
  "val_sse_masked": 0.0001655767555348575,
  "val_nrmse_masked": 0.03502512723207474,
  "val_mse_masked": 5.519225396710681e-06,
  "val_r2_masked": 0.9987728595733643,
  "val_sse_full": 0.00016504825907759368,
  "val_nrmse_full": 0.034969184547662735,
  "val_mse_full": 5.50160893908469e-06,
  "val_r2_full": 0.9987767338752747,
  "iteration": 115,
  "p_lo_eff": 0.12967753410339355,
  "p_hi_eff": 1.9451630115509033,
  "f_lo_eff": 0.20659340918064117,
  "f_hi_eff": 1.6527472734451294
}