{
  "tag": "145_34966d0a",
  "lmb1": 0.0001290887375782764,
  "lmb2": 6.205228813964171e-08,
  "nonzero_count": 28,
  "complexity_norm": 0.22580645161290322,
  "train_gen_window": 0.04171281381328066,
  "generalizability": 0.038590800450608836,
  "equation": "0.07142 E^{0.5} n P^{-0.5} + 0.00011506 F dT_{i} - 0.0041907 P^{-1} F dT_{e} - 5.5719 \\cdot 10^{-5} P^{-1} F dT_{i} - 0.0022247 P^{-1} F dn + 0.00013438 P dn - 0.01922 T_{e}^{0.5} P^{-1} dn - 0.0088042 T_{e}^{0.5} T_{i}^{0.5} F dn + 0.00010316 T_{e}^{0.5} T_{i}^{0.5} P dn - 0.048502 T_{e} dn + 0.00031102 T_{i}^{0.5} F dT_{e} - 0.00018739 T_{i}^{0.5} F dn + 0.00022653 T_{i}^{0.5} P^{-1} dT_{e} + 0.00048446 T_{i}^{0.5} P dn + 6.8704 \\cdot 10^{-5} T_{i}^{0.5} dT_{e} + 7.5407 \\cdot 10^{-6} T_{i} P^{-1} dT_{e} + 0.00083657 T_{i} P^{-1} dn + 0.0090219 T_{i} P dn - 0.015443 n^{-1} F dn + 0.0026757 n^{-1} P^{-1} dn + 0.0015465 n^{-1} dn - 0.013363 n E^{0.5} T_{e}^{0.5} P^{-1} - 0.008602 n E^{0.5} T_{i}^{0.5} F - 0.017248 n E^{0.5} T_{i}^{0.5} P + 0.0014458 n E P^{-1} + 0.001625 n E T_{e}^{0.5} + 0.052318 n E T_{e}^{0.5} T_{i}^{0.5} + 0.0022564 n E T_{i}^{0.5}",
  "coefficients": [
    0.08853770516794673,
    0.006123879966670275,
    0.0023173244231688046,
    -0.007859818581404672,
    2.890576090085261e-06,
    -1.7354080481529756e-05,
    8.301577359102276e-05,
    2.6527495494598915e-06,
    5.139448049161925e-05,
    -0.001975510394361455,
    -6.880538688761745e-07,
    0.001810363212356114,
    2.6320730103556692e-05,
    -7.38935109412961e-05,
    -2.9179363275098188e-06,
    2.98558227936835e-05,
    -1.4054230675152402e-05,
    -7.34743317687654e-05,
    -3.1137879779089346e-06,
    -1.087717448244585e-05,
    3.3539393195287966e-05,
    -5.852253806041235e-06,
    -1.4047137919750933e-06,
    1.648657112556926e-05,
    5.1188341401300566e-05,
    -5.918885992436281e-06,
    2.943478291792176e-05,
    -0.004538659857281875,
    3.418910538669868e-05,
    8.573058247940737e-05,
    0.001288798540449647,
    0.00026326307163145133,
    0.0003718094634748757,
    0.00018252190510961388,
    5.264177386499501e-05,
    9.944416955832825e-05,
    2.4575425070315465e-05,
    1.3766131131174118e-05,
    3.472801240788857e-05,
    5.6307528219226715e-05,
    1.6333874582606302e-05,
    2.3254191323836952e-05,
    2.249883357432061e-05,
    2.6833545253763325e-05,
    1.1014037080254272e-05,
    -0.002812015828345601,
    -2.2462374390778466e-05,
    0.0001554804275649367,
    -8.836674020628932e-05,
    -3.255982676812675e-05,
    -0.00022954437188747476,
    0.0006326688094541549,
    0.0013047582136320607,
    -1.7840730326587602e-05,
    0.013499613883115451,
    -0.01732543499786256,
    -9.365947046934003e-05,
    -3.5509395601582744e-05,
    5.679154928418982e-05,
    -7.203859646064752e-05,
    -0.01045774891460997,
    0.0001286863435820016,
    -2.2580913719189558e-05,
    3.264575342700498e-05,
    -0.030828730337671462,
    -4.604189609629552e-05,
    -1.6235233309277327e-05,
    8.996178999455811e-06,
    -7.657760081699259e-05,
    1.3855390508327466e-06,
    5.9485672409730256e-06,
    -0.008547056217874341,
    -0.017889311126616424,
    7.021548730690267e-05,
    -0.011827582205420163,
    1.1652851848663022e-05,
    7.010300769707167e-05,
    -2.6089305541585797e-05,
    1.2679072179748122e-05,
    0.0006902004793875991,
    -4.211043125545938e-06,
    -5.6190119355941426e-05,
    0.0009414560642276939,
    5.699210457116404e-05,
    0.0005702280078656619,
    0.021156484396172195,
    0.03506376185986829
  ],
  "val_sse_masked": 0.0006365500739775598,
  "val_nrmse_masked": 0.06867463886737823,
  "val_mse_masked": 2.1218336769379675e-05,
  "val_r2_masked": 0.9952822327613831,
  "val_sse_full": 0.000630222843028605,
  "val_nrmse_full": 0.06833247095346451,
  "val_mse_full": 2.100742858601734e-05,
  "val_r2_full": 0.9953291416168213,
  "iteration": 145,
  "p_lo_eff": 0.12967753410339355,
  "p_hi_eff": 1.9451630115509033,
  "f_lo_eff": 0.20659340918064117,
  "f_hi_eff": 1.6527472734451294
}