{
  "tag": "81_e7716dd6",
  "lmb1": 0.001397902263876594,
  "lmb2": 0.00025002670403663496,
  "nonzero_count": 15,
  "complexity_norm": 0.12096774193548387,
  "train_gen_window": 0.0804560440798096,
  "generalizability": 0.08186145110322676,
  "equation": "0.063428 E^{0.5} n P^{-0.5} - 0.003955 P^{-1} F dT_{e} - 6.1161 \\cdot 10^{-5} P^{-1} F dT_{i} - 0.0021109 P^{-1} F dn - 0.00080768 T_{e}^{0.5} T_{i}^{0.5} F dn - 0.013759 T_{e}^{0.5} T_{i}^{0.5} dn - 0.035625 T_{e} dn - 0.0114 T_{i}^{0.5} P^{-1} dn + 0.00014885 T_{i} P dn + 0.00029965 n^{-1} P^{-1} dn + 6.0378 \\cdot 10^{-5} n^{-1} T_{i}^{0.5} dn + 0.0057507 n E^{0.5} T_{e}^{0.5} T_{i} - 0.018261 n E^{0.5} T_{i}^{0.5} P + 0.00016254 n E^{0.5} T_{i} + 0.030525 n E T_{e}^{0.5} T_{i}^{0.5}",
  "coefficients": [
    0.08853770472266803,
    0.0006858176291673057,
    2.2184105679079494e-05,
    -2.8706266916346623e-06,
    0.0002566882534010955,
    1.0723789178198802e-05,
    9.701270076875156e-06,
    1.228624813356282e-05,
    6.020324942261706e-06,
    -0.0021684446826025724,
    -3.261269298488243e-06,
    -3.63311156777532e-07,
    -2.7178367987156784e-06,
    -2.2745673592681538e-06,
    -3.097516645291955e-06,
    -5.430172124315616e-06,
    -2.1410081647468208e-06,
    -2.165157593934749e-06,
    -2.8620104928031408e-06,
    -1.9065237950645504e-06,
    -4.997288996392817e-06,
    -2.5781519137631573e-06,
    -2.663544748569873e-06,
    -1.0822747157668141e-06,
    -6.3927296952192905e-06,
    -2.4496459856129237e-06,
    -2.2768085010841372e-06,
    -0.004283387373948037,
    -5.171098153661518e-07,
    -3.079525798149159e-07,
    -6.843476004280041e-07,
    2.1728111773782036e-07,
    -1.246339544536579e-07,
    2.5759501432957416e-07,
    1.072525768932952e-06,
    4.84329853735906e-07,
    9.830590493256399e-07,
    -2.418938916172548e-06,
    -3.812864673053109e-07,
    -7.927913777942897e-08,
    -6.64395381582397e-09,
    1.211307885515192e-06,
    -6.957440823523276e-08,
    6.098184524010986e-07,
    1.3291583861380566e-06,
    -0.002668182566883034,
    -5.408764079274673e-06,
    3.3248143439439834e-05,
    -0.012223562026560211,
    -1.935112989972787e-05,
    -2.860170449106534e-05,
    2.1506724646494567e-05,
    -2.0820664622953947e-06,
    -7.858913587397087e-06,
    0.0002227280868735909,
    -9.055411546338948e-06,
    -2.4422892453350452e-05,
    -7.402168584975625e-06,
    -2.4415607739850616e-06,
    -0.010520624648313635,
    -0.000959371019024917,
    9.994494757485482e-06,
    -1.0399199722329175e-05,
    -1.172205213893777e-06,
    -0.022643533101659622,
    -9.609695941892892e-06,
    -9.933729513520733e-06,
    2.8362189474611144e-07,
    1.4359352124335366e-06,
    1.2360637051110723e-06,
    5.486352490996466e-06,
    1.4824188905135833e-06,
    -0.01894032180048986,
    0.00011406861460208188,
    -1.7045671120154478e-06,
    6.635462334061035e-06,
    0.003931534525282794,
    1.6585546240995923e-06,
    6.672910885868494e-06,
    4.995460231186338e-06,
    2.8654296920615232e-06,
    -1.047421604751534e-05,
    6.113108042063465e-05,
    7.333118445642919e-06,
    1.4105811032114758e-05,
    0.012343991084575404,
    0.031140101554881092
  ],
  "val_sse_masked": 0.0015484037576243281,
  "val_nrmse_masked": 0.10710806399583817,
  "val_mse_masked": 5.161346052773297e-05,
  "val_r2_masked": 0.9885240197181702,
  "val_sse_full": 0.0015105234924703836,
  "val_nrmse_full": 0.10578980296850204,
  "val_mse_full": 5.035078720538877e-05,
  "val_r2_full": 0.988804817199707,
  "iteration": 81,
  "p_lo_eff": 0.12967753410339355,
  "p_hi_eff": 1.9451630115509033,
  "f_lo_eff": 0.20659340918064117,
  "f_hi_eff": 1.6527472734451294
}