{
  "tag": "93_11e7c9ec",
  "lmb1": 8.747785271742762e-06,
  "lmb2": 0.02109952010601207,
  "nonzero_count": 78,
  "complexity_norm": 0.6290322580645161,
  "train_gen_window": 0.05900388212407726,
  "generalizability": 0.0447793902420451,
  "equation": "0.025005 E^{0.5} n P^{-0.5} + 0.0011504 F dT_{e} + 0.00030726 F dT_{i} - 0.0026996 F dn - 0.0034028 P^{-1} F dT_{e} - 0.00014892 P^{-1} F dT_{i} - 0.0044461 P^{-1} F dn - 6.7529 \\cdot 10^{-5} P^{-1} dT_{e} + 5.3691 \\cdot 10^{-5} P F dT_{i} + 0.0026376 P dn + 0.00081395 T_{e}^{0.5} F dT_{e} - 0.0032512 T_{e}^{0.5} F dn - 0.0078735 T_{e}^{0.5} P^{-1} dn + 1.5981 \\cdot 10^{-6} T_{e}^{0.5} T_{i}^{0.5} F dT_{i} - 0.0021357 T_{e}^{0.5} T_{i}^{0.5} F dn - 1.4213 \\cdot 10^{-6} T_{e}^{0.5} T_{i}^{0.5} P^{-1} dT_{i} + 0.00079416 T_{e}^{0.5} T_{i}^{0.5} P^{-1} dn + 4.4515 \\cdot 10^{-5} T_{e}^{0.5} T_{i}^{0.5} P dT_{e} + 0.003555 T_{e}^{0.5} T_{i}^{0.5} P dn - 0.0071213 T_{e}^{0.5} T_{i}^{0.5} dn - 6.6947 \\cdot 10^{-8} T_{e}^{0.5} T_{i} dT_{i} - 0.00076975 T_{e}^{0.5} T_{i} dn - 0.013201 T_{e}^{0.5} dn + 9.4762 \\cdot 10^{-5} T_{e} F dT_{i} - 0.0035088 T_{e} F dn + 0.00048058 T_{e} P^{-1} dn + 5.4499 \\cdot 10^{-6} T_{e} P dT_{i} + 4.0825 \\cdot 10^{-5} T_{e} T_{i}^{0.5} dT_{e} - 1.449 \\cdot 10^{-5} T_{e} T_{i} dT_{e} - 0.00057728 T_{e} T_{i} dn + 0.00023908 T_{e} dT_{e} - 0.01466 T_{e} dn + 0.00010235 T_{i}^{0.5} F dT_{e} - 0.0018633 T_{i}^{0.5} F dn + 0.00011932 T_{i}^{0.5} P^{-1} dT_{e} - 1.9481 \\cdot 10^{-6} T_{i}^{0.5} P^{-1} dT_{i} - 0.0050594 T_{i}^{0.5} P^{-1} dn - 5.5958 \\cdot 10^{-7} T_{i}^{0.5} P dT_{i} + 0.0036251 T_{i}^{0.5} P dn + 0.00018875 T_{i}^{0.5} dT_{e} - 8.3295 \\cdot 10^{-7} T_{i}^{0.5} dT_{i} - 0.006032 T_{i}^{0.5} dn - 4.8195 \\cdot 10^{-5} T_{i} F dT_{e} - 2.0332 \\cdot 10^{-7} T_{i} F dT_{i} + 4.8622 \\cdot 10^{-6} T_{i} P^{-1} dT_{e} + 0.0020375 T_{i} P^{-1} dn + 5.5782 \\cdot 10^{-5} T_{i} P dT_{e} + 0.0046303 T_{i} P dn + 2.3647 \\cdot 10^{-5} T_{i} dT_{e} - 0.00045458 T_{i} dn - 6.565 \\cdot 10^{-6} dT_{i} - 0.020105 n^{-1} F dn + 0.001843 n^{-1} P^{-1} dn + 0.00023682 n^{-1} T_{e}^{0.5} T_{i}^{0.5} dn + 0.0013593 n^{-1} T_{e}^{0.5} dn + 0.00090636 n^{-1} T_{e} dn + 0.0003988 n^{-1} T_{i}^{0.5} dn + 7.7055 \\cdot 10^{-6} n^{-1} T_{i} dn + 0.0018584 n^{-1} dn + 0.0012521 n E^{0.5} + 0.004721 n E^{0.5} P^{-1} - 0.004442 n E^{0.5} T_{e}^{0.5} P^{-1} + 0.0045876 n E^{0.5} T_{e}^{0.5} T_{i}^{0.5} + 0.0034642 n E^{0.5} T_{e}^{0.5} T_{i} + 0.0030119 n E^{0.5} T_{e} + 0.004517 n E^{0.5} T_{e} T_{i}^{0.5} + 0.0036884 n E^{0.5} T_{i}^{0.5} - 0.0057376 n E^{0.5} T_{i}^{0.5} F + 0.0010027 n E^{0.5} T_{i}^{0.5} P^{-1} - 0.010848 n E^{0.5} T_{i}^{0.5} P + 0.00333 n E^{0.5} T_{i} - 0.00060485 n E F + 0.0081403 n E P^{-1} - 0.0068763 n E P + 0.021381 n E T_{e}^{0.5} + 0.012848 n E T_{e}^{0.5} T_{i}^{0.5} + 0.012706 n E T_{i}^{0.5} + 0.0031778 n E T_{i}",
  "coefficients": [
    0.08853770638346092,
    0.004218189154418843,
    0.002784801935056872,
    -0.010232082501854499,
    0.0016954644887305394,
    0.0001447770085558559,
    0.0020858165993315456,
    0.0011485849268240878,
    0.0014913477395860739,
    -0.005279963203408174,
    -0.00039428920293954953,
    0.004834389134401373,
    0.0008341317047181982,
    -0.0008691867939811956,
    -0.0003169742439288499,
    -0.00023611583037284976,
    -0.00013996556891242583,
    -0.000788361232280773,
    -5.9669925427568006e-05,
    0.00019240200002500335,
    7.167649256153871e-05,
    -0.00021310135447864852,
    3.870468372904205e-05,
    0.0022656496316169708,
    0.0005157812968367129,
    -3.646091209258309e-05,
    -0.00012041282665549072,
    -0.0036853564425025093,
    7.623862218319191e-05,
    0.0004332130505157292,
    0.0006788735127948694,
    0.0007232837370033814,
    0.00012235172753675012,
    0.00011768926349118908,
    0.0004076458278455534,
    -0.00024800785803779296,
    0.0009885167372280198,
    -7.34765973416874e-05,
    0.0003385118890531922,
    -4.2146754024790156e-05,
    0.00019606398449619226,
    -2.753567113172135e-05,
    0.00034855259000181164,
    0.0001991764365155152,
    -0.0003423323055856762,
    -0.005619890847741158,
    -0.002888152786058378,
    0.003051834503779104,
    -0.005424923338218021,
    -0.004781816342114378,
    -0.0022825360370744966,
    0.004734104916902051,
    0.0031778431700620366,
    -0.0004303022438508073,
    0.0069282895412438985,
    -0.007097254100436967,
    -0.008703975966490914,
    -0.0033612233877967036,
    0.000979955549653765,
    -0.005445152104549819,
    -0.0025368120910673167,
    0.004434490899900738,
    -0.0007127036381017085,
    0.000501814756395999,
    -0.009318012074263348,
    -0.0035149392745487383,
    -0.0005297244861625081,
    0.003609494726533732,
    0.0006911312317949879,
    0.0009444706629858743,
    0.0022751796973043826,
    -0.005700894496483638,
    -0.01125096485950935,
    0.0023369540775901227,
    -0.0039316725922125435,
    0.002735874103285827,
    0.0023682967811761236,
    0.001548783828451166,
    0.002619375411779718,
    0.0038860618929553877,
    -0.0003453028971363189,
    -0.0041770942179009994,
    0.005301306113318197,
    0.0016518709129950688,
    0.007502658665682152,
    0.005195647343992442,
    0.012276221847458161
  ],
  "val_sse_masked": 0.0007795738056302071,
  "val_nrmse_masked": 0.07599914073944092,
  "val_mse_masked": 2.5985795218730345e-05,
  "val_r2_masked": 0.9942222237586975,
  "val_sse_full": 0.000778215064201504,
  "val_nrmse_full": 0.07593288272619247,
  "val_mse_full": 2.5940504201571457e-05,
  "val_r2_full": 0.9942322969436646,
  "iteration": 93,
  "p_lo_eff": 0.12967753410339355,
  "p_hi_eff": 1.9451630115509033,
  "f_lo_eff": 0.20659340918064117,
  "f_hi_eff": 1.6527472734451294
}