{
  "tag": "53_2a6525ad",
  "lmb1": 2.8665538317449457e-06,
  "lmb2": 1e-08,
  "nonzero_count": 80,
  "complexity_norm": 0.6451612903225806,
  "train_gen_window": 0.018443387025977285,
  "generalizability": 0.013230494624236038,
  "equation": "0.15937 E^{0.5} n P^{-0.5} + 0.026374 F dT_{e} + 0.0032017 F dT_{i} + 0.0001911 P^{-1} F dT_{e} + 5.9583 \\cdot 10^{-5} P^{-1} F dT_{i} + 0.0033129 P^{-1} F dn + 0.0048409 P^{-1} dT_{e} + 8.3539 \\cdot 10^{-5} P F dT_{i} - 0.0014879 P dn - 0.062297 T_{e}^{0.5} F dT_{e} - 0.00047009 T_{e}^{0.5} F dn + 0.00061762 T_{e}^{0.5} P^{-1} dT_{e} - 0.047519 T_{e}^{0.5} P^{-1} dn + 0.015023 T_{e}^{0.5} T_{i}^{0.5} F dT_{e} - 0.025748 T_{e}^{0.5} T_{i}^{0.5} F dn + 3.7193 \\cdot 10^{-6} T_{e}^{0.5} T_{i}^{0.5} P^{-1} dT_{i} + 0.038678 T_{e}^{0.5} T_{i}^{0.5} P^{-1} dn + 0.0014583 T_{e}^{0.5} T_{i}^{0.5} P dT_{e} + 5.6026 \\cdot 10^{-6} T_{e}^{0.5} T_{i}^{0.5} P dT_{i} + 0.015783 T_{e}^{0.5} T_{i}^{0.5} P dn + 1.3234 \\cdot 10^{-6} T_{e}^{0.5} T_{i}^{0.5} dT_{i} + 0.041836 T_{e}^{0.5} T_{i}^{0.5} dn - 2.6157 \\cdot 10^{-5} T_{e}^{0.5} T_{i} dT_{e} - 5.7388 \\cdot 10^{-7} T_{e}^{0.5} T_{i} dT_{i} + 0.0012098 T_{e}^{0.5} T_{i} dn - 0.089174 T_{e}^{0.5} dn - 0.00093977 T_{e} F dT_{i} - 0.0012618 T_{e} F dn + 0.0040292 T_{e} P^{-1} dn + 1.1099 \\cdot 10^{-5} T_{e} P dT_{i} - 0.0008219 T_{e} T_{i}^{0.5} dT_{e} + 3.7722 \\cdot 10^{-5} T_{e} T_{i} dT_{e} - 1.6959 \\cdot 10^{-7} T_{e} T_{i} dT_{i} + 0.0010148 T_{e} T_{i} dn - 0.0027077 T_{e} dT_{e} - 4.2789 \\cdot 10^{-5} T_{e} dT_{i} - 0.0023921 T_{e} dn + 0.0043393 T_{i}^{0.5} F dT_{e} - 0.0012869 T_{i}^{0.5} F dn + 0.00024308 T_{i}^{0.5} P^{-1} dT_{e} + 8.5622 \\cdot 10^{-7} T_{i}^{0.5} P^{-1} dT_{i} + 2.6071 \\cdot 10^{-6} T_{i}^{0.5} P dT_{i} + 0.0014961 T_{i}^{0.5} P dn - 0.0029471 T_{i}^{0.5} dT_{e} + 0.0013954 T_{i}^{0.5} dn - 1.1014 \\cdot 10^{-5} T_{i} F dT_{i} - 9.4097 \\cdot 10^{-5} T_{i} P^{-1} dT_{e} - 0.0070363 T_{i} P^{-1} dn + 5.2102 \\cdot 10^{-5} T_{i} P dT_{e} - 0.00058571 T_{i} dT_{e} + 0.00064094 T_{i} dn + 0.0019983 dT_{e} - 0.00056256 dT_{i} + 0.00038775 n^{-1} F dn + 0.0046251 n^{-1} P^{-1} dn - 0.0033106 n^{-1} T_{e}^{0.5} T_{i}^{0.5} dn - 0.0010061 n^{-1} T_{e}^{0.5} dn - 0.0024499 n^{-1} T_{e} dn + 0.0016204 n^{-1} T_{i}^{0.5} dn - 0.00010849 n^{-1} T_{i} dn + 0.0006578 n^{-1} dn - 0.24075 n E^{0.5} - 0.036376 n E^{0.5} P^{-1} - 0.018109 n E^{0.5} T_{e}^{0.5} P^{-1} + 0.001336 n E^{0.5} T_{e}^{0.5} T_{i}^{0.5} + 0.045641 n E^{0.5} T_{e}^{0.5} T_{i} - 0.0017995 n E^{0.5} T_{e} + 0.002904 n E^{0.5} T_{e} T_{i}^{0.5} + 0.00094394 n E^{0.5} T_{i}^{0.5} - 0.021584 n E^{0.5} T_{i}^{0.5} F + 0.031707 n E^{0.5} T_{i}^{0.5} P^{-1} + 0.015555 n E^{0.5} T_{i}^{0.5} P + 0.10441 n E^{0.5} T_{i} - 0.013392 n E F - 0.00036352 n E P^{-1} - 0.0082552 n E P + 0.40361 n E T_{e}^{0.5} - 0.34101 n E T_{e}^{0.5} T_{i}^{0.5} - 0.0065401 n E T_{i}^{0.5} - 0.00031421 n E T_{i}",
  "coefficients": [
    0.08853771539320615,
    0.01058546176675966,
    0.0009856911414697766,
    0.00019734165668784437,
    0.006889096245057249,
    -0.0020384202987120165,
    -0.0015438792455022463,
    -0.016056343898755213,
    -0.004031050727739721,
    0.002112513763027036,
    -0.03378696965231665,
    0.05037515932468263,
    0.0012978605983662837,
    0.0003820305436663334,
    -6.880589551333158e-05,
    0.0011000764707352567,
    -0.007582067472260489,
    0.0020629978247441528,
    0.0006046546078972455,
    1.7906391003301068e-05,
    0.0027445798712364055,
    -0.0018267193316372963,
    -0.003736971669908716,
    -0.022468930077840836,
    0.0010504692960842462,
    -0.0006501887927450207,
    0.008632048534699184,
    0.00020696626800898615,
    0.002582813897395579,
    0.009931432151284312,
    0.001382967404374394,
    -0.011293036091071856,
    0.005187489621349811,
    -0.002277616983199441,
    -0.010096736091845172,
    -1.9860156683388936e-05,
    0.0009232911239749676,
    0.0012643854251022817,
    -0.02590866553787658,
    0.020429504406003742,
    0.006422922609787364,
    -0.0005253201978913733,
    -0.00394746469361256,
    -0.004009883822631589,
    0.0008912183956524065,
    0.004187440691332802,
    3.763231580662294e-05,
    -0.0017216484837898204,
    -9.149105219290264e-05,
    0.0011062186806705706,
    -0.0015764703590320037,
    0.001953822333340605,
    -0.010974091642231298,
    0.0006067023676921152,
    5.4852091117084997e-05,
    -0.04283469190679735,
    -0.05879793572896632,
    -0.0004859975465044275,
    0.047727075979678624,
    0.03198860392104116,
    -0.030583740310241112,
    0.019687703012926633,
    0.0011201462863852857,
    0.00420726767404109,
    -0.0015204481721628068,
    -0.0012640652367343394,
    0.0009311954985984381,
    -0.027811383643503412,
    -0.13289205980795024,
    0.02986466373704486,
    0.00058226712716659,
    -0.02144579430081117,
    0.01613330927425066,
    0.0732759644121718,
    -0.01602803832133455,
    0.0007967392260735938,
    0.0312028256334301,
    -0.0009253391770934508,
    0.0016839946068262486,
    -0.00017354033362737228,
    -0.007645429550859804,
    -0.005014714953660465,
    -0.002728752170299627,
    -0.0001633284009577734,
    0.14163059146736703,
    -0.13789882258249872,
    0.07824182575374453
  ],
  "val_sse_masked": 0.0001724629692034796,
  "val_nrmse_masked": 0.03574604541063309,
  "val_mse_masked": 5.748765943280887e-06,
  "val_r2_masked": 0.9987217783927917,
  "val_sse_full": 0.00017566037422511727,
  "val_nrmse_full": 0.03607587888836861,
  "val_mse_full": 5.855345989402849e-06,
  "val_r2_full": 0.9986981153488159,
  "iteration": 53,
  "p_lo_eff": 0.12967753410339355,
  "p_hi_eff": 1.9451630115509033,
  "f_lo_eff": 0.20659340918064117,
  "f_hi_eff": 1.6527472734451294
}