{
  "tag": "464_3de80340",
  "lmb1": 0.00027602617201815684,
  "lmb2": 0.0003942154148517688,
  "nonzero_count": 27,
  "complexity_norm": 0.21774193548387097,
  "train_gen_window": 0.047825160899240174,
  "generalizability": 0.04583691412305659,
  "equation": "0.055681 E^{0.5} n P^{-0.5} + 4.0477 \\cdot 10^{-5} F dT_{i} - 0.0039073 P^{-1} F dT_{e} - 6.2323 \\cdot 10^{-5} P^{-1} F dT_{i} - 0.0037794 P^{-1} F dn + 0.00027668 P dn - 0.006503 T_{e}^{0.5} P^{-1} dn - 0.00010681 T_{e}^{0.5} T_{i}^{0.5} F dn - 0.00077415 T_{e}^{0.5} T_{i}^{0.5} dn - 0.00068842 T_{e}^{0.5} dn + 4.4361 \\cdot 10^{-5} T_{e} T_{i}^{0.5} dT_{e} - 0.062422 T_{e} dn + 9.1077 \\cdot 10^{-5} T_{i}^{0.5} F dT_{e} - 0.0050951 T_{i}^{0.5} P^{-1} dn + 0.0012468 T_{i}^{0.5} P dn + 0.00010835 T_{i}^{0.5} dT_{e} + 0.0075678 T_{i} P dn - 0.0083448 n^{-1} F dn + 0.0015521 n^{-1} P^{-1} dn + 0.00095439 n^{-1} dn - 0.005593 n E^{0.5} T_{e}^{0.5} P^{-1} + 0.00080685 n E^{0.5} T_{e}^{0.5} T_{i} - 0.020595 n E^{0.5} T_{i}^{0.5} P + 0.00053774 n E^{0.5} T_{i} + 0.0003622 n E T_{e}^{0.5} + 0.046096 n E T_{e}^{0.5} T_{i}^{0.5} + 0.013505 n E T_{i}^{0.5}",
  "coefficients": [
    0.08853770366619501,
    0.0035523896274767468,
    0.0014301271232207125,
    -0.004247049357643995,
    2.239849665790608e-06,
    -5.336780324330501e-06,
    1.7874797310477815e-05,
    -1.8514764233776536e-06,
    5.38862435242535e-06,
    -0.0022096665555822637,
    5.852460713010035e-06,
    0.0006368597182780605,
    1.6660143386108552e-05,
    -6.695566356006859e-06,
    1.5465434820701524e-06,
    6.936967705046826e-06,
    -3.7444597546932497e-06,
    -6.599378099104966e-06,
    1.8451671252181735e-06,
    -1.3711173434677987e-08,
    7.705503736748542e-06,
    -1.305848009676606e-06,
    7.737671641653271e-06,
    1.8897714086299103e-05,
    1.4683390547420494e-05,
    -1.3727714668143504e-06,
    6.8910399404146635e-06,
    -0.0042317010809108414,
    1.7846557722129952e-05,
    3.7495758492871145e-05,
    4.427878976990479e-05,
    0.0004151773298631912,
    0.00010887811796192504,
    9.385486905249197e-05,
    4.7289468294187296e-05,
    7.14033318095519e-05,
    1.1273541611553331e-05,
    4.737112498446808e-06,
    3.1440673857788976e-05,
    5.850875637029883e-05,
    1.173639015287479e-05,
    3.564753593679145e-05,
    5.657268472012399e-05,
    0.0002164292494125662,
    2.832375402356106e-05,
    -0.00477717029151093,
    -1.2670369412548125e-05,
    0.00032013506983456487,
    -0.005463131890064569,
    -5.4320380827650565e-05,
    -5.440908278147738e-05,
    0.001628280087617631,
    3.3819579720116014e-06,
    -2.6125063619908442e-05,
    0.011323752421505103,
    -0.005861873421312838,
    -0.00045391938196541535,
    -1.7770365466664433e-05,
    -4.220166462889517e-08,
    -0.0005919340928995971,
    -0.00012686950355006202,
    9.429964836304816e-05,
    -4.792134115053028e-05,
    1.1889418265885673e-06,
    -0.03967642827658478,
    -2.2339623958123966e-05,
    -6.707833012195268e-05,
    -1.1661697538417125e-06,
    -1.6174480246647918e-06,
    1.4233943497200097e-06,
    1.4681254689404834e-05,
    -1.11763165204556e-05,
    -0.02136079691429021,
    0.00037738241867880495,
    -0.004950353608643667,
    1.8175373700717894e-05,
    0.0005516076041724927,
    9.380294694360503e-09,
    1.7788419874613346e-05,
    3.3877804250210247e-05,
    8.385897473396738e-07,
    -7.287835144403521e-05,
    0.005634675418102311,
    6.829118566346031e-05,
    0.00012709902584085705,
    0.01864063785752047,
    0.0273364080319079
  ],
  "val_sse_masked": 0.0007285687606781721,
  "val_nrmse_masked": 0.07347089797258377,
  "val_mse_masked": 2.4285627659992315e-05,
  "val_r2_masked": 0.994600236415863,
  "val_sse_full": 0.000720599084161222,
  "val_nrmse_full": 0.07306794822216034,
  "val_mse_full": 2.4019971533562057e-05,
  "val_r2_full": 0.9946593046188354,
  "iteration": 464,
  "p_lo_eff": 0.12967753410339355,
  "p_hi_eff": 1.9451630115509033,
  "f_lo_eff": 0.20659340918064117,
  "f_hi_eff": 1.6527472734451294
}