{
  "tag": "352_03abe568",
  "lmb1": 4.476339301626686e-06,
  "lmb2": 1e-08,
  "nonzero_count": 84,
  "complexity_norm": 0.6774193548387096,
  "train_gen_window": 0.021530887493276203,
  "generalizability": 0.014419198640875387,
  "equation": "0.14509 E^{0.5} n P^{-0.5} + 0.0034989 F dT_{e} + 0.002491 F dT_{i} - 0.00059965 F dn - 0.0003844 P^{-1} F dT_{e} + 4.5733 \\cdot 10^{-5} P^{-1} F dT_{i} + 0.0017224 P^{-1} F dn + 0.0032591 P^{-1} dT_{e} + 4.8319 \\cdot 10^{-5} P F dT_{i} - 0.0037609 P dn - 0.028425 T_{e}^{0.5} F dT_{e} - 0.0012634 T_{e}^{0.5} F dn + 0.00029698 T_{e}^{0.5} P^{-1} dT_{e} - 0.049642 T_{e}^{0.5} P^{-1} dn + 0.0099564 T_{e}^{0.5} T_{i}^{0.5} F dT_{e} - 4.2422 \\cdot 10^{-6} T_{e}^{0.5} T_{i}^{0.5} F dT_{i} - 0.019029 T_{e}^{0.5} T_{i}^{0.5} F dn + 0.03127 T_{e}^{0.5} T_{i}^{0.5} P^{-1} dn + 0.0011661 T_{e}^{0.5} T_{i}^{0.5} P dT_{e} + 3.1717 \\cdot 10^{-6} T_{e}^{0.5} T_{i}^{0.5} P dT_{i} + 0.016413 T_{e}^{0.5} T_{i}^{0.5} P dn + 0.0072652 T_{e}^{0.5} T_{i}^{0.5} dn - 5.4713 \\cdot 10^{-5} T_{e}^{0.5} T_{i} dT_{e} - 2.6854 \\cdot 10^{-7} T_{e}^{0.5} T_{i} dT_{i} + 0.0044752 T_{e}^{0.5} T_{i} dn - 0.069787 T_{e}^{0.5} dn - 0.00048773 T_{e} F dT_{i} - 0.0024564 T_{e} F dn + 0.012716 T_{e} P^{-1} dn + 1.8015 \\cdot 10^{-5} T_{e} P dT_{i} - 0.000792 T_{e} T_{i}^{0.5} dT_{e} - 9.1369 \\cdot 10^{-6} T_{e} T_{i} dT_{e} - 5.6559 \\cdot 10^{-8} T_{e} T_{i} dT_{i} + 0.0034249 T_{e} T_{i} dn - 0.0033905 T_{e} dT_{e} - 0.0001405 T_{e} dT_{i} - 0.0035715 T_{e} dn + 0.0038472 T_{i}^{0.5} F dT_{e} - 0.0016375 T_{i}^{0.5} F dn + 0.00053706 T_{i}^{0.5} P^{-1} dT_{e} - 1.0846 \\cdot 10^{-6} T_{i}^{0.5} P^{-1} dT_{i} - 0.00074784 T_{i}^{0.5} P^{-1} dn + 1.3085 \\cdot 10^{-6} T_{i}^{0.5} P dT_{i} + 0.0012739 T_{i}^{0.5} P dn - 0.0019238 T_{i}^{0.5} dT_{e} - 8.2527 \\cdot 10^{-7} T_{i}^{0.5} dT_{i} + 0.0015681 T_{i}^{0.5} dn + 7.1063 \\cdot 10^{-5} T_{i} F dT_{e} - 6.3398 \\cdot 10^{-6} T_{i} F dT_{i} - 1.8316 \\cdot 10^{-5} T_{i} P^{-1} dT_{e} - 0.0041384 T_{i} P^{-1} dn + 8.3344 \\cdot 10^{-5} T_{i} P dT_{e} + 0.0021362 T_{i} P dn - 0.00046306 T_{i} dT_{e} + 0.0041343 T_{i} dn + 0.0021257 dT_{e} - 0.00035679 dT_{i} + 0.00023992 n^{-1} F dn + 0.0037128 n^{-1} P^{-1} dn - 0.0016368 n^{-1} T_{e}^{0.5} T_{i}^{0.5} dn - 0.00045371 n^{-1} T_{e}^{0.5} dn - 0.0014085 n^{-1} T_{e} dn + 0.00017683 n^{-1} T_{i}^{0.5} dn - 0.00029056 n^{-1} T_{i} dn + 0.00061088 n^{-1} dn - 0.19938 n E^{0.5} - 0.02509 n E^{0.5} P^{-1} - 0.020162 n E^{0.5} T_{e}^{0.5} P^{-1} + 0.0015329 n E^{0.5} T_{e}^{0.5} T_{i}^{0.5} + 0.057642 n E^{0.5} T_{e}^{0.5} T_{i} - 0.0005756 n E^{0.5} T_{e} + 0.0040627 n E^{0.5} T_{e} T_{i}^{0.5} + 0.0008389 n E^{0.5} T_{i}^{0.5} - 0.023975 n E^{0.5} T_{i}^{0.5} F + 0.023631 n E^{0.5} T_{i}^{0.5} P^{-1} + 0.012449 n E^{0.5} T_{i}^{0.5} P + 0.067632 n E^{0.5} T_{i} - 0.0053474 n E F + 0.0059767 n E P^{-1} - 0.0056495 n E P + 0.27856 n E T_{e}^{0.5} - 0.22667 n E T_{e}^{0.5} T_{i}^{0.5} - 0.004539 n E T_{i}^{0.5} - 0.011645 n E T_{i}",
  "coefficients": [
    0.08853771438579289,
    0.008497595997099223,
    0.0009153863652101731,
    0.00012210568161164512,
    0.0007517511164613426,
    -0.005459270026568779,
    -0.0006962263923691609,
    -0.007938357976787283,
    -0.0023176277117692387,
    0.0016214523148705712,
    -0.021428446938603688,
    0.039193521505350604,
    0.0007506817397276911,
    -0.00048393131736293904,
    -0.0003140510923525247,
    0.0005521210839792275,
    -0.004364391996857619,
    -2.7758209919704247e-05,
    7.211093386311684e-05,
    -0.0005107488977135624,
    0.0015537439543758134,
    -0.0008548076075114989,
    -0.012270296260629816,
    -0.01166099625205059,
    0.001705003811251385,
    -0.00021684118168223052,
    0.005811482584922956,
    -0.0004163138117900546,
    0.0027474003991335783,
    0.0013175741897338408,
    0.0030554967543364045,
    -0.0073716263350953075,
    0.004599117056922029,
    -0.00044334103560659356,
    -0.00798250264806575,
    0.0003656840670193111,
    0.001476929996603426,
    0.0006079664875143161,
    -0.011821756848581897,
    0.013539462964732355,
    0.005135884424714564,
    -0.0010988232818678893,
    -0.0049429422641786725,
    -0.003864028662856404,
    -0.00021586694562388876,
    0.0021770991172198337,
    -0.0006415358392154761,
    -0.004351655424474265,
    -0.0008018587668003593,
    0.0012430841628135278,
    -0.0020059473023873575,
    0.0016636637550743697,
    -0.006454432074155119,
    0.003913456884609723,
    0.0031964054883661646,
    -0.044748254075745585,
    -0.046014817067630616,
    -0.0013061951442883424,
    0.03858639229570113,
    0.005555194618315693,
    -0.022603122620834897,
    0.020473309968506326,
    0.004143573905310396,
    0.013277426137090079,
    -0.0022700809948644333,
    -0.002460738327271798,
    0.0031427887289968617,
    -0.01918284038101396,
    -0.11005854386772011,
    0.02225794980187895,
    0.0005174731076293152,
    -0.02382189412588608,
    0.012912159401767391,
    0.04746377743508211,
    -0.017845594794203015,
    0.0009141902411982512,
    0.03940726437886008,
    -0.00029598625185056057,
    0.002355911228906569,
    0.002853166797122801,
    -0.0030527706136007295,
    -0.0034318429084088877,
    -0.0018938289461275385,
    -0.00605329837680833,
    0.09775020946216673,
    -0.09166239129850899,
    0.07123096359917581
  ],
  "val_sse_masked": 0.00019373126269783825,
  "val_nrmse_masked": 0.03788610175251961,
  "val_mse_masked": 6.457709332607919e-06,
  "val_r2_masked": 0.9985641837120056,
  "val_sse_full": 0.0001935108593897894,
  "val_nrmse_full": 0.03786454722285271,
  "val_mse_full": 6.450362434406998e-06,
  "val_r2_full": 0.9985657930374146,
  "iteration": 352,
  "p_lo_eff": 0.12967753410339355,
  "p_hi_eff": 1.9451630115509033,
  "f_lo_eff": 0.20659340918064117,
  "f_hi_eff": 1.6527472734451294
}