{
  "tag": "362_862c9111",
  "lmb1": 3.3615359432297987e-07,
  "lmb2": 3.1992295654863216e-06,
  "nonzero_count": 86,
  "complexity_norm": 0.6935483870967742,
  "train_gen_window": 0.013373422541228974,
  "generalizability": 0.021254526226091218,
  "equation": "0.17792 E^{0.5} n P^{-0.5} + 0.079223 F dT_{e} + 0.0054497 F dT_{i} + 0.018355 F dn + 0.0017155 P^{-1} F dT_{e} + 7.6047 \\cdot 10^{-5} P^{-1} F dT_{i} + 0.0074395 P^{-1} F dn - 0.0010695 P^{-1} dT_{e} - 0.00022389 P F dT_{i} - 0.018892 P dn - 0.14629 T_{e}^{0.5} F dT_{e} + 0.0037151 T_{e}^{0.5} F dn + 0.0069745 T_{e}^{0.5} P^{-1} dT_{e} - 0.07421 T_{e}^{0.5} P^{-1} dn + 0.023544 T_{e}^{0.5} T_{i}^{0.5} F dT_{e} - 7.4302 \\cdot 10^{-5} T_{e}^{0.5} T_{i}^{0.5} F dT_{i} - 0.042626 T_{e}^{0.5} T_{i}^{0.5} F dn + 7.2158 \\cdot 10^{-5} T_{e}^{0.5} T_{i}^{0.5} P^{-1} dT_{i} + 0.044721 T_{e}^{0.5} T_{i}^{0.5} P^{-1} dn + 0.0028116 T_{e}^{0.5} T_{i}^{0.5} P dT_{e} + 1.1467 \\cdot 10^{-5} T_{e}^{0.5} T_{i}^{0.5} P dT_{i} + 0.024568 T_{e}^{0.5} T_{i}^{0.5} P dn + 6.3048 \\cdot 10^{-5} T_{e}^{0.5} T_{i}^{0.5} dT_{i} + 0.11679 T_{e}^{0.5} T_{i}^{0.5} dn - 0.00010576 T_{e}^{0.5} T_{i} dT_{e} - 2.2326 \\cdot 10^{-6} T_{e}^{0.5} T_{i} dT_{i} + 0.0058923 T_{e}^{0.5} T_{i} dn - 0.11162 T_{e}^{0.5} dn - 0.0022411 T_{e} F dT_{i} - 0.024665 T_{e} F dn + 0.0079651 T_{e} P^{-1} dn + 4.8116 \\cdot 10^{-5} T_{e} P dT_{i} - 0.0072535 T_{e} T_{i}^{0.5} dT_{e} + 0.0011622 T_{e} T_{i} dT_{e} - 2.8462 \\cdot 10^{-7} T_{e} T_{i} dT_{i} + 0.019396 T_{e} T_{i} dn + 0.0027196 T_{e} dT_{e} - 9.7264 \\cdot 10^{-5} T_{e} dT_{i} - 0.0099061 T_{e} dn + 0.014893 T_{i}^{0.5} F dT_{e} - 0.0002496 T_{i}^{0.5} F dn + 0.0017647 T_{i}^{0.5} P^{-1} dT_{e} - 6.8015 \\cdot 10^{-5} T_{i}^{0.5} P^{-1} dT_{i} + 0.017353 T_{i}^{0.5} P^{-1} dn - 1.0996 \\cdot 10^{-5} T_{i}^{0.5} P dT_{i} + 0.034358 T_{i}^{0.5} P dn + 0.00071119 T_{i}^{0.5} dT_{e} + 1.2632 \\cdot 10^{-6} T_{i}^{0.5} dT_{i} + 0.00054106 T_{i}^{0.5} dn - 0.0037734 T_{i} F dT_{e} - 2.195 \\cdot 10^{-5} T_{i} F dT_{i} - 0.00037502 T_{i} P^{-1} dT_{e} - 0.014338 T_{i} P^{-1} dn - 0.00041796 T_{i} P dT_{e} - 0.021798 T_{i} P dn - 0.00070555 T_{i} dT_{e} - 0.043395 T_{i} dn - 0.003513 dT_{e} - 0.00075785 dT_{i} + 0.0031607 n^{-1} F dn + 0.0060232 n^{-1} P^{-1} dn - 0.01278 n^{-1} T_{e}^{0.5} T_{i}^{0.5} dn - 0.0072964 n^{-1} T_{e}^{0.5} dn - 0.0021514 n^{-1} T_{e} dn + 0.013517 n^{-1} T_{i}^{0.5} dn + 0.00022081 n^{-1} T_{i} dn - 0.0018591 n^{-1} dn - 0.24147 n E^{0.5} - 0.065554 n E^{0.5} P^{-1} - 0.0039461 n E^{0.5} T_{e}^{0.5} P^{-1} - 0.0060975 n E^{0.5} T_{e}^{0.5} T_{i}^{0.5} + 0.058267 n E^{0.5} T_{e}^{0.5} T_{i} - 0.058342 n E^{0.5} T_{e} + 0.0066799 n E^{0.5} T_{e} T_{i}^{0.5} + 0.00070518 n E^{0.5} T_{i}^{0.5} - 0.015084 n E^{0.5} T_{i}^{0.5} F + 0.049287 n E^{0.5} T_{i}^{0.5} P^{-1} + 0.019232 n E^{0.5} T_{i}^{0.5} P + 0.11862 n E^{0.5} T_{i} - 0.050119 n E F - 0.024741 n E P^{-1} - 0.007901 n E P + 0.6095 n E T_{e}^{0.5} - 0.36673 n E T_{e}^{0.5} T_{i}^{0.5} - 0.12136 n E T_{i}^{0.5} + 0.012027 n E T_{i}",
  "coefficients": [
    0.08853771813355327,
    0.013785427224463251,
    -0.002785780132000885,
    0.0016086138761352876,
    0.05746372647195585,
    0.004148774413218967,
    -0.011196342785718308,
    -0.06198322436045396,
    -0.0035398860428617306,
    0.002696253486921296,
    -0.04551583300211414,
    0.08574577832558623,
    -0.0034784007858209842,
    -0.030347096541405563,
    0.0004807034250564283,
    -0.004639798041798747,
    -0.015110359291207513,
    0.04002444131053917,
    0.028806168460826006,
    -0.008945758503357664,
    0.005617680092051444,
    -0.007106531240954788,
    -0.008494452384381986,
    -0.05358177663817039,
    0.004553746333073555,
    -0.0010912074289438928,
    -0.001907099498801663,
    0.001857913838499193,
    -0.00454050387644325,
    0.029832428842338787,
    0.010040126755749055,
    0.0027251856962936458,
    0.01780355574958643,
    -0.009077397113696314,
    -0.01216264840669604,
    -0.019417800353855943,
    -0.007406681433286318,
    0.01427820057338538,
    -0.0608393020000851,
    0.0320163869095244,
    0.01238338566737594,
    -0.0021239979653093783,
    0.003964877152456957,
    -0.035388366872075826,
    0.027458849852868103,
    0.009403524891415813,
    0.019636876147596825,
    -0.021859022785354332,
    0.018606282566617248,
    0.0004289272535818161,
    -0.0003057597945163165,
    0.044868959095658335,
    -0.022362375275386887,
    -0.04107763561225635,
    -0.03261654548897376,
    -0.06689428663517637,
    -0.07359593581253582,
    0.0038408311449940544,
    0.055184471261708244,
    0.0892972116066901,
    -0.0506317035297321,
    0.03064675660640266,
    0.0054555886418904305,
    0.008317054844875155,
    -0.006296496319482458,
    -0.02470871266429083,
    0.017798715561270724,
    -0.050119779939825256,
    -0.13328975627923512,
    0.046423993594933,
    0.00043498481795616745,
    -0.014987940041432533,
    0.01994740834674646,
    0.08324759782543865,
    -0.0034926837669927487,
    -0.003636372645897421,
    0.03983437943341454,
    -0.030001181445127513,
    0.0038736349990947834,
    -0.011811123028603432,
    -0.028612587530976064,
    -0.004799586236070325,
    -0.050635943821102675,
    0.006251829911095251,
    0.21387941540061686,
    -0.14830054618907157,
    0.0873521737208985
  ],
  "val_sse_masked": 0.0001435404410585761,
  "val_nrmse_masked": 0.03261123225092888,
  "val_mse_masked": 4.784681550518144e-06,
  "val_r2_masked": 0.9989361763000488,
  "val_sse_full": 0.0001435404410585761,
  "val_nrmse_full": 0.03261123225092888,
  "val_mse_full": 4.784681550518144e-06,
  "val_r2_full": 0.9989361763000488,
  "iteration": 362,
  "p_lo_eff": 0.12967753410339355,
  "p_hi_eff": 1.9451630115509033,
  "f_lo_eff": 0.20659340918064117,
  "f_hi_eff": 1.6527472734451294
}