{
  "tag": "249_1c2f7eb1",
  "lmb1": 4.991579564338573e-07,
  "lmb2": 0.027636447311267184,
  "nonzero_count": 77,
  "complexity_norm": 0.6209677419354839,
  "train_gen_window": 0.06204763795266452,
  "generalizability": 0.0469623327392521,
  "equation": "0.022739 E^{0.5} n P^{-0.5} + 0.0014058 F dT_{e} + 0.00027645 F dT_{i} - 0.0026767 F dn - 0.0034826 P^{-1} F dT_{e} - 0.00014701 P^{-1} F dT_{i} - 0.0043405 P^{-1} F dn - 0.00012209 P^{-1} dT_{e} + 6.34 \\cdot 10^{-5} P F dT_{i} + 0.0029128 P dn + 0.0010572 T_{e}^{0.5} F dT_{e} - 0.0031481 T_{e}^{0.5} F dn - 0.0001347 T_{e}^{0.5} P^{-1} dT_{e} - 0.0072768 T_{e}^{0.5} P^{-1} dn + 2.1182 \\cdot 10^{-6} T_{e}^{0.5} T_{i}^{0.5} F dT_{i} - 0.0021062 T_{e}^{0.5} T_{i}^{0.5} F dn - 1.2556 \\cdot 10^{-6} T_{e}^{0.5} T_{i}^{0.5} P^{-1} dT_{i} + 0.00059888 T_{e}^{0.5} T_{i}^{0.5} P^{-1} dn + 0.0035383 T_{e}^{0.5} T_{i}^{0.5} P dn - 0.0070662 T_{e}^{0.5} T_{i}^{0.5} dn - 8.0161 \\cdot 10^{-8} T_{e}^{0.5} T_{i} dT_{i} - 0.0013295 T_{e}^{0.5} T_{i} dn - 0.012389 T_{e}^{0.5} dn + 8.9387 \\cdot 10^{-5} T_{e} F dT_{i} - 0.003365 T_{e} F dn + 0.00020028 T_{e} P^{-1} dn + 4.5758 \\cdot 10^{-6} T_{e} P dT_{i} + 7.5405 \\cdot 10^{-5} T_{e} T_{i}^{0.5} dT_{e} - 9.1601 \\cdot 10^{-6} T_{e} T_{i} dT_{e} - 0.0010373 T_{e} T_{i} dn + 0.00034838 T_{e} dT_{e} + 2.2967 \\cdot 10^{-6} T_{e} dT_{i} - 0.013604 T_{e} dn - 0.0018885 T_{i}^{0.5} F dn + 9.2106 \\cdot 10^{-5} T_{i}^{0.5} P^{-1} dT_{e} - 1.7354 \\cdot 10^{-6} T_{i}^{0.5} P^{-1} dT_{i} - 0.0047114 T_{i}^{0.5} P^{-1} dn - 7.6041 \\cdot 10^{-7} T_{i}^{0.5} P dT_{i} + 0.0035889 T_{i}^{0.5} P dn + 0.00018258 T_{i}^{0.5} dT_{e} - 7.1236 \\cdot 10^{-7} T_{i}^{0.5} dT_{i} - 0.0061639 T_{i}^{0.5} dn - 6.5521 \\cdot 10^{-5} T_{i} F dT_{e} - 2.8567 \\cdot 10^{-7} T_{i} F dT_{i} + 0.0017893 T_{i} P^{-1} dn + 4.5984 \\cdot 10^{-5} T_{i} P dT_{e} + 0.0043497 T_{i} P dn + 2.3768 \\cdot 10^{-5} T_{i} dT_{e} - 0.0011054 T_{i} dn - 4.1943 \\cdot 10^{-6} dT_{i} - 0.018799 n^{-1} F dn + 0.0017137 n^{-1} P^{-1} dn + 0.00026264 n^{-1} T_{e}^{0.5} T_{i}^{0.5} dn + 0.0012592 n^{-1} T_{e}^{0.5} dn + 0.00080687 n^{-1} T_{e} dn + 0.00043824 n^{-1} T_{i}^{0.5} dn + 2.2309 \\cdot 10^{-5} n^{-1} T_{i} dn + 0.0017678 n^{-1} dn + 0.0018243 n E^{0.5} + 0.0047181 n E^{0.5} P^{-1} - 0.0035608 n E^{0.5} T_{e}^{0.5} P^{-1} + 0.0045726 n E^{0.5} T_{e}^{0.5} T_{i}^{0.5} + 0.0034641 n E^{0.5} T_{e}^{0.5} T_{i} + 0.0033059 n E^{0.5} T_{e} + 0.0044392 n E^{0.5} T_{e} T_{i}^{0.5} + 0.0038588 n E^{0.5} T_{i}^{0.5} - 0.0049073 n E^{0.5} T_{i}^{0.5} F + 0.0011861 n E^{0.5} T_{i}^{0.5} P^{-1} - 0.010274 n E^{0.5} T_{i}^{0.5} P + 0.0034277 n E^{0.5} T_{i} - 0.0002165 n E F + 0.0079617 n E P^{-1} - 0.0072512 n E P + 0.019673 n E T_{e}^{0.5} + 0.012192 n E T_{e}^{0.5} T_{i}^{0.5} + 0.012143 n E T_{i}^{0.5} + 0.0035691 n E T_{i}",
  "coefficients": [
    0.08853770630708063,
    0.003922222648402276,
    0.0026489709047326365,
    -0.009567803140880592,
    0.001863103319538928,
    0.0004191672617813308,
    0.0019322697912067602,
    0.0012738090266784727,
    0.0013276331683609657,
    -0.0052123440306767535,
    -0.00025190416991482945,
    0.004349658146134638,
    0.000984981217571769,
    -0.0007742811508622202,
    -0.000271083595353723,
    -0.00032085631386925134,
    -0.0001966582736685346,
    -0.0006964290658822078,
    -5.1160679128041744e-05,
    0.0002550269748892442,
    2.6085291840654418e-05,
    -0.0002551617867393857,
    0.00020057608980729447,
    0.0021371405278924425,
    0.0004330581302258302,
    -7.052261435914337e-05,
    -0.000217702482787175,
    -0.003771713906455941,
    9.086874079063806e-05,
    0.0005293762161422272,
    0.0005240219599732879,
    0.0006996093671130243,
    1.1625369551633569e-05,
    5.102298109755862e-05,
    0.00040973066638624184,
    -0.0003371649179812197,
    0.0008148855480024468,
    -0.0002757538149715105,
    0.0004396621285741621,
    -9.05127641719905e-05,
    7.286433988699936e-05,
    9.855390620522233e-05,
    0.0005078899681126431,
    0.00036788864168561114,
    -0.0002164161510818316,
    -0.005486361199307064,
    -0.0028636394614959745,
    0.0033703457698877927,
    -0.005051753927749071,
    -0.004886364488080559,
    -0.0023134331565448155,
    0.004686755416136593,
    0.002790709512356923,
    -0.0010463961258905634,
    0.006508543994768856,
    -0.006559368902793503,
    -0.008168586600893035,
    -0.003254676500064245,
    0.0007389954901800139,
    -0.005402973724680897,
    -0.0025018182313682955,
    0.004413737436206121,
    -0.001230965316968674,
    0.0002091286501230867,
    -0.008647114035315435,
    -0.003370872166050857,
    -0.0009518551046176181,
    0.0036072632271876987,
    0.0010069949215118848,
    0.0011171876281716939,
    0.002380286942179906,
    -0.0048759484357118535,
    -0.010656606452196023,
    0.0024055174041839184,
    -0.003151657341778101,
    0.002726929589165865,
    0.0023682707998569086,
    0.0016999711622041822,
    0.0025742699511399764,
    0.003800801594093378,
    -0.0001235972014412487,
    -0.004404850718197115,
    0.005066613028038451,
    0.0018552618157666179,
    0.006903330891878105,
    0.004930407927835417,
    0.011163922162100222
  ],
  "val_sse_masked": 0.000828463991638273,
  "val_nrmse_masked": 0.07834600657224655,
  "val_mse_masked": 2.7615467843133956e-05,
  "val_r2_masked": 0.9938598275184631,
  "val_sse_full": 0.0008323310175910592,
  "val_nrmse_full": 0.07852864265441895,
  "val_mse_full": 2.774436870822683e-05,
  "val_r2_full": 0.993831217288971,
  "iteration": 249,
  "p_lo_eff": 0.12967753410339355,
  "p_hi_eff": 1.9451630115509033,
  "f_lo_eff": 0.20659340918064117,
  "f_hi_eff": 1.6527472734451294
}