{
  "tag": "340_ff82f2c7",
  "lmb1": 5.2244033062392705e-05,
  "lmb2": 4.347467984549792e-06,
  "nonzero_count": 44,
  "complexity_norm": 0.3548387096774194,
  "train_gen_window": 0.03211072237443942,
  "generalizability": 0.025826205373408198,
  "equation": "0.12091 E^{0.5} n P^{-0.5} + 0.00017521 F dT_{i} - 0.0024845 P^{-1} F dT_{e} - 0.025351 T_{e}^{0.5} P^{-1} dn - 0.018182 T_{e}^{0.5} T_{i}^{0.5} F dn - 1.3591 \\cdot 10^{-6} T_{e}^{0.5} T_{i}^{0.5} P^{-1} dT_{i} + 0.0081575 T_{e}^{0.5} T_{i}^{0.5} P^{-1} dn + 0.00054836 T_{e}^{0.5} T_{i}^{0.5} P dn - 0.00035105 T_{e}^{0.5} dn - 0.00012429 T_{e} F dn + 0.0014475 T_{e} P^{-1} dn + 2.6421 \\cdot 10^{-6} T_{e} P dT_{i} - 6.8415 \\cdot 10^{-6} T_{e} T_{i} dT_{e} - 0.00021888 T_{e} dT_{e} - 3.7707 \\cdot 10^{-6} T_{e} dT_{i} - 0.049718 T_{e} dn + 0.00010873 T_{i}^{0.5} F dT_{e} - 0.00031829 T_{i}^{0.5} F dn + 0.00044701 T_{i}^{0.5} P^{-1} dT_{e} - 1.7526 \\cdot 10^{-6} T_{i}^{0.5} P^{-1} dT_{i} - 0.00082084 T_{i}^{0.5} P^{-1} dn + 0.0038517 T_{i}^{0.5} P dn + 0.0013042 T_{i} P^{-1} dn + 4.4188 \\cdot 10^{-5} T_{i} P dT_{e} + 0.0096964 T_{i} P dn - 0.00011039 dT_{e} - 2.3526 \\cdot 10^{-6} dT_{i} - 0.015599 n^{-1} F dn + 0.0030785 n^{-1} P^{-1} dn + 0.00017689 n^{-1} T_{e}^{0.5} dn + 0.0010622 n^{-1} T_{e} dn - 5.4596 \\cdot 10^{-5} n^{-1} T_{i} dn + 0.00017708 n^{-1} dn - 0.05838 n E^{0.5} - 0.02668 n E^{0.5} T_{e}^{0.5} P^{-1} + 0.017711 n E^{0.5} T_{e}^{0.5} T_{i} - 0.019668 n E^{0.5} T_{i}^{0.5} F - 0.00016397 n E^{0.5} T_{i}^{0.5} P + 0.0011241 n E^{0.5} T_{i} + 0.019798 n E P^{-1} - 0.00037457 n E P + 0.029078 n E T_{e}^{0.5} + 0.00080477 n E T_{e}^{0.5} T_{i}^{0.5} + 0.00060094 n E T_{i}^{0.5}",
  "coefficients": [
    0.08853770746626333,
    0.0070457729500255075,
    0.0002653440236738474,
    -0.007939139362648218,
    -6.585668058992916e-05,
    -0.0010258004424442304,
    0.0002714444949998002,
    -1.9414564317778854e-05,
    0.0017477913560717258,
    -1.5251773927125504e-05,
    -0.00014129186293844099,
    0.0027566900992161024,
    7.369164318888352e-05,
    -0.0007819729373292905,
    -4.3692080892149086e-05,
    6.96148646059774e-05,
    -1.006918822756817e-05,
    -0.0007538638538071643,
    -4.34064668710931e-05,
    -3.943092953182246e-05,
    7.490063435924954e-05,
    -1.882128724533589e-05,
    -0.00032931506079955506,
    6.212377938465165e-06,
    0.0002500562280908831,
    -1.1602319614981577e-05,
    5.5603954889128946e-05,
    -0.002690720570578741,
    -0.000142673729093466,
    -6.333764617379085e-06,
    0.0025431869528140523,
    4.959438603172969e-05,
    0.00012997740242349677,
    3.202271721360422e-05,
    2.4323868826410018e-05,
    3.2268469582850906e-05,
    0.0007830496110368998,
    1.4976217454956514e-05,
    -3.0191247765424438e-05,
    2.988974280776951e-05,
    1.5516044810949925e-05,
    -2.669178214485764e-05,
    -0.00031909584963144265,
    -5.0332595389097066e-05,
    -0.00016163627367074684,
    -8.783958313815226e-05,
    -5.312323007412128e-05,
    8.153616627813163e-05,
    -0.0008801356097014693,
    -4.2780331158724114e-05,
    -0.00038990253905323306,
    0.005030046036758994,
    0.002034042348086201,
    -2.013302849411024e-05,
    0.014508798228400819,
    -0.02285155754524762,
    -0.00023146800783929763,
    -9.172229999691557e-05,
    0.010066066559985437,
    -7.803225783733131e-05,
    -0.021597353384271576,
    0.0006840208512159773,
    -2.5032618083707114e-05,
    0.001511486765398269,
    -0.031601443147690186,
    -0.0001245120284233569,
    -8.613225155672576e-06,
    1.906270775367127e-05,
    -0.03222516627723449,
    2.5815262861078725e-05,
    1.997358742108979e-05,
    -0.01954252163907882,
    -0.00017006422957543504,
    0.00078891320117444,
    -0.023614732002552066,
    4.7227192293295836e-05,
    0.012108258459727565,
    -6.453014686812978e-05,
    6.70957940234234e-05,
    0.009451280638944584,
    -3.0045773026851767e-05,
    -0.00022753720658347145,
    0.0002507325763380541,
    8.410618359962183e-05,
    0.010203720847293306,
    0.0003254393416117203,
    0.059358972591834314
  ],
  "val_sse_masked": 0.0004225999000482261,
  "val_nrmse_masked": 0.05595575273036957,
  "val_mse_masked": 1.4086664123169612e-05,
  "val_r2_masked": 0.9968678951263428,
  "val_sse_full": 0.0004095742478966713,
  "val_nrmse_full": 0.0550866536796093,
  "val_mse_full": 1.3652475900016725e-05,
  "val_r2_full": 0.9969644546508789,
  "iteration": 340,
  "p_lo_eff": 0.12967753410339355,
  "p_hi_eff": 1.9451630115509033,
  "f_lo_eff": 0.20659340918064117,
  "f_hi_eff": 1.6527472734451294
}