{
  "tag": "339_6b7193f8",
  "lmb1": 5.162288776189082e-05,
  "lmb2": 6.945610420830086e-07,
  "nonzero_count": 44,
  "complexity_norm": 0.3548387096774194,
  "train_gen_window": 0.03210326232607249,
  "generalizability": 0.02582162439259476,
  "equation": "0.12125 E^{0.5} n P^{-0.5} + 0.00018149 F dT_{i} - 0.0024311 P^{-1} F dT_{e} - 0.025604 T_{e}^{0.5} P^{-1} dn - 0.018099 T_{e}^{0.5} T_{i}^{0.5} F dn - 1.4546 \\cdot 10^{-6} T_{e}^{0.5} T_{i}^{0.5} P^{-1} dT_{i} + 0.0085132 T_{e}^{0.5} T_{i}^{0.5} P^{-1} dn + 0.00053093 T_{e}^{0.5} T_{i}^{0.5} P dn - 0.00034679 T_{e}^{0.5} dn - 0.00012681 T_{e} F dn + 0.0014574 T_{e} P^{-1} dn + 2.6284 \\cdot 10^{-6} T_{e} P dT_{i} - 7.7194 \\cdot 10^{-6} T_{e} T_{i} dT_{e} - 0.00023226 T_{e} dT_{e} - 4.3984 \\cdot 10^{-6} T_{e} dT_{i} - 0.049839 T_{e} dn + 0.00011162 T_{i}^{0.5} F dT_{e} - 0.00031294 T_{i}^{0.5} F dn + 0.00044607 T_{i}^{0.5} P^{-1} dT_{e} - 1.8107 \\cdot 10^{-6} T_{i}^{0.5} P^{-1} dT_{i} - 0.00082132 T_{i}^{0.5} P^{-1} dn + 0.0036154 T_{i}^{0.5} P dn + 0.0012376 T_{i} P^{-1} dn + 4.6422 \\cdot 10^{-5} T_{i} P dT_{e} + 0.00987 T_{i} P dn - 0.00011259 dT_{e} - 2.4996 \\cdot 10^{-6} dT_{i} - 0.015426 n^{-1} F dn + 0.0030633 n^{-1} P^{-1} dn + 0.000167 n^{-1} T_{e}^{0.5} dn + 0.0010732 n^{-1} T_{e} dn - 5.6327 \\cdot 10^{-5} n^{-1} T_{i} dn + 0.00015902 n^{-1} dn - 0.059066 n E^{0.5} - 0.026814 n E^{0.5} T_{e}^{0.5} P^{-1} + 0.018227 n E^{0.5} T_{e}^{0.5} T_{i} - 0.019646 n E^{0.5} T_{i}^{0.5} F - 0.00014703 n E^{0.5} T_{i}^{0.5} P + 0.0011033 n E^{0.5} T_{i} + 0.020013 n E P^{-1} - 0.00035322 n E P + 0.028819 n E T_{e}^{0.5} + 0.00074459 n E T_{e}^{0.5} T_{i}^{0.5} + 0.0005662 n E T_{i}^{0.5}",
  "coefficients": [
    0.08853770747947576,
    0.007011012095230851,
    0.00023828091424189386,
    -0.00785094631745639,
    -7.060219322728079e-05,
    -0.001058317209746361,
    0.00025625602159094524,
    -2.0006437476406403e-05,
    0.0017659216472229664,
    -1.2017524952944914e-05,
    -0.0001501263276522481,
    0.002855535394618927,
    7.353715938967886e-05,
    -0.0008079117684118,
    -4.416664185929446e-05,
    7.24954138404916e-05,
    -9.358060186310648e-06,
    -0.0008068099296833815,
    -4.42536300809972e-05,
    -4.0146480522432965e-05,
    7.750239913882655e-05,
    -1.829804363551788e-05,
    -0.0003841268304388784,
    5.74197480323186e-06,
    0.00024875863961276436,
    -1.1182690444588068e-05,
    5.730765745921994e-05,
    -0.002632891613770005,
    -0.00014552555397183317,
    -6.293502892270533e-06,
    0.002537834786696559,
    5.1043568729643064e-05,
    0.0001334390243809988,
    2.973737819235962e-05,
    2.3151084645629084e-05,
    3.0702328049495275e-05,
    0.0008226441065363076,
    1.5355286806227156e-05,
    -3.089223675907566e-05,
    2.98232130241735e-05,
    1.6218779005996062e-05,
    -2.934500780629818e-05,
    -0.0003386000099368984,
    -5.247700404434271e-05,
    -0.00018237834161755808,
    -8.528483603739809e-05,
    -5.4151059239965794e-05,
    7.881324812606614e-05,
    -0.0008806453232879632,
    -4.191393017758567e-05,
    -0.0003833416491299334,
    0.004721478603832934,
    0.001930242726432909,
    -1.8992843540449375e-05,
    0.014768575221188582,
    -0.023080028502362158,
    -0.0002286618731376338,
    -9.346446916649546e-05,
    0.010504875764541231,
    -7.61439406397836e-05,
    -0.021498076502846075,
    0.0006622906740651273,
    -2.3455324514089406e-05,
    0.00152183491578619,
    -0.0316785592476926,
    -0.0001270279033325461,
    -6.7372210675010834e-06,
    1.8482561256377708e-05,
    -0.032603989669518385,
    2.6604896911070633e-05,
    2.0512791564350643e-05,
    -0.01952094052899917,
    -0.00015249500874513322,
    0.0007742768318343097,
    -0.023733212721870504,
    4.833139557218586e-05,
    0.012460860410596668,
    -6.387126595119164e-05,
    6.900139834248631e-05,
    0.009554037127251355,
    -3.0346739080036298e-05,
    -0.00021456502014878095,
    0.00023623808903206438,
    7.958706816136034e-05,
    0.010112787757406696,
    0.00030110233181106276,
    0.05952955074273935
  ],
  "val_sse_masked": 0.00042003829730674624,
  "val_nrmse_masked": 0.055785905569791794,
  "val_mse_masked": 1.4001277122588363e-05,
  "val_r2_masked": 0.9968869090080261,
  "val_sse_full": 0.000406967184972018,
  "val_nrmse_full": 0.0549110509455204,
  "val_mse_full": 1.3565573681262322e-05,
  "val_r2_full": 0.9969837665557861,
  "iteration": 339,
  "p_lo_eff": 0.12967753410339355,
  "p_hi_eff": 1.9451630115509033,
  "f_lo_eff": 0.20659340918064117,
  "f_hi_eff": 1.6527472734451294
}