{
  "tag": "379_b3302f84",
  "lmb1": 0.000411893068366084,
  "lmb2": 2.234185044248382e-08,
  "nonzero_count": 19,
  "complexity_norm": 0.1532258064516129,
  "train_gen_window": 0.052503923196451426,
  "generalizability": 0.05071347654388685,
  "equation": "0.052119 E^{0.5} n P^{-0.5} - 0.0038471 P^{-1} F dT_{e} - 6.3524 \\cdot 10^{-5} P^{-1} F dT_{i} - 0.0029132 P^{-1} F dn + 0.00044538 P dn - 0.00019342 T_{e}^{0.5} T_{i}^{0.5} dn + 3.1365 \\cdot 10^{-5} T_{e} T_{i}^{0.5} dT_{e} - 0.071936 T_{e} dn - 0.0087592 T_{i}^{0.5} P^{-1} dn + 0.0012832 T_{i}^{0.5} P dn + 0.0068885 T_{i} P dn - 0.0025195 n^{-1} F dn + 0.00085994 n^{-1} P^{-1} dn - 0.0016038 n E^{0.5} T_{e}^{0.5} P^{-1} + 0.0032011 n E^{0.5} T_{e}^{0.5} T_{i} - 0.021385 n E^{0.5} T_{i}^{0.5} P + 0.0011596 n E^{0.5} T_{i} + 0.051139 n E T_{e}^{0.5} T_{i}^{0.5} + 0.0005008 n E T_{i}^{0.5}",
  "coefficients": [
    0.08853770251685522,
    0.0019681630040189126,
    3.287855429100794e-05,
    -0.001282272266682973,
    8.25051593401641e-07,
    -3.182780958865091e-06,
    6.667723803010726e-06,
    -2.080769818102358e-06,
    1.2173084868565e-06,
    -0.002252229537017743,
    3.3397868898424725e-06,
    5.566344893091425e-05,
    7.244445653650107e-06,
    -2.0155499273151072e-06,
    4.513728515039519e-07,
    1.0790432776022941e-06,
    -1.6956622707888183e-06,
    -1.7308355694290808e-06,
    8.423758132738805e-07,
    9.541775350395747e-07,
    1.5584321833960088e-06,
    -1.1612458486567278e-06,
    5.05575092934345e-06,
    1.1470809578241082e-05,
    5.019033187610289e-06,
    -9.526231615430875e-07,
    1.877988597792227e-06,
    -0.004166536717188604,
    9.937290673871328e-06,
    1.533562550663903e-05,
    1.3859291617340814e-05,
    7.546554508751393e-05,
    3.2364440040716536e-05,
    3.0615462459299646e-05,
    3.8672391843882244e-05,
    3.4065397608561594e-05,
    1.3723519619445925e-05,
    1.3074527057884856e-06,
    1.4744124694550156e-05,
    2.7970998555813826e-05,
    1.8084005787221832e-05,
    3.329916338917132e-05,
    3.85300533339041e-05,
    0.00015302423467938888,
    2.829292447444748e-05,
    -0.0036822837757121583,
    -6.254815038122047e-06,
    0.0005153353986830031,
    -0.009391890128713764,
    -3.0052357275981914e-05,
    -1.675778863651994e-05,
    0.0016757809114076494,
    -1.0992823964385503e-06,
    -2.7159340532721493e-05,
    0.010307341159380699,
    -5.3931501527292314e-05,
    -5.176308745955094e-05,
    -8.234372551690115e-06,
    -2.0044595378701172e-06,
    -0.00014789288857412248,
    -2.2703551791735082e-05,
    6.878754872460066e-05,
    -5.8512824841454746e-05,
    1.633274125020107e-07,
    -0.045723589885549525,
    -9.617170514374325e-06,
    -7.561833125879343e-05,
    -2.204450340776635e-06,
    1.1480644363110299e-06,
    7.931494409705217e-07,
    1.2360012546934527e-05,
    -3.179779690136315e-06,
    -0.022180510854593282,
    0.000813777435098747,
    -0.0014195601909132965,
    1.410812802859585e-05,
    0.0021884449351713643,
    1.328174174981385e-06,
    1.2398462630034662e-05,
    1.4432736088773398e-05,
    1.3377563628468737e-06,
    -4.370282397756235e-05,
    0.00020894991485710933,
    4.6813447169272606e-05,
    4.3424378727193625e-05,
    0.02067992092679287,
    0.025587750854054236
  ],
  "val_sse_masked": 0.0007953434251248837,
  "val_nrmse_masked": 0.07676396518945694,
  "val_mse_masked": 2.651144859555643e-05,
  "val_r2_masked": 0.994105339050293,
  "val_sse_full": 0.0007768003270030022,
  "val_nrmse_full": 0.07586383074522018,
  "val_mse_full": 2.5893345082295127e-05,
  "val_r2_full": 0.994242787361145,
  "iteration": 379,
  "p_lo_eff": 0.12967753410339355,
  "p_hi_eff": 1.9451630115509033,
  "f_lo_eff": 0.20659340918064117,
  "f_hi_eff": 1.6527472734451294
}