{
  "tag": "297_26afea75",
  "lmb1": 0.006480034323654705,
  "lmb2": 3.705787978703096e-08,
  "nonzero_count": 5,
  "complexity_norm": 0.04032258064516129,
  "train_gen_window": 0.13752318050406584,
  "generalizability": 0.14861121413685457,
  "equation": "0.058407 E^{0.5} n P^{-0.5} - 0.0010014 P^{-1} F dT_{e} - 0.013745 P^{-1} F dn - 0.038748 T_{e}^{0.5} T_{i}^{0.5} dn - 0.0028305 T_{i}^{0.5} P^{-1} dn",
  "coefficients": [
    0.0885377059832097,
    9.828901793921616e-07,
    4.055802081157554e-07,
    -1.105029721986505e-07,
    4.825049234712621e-07,
    2.225634767082818e-07,
    4.3181185720429266e-07,
    4.14895205140093e-07,
    4.529538416149892e-07,
    -2.7245920960765586e-07,
    -8.4776769842319e-08,
    -1.0366273849605981e-08,
    -4.038417752367447e-08,
    -7.009968619860699e-08,
    -6.178610595395411e-08,
    -6.945591051965339e-08,
    -4.2587231498391354e-08,
    -7.384940645221234e-08,
    -6.305759603661146e-08,
    -5.2684984109601424e-08,
    -6.981082256285303e-08,
    -4.724443535784941e-08,
    -8.912913186932527e-08,
    -5.618797380245986e-08,
    -1.0261011042863712e-07,
    -4.8482709585241534e-08,
    -3.4232214221654845e-06,
    -0.0010845719760661124,
    -3.9886150893740345e-07,
    -3.3562357501314614e-07,
    -4.5363529522152755e-07,
    -2.469242361268711e-07,
    -2.721284924775274e-07,
    -1.5060922650324262e-07,
    -9.628195305310706e-08,
    -1.2783458915069862e-07,
    -7.632156624722801e-08,
    -6.166785288017207e-06,
    -4.005961931107864e-07,
    -2.7576537060335377e-07,
    -1.825171752781636e-07,
    -8.628913162998982e-08,
    -4.013365106703735e-07,
    -2.0357506918171936e-07,
    -7.751308715296712e-08,
    -0.017373795337521425,
    -4.719842940610654e-07,
    4.377245431185941e-08,
    -0.0030349271021260175,
    -2.9605441083281916e-06,
    -1.316971541768795e-06,
    1.9195598360591276e-08,
    -2.8881974231990934e-07,
    -1.8295426332886622e-06,
    1.0246955478133841e-08,
    -1.9600711744426424e-06,
    -1.485293857288548e-06,
    -5.852289402101394e-07,
    -4.1716594754748624e-07,
    -0.029627550631452802,
    -2.1911023524749925e-06,
    7.553115650436026e-09,
    -1.9371907717437906e-06,
    -3.1691545351718273e-07,
    -3.4079252721386718e-06,
    -7.173646841410387e-07,
    -1.3634996944551016e-06,
    3.345290765316996e-07,
    1.6974467363670868e-07,
    4.87862855786695e-07,
    4.0833994483380713e-07,
    2.0520264919481367e-07,
    -1.0494290137281957e-07,
    1.6004450396482061e-06,
    1.5317935474322306e-07,
    5.0614382274049e-07,
    2.7247516210393984e-06,
    2.2549507711639504e-07,
    5.970182383103847e-07,
    1.8537628535632112e-06,
    3.29196673118646e-07,
    -4.129003122165833e-08,
    4.354498190986771e-06,
    2.2308829649261023e-06,
    9.730443603940673e-07,
    2.9057355561533077e-05,
    0.02867467076961509
  ],
  "val_sse_masked": 0.00506783090531826,
  "val_nrmse_masked": 0.19377204775810242,
  "val_mse_masked": 0.00016892771236598492,
  "val_r2_masked": 0.9624398946762085,
  "val_sse_full": 0.005047133192420006,
  "val_nrmse_full": 0.19337594509124756,
  "val_mse_full": 0.0001682377769611776,
  "val_r2_full": 0.9625932574272156,
  "iteration": 297,
  "p_lo_eff": 0.12967753410339355,
  "p_hi_eff": 1.9451630115509033,
  "f_lo_eff": 0.20659340918064117,
  "f_hi_eff": 1.6527472734451294
}