{
  "tag": "423_6676650a",
  "lmb1": 0.01884038119035333,
  "lmb2": 0.00011391011672763498,
  "nonzero_count": 4,
  "complexity_norm": 0.03225806451612903,
  "train_gen_window": 0.1870532279287038,
  "generalizability": 0.19730906096597353,
  "equation": "0.057126 E^{0.5} n P^{-0.5} - 0.012464 P^{-1} F dn - 0.030071 T_{e}^{0.5} T_{i}^{0.5} dn + 0.0086337 n E T_{e}^{0.5} T_{i}^{0.5}",
  "coefficients": [
    0.08853770518926934,
    6.36809181596931e-08,
    6.9482555022113e-08,
    -2.3040546878956534e-07,
    8.917900872915601e-08,
    7.645508310522045e-08,
    6.888555924580896e-08,
    8.575138030540053e-08,
    6.91101683434466e-08,
    -2.2267729061483416e-08,
    -4.461870839573425e-08,
    7.480076142864781e-09,
    -1.3022426693817147e-08,
    -3.623580948044577e-08,
    -3.94271940994857e-08,
    -4.2788024732985e-08,
    -3.0026926000997584e-08,
    -3.703600318392934e-08,
    -3.964418180464382e-08,
    -2.948320266753219e-08,
    -4.306986650858724e-08,
    -3.386973777425145e-08,
    -4.552050744534012e-08,
    -1.2760410751746752e-08,
    -5.186392904613307e-08,
    -3.405569424918416e-08,
    -9.026408971139737e-08,
    -6.681807919104721e-08,
    -7.367334783421382e-08,
    -4.206427372907241e-08,
    -6.510140932868904e-08,
    -5.274514694288027e-08,
    -4.580165226155608e-08,
    -3.324997523141121e-08,
    -1.96274834336015e-08,
    -2.6012062649407477e-08,
    -1.3162458290179991e-08,
    -9.132919023482943e-08,
    -4.5331461210559886e-08,
    -4.5878639363327183e-08,
    -4.346776942244282e-08,
    -1.675544841038441e-08,
    -7.029757017137659e-08,
    -4.5492565920267554e-08,
    -1.4204886143399512e-08,
    -0.015754093024001426,
    -9.616604060842884e-07,
    -1.3061621187537637e-07,
    -5.933632672368132e-06,
    -3.5960642595975972e-06,
    -2.508369339517706e-06,
    -1.5176401573297682e-07,
    -4.932136930215746e-07,
    -2.671966861186824e-06,
    -1.594505435616971e-07,
    -2.1426003065655996e-06,
    -2.4093780612739386e-06,
    -1.2770255501868514e-06,
    -7.009692135853204e-07,
    -0.022993299216506002,
    -6.137078897225886e-06,
    -1.638690379663489e-07,
    -3.865163381347059e-06,
    -5.704398098623985e-07,
    -8.287817958563104e-06,
    -1.8172309318958384e-06,
    -3.6257941422974426e-06,
    4.868179708870073e-07,
    3.929697698399223e-07,
    6.812554885165158e-07,
    8.126666758800856e-07,
    5.169300420187614e-07,
    9.488461670128353e-08,
    3.1133832681500663e-06,
    2.9259006509362597e-07,
    1.1055947322043124e-06,
    1.4360234544322972e-05,
    5.486108045785158e-07,
    1.5672357298477266e-06,
    2.0294742075682286e-06,
    7.418208631475247e-07,
    1.337939563574932e-07,
    4.431365830203027e-06,
    1.5766708968338776e-06,
    1.8970233022441903e-06,
    0.0034913578257727168,
    0.028046146116003225
  ],
  "val_sse_masked": 0.009021686390042305,
  "val_nrmse_masked": 0.25853773951530457,
  "val_mse_masked": 0.00030072289519011974,
  "val_r2_masked": 0.933135986328125,
  "val_sse_full": 0.008976254612207413,
  "val_nrmse_full": 0.2578859329223633,
  "val_mse_full": 0.00029920850647613406,
  "val_r2_full": 0.9334726929664612,
  "iteration": 423,
  "p_lo_eff": 0.12967753410339355,
  "p_hi_eff": 1.9451630115509033,
  "f_lo_eff": 0.20659340918064117,
  "f_hi_eff": 1.6527472734451294
}