{
  "tag": "435_2cd30a56",
  "lmb1": 2.9119280197431572e-05,
  "lmb2": 4.64426925368301e-08,
  "nonzero_count": 59,
  "complexity_norm": 0.47580645161290325,
  "train_gen_window": 0.022283167210909872,
  "generalizability": 0.028922561277344078,
  "equation": "0.11315 E^{0.5} n P^{-0.5} + 0.00074034 F dT_{i} - 0.00017852 F dn - 0.0016619 P^{-1} F dT_{e} + 3.0046 \\cdot 10^{-5} P^{-1} F dT_{i} - 0.0006787 T_{e}^{0.5} F dT_{e} - 0.00043069 T_{e}^{0.5} F dn - 0.042249 T_{e}^{0.5} P^{-1} dn - 1.1376 \\cdot 10^{-6} T_{e}^{0.5} T_{i}^{0.5} F dT_{i} - 0.016309 T_{e}^{0.5} T_{i}^{0.5} F dn - 4.9844 \\cdot 10^{-6} T_{e}^{0.5} T_{i}^{0.5} P^{-1} dT_{i} + 0.010421 T_{e}^{0.5} T_{i}^{0.5} P^{-1} dn + 3.3869 \\cdot 10^{-5} T_{e}^{0.5} T_{i}^{0.5} P dT_{e} + 9.7222 \\cdot 10^{-7} T_{e}^{0.5} T_{i}^{0.5} P dT_{i} + 0.00014428 T_{e}^{0.5} T_{i}^{0.5} P dn - 5.7982 \\cdot 10^{-6} T_{e}^{0.5} T_{i} dT_{e} + 0.0003701 T_{e}^{0.5} T_{i} dn - 0.00056476 T_{e}^{0.5} dn - 0.00090748 T_{e} F dn + 0.016337 T_{e} P^{-1} dn + 2.6561 \\cdot 10^{-6} T_{e} P dT_{i} - 5.0639 \\cdot 10^{-5} T_{e} T_{i}^{0.5} dT_{e} - 0.000167 T_{e} T_{i} dT_{e} + 0.0010692 T_{e} T_{i} dn - 0.0019436 T_{e} dT_{e} - 8.0843 \\cdot 10^{-5} T_{e} dT_{i} - 0.054255 T_{e} dn + 0.00053314 T_{i}^{0.5} F dT_{e} - 0.00040478 T_{i}^{0.5} F dn + 0.0011868 T_{i}^{0.5} P^{-1} dT_{e} - 4.931 \\cdot 10^{-6} T_{i}^{0.5} P^{-1} dT_{i} - 0.0022202 T_{i}^{0.5} P^{-1} dn + 6.5641 \\cdot 10^{-7} T_{i}^{0.5} P dT_{i} + 0.00010433 T_{i}^{0.5} P dn + 4.9349 \\cdot 10^{-5} T_{i}^{0.5} dT_{e} + 2.14 \\cdot 10^{-5} T_{i} F dT_{e} + 0.002707 T_{i} P^{-1} dn + 0.00015795 T_{i} P dT_{e} + 0.013026 T_{i} P dn + 0.00028627 T_{i} dn - 8.0407 \\cdot 10^{-5} dT_{e} - 2.8718 \\cdot 10^{-5} dT_{i} - 0.0099586 n^{-1} F dn + 0.0034948 n^{-1} P^{-1} dn - 2.1466 \\cdot 10^{-5} n^{-1} T_{e}^{0.5} T_{i}^{0.5} dn + 0.00010301 n^{-1} T_{e} dn - 0.00021133 n^{-1} T_{i}^{0.5} dn - 0.00011347 n^{-1} T_{i} dn - 0.064705 n E^{0.5} - 0.025261 n E^{0.5} T_{e}^{0.5} P^{-1} + 0.00028316 n E^{0.5} T_{e}^{0.5} T_{i}^{0.5} + 0.030287 n E^{0.5} T_{e}^{0.5} T_{i} + 0.0010012 n E^{0.5} T_{e} T_{i}^{0.5} - 0.020167 n E^{0.5} T_{i}^{0.5} F + 0.00023205 n E^{0.5} T_{i}^{0.5} P^{-1} + 0.00057357 n E^{0.5} T_{i} + 0.023941 n E P^{-1} + 0.022192 n E T_{e}^{0.5} - 0.00083662 n E T_{i}",
  "coefficients": [
    0.08853770829636232,
    0.007998718883784835,
    -5.272414263658694e-05,
    -0.005068353353789296,
    -0.0008984419031225056,
    -0.0021320390797776863,
    8.240685718201245e-06,
    -0.00010410665637419234,
    0.0001694902645060757,
    0.0010652856912992201,
    -0.0017247931332619686,
    0.011648618664370768,
    -2.1601818321145654e-05,
    -0.0022001232637448567,
    -2.3787180067946672e-05,
    0.0002769726058083957,
    1.72120812596013e-06,
    -0.0027647230095492773,
    -2.3530438296235026e-05,
    -0.0001369660428424776,
    0.0004762696227170643,
    7.993018686139687e-05,
    -0.00706033518364509,
    1.264069968851847e-05,
    0.00025137814576154,
    7.906323689275246e-05,
    5.007989387185549e-05,
    -0.0017998260800663403,
    -0.00010392587389410236,
    -5.958345043455999e-05,
    0.0067521762973144234,
    0.00018909803760057547,
    0.0006373443475710345,
    7.226581248922344e-05,
    8.99194262541511e-06,
    0.00011012581389823942,
    0.002798941727084085,
    -3.3314468906359054e-06,
    -0.0002822605229677843,
    5.182958785441343e-05,
    0.0001491740348693292,
    -0.00011644749068118869,
    -0.0028335828299320773,
    -0.0002470580392806024,
    -0.003945578633026484,
    -2.0681248994291766e-05,
    -0.00019098693367758295,
    -8.551751361608536e-05,
    -0.002380570889647022,
    8.917726940107308e-06,
    -0.000495848878363733,
    0.00013624799092535608,
    0.004221982389011922,
    0.000270980665568302,
    0.019490212639453344,
    -0.03808359341730922,
    -0.0003723834607825626,
    -0.0004452630983418436,
    0.012858607806061923,
    -1.1360100712398422e-05,
    -0.01937147620920154,
    0.0001799807086227521,
    0.00034266705617726727,
    0.01705859287524285,
    -0.03448521256905248,
    -0.0009090758340061271,
    0.000981110129527484,
    -3.599240226532762e-06,
    -0.03571669903735804,
    0.0002185662925294835,
    4.881085172175491e-05,
    -0.020037972673810637,
    4.263412533446954e-05,
    0.00040252982733067976,
    -0.02235909063017843,
    0.00016886514245339256,
    0.020706211295607218,
    -4.3324638633927636e-05,
    0.0005805658542301925,
    0.011429076844900419,
    -8.798389701466903e-05,
    -4.147865741713761e-05,
    4.989786128882936e-05,
    -0.00043488670473741566,
    0.007787413473140571,
    5.967393373321116e-05,
    0.05555308097310706
  ],
  "val_sse_masked": 0.0003257489879615605,
  "val_nrmse_masked": 0.04912715032696724,
  "val_mse_masked": 1.0858299901883584e-05,
  "val_r2_masked": 0.9975857138633728,
  "val_sse_full": 0.00032524633570574224,
  "val_nrmse_full": 0.049089234322309494,
  "val_mse_full": 1.0841545190487523e-05,
  "val_r2_full": 0.9975894689559937,
  "iteration": 435,
  "p_lo_eff": 0.12967753410339355,
  "p_hi_eff": 1.9451630115509033,
  "f_lo_eff": 0.20659340918064117,
  "f_hi_eff": 1.6527472734451294
}