{
  "tag": "405_ae8d7873",
  "lmb1": 6.325638860635098e-06,
  "lmb2": 1.1381604293267701e-05,
  "nonzero_count": 83,
  "complexity_norm": 0.6693548387096774,
  "train_gen_window": 0.02696889175133182,
  "generalizability": 0.02777755451388222,
  "equation": "0.12093 E^{0.5} n P^{-0.5} + 0.00081508 F dT_{e} + 0.0019548 F dT_{i} - 0.00092455 F dn - 0.00077123 P^{-1} F dT_{e} + 5.4786 \\cdot 10^{-5} P^{-1} F dT_{i} + 0.00058604 P^{-1} F dn + 0.0012901 P^{-1} dT_{e} + 2.2482 \\cdot 10^{-5} P F dT_{i} - 0.0042833 P dn - 0.014902 T_{e}^{0.5} F dT_{e} - 0.0017407 T_{e}^{0.5} F dn + 0.00031592 T_{e}^{0.5} P^{-1} dT_{e} - 0.050437 T_{e}^{0.5} P^{-1} dn + 0.0052478 T_{e}^{0.5} T_{i}^{0.5} F dT_{e} - 6.6865 \\cdot 10^{-6} T_{e}^{0.5} T_{i}^{0.5} F dT_{i} - 0.011144 T_{e}^{0.5} T_{i}^{0.5} F dn - 1.5637 \\cdot 10^{-6} T_{e}^{0.5} T_{i}^{0.5} P^{-1} dT_{i} + 0.022697 T_{e}^{0.5} T_{i}^{0.5} P^{-1} dn + 0.0010227 T_{e}^{0.5} T_{i}^{0.5} P dT_{e} + 2.9341 \\cdot 10^{-6} T_{e}^{0.5} T_{i}^{0.5} P dT_{i} + 0.0088163 T_{e}^{0.5} T_{i}^{0.5} P dn + 0.00083616 T_{e}^{0.5} T_{i}^{0.5} dn - 0.00013625 T_{e}^{0.5} T_{i} dT_{e} - 1.0954 \\cdot 10^{-7} T_{e}^{0.5} T_{i} dT_{i} + 0.0024377 T_{e}^{0.5} T_{i} dn - 0.052048 T_{e}^{0.5} dn - 0.00010608 T_{e} F dT_{i} - 0.0064614 T_{e} F dn + 0.021518 T_{e} P^{-1} dn + 1.8846 \\cdot 10^{-5} T_{e} P dT_{i} - 0.00061186 T_{e} T_{i}^{0.5} dT_{e} - 2.9476 \\cdot 10^{-5} T_{e} T_{i} dT_{e} + 0.0081543 T_{e} T_{i} dn - 0.003607 T_{e} dT_{e} - 0.00026986 T_{e} dT_{i} - 0.015878 T_{e} dn + 0.0031649 T_{i}^{0.5} F dT_{e} - 0.002279 T_{i}^{0.5} F dn + 0.0011753 T_{i}^{0.5} P^{-1} dT_{e} - 5.0117 \\cdot 10^{-6} T_{i}^{0.5} P^{-1} dT_{i} - 0.0045142 T_{i}^{0.5} P^{-1} dn + 1.4217 \\cdot 10^{-6} T_{i}^{0.5} P dT_{i} + 0.00090867 T_{i}^{0.5} P dn - 0.00069094 T_{i}^{0.5} dT_{e} - 8.1954 \\cdot 10^{-7} T_{i}^{0.5} dT_{i} + 0.00038147 T_{i}^{0.5} dn + 0.0001179 T_{i} F dT_{e} - 1.2588 \\cdot 10^{-6} T_{i} F dT_{i} - 5.0146 \\cdot 10^{-6} T_{i} P^{-1} dT_{e} - 0.00036901 T_{i} P^{-1} dn + 4.6351 \\cdot 10^{-5} T_{i} P dT_{e} + 0.0088037 T_{i} P dn - 0.00031027 T_{i} dT_{e} + 0.0017486 T_{i} dn + 0.00047304 dT_{e} - 0.00016275 dT_{i} - 0.0009008 n^{-1} F dn + 0.0035906 n^{-1} P^{-1} dn - 0.00036849 n^{-1} T_{e}^{0.5} T_{i}^{0.5} dn - 0.00045476 n^{-1} T_{e}^{0.5} dn - 0.0013197 n^{-1} T_{e} dn + 4.9976 \\cdot 10^{-5} n^{-1} T_{i}^{0.5} dn - 0.0006219 n^{-1} T_{i} dn - 0.13918 n E^{0.5} - 0.0050629 n E^{0.5} P^{-1} - 0.0248 n E^{0.5} T_{e}^{0.5} P^{-1} + 0.0013809 n E^{0.5} T_{e}^{0.5} T_{i}^{0.5} + 0.045548 n E^{0.5} T_{e}^{0.5} T_{i} - 0.00035618 n E^{0.5} T_{e} + 0.0093111 n E^{0.5} T_{e} T_{i}^{0.5} + 0.00052355 n E^{0.5} T_{i}^{0.5} - 0.024369 n E^{0.5} T_{i}^{0.5} F + 0.011274 n E^{0.5} T_{i}^{0.5} P^{-1} + 0.0068375 n E^{0.5} T_{i}^{0.5} P + 0.0406 n E^{0.5} T_{i} - 0.0018567 n E F + 0.013585 n E P^{-1} - 0.0029985 n E P + 0.081413 n E T_{e}^{0.5} - 0.018004 n E T_{e}^{0.5} T_{i}^{0.5} - 0.00265 n E T_{i}^{0.5} - 0.039915 n E T_{i}",
  "coefficients": [
    0.08853771121570014,
    0.008217763356421996,
    9.38121697377689e-05,
    -0.00045845711063052704,
    0.00021246834146773262,
    -0.01168476152770163,
    -0.0006978352060088083,
    -0.001787134319745943,
    -0.0021715063957385337,
    0.0019424399655463623,
    -0.009774412291011909,
    0.0307573250009384,
    0.00034927155840433266,
    -0.002236122205071025,
    -0.0003118714579999113,
    0.0005999030918806495,
    -0.0008665458459994641,
    -0.0008673405991099616,
    -2.7929060566572804e-05,
    -0.0008050396572580749,
    0.0014373711523068926,
    -0.00034868445925380776,
    -0.02356781988161122,
    -0.0025363661522431235,
    0.0017836087671086417,
    -5.24696240875738e-06,
    0.0023003537943189507,
    -0.0008352590191089814,
    0.00061140067568077,
    0.0003069290430549002,
    0.006686859268293896,
    -0.0026475823971023552,
    0.0037835581279878554,
    -0.00012137901986941592,
    -0.0053486358942724755,
    0.0006066856821975963,
    0.0008213794677376467,
    0.0006467577277251299,
    -0.006197491335716931,
    0.007136305436722491,
    0.004504398113446281,
    -0.0027364568094708527,
    -0.005258504879798677,
    -0.002985148489428446,
    -0.0006963912718143542,
    0.0007407468247108375,
    -0.0009891210233915135,
    -0.0049560727712581855,
    -0.004840291404341521,
    0.0003024113102886809,
    -0.0027917589586237087,
    0.0011866433551608003,
    -0.0005755312463803168,
    0.0016552110795758973,
    0.01317305312701301,
    -0.04546484161853409,
    -0.0343181657055083,
    -0.00179963860142487,
    0.028007740610262535,
    0.000639354231708476,
    -0.013236937433883147,
    0.010997522431153286,
    0.0022570540278475065,
    0.022468414338617532,
    -0.010092547328984866,
    -0.006472742594305971,
    0.007482633839166232,
    -0.003870897472386077,
    -0.07682659245573294,
    0.010619126462677392,
    0.0003229483864284567,
    -0.02421299980122382,
    0.007091760448501138,
    0.028492807960465525,
    -0.02195052228295394,
    0.0008235355118473438,
    0.03113896476409887,
    -0.000183158098871342,
    0.00539945664478671,
    0.006485036286343405,
    -0.0010599631649409122,
    -0.0018214855346226633,
    -0.0011056552385090772,
    -0.02074836027094816,
    0.028568507061001013,
    -0.0072803955478180585,
    0.059368715523399514
  ],
  "val_sse_masked": 0.0002352478331886232,
  "val_nrmse_masked": 0.04174869507551193,
  "val_mse_masked": 7.841595106583554e-06,
  "val_r2_masked": 0.9982564449310303,
  "val_sse_full": 0.00023245993361342698,
  "val_nrmse_full": 0.041500575840473175,
  "val_mse_full": 7.7486647569458e-06,
  "val_r2_full": 0.9982771277427673,
  "iteration": 405,
  "p_lo_eff": 0.12967753410339355,
  "p_hi_eff": 1.9451630115509033,
  "f_lo_eff": 0.20659340918064117,
  "f_hi_eff": 1.6527472734451294
}