{
  "tag": "120_9991161f",
  "lmb1": 5.641227158468648e-08,
  "lmb2": 6.431777388927271e-06,
  "nonzero_count": 86,
  "complexity_norm": 0.6935483870967742,
  "train_gen_window": 0.013890512561810195,
  "generalizability": 0.020001680808392236,
  "equation": "0.17293 E^{0.5} n P^{-0.5} + 0.083311 F dT_{e} + 0.0055549 F dT_{i} + 0.018752 F dn + 0.0017982 P^{-1} F dT_{e} + 6.789 \\cdot 10^{-5} P^{-1} F dT_{i} + 0.0071054 P^{-1} F dn - 0.0024612 P^{-1} dT_{e} - 0.00024604 P F dT_{i} - 0.024489 P dn - 0.15746 T_{e}^{0.5} F dT_{e} + 0.0054239 T_{e}^{0.5} F dn + 0.0083564 T_{e}^{0.5} P^{-1} dT_{e} - 0.074947 T_{e}^{0.5} P^{-1} dn + 0.022901 T_{e}^{0.5} T_{i}^{0.5} F dT_{e} - 9.7858 \\cdot 10^{-5} T_{e}^{0.5} T_{i}^{0.5} F dT_{i} - 0.037047 T_{e}^{0.5} T_{i}^{0.5} F dn + 7.7857 \\cdot 10^{-5} T_{e}^{0.5} T_{i}^{0.5} P^{-1} dT_{i} + 0.047491 T_{e}^{0.5} T_{i}^{0.5} P^{-1} dn + 0.0032752 T_{e}^{0.5} T_{i}^{0.5} P dT_{e} + 1.6691 \\cdot 10^{-5} T_{e}^{0.5} T_{i}^{0.5} P dT_{i} + 0.02985 T_{e}^{0.5} T_{i}^{0.5} P dn + 8.2209 \\cdot 10^{-5} T_{e}^{0.5} T_{i}^{0.5} dT_{i} + 0.092914 T_{e}^{0.5} T_{i}^{0.5} dn - 2.6327 \\cdot 10^{-5} T_{e}^{0.5} T_{i} dT_{e} - 4.5388 \\cdot 10^{-6} T_{e}^{0.5} T_{i} dT_{i} + 0.0079298 T_{e}^{0.5} T_{i} dn - 0.095221 T_{e}^{0.5} dn - 0.0021882 T_{e} F dT_{i} - 0.028992 T_{e} F dn + 0.0084192 T_{e} P^{-1} dn + 2.7801 \\cdot 10^{-5} T_{e} P dT_{i} - 0.0077936 T_{e} T_{i}^{0.5} dT_{e} + 0.001304 T_{e} T_{i} dT_{e} + 5.0967 \\cdot 10^{-7} T_{e} T_{i} dT_{i} + 0.026801 T_{e} T_{i} dn + 0.0037003 T_{e} dT_{e} - 0.00012834 T_{e} dT_{i} - 0.020284 T_{e} dn + 0.018918 T_{i}^{0.5} F dT_{e} - 0.0032202 T_{i}^{0.5} F dn + 0.0022889 T_{i}^{0.5} P^{-1} dT_{e} - 8.3297 \\cdot 10^{-5} T_{i}^{0.5} P^{-1} dT_{i} + 0.016926 T_{i}^{0.5} P^{-1} dn - 1.45 \\cdot 10^{-5} T_{i}^{0.5} P dT_{i} + 0.037863 T_{i}^{0.5} P dn - 0.00014381 T_{i}^{0.5} dT_{e} - 3.2135 \\cdot 10^{-6} T_{i}^{0.5} dT_{i} + 0.0073677 T_{i}^{0.5} dn - 0.003716 T_{i} F dT_{e} - 1.5925 \\cdot 10^{-5} T_{i} F dT_{i} - 0.00052687 T_{i} P^{-1} dT_{e} - 0.015483 T_{i} P^{-1} dn - 0.00046458 T_{i} P dT_{e} - 0.023903 T_{i} P dn - 0.00082542 T_{i} dT_{e} - 0.046162 T_{i} dn - 0.0033693 dT_{e} - 0.00074743 dT_{i} + 0.0034867 n^{-1} F dn + 0.0059523 n^{-1} P^{-1} dn - 0.011945 n^{-1} T_{e}^{0.5} T_{i}^{0.5} dn - 0.0082788 n^{-1} T_{e}^{0.5} dn - 0.0026416 n^{-1} T_{e} dn + 0.013578 n^{-1} T_{i}^{0.5} dn - 2.2677 \\cdot 10^{-5} n^{-1} T_{i} dn - 0.0013424 n^{-1} dn - 0.21233 n E^{0.5} - 0.062427 n E^{0.5} P^{-1} - 0.0045149 n E^{0.5} T_{e}^{0.5} P^{-1} - 0.014083 n E^{0.5} T_{e}^{0.5} T_{i}^{0.5} + 0.059475 n E^{0.5} T_{e}^{0.5} T_{i} - 0.070272 n E^{0.5} T_{e} + 0.021424 n E^{0.5} T_{e} T_{i}^{0.5} - 0.0016134 n E^{0.5} T_{i}^{0.5} - 0.016479 n E^{0.5} T_{i}^{0.5} F + 0.048008 n E^{0.5} T_{i}^{0.5} P^{-1} + 0.018607 n E^{0.5} T_{i}^{0.5} P + 0.10182 n E^{0.5} T_{i} - 0.046968 n E F - 0.023283 n E P^{-1} - 0.0061204 n E P + 0.52671 n E T_{e}^{0.5} - 0.29065 n E T_{e}^{0.5} T_{i}^{0.5} - 0.11266 n E T_{i}^{0.5} - 0.00056722 n E T_{i}",
  "coefficients": [
    0.08853771717640296,
    0.013623116736430074,
    -0.0020114936651108306,
    0.0017745414097574685,
    0.05772404378900475,
    -0.0004260746764028489,
    -0.012703805994997458,
    -0.05793316120830151,
    -0.004346542812968313,
    0.0024070235176990307,
    -0.04489003060446484,
    0.08740130768383397,
    -0.003822471472152561,
    -0.03716557860499223,
    -0.0012228822858242894,
    -0.006118403829688285,
    -0.01096302288147405,
    0.04318531864692557,
    0.03756071975965952,
    -0.011781847477874002,
    0.008176372188052616,
    -0.014447642472292688,
    -0.011208202021584707,
    -0.05231685887580581,
    0.0026311410278482272,
    0.001954023236733632,
    -0.004388608098280011,
    0.001947438501161719,
    -0.004354793715059091,
    0.03137203210848577,
    0.013022564195461259,
    -0.0005510698279706239,
    0.022615502454780362,
    -0.012752815923057131,
    -0.01422903144567067,
    -0.019122312598878394,
    -0.008232808316021994,
    0.017107098320022246,
    -0.06548557635308624,
    0.031142832595712697,
    0.014425536916690407,
    -0.0005287457136649021,
    0.005394532654377726,
    -0.03802334072318514,
    0.03080805277182136,
    0.00898115840444308,
    0.020061270074821586,
    -0.02833498190954231,
    0.018148970437556866,
    0.005840685051617667,
    -0.003944703810538408,
    0.04944570707859497,
    -0.024147949904207877,
    -0.04369598157798338,
    -0.03576557809334879,
    -0.06755809954532274,
    -0.0627850037577278,
    0.005607452256679801,
    0.058602270991702815,
    0.0710442086787342,
    -0.044005107639674856,
    0.03723503126254177,
    0.007342130143787234,
    0.00879121114273751,
    -0.012892744852049498,
    -0.02904253637602494,
    0.024593432392622683,
    -0.047728997396606354,
    -0.1172024247217186,
    0.04521906019011554,
    -0.0009952262729125416,
    -0.01637386126224516,
    0.019298945281900542,
    0.07145806211773542,
    -0.003996201168464691,
    -0.008398697497032509,
    0.040660369837184296,
    -0.03613567928150843,
    0.012423440204712866,
    -0.01111479809173771,
    -0.026813655347428078,
    -0.003717919375056028,
    -0.047005954933036276,
    -0.0002948507107995435,
    0.18482708732834352,
    -0.1175345067597269,
    0.08489788671255977
  ],
  "val_sse_masked": 0.00014828892017249018,
  "val_nrmse_masked": 0.033146247267723083,
  "val_mse_masked": 4.942964096699143e-06,
  "val_r2_masked": 0.9989009499549866,
  "val_sse_full": 0.00014828892017249018,
  "val_nrmse_full": 0.033146247267723083,
  "val_mse_full": 4.942964096699143e-06,
  "val_r2_full": 0.9989009499549866,
  "iteration": 120,
  "p_lo_eff": 0.12967753410339355,
  "p_hi_eff": 1.9451630115509033,
  "f_lo_eff": 0.20659340918064117,
  "f_hi_eff": 1.6527472734451294
}