{
  "tag": "402_09bcac85",
  "lmb1": 2.5891482148300163e-05,
  "lmb2": 1.9265077910641845e-05,
  "nonzero_count": 60,
  "complexity_norm": 0.4838709677419355,
  "train_gen_window": 0.022173601947728418,
  "generalizability": 0.02862386215937834,
  "equation": "0.11147 E^{0.5} n P^{-0.5} + 0.00080011 F dT_{i} - 0.00017032 F dn - 0.0017649 P^{-1} F dT_{e} + 4.1851 \\cdot 10^{-5} P^{-1} F dT_{i} - 0.00014681 P dn - 0.00048222 T_{e}^{0.5} F dT_{e} - 0.00039094 T_{e}^{0.5} F dn - 0.042613 T_{e}^{0.5} P^{-1} dn + 7.4933 \\cdot 10^{-5} T_{e}^{0.5} T_{i}^{0.5} F dT_{e} - 1.02 \\cdot 10^{-6} T_{e}^{0.5} T_{i}^{0.5} F dT_{i} - 0.016316 T_{e}^{0.5} T_{i}^{0.5} F dn - 5.6374 \\cdot 10^{-6} T_{e}^{0.5} T_{i}^{0.5} P^{-1} dT_{i} + 0.011831 T_{e}^{0.5} T_{i}^{0.5} P^{-1} dn + 4.2475 \\cdot 10^{-5} T_{e}^{0.5} T_{i}^{0.5} P dT_{e} + 9.5999 \\cdot 10^{-7} T_{e}^{0.5} T_{i}^{0.5} P dT_{i} + 0.0001059 T_{e}^{0.5} T_{i}^{0.5} P dn - 6.1705 \\cdot 10^{-6} T_{e}^{0.5} T_{i} dT_{e} + 0.00053892 T_{e}^{0.5} T_{i} dn - 0.0009292 T_{e}^{0.5} dn - 0.0012712 T_{e} F dn + 0.017223 T_{e} P^{-1} dn + 2.3078 \\cdot 10^{-6} T_{e} P dT_{i} - 2.2736 \\cdot 10^{-5} T_{e} T_{i}^{0.5} dT_{e} - 0.00019348 T_{e} T_{i} dT_{e} + 0.001947 T_{e} T_{i} dn - 0.0023061 T_{e} dT_{e} - 9.2672 \\cdot 10^{-5} T_{e} dT_{i} - 0.054575 T_{e} dn + 0.00043762 T_{i}^{0.5} F dT_{e} - 0.00049875 T_{i}^{0.5} F dn + 0.0013498 T_{i}^{0.5} P^{-1} dT_{e} - 5.3081 \\cdot 10^{-6} T_{i}^{0.5} P^{-1} dT_{i} - 0.0041017 T_{i}^{0.5} P^{-1} dn + 6.3399 \\cdot 10^{-7} T_{i}^{0.5} P dT_{i} + 3.3867 \\cdot 10^{-5} T_{i}^{0.5} dT_{e} + 0.0027595 T_{i} P^{-1} dn + 0.00017725 T_{i} P dT_{e} + 0.013087 T_{i} P dn + 0.00052428 T_{i} dn - 8.4144 \\cdot 10^{-5} dT_{e} - 2.5491 \\cdot 10^{-5} dT_{i} - 0.010015 n^{-1} F dn + 0.0036578 n^{-1} P^{-1} dn - 2.3954 \\cdot 10^{-5} n^{-1} T_{e}^{0.5} T_{i}^{0.5} dn + 6.8468 \\cdot 10^{-5} n^{-1} T_{e} dn - 0.00023884 n^{-1} T_{i}^{0.5} dn - 0.00013525 n^{-1} T_{i} dn - 0.06533 n E^{0.5} - 0.024744 n E^{0.5} T_{e}^{0.5} P^{-1} + 0.00028668 n E^{0.5} T_{e}^{0.5} T_{i}^{0.5} + 0.032171 n E^{0.5} T_{e}^{0.5} T_{i} + 0.0011343 n E^{0.5} T_{e} T_{i}^{0.5} - 0.020566 n E^{0.5} T_{i}^{0.5} F + 0.00031664 n E^{0.5} T_{i}^{0.5} P^{-1} + 0.0009401 n E^{0.5} T_{i} - 0.00019781 n E F + 0.023939 n E P^{-1} + 0.022018 n E T_{e}^{0.5} - 0.0013785 n E T_{i}",
  "coefficients": [
    0.08853770831776947,
    0.008371750473335082,
    -9.045901008359575e-05,
    -0.0050971943867009544,
    -0.0010153775827766445,
    -0.002541104476876927,
    -8.220258910822197e-07,
    -0.00011617572990220625,
    0.0001126582307981526,
    0.001483817712394603,
    -0.0015309740845914283,
    0.01258897321960062,
    -5.329774849604427e-05,
    -0.002368370896792121,
    -2.7242363037006172e-05,
    0.00026751448786425605,
    8.569405224621415e-06,
    -0.0031269186681573188,
    -2.1256820839003472e-05,
    -0.00012280426039297098,
    0.00047028104116677346,
    8.450231044240925e-05,
    -0.008093460590608746,
    3.282874978939143e-08,
    0.00021840909239802643,
    9.940926383414409e-05,
    6.699036655663382e-05,
    -0.0019114358762336722,
    -0.00010875554761707826,
    -4.8608464782426365e-05,
    0.007679716600755936,
    0.00012977305271562653,
    0.0005231501174570618,
    5.480461080490302e-05,
    -7.440444143693608e-06,
    8.979347205479552e-05,
    0.00314110747443053,
    1.5329084319638608e-05,
    -0.0002005493429945723,
    0.00010189878028272501,
    0.00018707753884608322,
    -0.0001239258381235539,
    -0.0033620451300289816,
    -0.00011092588763729166,
    -0.004571167451740501,
    -3.050520362885635e-05,
    -0.00018221350422718707,
    -0.0001698662562878152,
    -0.004398016439383408,
    1.510304689777102e-05,
    -0.0006109622259511613,
    8.700420471650297e-05,
    0.004303863849111724,
    0.0004962757204108359,
    0.019582908369735776,
    -0.03841169106744487,
    -0.0006126820432599618,
    -0.0004041653094129864,
    0.014599152536330179,
    -1.1715987118433616e-05,
    -0.019380283101151956,
    0.0001320976630872423,
    0.0004989849066852798,
    0.017984007317786,
    -0.0346890260935558,
    -0.0012733922187261903,
    0.0017866273141365402,
    3.5589916042747747e-06,
    -0.03606147218253384,
    0.0002982465077112679,
    5.235782082365586e-05,
    -0.020434538898964825,
    6.554399066722475e-05,
    0.0006597515854969929,
    -0.021901383744728855,
    0.000170969622071235,
    0.021993599202512915,
    -5.8020325696140674e-05,
    0.0006577443058827154,
    0.011428064474841425,
    -0.00011292981798016642,
    -4.877618604963647e-05,
    4.3098720893009105e-05,
    -0.0007165823915152312,
    0.0077263740142626885,
    5.281158538008168e-05,
    0.05472830276005957
  ],
  "val_sse_masked": 0.00031471948022954166,
  "val_nrmse_masked": 0.04828829690814018,
  "val_mse_masked": 1.0490650311112404e-05,
  "val_r2_masked": 0.9976674914360046,
  "val_sse_full": 0.0003177725593559444,
  "val_nrmse_full": 0.04852195084095001,
  "val_mse_full": 1.0592419130261987e-05,
  "val_r2_full": 0.99764484167099,
  "iteration": 402,
  "p_lo_eff": 0.12967753410339355,
  "p_hi_eff": 1.9451630115509033,
  "f_lo_eff": 0.20659340918064117,
  "f_hi_eff": 1.6527472734451294
}