{
  "tag": "356_8bffe361",
  "lmb1": 0.0011537066880462177,
  "lmb2": 1e-08,
  "nonzero_count": 14,
  "complexity_norm": 0.11290322580645161,
  "train_gen_window": 0.07264749489103726,
  "generalizability": 0.07238219241999468,
  "equation": "0.059161 E^{0.5} n P^{-0.5} - 0.0038563 P^{-1} F dT_{e} - 7.0429 \\cdot 10^{-5} P^{-1} F dT_{i} - 0.0020354 P^{-1} F dn - 0.00020843 T_{e}^{0.5} T_{i}^{0.5} F dn - 0.0066596 T_{e}^{0.5} T_{i}^{0.5} dn - 0.049969 T_{e} dn - 0.010836 T_{i}^{0.5} P^{-1} dn + 0.0017037 T_{i} P dn + 0.00028664 n^{-1} P^{-1} dn + 0.0075243 n E^{0.5} T_{e}^{0.5} T_{i} - 0.020015 n E^{0.5} T_{i}^{0.5} P + 0.00023826 n E^{0.5} T_{i} + 0.034687 n E T_{e}^{0.5} T_{i}^{0.5}",
  "coefficients": [
    0.08853770397547062,
    0.000656039358582043,
    2.222542397833712e-05,
    -4.099579607231999e-06,
    2.8909777041403397e-05,
    1.1183866829910515e-05,
    9.109106451823846e-06,
    1.0215072763527476e-05,
    5.477904165704469e-06,
    -0.002497065503201287,
    -3.777023345471571e-06,
    -2.059821378974722e-07,
    -3.115762163882903e-06,
    -2.8579539979889795e-06,
    -4.209159191553201e-06,
    -8.217806053673025e-06,
    -2.9887899796986987e-06,
    -2.6620468626701335e-06,
    -3.788489775220261e-06,
    -2.3647209263897058e-06,
    -7.321073814423636e-06,
    -3.7440410354983586e-06,
    -2.955038514417895e-06,
    -1.037594413518835e-06,
    -7.366358593214614e-06,
    -3.474523703681449e-06,
    -2.228266946152636e-06,
    -0.00417644241254663,
    -1.4450358734029553e-07,
    3.708841912017159e-08,
    -4.255509002872856e-07,
    9.348002386820241e-07,
    3.355262603756807e-07,
    7.147929894482884e-07,
    2.193176274082566e-06,
    1.1144745181855137e-06,
    2.281406029512889e-06,
    -2.3727592312035865e-06,
    -4.626276121097537e-08,
    3.7574840211397685e-07,
    7.653810360881576e-07,
    2.373276287335524e-06,
    4.6380358943777067e-07,
    1.4757560246513021e-06,
    2.5146494543388137e-06,
    -0.002572784559978216,
    -5.921513536161206e-06,
    5.52246433602589e-05,
    -0.01161863152701403,
    -2.1512113631808397e-05,
    -3.1610673068589724e-05,
    3.121953414760847e-05,
    -2.270068133386588e-06,
    -9.574475190038577e-06,
    0.0025492521917748682,
    -1.0192218461873434e-05,
    -2.5708565850356814e-05,
    -8.012566571816097e-06,
    -2.6135329457582783e-06,
    -0.005092091469739608,
    -0.0002475738218896724,
    1.3135905489310365e-05,
    -1.2984749249249069e-05,
    -1.1603485800967546e-06,
    -0.031761016204532366,
    -1.020362627498662e-05,
    -1.2448190702571414e-05,
    1.2890367169617217e-07,
    1.6046651983974006e-06,
    1.2678274375751981e-06,
    6.502844788837264e-06,
    1.5591225602083798e-06,
    -0.02075964925263475,
    0.00016720751626189925,
    -2.7363847971341645e-06,
    7.768255014210831e-06,
    0.005144006406530702,
    1.8191653061107305e-06,
    7.6191763425383426e-06,
    5.53350543352453e-06,
    3.1279369901345494e-06,
    -1.3232290316301587e-05,
    6.821096635043264e-05,
    7.98597979863667e-06,
    1.6270341623901004e-05,
    0.014026872665375785,
    0.02904497315532469
  ],
  "val_sse_masked": 0.001281646080315113,
  "val_nrmse_masked": 0.0974460169672966,
  "val_mse_masked": 4.272153819329105e-05,
  "val_r2_masked": 0.9905011057853699,
  "val_sse_full": 0.001243410399183631,
  "val_nrmse_full": 0.09598145633935928,
  "val_mse_full": 4.144701597397216e-05,
  "val_r2_full": 0.9907844662666321,
  "iteration": 356,
  "p_lo_eff": 0.12967753410339355,
  "p_hi_eff": 1.9451630115509033,
  "f_lo_eff": 0.20659340918064117,
  "f_hi_eff": 1.6527472734451294
}