{
  "tag": "278_653b930d",
  "lmb1": 0.03791469137052789,
  "lmb2": 0.1,
  "nonzero_count": 12,
  "complexity_norm": 0.0967741935483871,
  "train_gen_window": 0.31731811976481433,
  "generalizability": 0.31650177496933335,
  "equation": "0.034173 E^{0.5} n P^{-0.5} - 0.0094203 P^{-1} F dn - 0.0034356 T_{e}^{0.5} T_{i}^{0.5} F dn - 0.0053183 T_{e}^{0.5} T_{i}^{0.5} dn - 0.00024503 T_{e} F dn - 0.0072294 T_{e} dn + 0.0091304 n E^{0.5} T_{e}^{0.5} T_{i} + 0.0023991 n E^{0.5} T_{e} T_{i}^{0.5} + 0.00081768 n E^{0.5} T_{i} + 0.00032335 n E P^{-1} + 0.01533 n E T_{e}^{0.5} T_{i}^{0.5} + 0.0019193 n E T_{i}^{0.5}",
  "coefficients": [
    0.08853770355439977,
    4.229427283142102e-09,
    8.201018355624335e-09,
    -4.994847298020363e-08,
    1.1591149564395032e-08,
    1.1725196117548708e-08,
    7.797656119957882e-09,
    1.1239637208699144e-08,
    7.57059383080923e-09,
    1.496801946082455e-09,
    -9.151096966872027e-09,
    -1.0202205459482396e-10,
    -3.408360598713786e-09,
    -7.727861894894008e-09,
    -8.84417632118547e-09,
    -9.048185262485695e-09,
    -7.37773417562165e-09,
    -7.70055915621274e-09,
    -8.83237414143869e-09,
    -6.878385735002322e-09,
    -9.133933250517528e-09,
    -8.074397510816236e-09,
    -9.112460725438684e-09,
    -2.6355259547919713e-09,
    -9.793202654113304e-09,
    -8.060735791570805e-09,
    -6.372143332205013e-09,
    -1.3090755246874548e-09,
    -6.8088028243764055e-09,
    -6.452581907519385e-10,
    -3.730988187916091e-09,
    -3.1094140909617147e-09,
    -1.322532933907751e-09,
    -7.454216919001232e-11,
    1.5526111060876796e-09,
    9.81449520573613e-10,
    2.0856304833763623e-09,
    -6.104351510910702e-09,
    -6.638495830812351e-10,
    -1.1892538431190027e-09,
    -2.3816253904863153e-09,
    1.907484122216995e-09,
    -5.8260397854503345e-09,
    -2.041970420483682e-09,
    2.2026038165439293e-09,
    -0.011907233944316096,
    -4.114358491598919e-07,
    -4.0709614549119536e-08,
    -7.05201637141995e-06,
    -2.079732199811944e-06,
    -8.408670516195679e-06,
    -4.523954566605155e-08,
    -1.1399378324326846e-07,
    -7.15939193420752e-07,
    -4.592736964674404e-08,
    -3.4923116361751222e-06,
    -2.0476603241463135e-06,
    -8.630675581591705e-07,
    -1.9287876043191395e-07,
    -0.004066501723959855,
    -0.004080857606477828,
    -4.846543583664788e-08,
    -1.5175933080066326e-06,
    -1.8183684942383408e-07,
    -0.004595122793074481,
    -0.0002454651400468102,
    -1.9305258214866733e-06,
    1.9114968644618846e-07,
    1.3646111299394655e-07,
    2.623290426017365e-07,
    3.540723357905034e-07,
    2.185426196516069e-07,
    3.3903020296485674e-08,
    0.0005738412973724678,
    9.886192545676349e-08,
    8.687876431669904e-07,
    0.006242077134824894,
    2.6717646813818976e-07,
    0.0013912419230480023,
    0.00015436420560034167,
    3.2182999910963726e-07,
    4.259389815621944e-08,
    0.0008007867671727644,
    2.83959097510102e-07,
    5.894693833275183e-06,
    0.006199192541440918,
    0.016777192093082684
  ],
  "val_sse_masked": 0.020755747333168983,
  "val_nrmse_masked": 0.39214733242988586,
  "val_mse_masked": 0.0006918582948856056,
  "val_r2_masked": 0.8461692333221436,
  "val_sse_full": 0.020718343555927277,
  "val_nrmse_full": 0.391793817281723,
  "val_mse_full": 0.0006906114867888391,
  "val_r2_full": 0.8464464545249939,
  "iteration": 278,
  "p_lo_eff": 0.12967753410339355,
  "p_hi_eff": 1.9451630115509033,
  "f_lo_eff": 0.20659340918064117,
  "f_hi_eff": 1.6527472734451294
}