{
  "tag": "408_b9c6ae80",
  "lmb1": 4.4157739838388137e-07,
  "lmb2": 0.0006126465847829775,
  "nonzero_count": 84,
  "complexity_norm": 0.6774193548387096,
  "train_gen_window": 0.02518807499127921,
  "generalizability": 0.0314017031206948,
  "equation": "0.06799 E^{0.5} n P^{-0.5} - 0.0032704 F dT_{e} + 0.0015705 F dT_{i} - 0.0014552 F dn - 0.0035687 P^{-1} F dT_{e} + 6.6855 \\cdot 10^{-6} P^{-1} F dT_{i} + 0.00022163 P^{-1} F dn + 0.00098355 P^{-1} dT_{e} - 0.00035851 P F dT_{i} - 0.0048932 P dn - 0.013419 T_{e}^{0.5} F dT_{e} - 0.0055927 T_{e}^{0.5} F dn + 0.0021827 T_{e}^{0.5} P^{-1} dT_{e} - 0.028161 T_{e}^{0.5} P^{-1} dn + 0.0042325 T_{e}^{0.5} T_{i}^{0.5} F dT_{e} - 2.7373 \\cdot 10^{-5} T_{e}^{0.5} T_{i}^{0.5} F dT_{i} - 0.009181 T_{e}^{0.5} T_{i}^{0.5} F dn - 1.0969 \\cdot 10^{-5} T_{e}^{0.5} T_{i}^{0.5} P^{-1} dT_{i} + 0.013296 T_{e}^{0.5} T_{i}^{0.5} P^{-1} dn + 0.0013166 T_{e}^{0.5} T_{i}^{0.5} P dT_{e} + 4.6667 \\cdot 10^{-6} T_{e}^{0.5} T_{i}^{0.5} P dT_{i} + 0.0054147 T_{e}^{0.5} T_{i}^{0.5} P dn - 3.9536 \\cdot 10^{-6} T_{e}^{0.5} T_{i}^{0.5} dT_{i} - 0.0038225 T_{e}^{0.5} T_{i}^{0.5} dn - 0.00022975 T_{e}^{0.5} T_{i} dT_{e} + 4.5189 \\cdot 10^{-7} T_{e}^{0.5} T_{i} dT_{i} + 0.0043951 T_{e}^{0.5} T_{i} dn - 0.017844 T_{e}^{0.5} dn + 0.00014422 T_{e} F dT_{i} - 0.0082813 T_{e} F dn + 0.016851 T_{e} P^{-1} dn + 2.7876 \\cdot 10^{-5} T_{e} P dT_{i} - 0.00058929 T_{e} T_{i}^{0.5} dT_{e} - 0.00016858 T_{e} T_{i} dT_{e} + 9.3088 \\cdot 10^{-7} T_{e} T_{i} dT_{i} + 0.005487 T_{e} T_{i} dn - 0.0031451 T_{e} dT_{e} - 0.00011089 T_{e} dT_{i} - 0.02465 T_{e} dn + 0.0025036 T_{i}^{0.5} F dT_{e} - 0.0065101 T_{i}^{0.5} F dn + 0.0014877 T_{i}^{0.5} P^{-1} dT_{e} - 1.4246 \\cdot 10^{-5} T_{i}^{0.5} P^{-1} dT_{i} - 0.020824 T_{i}^{0.5} P^{-1} dn - 1.4673 \\cdot 10^{-6} T_{i}^{0.5} P dT_{i} + 0.0040073 T_{i}^{0.5} P dn - 0.0012202 T_{i}^{0.5} dT_{e} - 8.9839 \\cdot 10^{-6} T_{i}^{0.5} dT_{i} + 0.00023352 T_{i} F dT_{e} + 2.2105 \\cdot 10^{-6} T_{i} F dT_{i} + 7.4531 \\cdot 10^{-5} T_{i} P^{-1} dT_{e} + 0.0066264 T_{i} P^{-1} dn + 0.00026804 T_{i} P dT_{e} + 0.0079799 T_{i} P dn - 0.00030036 T_{i} dT_{e} + 0.0057981 T_{i} dn + 0.00056259 dT_{e} - 0.0001331 dT_{i} - 0.022343 n^{-1} F dn + 0.0050545 n^{-1} P^{-1} dn - 0.00038176 n^{-1} T_{e}^{0.5} T_{i}^{0.5} dn + 0.00078718 n^{-1} T_{e} dn + 0.00026187 n^{-1} T_{i}^{0.5} dn - 0.00047545 n^{-1} T_{i} dn + 0.00073988 n^{-1} dn - 0.042803 n E^{0.5} + 0.012577 n E^{0.5} P^{-1} - 0.024282 n E^{0.5} T_{e}^{0.5} P^{-1} + 0.0076489 n E^{0.5} T_{e}^{0.5} T_{i}^{0.5} + 0.019158 n E^{0.5} T_{e}^{0.5} T_{i} - 0.014567 n E^{0.5} T_{e} + 0.015379 n E^{0.5} T_{e} T_{i}^{0.5} - 0.0028678 n E^{0.5} T_{i}^{0.5} - 0.020213 n E^{0.5} T_{i}^{0.5} F + 0.0063947 n E^{0.5} T_{i}^{0.5} P^{-1} - 0.0032907 n E^{0.5} T_{i}^{0.5} P + 0.01469 n E^{0.5} T_{i} - 0.014815 n E F + 0.015414 n E P^{-1} - 0.0039038 n E P + 0.041619 n E T_{e}^{0.5} + 0.0087671 n E T_{e}^{0.5} T_{i}^{0.5} + 0.0076134 n E T_{i}^{0.5} - 0.0087055 n E T_{i}",
  "coefficients": [
    0.08853770734211686,
    0.011568337834980338,
    0.001108680615163146,
    -0.011371393267334455,
    0.0011133033367522003,
    -0.008933148590382387,
    4.216332186069045e-05,
    -0.0018514911245140243,
    0.0012952469162241798,
    0.0002370346365007346,
    -0.007994027852928607,
    0.0247097233681279,
    -0.0055697487514378,
    -0.006356254032284908,
    -0.003418772615188118,
    -0.0006191183989017546,
    0.0015217325822793303,
    -0.0060843479397811075,
    -0.001806355414815837,
    -0.003295659755582889,
    0.002286141195537315,
    0.0014384169991277142,
    -0.009684675990090064,
    0.0034480673176539335,
    0.0026382261462068873,
    0.003568910250696177,
    0.0017538049540125594,
    -0.0038649801846792776,
    0.000727141656536835,
    -0.00123152014820954,
    0.008464255343133099,
    -0.00467580120659038,
    0.0029929314431181245,
    0.001804023217527706,
    -0.005177814398506998,
    0.0012016614438777606,
    0.004749898772109417,
    0.004468401892972878,
    -0.005580916057366329,
    0.005755640782621508,
    0.005798905222187313,
    -0.00461418471740902,
    -0.004585121138544623,
    -0.002875021040865478,
    -0.003982925603659421,
    0.00028013463821430565,
    -0.0015568436523566206,
    -0.005661760706709569,
    -0.02232839999695661,
    2.1254783303005856e-05,
    -0.007974797891031738,
    0.005233148305984755,
    0.010334911907521688,
    0.005488409778008374,
    0.011940434989150322,
    -0.025384574948953315,
    -0.011765881520542174,
    -0.005781991798885102,
    0.016406724072732314,
    -0.0029227534791032702,
    -0.010905331343887777,
    0.006754291839826262,
    0.004069413887826711,
    0.01759521682987873,
    -0.015667788186434075,
    -0.008295825351118934,
    0.005035051018670108,
    0.00961578154024587,
    -0.023626722320114056,
    0.006023191949991787,
    -0.0017689653996443983,
    -0.020083431857863494,
    -0.0034130948558950235,
    0.010309377132316694,
    -0.021492536936014807,
    0.004561564143800323,
    0.013097313012748376,
    -0.007490820328427415,
    0.008918400311571428,
    0.007358319482275314,
    -0.008457537034051058,
    -0.002371405540319245,
    0.003176559307090908,
    -0.004525263210379905,
    0.014604339202252613,
    0.0035453084786713452,
    0.0333797052130866
  ],
  "val_sse_masked": 0.0003361795679666102,
  "val_nrmse_masked": 0.049907486885786057,
  "val_mse_masked": 1.1205986083950847e-05,
  "val_r2_masked": 0.9975084066390991,
  "val_sse_full": 0.00033557950519025326,
  "val_nrmse_full": 0.049862924963235855,
  "val_mse_full": 1.1185984476469457e-05,
  "val_r2_full": 0.9975128769874573,
  "iteration": 408,
  "p_lo_eff": 0.12967753410339355,
  "p_hi_eff": 1.9451630115509033,
  "f_lo_eff": 0.20659340918064117,
  "f_hi_eff": 1.6527472734451294
}