{
  "tag": "106_7fe7ec6a",
  "lmb1": 0.0009464811228970691,
  "lmb2": 0.0006190509731967737,
  "nonzero_count": 16,
  "complexity_norm": 0.12903225806451613,
  "train_gen_window": 0.06526307479685645,
  "generalizability": 0.06639638937075333,
  "equation": "0.056939 E^{0.5} n P^{-0.5} - 0.003824 P^{-1} F dT_{e} - 6.8139 \\cdot 10^{-5} P^{-1} F dT_{i} - 0.0028159 P^{-1} F dn + 0.00013335 P dn - 0.0001405 T_{e}^{0.5} T_{i}^{0.5} F dn - 0.012453 T_{e}^{0.5} T_{i}^{0.5} dn - 0.047864 T_{e} dn - 0.009515 T_{i}^{0.5} P^{-1} dn + 0.0038844 T_{i} P dn + 0.00033261 n^{-1} P^{-1} dn + 0.006019 n E^{0.5} T_{e}^{0.5} T_{i} - 0.019519 n E^{0.5} T_{i}^{0.5} P + 0.00060044 n E^{0.5} T_{i} + 0.037582 n E T_{e}^{0.5} T_{i}^{0.5} + 0.00083051 n E T_{i}^{0.5}",
  "coefficients": [
    0.08853770385577114,
    0.000761247046325654,
    1.835695757976485e-05,
    -7.3763895011078046e-06,
    1.3750517587661101e-05,
    8.805709380150991e-06,
    7.636836029249311e-06,
    7.066091123951815e-06,
    4.339801307765837e-06,
    -0.0024158650260915826,
    -3.1803188693451736e-06,
    4.2143065091987726e-07,
    -2.2116566901431847e-06,
    -3.5577929845182135e-06,
    -4.211294227055808e-06,
    -6.424121406714013e-06,
    -3.56155817470472e-06,
    -3.331503332577772e-06,
    -3.8083546722913625e-06,
    -2.593152611385716e-06,
    -6.066289713500788e-06,
    -4.164974163003252e-06,
    -2.5706988719575543e-06,
    -7.06900424980947e-07,
    -5.092520686797596e-06,
    -3.963543418631339e-06,
    -2.068918263185873e-06,
    -0.0041414439086372365,
    5.632459694513607e-07,
    6.652083398282105e-07,
    -6.624930652315023e-08,
    2.0119019791296996e-06,
    9.721721289303449e-07,
    1.2983886164924539e-06,
    3.598492875929131e-06,
    1.8738570691893546e-06,
    3.6781928325652827e-06,
    -2.229284552123035e-06,
    5.531234759703584e-07,
    1.0075334460615269e-06,
    1.902143361881896e-06,
    3.806076247460314e-06,
    1.4659543829438365e-06,
    2.837888822459198e-06,
    4.036813507932718e-06,
    -0.0035592834533809733,
    -6.955173372937051e-06,
    0.00015429637499138742,
    -0.01020232543499128,
    -2.928338527036131e-05,
    -3.452162601032993e-05,
    6.740503616014795e-05,
    -2.297944076080976e-06,
    -1.0881226734431927e-05,
    0.0058122447149556306,
    -1.5402845667067256e-05,
    -5.4501897758233665e-05,
    -9.45974187287704e-06,
    -2.9030650477174006e-06,
    -0.009521557801995597,
    -0.000166890639061657,
    1.6956842828852972e-05,
    -1.5118350473878773e-05,
    -1.3174888106067885e-06,
    -0.03042301646798095,
    -1.328774427131418e-05,
    -1.4654671314987629e-05,
    3.3078057682541765e-08,
    1.9035316702546833e-06,
    1.4046113359010476e-06,
    8.146519885028747e-06,
    1.4077607389083463e-06,
    -0.020244540328547816,
    0.00042138278452877895,
    -4.2778546000100075e-06,
    9.775251580245664e-06,
    0.004114898760696501,
    2.161457345846819e-06,
    9.507154879489085e-06,
    7.143255328406472e-06,
    3.3793118429362644e-06,
    -1.64496747774989e-05,
    0.00034651747411002084,
    9.939510408287593e-06,
    2.7884193529041834e-05,
    0.015197824461648225,
    0.02795409893849431
  ],
  "val_sse_masked": 0.0010946737602353096,
  "val_nrmse_masked": 0.09005802124738693,
  "val_mse_masked": 3.648912752396427e-05,
  "val_r2_masked": 0.9918868541717529,
  "val_sse_full": 0.001067508477717638,
  "val_nrmse_full": 0.088933564722538,
  "val_mse_full": 3.558361640898511e-05,
  "val_r2_full": 0.9920881986618042,
  "iteration": 106,
  "p_lo_eff": 0.12967753410339355,
  "p_hi_eff": 1.9451630115509033,
  "f_lo_eff": 0.20659340918064117,
  "f_hi_eff": 1.6527472734451294
}