{
  "tag": "177_62ea18e9",
  "lmb1": 1e-08,
  "lmb2": 0.0024201287396169546,
  "nonzero_count": 83,
  "complexity_norm": 0.6693548387096774,
  "train_gen_window": 0.03233204260194114,
  "generalizability": 0.03133827718423171,
  "equation": "0.048549 E^{0.5} n P^{-0.5} - 0.0038435 F dT_{e} + 0.00092739 F dT_{i} - 0.0029221 F dn - 0.003469 P^{-1} F dT_{e} - 9.017 \\cdot 10^{-5} P^{-1} F dT_{i} - 0.0030211 P^{-1} F dn + 0.00022552 P^{-1} dT_{e} - 0.00018297 P F dT_{i} - 0.0012703 P dn - 0.0025652 T_{e}^{0.5} F dT_{e} - 0.0050675 T_{e}^{0.5} F dn + 0.001053 T_{e}^{0.5} P^{-1} dT_{e} - 0.017444 T_{e}^{0.5} P^{-1} dn + 0.0015935 T_{e}^{0.5} T_{i}^{0.5} F dT_{e} - 8.9612 \\cdot 10^{-6} T_{e}^{0.5} T_{i}^{0.5} F dT_{i} - 0.005798 T_{e}^{0.5} T_{i}^{0.5} F dn - 7.9495 \\cdot 10^{-6} T_{e}^{0.5} T_{i}^{0.5} P^{-1} dT_{i} + 0.0061693 T_{e}^{0.5} T_{i}^{0.5} P^{-1} dn + 0.00060968 T_{e}^{0.5} T_{i}^{0.5} P dT_{e} + 2.5232 \\cdot 10^{-6} T_{e}^{0.5} T_{i}^{0.5} P dT_{i} + 0.0035989 T_{e}^{0.5} T_{i}^{0.5} P dn - 2.9675 \\cdot 10^{-6} T_{e}^{0.5} T_{i}^{0.5} dT_{i} - 0.0058466 T_{e}^{0.5} T_{i}^{0.5} dn - 0.00013163 T_{e}^{0.5} T_{i} dT_{e} + 2.4878 \\cdot 10^{-7} T_{e}^{0.5} T_{i} dT_{i} + 0.0036019 T_{e}^{0.5} T_{i} dn - 0.015768 T_{e}^{0.5} dn + 0.00019931 T_{e} F dT_{i} - 0.0063102 T_{e} F dn + 0.0088152 T_{e} P^{-1} dn + 2.2694 \\cdot 10^{-5} T_{e} P dT_{i} - 0.00031355 T_{e} T_{i}^{0.5} dT_{e} - 0.00016703 T_{e} T_{i} dT_{e} + 4.583 \\cdot 10^{-7} T_{e} T_{i} dT_{i} + 0.002984 T_{e} T_{i} dn - 0.001175 T_{e} dT_{e} - 5.2011 \\cdot 10^{-5} T_{e} dT_{i} - 0.020888 T_{e} dn + 0.00095331 T_{i}^{0.5} F dT_{e} - 0.0043419 T_{i}^{0.5} F dn + 0.00091991 T_{i}^{0.5} P^{-1} dT_{e} - 9.993 \\cdot 10^{-6} T_{i}^{0.5} P^{-1} dT_{i} - 0.013324 T_{i}^{0.5} P^{-1} dn - 4.793 \\cdot 10^{-7} T_{i}^{0.5} P dT_{i} + 0.0035415 T_{i}^{0.5} P dn - 5.3705 \\cdot 10^{-6} T_{i}^{0.5} dT_{i} - 0.0020197 T_{i}^{0.5} dn + 1.7215 \\cdot 10^{-6} T_{i} F dT_{i} + 7.5651 \\cdot 10^{-5} T_{i} P^{-1} dT_{e} + 0.0049744 T_{i} P^{-1} dn + 0.00021753 T_{i} P dT_{e} + 0.0070138 T_{i} P dn - 7.703 \\cdot 10^{-5} T_{i} dT_{e} + 0.0057347 T_{i} dn - 0.00043266 dT_{e} - 7.0821 \\cdot 10^{-5} dT_{i} - 0.02684 n^{-1} F dn + 0.0034676 n^{-1} P^{-1} dn + 0.001576 n^{-1} T_{e}^{0.5} dn + 0.0020426 n^{-1} T_{e} dn - 3.9922 \\cdot 10^{-5} n^{-1} T_{i}^{0.5} dn - 0.0002465 n^{-1} T_{i} dn + 0.0010224 n^{-1} dn - 0.01625 n E^{0.5} + 0.0094555 n E^{0.5} P^{-1} - 0.016753 n E^{0.5} T_{e}^{0.5} P^{-1} + 0.0061146 n E^{0.5} T_{e}^{0.5} T_{i}^{0.5} + 0.01017 n E^{0.5} T_{e}^{0.5} T_{i} - 0.004326 n E^{0.5} T_{e} + 0.0090905 n E^{0.5} T_{e} T_{i}^{0.5} + 0.0007989 n E^{0.5} T_{i}^{0.5} - 0.015649 n E^{0.5} T_{i}^{0.5} F + 0.0031496 n E^{0.5} T_{i}^{0.5} P^{-1} - 0.0097029 n E^{0.5} T_{i}^{0.5} P + 0.0074815 n E^{0.5} T_{i} - 0.010782 n E F + 0.012276 n E P^{-1} - 0.0037081 n E P + 0.03059 n E T_{e}^{0.5} + 0.015536 n E T_{e}^{0.5} T_{i}^{0.5} + 0.01312 n E T_{i}^{0.5} - 0.00087225 n E T_{i}",
  "coefficients": [
    0.08853770708348219,
    0.00793629272858487,
    0.0015319828568121086,
    -0.013660286413184619,
    -0.00016972227823938701,
    -0.004631415034780151,
    0.0024184243255926108,
    4.4675336095700846e-05,
    0.0033609497886669115,
    -0.0031969779652266106,
    -0.0042534388143669055,
    0.014591645110465123,
    -0.0028426724501501577,
    -0.0044586653403935195,
    -0.0020437289425709604,
    -0.0002022424865367467,
    0.0011850754216077841,
    -0.004409396972072016,
    -0.0013558106112109836,
    -0.0010789047795177753,
    0.0012360427381288286,
    0.0007919027987192406,
    -0.004542352579873038,
    0.004765201311839273,
    0.0021478139219224812,
    0.0017571001241979134,
    0.0004021381508093058,
    -0.003757013909123197,
    -0.0005592103425445805,
    -0.0014473032845518374,
    0.005233690069329222,
    -2.8872017824754792e-05,
    0.00113964415673376,
    0.0018311309622506267,
    -0.0013278822466751827,
    -3.329839677820856e-05,
    0.0038547620316790043,
    0.0021555967924279384,
    -0.0010668149768375823,
    0.0021669814263825804,
    0.002685296833335238,
    -0.0026436461504770192,
    -0.0017129957150661124,
    -0.0015297719329126769,
    -0.00394614708647309,
    -0.0038186812336059583,
    -0.003126150781539133,
    -0.00146987106253188,
    -0.01428653509868727,
    -0.0016011310467452522,
    -0.005318780833055842,
    0.0046249197518037355,
    0.0077582847412699385,
    0.005428420962747205,
    0.010494759478560461,
    -0.01572436780480127,
    -0.010397105018072339,
    -0.005238998214166013,
    0.007612680217360862,
    -0.004470445379619936,
    -0.006886925906244373,
    0.004489300029002108,
    0.003334950914132717,
    0.00920469270118579,
    -0.013276688670098458,
    -0.006321252359474172,
    0.0027381866451802184,
    0.0072293492791518366,
    -0.008969624562020356,
    0.0029666469446126,
    0.0004928004192328861,
    -0.015549088802327637,
    -0.01006377219891369,
    0.005250439995646006,
    -0.014828038444266167,
    0.003646568396415084,
    0.006952555946715955,
    -0.0022245484867213505,
    0.0052715175442278606,
    0.005860363190519358,
    -0.006155084886867751,
    -0.0022525595349037475,
    0.005474270714399487,
    -0.00045340593674189633,
    0.010734174678212444,
    0.0062824631503220485,
    0.023835046059838244
  ],
  "val_sse_masked": 0.0004566433490253985,
  "val_nrmse_masked": 0.05816592276096344,
  "val_mse_masked": 1.5221446119539905e-05,
  "val_r2_masked": 0.9966155886650085,
  "val_sse_full": 0.00045555352699011564,
  "val_nrmse_full": 0.058096472173929214,
  "val_mse_full": 1.518511817266699e-05,
  "val_r2_full": 0.996623694896698,
  "iteration": 177,
  "p_lo_eff": 0.12967753410339355,
  "p_hi_eff": 1.9451630115509033,
  "f_lo_eff": 0.20659340918064117,
  "f_hi_eff": 1.6527472734451294
}