{
  "tag": "133_27db7441",
  "lmb1": 5.125630512029289e-05,
  "lmb2": 0.006264261721075672,
  "nonzero_count": 62,
  "complexity_norm": 0.5,
  "train_gen_window": 0.05281914990171004,
  "generalizability": 0.036402630126052216,
  "equation": "0.040052 E^{0.5} n P^{-0.5} + 0.00041997 F dT_{e} + 0.00040656 F dT_{i} - 0.0017175 F dn - 0.0028653 P^{-1} F dT_{e} - 0.00013178 P^{-1} F dT_{i} - 0.0042541 P^{-1} F dn + 6.3561 \\cdot 10^{-5} P^{-1} dT_{e} + 0.00082189 P dn - 0.0031042 T_{e}^{0.5} F dn - 0.010731 T_{e}^{0.5} P^{-1} dn - 0.0028195 T_{e}^{0.5} T_{i}^{0.5} F dn - 1.1851 \\cdot 10^{-6} T_{e}^{0.5} T_{i}^{0.5} P^{-1} dT_{i} + 0.00099724 T_{e}^{0.5} T_{i}^{0.5} P^{-1} dn + 6.9556 \\cdot 10^{-5} T_{e}^{0.5} T_{i}^{0.5} P dT_{e} + 0.0031301 T_{e}^{0.5} T_{i}^{0.5} P dn - 0.0053854 T_{e}^{0.5} T_{i}^{0.5} dn - 0.015345 T_{e}^{0.5} dn + 2.7016 \\cdot 10^{-5} T_{e} F dT_{i} - 0.0038673 T_{e} F dn + 0.0007876 T_{e} P^{-1} dn + 1.9305 \\cdot 10^{-6} T_{e} P dT_{i} - 5.5406 \\cdot 10^{-6} T_{e} T_{i} dT_{e} - 1.3139 \\cdot 10^{-6} T_{e} dT_{i} - 0.019325 T_{e} dn + 0.00016409 T_{i}^{0.5} F dT_{e} - 0.0019324 T_{i}^{0.5} F dn + 0.00016756 T_{i}^{0.5} P^{-1} dT_{e} - 1.9329 \\cdot 10^{-6} T_{i}^{0.5} P^{-1} dT_{i} - 0.0061972 T_{i}^{0.5} P^{-1} dn + 0.0036238 T_{i}^{0.5} P dn + 0.00015985 T_{i}^{0.5} dT_{e} - 0.0024327 T_{i}^{0.5} dn + 0.0029913 T_{i} P^{-1} dn + 5.4498 \\cdot 10^{-5} T_{i} P dT_{e} + 0.006023 T_{i} P dn + 0.00010141 dT_{e} - 3.337 \\cdot 10^{-6} dT_{i} - 0.023078 n^{-1} F dn + 0.0025103 n^{-1} P^{-1} dn + 2.9263 \\cdot 10^{-5} n^{-1} T_{e}^{0.5} T_{i}^{0.5} dn + 0.0015974 n^{-1} T_{e}^{0.5} dn + 0.0012598 n^{-1} T_{e} dn + 3.5001 \\cdot 10^{-5} n^{-1} T_{i}^{0.5} dn + 0.0020178 n^{-1} dn + 0.0033091 n E^{0.5} P^{-1} - 0.0078521 n E^{0.5} T_{e}^{0.5} P^{-1} + 0.0032062 n E^{0.5} T_{e}^{0.5} T_{i}^{0.5} + 0.0042294 n E^{0.5} T_{e}^{0.5} T_{i} + 0.0041394 n E^{0.5} T_{e} T_{i}^{0.5} + 0.00099119 n E^{0.5} T_{i}^{0.5} - 0.0084901 n E^{0.5} T_{i}^{0.5} F + 0.00010769 n E^{0.5} T_{i}^{0.5} P^{-1} - 0.013017 n E^{0.5} T_{i}^{0.5} P + 0.0029793 n E^{0.5} T_{i} - 0.00020582 n E F + 0.0075869 n E P^{-1} - 0.0042217 n E P + 0.027822 n E T_{e}^{0.5} + 0.015017 n E T_{e}^{0.5} T_{i}^{0.5} + 0.013477 n E T_{i}^{0.5} + 0.00063672 n E T_{i}",
  "coefficients": [
    0.08853770643724046,
    0.005745286992258225,
    0.0030235308481325923,
    -0.011745480371054587,
    0.0001488037444751595,
    -4.790740582075592e-05,
    0.0024511908600931935,
    0.0001419228035858639,
    0.0020728693126764912,
    -0.004672393551632216,
    -0.00020041972807757094,
    0.0063967845837057495,
    5.813827461697031e-05,
    -0.0008624441348537174,
    -9.504647643483161e-05,
    1.4278314752035478e-05,
    -4.465421679016207e-05,
    -0.0006573275436597779,
    -5.373170814250514e-05,
    -3.698673151197085e-05,
    3.743325101383964e-05,
    -5.121069288184558e-05,
    -0.00011474446152761551,
    0.0006459286180953629,
    0.0001827033510265166,
    -2.6994809842916773e-05,
    0.00011333875473913828,
    -0.0031031545912387987,
    0.00013107104276826356,
    0.00015814613588811875,
    0.0009533049897708164,
    0.0006125056957774623,
    0.0001961611478584804,
    9.270913131545684e-05,
    9.239778425558441e-05,
    4.2668809496040924e-05,
    0.0009657608117396196,
    6.82604857760769e-05,
    8.671861114109662e-05,
    6.197679946444692e-05,
    0.00030635722722125873,
    -3.418802873406037e-06,
    6.569004090587008e-05,
    9.852153580573111e-06,
    -0.0001309014934682947,
    -0.005377201998296917,
    -0.0018374291083549025,
    0.0009509764966031989,
    -0.006644864395116344,
    -0.0019285512321947685,
    -0.002367191285103421,
    0.00473234525679145,
    0.004665441829739417,
    7.735921236313384e-05,
    0.009012299235656595,
    -0.009672858584828341,
    -0.010117763392619215,
    -0.003209201402976538,
    0.001230555970890013,
    -0.0041178435039587085,
    -0.0033490398363085904,
    0.0039044476001272818,
    7.2492976359237786e-06,
    0.0008223959536522948,
    -0.012282977922949107,
    -0.003874129865592153,
    3.123493643771683e-06,
    0.002529995240442679,
    -4.094978336374886e-05,
    0.00010143130552773648,
    0.0006114134503794286,
    -0.00843588754987833,
    -0.013501196517007536,
    0.002090879581450715,
    -0.006949947224805851,
    0.0019120612329910475,
    0.002891490702820212,
    7.487496889106485e-05,
    0.002400389069181436,
    0.0036218735720549024,
    -0.00011749807154451964,
    -0.002564549591351289,
    0.005622988054347302,
    0.0003309761286974073,
    0.00976314361106878,
    0.006072523000074363,
    0.019663476683570585
  ],
  "val_sse_masked": 0.0006403730949386954,
  "val_nrmse_masked": 0.06888055056333542,
  "val_mse_masked": 2.134577152901329e-05,
  "val_r2_masked": 0.99525386095047,
  "val_sse_full": 0.0006476471899077296,
  "val_nrmse_full": 0.06927065551280975,
  "val_mse_full": 2.158824099751655e-05,
  "val_r2_full": 0.995199978351593,
  "iteration": 133,
  "p_lo_eff": 0.12967753410339355,
  "p_hi_eff": 1.9451630115509033,
  "f_lo_eff": 0.20659340918064117,
  "f_hi_eff": 1.6527472734451294
}