{
  "tag": "420_c5a68b11",
  "lmb1": 0.000510390615487152,
  "lmb2": 7.052984220198104e-06,
  "nonzero_count": 18,
  "complexity_norm": 0.14516129032258066,
  "train_gen_window": 0.05338368146626227,
  "generalizability": 0.052766747934244476,
  "equation": "0.050092 E^{0.5} n P^{-0.5} - 0.0038328 P^{-1} F dT_{e} - 7.2691 \\cdot 10^{-5} P^{-1} F dT_{i} - 0.0025683 P^{-1} F dn + 0.00055534 P dn - 0.00032735 T_{e}^{0.5} T_{i}^{0.5} dn - 0.07144 T_{e} dn - 0.0086202 T_{i}^{0.5} P^{-1} dn + 0.00058925 T_{i}^{0.5} P dn + 0.0063629 T_{i} P dn - 0.0012054 n^{-1} F dn + 0.00050676 n^{-1} P^{-1} dn - 0.00024862 n E^{0.5} T_{e}^{0.5} P^{-1} + 0.0065756 n E^{0.5} T_{e}^{0.5} T_{i} - 0.021934 n E^{0.5} T_{i}^{0.5} P + 0.0017409 n E^{0.5} T_{i} + 0.045872 n E T_{e}^{0.5} T_{i}^{0.5} + 0.00042819 n E T_{i}^{0.5}",
  "coefficients": [
    0.08853770258483329,
    0.00115983714370238,
    1.2457720757187626e-05,
    -0.0006134580245097864,
    1.7603882978727077e-06,
    1.7876593798110416e-07,
    4.023216214228354e-06,
    -2.2092467483930145e-07,
    8.065757464614203e-07,
    -0.0025772644961861405,
    5.331946785839367e-07,
    1.1278101018028106e-05,
    2.447928058124972e-06,
    -2.6757608242995583e-06,
    -1.9354087357338534e-06,
    -2.336205959145743e-06,
    -3.2904633637688034e-06,
    -2.3468119663338052e-06,
    -1.544948756595408e-06,
    -7.486662646426453e-07,
    -1.9265777021447267e-06,
    -3.3795449206192657e-06,
    1.4527349953390695e-06,
    4.681605821244148e-06,
    7.451469222770446e-07,
    -3.053393969775503e-06,
    7.336851637003793e-08,
    -0.004151043547768677,
    8.355415365256938e-06,
    8.767412637472362e-06,
    5.621607251833913e-06,
    4.165762128667785e-05,
    1.3635355734050802e-05,
    1.2825504724263147e-05,
    3.3628489725716763e-05,
    1.8154915962268106e-05,
    2.041465674428028e-05,
    -2.651277719134711e-07,
    8.254000816243153e-06,
    1.2749991210611548e-05,
    2.8396253877751725e-05,
    3.059606196963625e-05,
    2.642702446104822e-05,
    6.367213586314201e-05,
    2.7380100286268987e-05,
    -0.003246313432482047,
    -6.34915767025055e-06,
    0.0006425618407082376,
    -0.009242920680872022,
    -2.994956722297055e-05,
    -1.6987457719261685e-05,
    0.0007695123450418884,
    -2.0478147777287328e-06,
    -2.308925718393326e-05,
    0.00952084982523316,
    -2.6203137426059847e-05,
    -4.789588864742872e-05,
    -8.243505709209354e-06,
    -2.5202076193079954e-06,
    -0.00025029851803523643,
    -2.450476556933907e-05,
    5.038541382178306e-05,
    -4.908902036266738e-05,
    -1.5070096256412224e-07,
    -0.04540817258721882,
    -9.653090440231453e-06,
    -6.269684665347152e-05,
    -2.006491206113505e-06,
    1.8729371843829263e-06,
    7.353276666119353e-07,
    1.1890724546458353e-05,
    -7.326412529738784e-07,
    -0.022749665339504753,
    0.0012217321820923441,
    -0.00022005448879588318,
    1.3519817770182456e-05,
    0.004495462644558669,
    1.907760701931767e-06,
    1.1839104549030782e-05,
    1.0832093026327515e-05,
    2.419050299146826e-06,
    -3.567641926933406e-05,
    0.00017865628404230136,
    2.31488301967685e-05,
    3.799462897635743e-05,
    0.018550089069274106,
    0.02459280686982954
  ],
  "val_sse_masked": 0.0008274924475699663,
  "val_nrmse_masked": 0.07830005884170532,
  "val_mse_masked": 2.7583082555793226e-05,
  "val_r2_masked": 0.993867039680481,
  "val_sse_full": 0.0008093036012724042,
  "val_nrmse_full": 0.0774347335100174,
  "val_mse_full": 2.6976787921739742e-05,
  "val_r2_full": 0.9940018653869629,
  "iteration": 420,
  "p_lo_eff": 0.12967753410339355,
  "p_hi_eff": 1.9451630115509033,
  "f_lo_eff": 0.20659340918064117,
  "f_hi_eff": 1.6527472734451294
}