{
  "tag": "263_733a3ece",
  "lmb1": 4.485095834318415e-08,
  "lmb2": 2.726592841375392e-08,
  "nonzero_count": 86,
  "complexity_norm": 0.6935483870967742,
  "train_gen_window": 0.01445545202572756,
  "generalizability": 0.0318225091091485,
  "equation": "0.12296 E^{0.5} n P^{-0.5} + 0.12911 F dT_{e} + 0.008836 F dT_{i} + 0.027594 F dn - 0.0010103 P^{-1} F dT_{e} - 0.00058139 P^{-1} F dT_{i} + 0.009752 P^{-1} F dn - 0.0093241 P^{-1} dT_{e} - 0.0019042 P F dT_{i} - 0.027406 P dn - 0.16503 T_{e}^{0.5} F dT_{e} + 0.055746 T_{e}^{0.5} F dn + 0.013865 T_{e}^{0.5} P^{-1} dT_{e} - 0.061511 T_{e}^{0.5} P^{-1} dn + 0.029971 T_{e}^{0.5} T_{i}^{0.5} F dT_{e} - 0.0028932 T_{e}^{0.5} T_{i}^{0.5} F dT_{i} - 0.077091 T_{e}^{0.5} T_{i}^{0.5} F dn + 0.00092047 T_{e}^{0.5} T_{i}^{0.5} P^{-1} dT_{i} + 0.025224 T_{e}^{0.5} T_{i}^{0.5} P^{-1} dn + 0.0014882 T_{e}^{0.5} T_{i}^{0.5} P dT_{e} + 0.00020747 T_{e}^{0.5} T_{i}^{0.5} P dT_{i} + 0.013043 T_{e}^{0.5} T_{i}^{0.5} P dn + 0.00046034 T_{e}^{0.5} T_{i}^{0.5} dT_{i} + 0.22815 T_{e}^{0.5} T_{i}^{0.5} dn - 0.021924 T_{e}^{0.5} T_{i} dT_{e} + 5.6344 \\cdot 10^{-5} T_{e}^{0.5} T_{i} dT_{i} - 0.074978 T_{e}^{0.5} T_{i} dn - 0.23757 T_{e}^{0.5} dn + 0.00069563 T_{e} F dT_{i} - 0.088775 T_{e} F dn + 0.0097727 T_{e} P^{-1} dn + 0.00086051 T_{e} P dT_{i} - 0.0084348 T_{e} T_{i}^{0.5} dT_{e} + 0.0096054 T_{e} T_{i} dT_{e} - 6.9555 \\cdot 10^{-5} T_{e} T_{i} dT_{i} + 0.0030755 T_{e} T_{i} dn + 0.015532 T_{e} dT_{e} - 0.0022827 T_{e} dT_{i} + 0.062814 T_{e} dn + 0.015235 T_{i}^{0.5} F dT_{e} + 0.033775 T_{i}^{0.5} F dn - 0.0019956 T_{i}^{0.5} P^{-1} dT_{e} - 0.00082105 T_{i}^{0.5} P^{-1} dT_{i} + 0.015909 T_{i}^{0.5} P^{-1} dn - 0.00041606 T_{i}^{0.5} P dT_{i} + 0.066033 T_{i}^{0.5} P dn + 0.0041028 T_{i}^{0.5} dT_{e} + 0.00030518 T_{i}^{0.5} dT_{i} - 0.021262 T_{i}^{0.5} dn - 0.017183 T_{i} F dT_{e} + 5.2723 \\cdot 10^{-5} T_{i} F dT_{i} + 0.0011982 T_{i} P^{-1} dT_{e} - 0.0056934 T_{i} P^{-1} dn - 0.00084844 T_{i} P dT_{e} - 0.04211 T_{i} P dn + 0.015362 T_{i} dT_{e} + 0.023619 T_{i} dn - 0.020824 dT_{e} - 0.00011561 dT_{i} + 0.017186 n^{-1} F dn + 0.0017281 n^{-1} P^{-1} dn - 0.027071 n^{-1} T_{e}^{0.5} T_{i}^{0.5} dn - 0.049516 n^{-1} T_{e}^{0.5} dn + 0.040332 n^{-1} T_{e} dn + 0.0209 n^{-1} T_{i}^{0.5} dn + 0.0022294 n^{-1} T_{i} dn + 0.0064138 n^{-1} dn - 0.30532 n E^{0.5} - 0.059319 n E^{0.5} P^{-1} - 0.0060597 n E^{0.5} T_{e}^{0.5} P^{-1} - 0.028732 n E^{0.5} T_{e}^{0.5} T_{i}^{0.5} - 0.0063412 n E^{0.5} T_{e}^{0.5} T_{i} - 0.032494 n E^{0.5} T_{e} + 0.0022129 n E^{0.5} T_{e} T_{i}^{0.5} + 0.088547 n E^{0.5} T_{i}^{0.5} - 0.010868 n E^{0.5} T_{i}^{0.5} F + 0.068335 n E^{0.5} T_{i}^{0.5} P^{-1} + 0.010525 n E^{0.5} T_{i}^{0.5} P + 0.19622 n E^{0.5} T_{i} - 0.062467 n E F - 0.036094 n E P^{-1} - 0.019926 n E P + 0.98752 n E T_{e}^{0.5} - 0.84419 n E T_{e}^{0.5} T_{i}^{0.5} - 0.12627 n E T_{i}^{0.5} + 0.16126 n E T_{i}",
  "coefficients": [
    0.08853773121693331,
    0.0039552126613614375,
    0.009610852996600569,
    0.0087465662640826,
    0.0888515440475473,
    0.041888547114574,
    -0.07598185546133418,
    -0.13129289372230124,
    0.06636293404888068,
    -0.020613198168511433,
    -0.006943362723864026,
    0.1390258457898401,
    -0.02958364799192989,
    -0.36633472107343523,
    0.11613483557053894,
    -0.17555701296707443,
    0.036294775092666605,
    0.5105620334430523,
    0.2103236568656573,
    -0.34833297227065174,
    0.1016347539512449,
    0.17935089070049687,
    -0.19935833973638872,
    0.016631797010704316,
    0.08144003089988594,
    -0.26666738584960437,
    -0.016626116866270774,
    -0.0010941759587733552,
    -0.026914283582835888,
    0.04861700115242763,
    -0.011353427518357731,
    0.015721282820950477,
    0.018212555989998422,
    0.029002393629001345,
    0.26481181039944585,
    -0.08842230500493496,
    -0.015035196822687849,
    0.02838466764999674,
    -0.06863502698591464,
    0.040756856525370394,
    0.006554781377942062,
    -0.4403059971434677,
    0.022643955559194483,
    -0.041151928557500494,
    0.2269359015996709,
    0.0123264882616613,
    0.02952094505528481,
    -0.0317104049080669,
    0.017057974155303593,
    -0.01685525633552598,
    0.041374256950407244,
    0.08623441685896574,
    -0.00887974362489443,
    0.022357418930028766,
    -0.06300995743435395,
    -0.05544706015860029,
    -0.15664586003598027,
    0.05763272632211957,
    0.031125083218447168,
    0.17444735165102335,
    -0.09156925262910898,
    0.016269664678276174,
    -0.06942091523349606,
    0.010204531890233903,
    0.039925323015100635,
    -0.08893070035012726,
    0.0028221863762749183,
    -0.0453531783902643,
    -0.16853222405187823,
    0.06436494136265561,
    0.05461995108767333,
    -0.010798363780569795,
    0.010916257919128994,
    0.13770486822452543,
    -0.005363492787033804,
    -0.017134547611146272,
    -0.0043352282231187145,
    -0.01670925839336361,
    0.0012832672754339025,
    -0.017230735697903385,
    -0.03566168821547559,
    -0.012104467344104558,
    -0.05268191572560803,
    0.08382728695777925,
    0.3465289231288382,
    -0.34137978666184693,
    0.060366222157468494
  ],
  "val_sse_masked": 0.0001227996253874153,
  "val_nrmse_masked": 0.030163278803229332,
  "val_mse_masked": 4.0933209675131366e-06,
  "val_r2_masked": 0.9990898966789246,
  "val_sse_full": 0.0001227996253874153,
  "val_nrmse_full": 0.030163278803229332,
  "val_mse_full": 4.0933209675131366e-06,
  "val_r2_full": 0.9990898966789246,
  "iteration": 263,
  "p_lo_eff": 0.12967753410339355,
  "p_hi_eff": 1.9451630115509033,
  "f_lo_eff": 0.20659340918064117,
  "f_hi_eff": 1.6527472734451294
}