{
  "tag": "6_7ba331b3",
  "lmb1": 0.012644285443221529,
  "lmb2": 1.1719030839884369e-06,
  "nonzero_count": 4,
  "complexity_norm": 0.03225806451612903,
  "train_gen_window": 0.16001753153184103,
  "generalizability": 0.17071549774004371,
  "equation": "0.057541 E^{0.5} n P^{-0.5} - 0.014211 P^{-1} F dn - 0.036124 T_{e}^{0.5} T_{i}^{0.5} dn + 0.0013057 n E T_{e}^{0.5} T_{i}^{0.5}",
  "coefficients": [
    0.08853770572869946,
    6.904387549631311e-08,
    6.22109022926457e-08,
    -9.772762092856136e-08,
    7.265169647607087e-08,
    5.363068007867908e-08,
    6.239558819072632e-08,
    6.8719314060899e-08,
    6.287200653945188e-08,
    -3.0951716660891065e-08,
    -2.5054206148670138e-08,
    5.437762952271771e-09,
    -7.458978060929502e-09,
    -1.948969419296517e-08,
    -1.993476722844459e-08,
    -2.2875050407545238e-08,
    -1.3689292373578612e-08,
    -2.0361925479134496e-08,
    -2.0156409053595758e-08,
    -1.4661708145517443e-08,
    -2.2939350591155626e-08,
    -1.5940621939277295e-08,
    -2.5886008300170464e-08,
    -8.776948410237362e-09,
    -3.072439113967824e-08,
    -1.6148307750711426e-08,
    -9.772477471473663e-08,
    -8.524546074580229e-08,
    -6.774562299057393e-08,
    -5.024296706817352e-08,
    -6.730124356788046e-08,
    -5.1721138108865454e-08,
    -5.019480000787641e-08,
    -3.681711446273331e-08,
    -2.5140271301358496e-08,
    -3.1405754316425547e-08,
    -1.9176033886970153e-08,
    -1.0109821289901611e-07,
    -5.4343000722516575e-08,
    -5.06075315843114e-08,
    -4.197121432367139e-08,
    -2.2833652954379722e-08,
    -6.654115266166698e-08,
    -4.580676909046983e-08,
    -2.075245701236961e-08,
    -0.017963236461087242,
    -3.9873845929953907e-07,
    -3.9901871959107997e-08,
    -5.835467955293511e-06,
    -1.7836761005577196e-06,
    -1.0285014058092435e-06,
    -5.001574041866324e-08,
    -2.2792260375078868e-07,
    -1.2608258903174804e-06,
    -5.390341164434225e-08,
    -1.2012228500074195e-06,
    -1.0782988513968528e-06,
    -5.104226459802732e-07,
    -3.2713226847226503e-07,
    -0.027621783545155047,
    -1.931453832984978e-06,
    -5.5619411962023876e-08,
    -1.593288955307306e-06,
    -2.5849895350188905e-07,
    -3.0183697873804143e-06,
    -6.71909433131617e-07,
    -1.284907330261219e-06,
    2.328582031707415e-07,
    1.6302331381685707e-07,
    3.377156000562427e-07,
    3.487308341983989e-07,
    2.0477987620813117e-07,
    2.192241677631654e-08,
    1.3654601345859788e-06,
    1.3037015499502652e-07,
    4.562211183587521e-07,
    3.970374628382897e-06,
    2.2014691816488424e-07,
    5.956605263011437e-07,
    1.1406493668657959e-06,
    3.012947319559687e-07,
    4.172877724902378e-08,
    2.7403761406071667e-06,
    1.0667758380943719e-06,
    8.181770172426451e-07,
    0.0005280240050237116,
    0.0282497647592196
  ],
  "val_sse_masked": 0.006863399408757687,
  "val_nrmse_masked": 0.2255016416311264,
  "val_mse_masked": 0.0002287800016347319,
  "val_r2_masked": 0.9491320848464966,
  "val_sse_full": 0.006847397889941931,
  "val_nrmse_full": 0.2252386063337326,
  "val_mse_full": 0.00022824661573395133,
  "val_r2_full": 0.9492506384849548,
  "iteration": 6,
  "p_lo_eff": 0.12967753410339355,
  "p_hi_eff": 1.9451630115509033,
  "f_lo_eff": 0.20659340918064117,
  "f_hi_eff": 1.6527472734451294
}