{
  "tag": "125_e889a705",
  "lmb1": 0.00020200455541683745,
  "lmb2": 8.676800234928981e-07,
  "nonzero_count": 28,
  "complexity_norm": 0.22580645161290322,
  "train_gen_window": 0.04524211362004378,
  "generalizability": 0.04458160249121249,
  "equation": "0.058207 E^{0.5} n P^{-0.5} + 8.8855 \\cdot 10^{-5} F dT_{i} - 0.0038142 P^{-1} F dT_{e} - 7.3559 \\cdot 10^{-5} P^{-1} F dT_{i} - 0.0035046 P^{-1} F dn + 0.00021853 P dn - 0.013641 T_{e}^{0.5} P^{-1} dn - 0.00014495 T_{e}^{0.5} T_{i}^{0.5} F dn + 8.8694 \\cdot 10^{-5} T_{e}^{0.5} T_{i}^{0.5} P dn - 0.00018484 T_{e}^{0.5} T_{i}^{0.5} dn - 0.062461 T_{e} dn + 0.00015542 T_{i}^{0.5} F dT_{e} + 1.8489 \\cdot 10^{-5} T_{i}^{0.5} P^{-1} dT_{e} - 0.0011029 T_{i}^{0.5} P^{-1} dn + 0.00049812 T_{i}^{0.5} P dn + 0.00022765 T_{i}^{0.5} dT_{e} + 8.2203 \\cdot 10^{-6} T_{i} P^{-1} dT_{e} + 0.0082104 T_{i} P dn - 0.010022 n^{-1} F dn + 0.0017957 n^{-1} P^{-1} dn + 0.0013653 n^{-1} dn - 0.0089826 n E^{0.5} T_{e}^{0.5} P^{-1} + 0.00022559 n E^{0.5} T_{e}^{0.5} T_{i} - 0.021037 n E^{0.5} T_{i}^{0.5} P + 0.00019766 n E^{0.5} T_{i} + 0.00043224 n E T_{e}^{0.5} + 0.060318 n E T_{e}^{0.5} T_{i}^{0.5} + 0.00086901 n E T_{i}^{0.5}",
  "coefficients": [
    0.08853770383499665,
    0.004109795206895818,
    0.0020458793788959285,
    -0.005100394119843407,
    3.015785454308608e-06,
    -6.54352647012158e-06,
    3.197016033423329e-05,
    -2.2695131963984342e-07,
    1.2725705889128392e-05,
    -0.002608021330502048,
    4.995859819627454e-06,
    0.001398052454850354,
    1.8621124543889934e-05,
    -2.274718866225038e-05,
    -1.4481320745489399e-07,
    1.1974474230059174e-05,
    -1.0581135241494059e-05,
    -2.3137224246851223e-05,
    -2.7829821790545465e-07,
    -4.109464787872517e-06,
    1.3264760040787441e-05,
    -4.5676915490576246e-06,
    5.6849523501642515e-06,
    1.8282137761687073e-05,
    2.210175479051085e-05,
    -5.010098351819542e-06,
    1.2605957995147503e-05,
    -0.004130888315834221,
    1.4044834215266533e-05,
    6.207307308205721e-05,
    0.00010519234626671974,
    0.0008723274661493628,
    0.00018580031547572306,
    0.00019897209369731502,
    4.584397807590193e-05,
    9.38809519914783e-05,
    1.127108608163805e-05,
    7.695386504236619e-06,
    3.70794989781338e-05,
    6.511305451177526e-05,
    5.53799905002515e-06,
    3.200539610621369e-05,
    2.8693061336110064e-05,
    6.010217042045645e-05,
    2.315823769278763e-05,
    -0.00442984912825597,
    -1.2051845235172848e-05,
    0.0002528474603638255,
    -0.001182566072412217,
    -3.8185362103687165e-05,
    -7.792633208382086e-05,
    0.0006505086839277669,
    1.1476658642663013e-05,
    -2.5718299323832295e-05,
    0.012285291660465937,
    -0.012295756699068312,
    -7.020408862872423e-05,
    -1.7478636695645616e-05,
    5.226685123264237e-06,
    -0.00014133281153634256,
    -0.00017217769706758413,
    0.00011063739453593824,
    -3.9908762722697526e-05,
    6.809839489601202e-06,
    -0.039701017739278546,
    -2.1337666894775913e-05,
    -3.6894110549392045e-05,
    1.2445317918072185e-06,
    -1.1430405618618075e-05,
    2.196523179467416e-06,
    1.0811405378629497e-05,
    -4.612999954454225e-05,
    -0.021819588915358464,
    0.00013871920921405473,
    -0.007950522155314655,
    1.4792217833612004e-05,
    0.0001542264962744752,
    -6.4985336360844985e-06,
    1.45134302941811e-05,
    3.8378603496330794e-05,
    -2.9567067750864902e-06,
    -6.293008260058533e-05,
    0.0003625802739410295,
    5.989589098102784e-05,
    0.00015167768213370815,
    0.02439181138303045,
    0.02857674769069017
  ],
  "val_sse_masked": 0.0006975610740482807,
  "val_nrmse_masked": 0.0718904510140419,
  "val_mse_masked": 2.325203786313068e-05,
  "val_r2_masked": 0.9948300123214722,
  "val_sse_full": 0.0006908368086442351,
  "val_nrmse_full": 0.07154310494661331,
  "val_mse_full": 2.3027894712868147e-05,
  "val_r2_full": 0.9948799014091492,
  "iteration": 125,
  "p_lo_eff": 0.12967753410339355,
  "p_hi_eff": 1.9451630115509033,
  "f_lo_eff": 0.20659340918064117,
  "f_hi_eff": 1.6527472734451294
}