{
  "tag": "137_e1f83176",
  "lmb1": 0.0007185499744909356,
  "lmb2": 2.6838432523161087e-06,
  "nonzero_count": 16,
  "complexity_norm": 0.12903225806451613,
  "train_gen_window": 0.05568385430106474,
  "generalizability": 0.058196694841676146,
  "equation": "0.052351 E^{0.5} n P^{-0.5} - 0.003827 P^{-1} F dT_{e} - 7.6577 \\cdot 10^{-5} P^{-1} F dT_{i} - 0.0023759 P^{-1} F dn + 0.00047267 P dn - 0.0013861 T_{e}^{0.5} T_{i}^{0.5} dn - 0.066153 T_{e} dn - 0.0092418 T_{i}^{0.5} P^{-1} dn + 0.0002143 T_{i}^{0.5} P dn + 0.0046497 T_{i} P dn + 0.00025698 n^{-1} P^{-1} dn + 0.008387 n E^{0.5} T_{e}^{0.5} T_{i} - 0.021848 n E^{0.5} T_{i}^{0.5} P + 0.0011484 n E^{0.5} T_{i} + 0.040726 n E T_{e}^{0.5} T_{i}^{0.5} + 0.00036921 n E T_{i}^{0.5}",
  "coefficients": [
    0.08853770296303387,
    0.0005881597514164495,
    8.575949631562783e-06,
    -2.018395518461894e-05,
    4.437438039696527e-06,
    4.0270240585228315e-06,
    4.000212986687312e-06,
    2.622108771208016e-06,
    2.009558522544604e-06,
    -0.0027150366211757086,
    -2.267318512144476e-06,
    2.3072987414318884e-06,
    -1.2515284422554188e-06,
    -3.719628866154851e-06,
    -4.588454093678425e-06,
    -7.120533775507785e-06,
    -4.691131095049764e-06,
    -3.308877100885931e-06,
    -4.038411948638322e-06,
    -2.4242632900449875e-06,
    -6.432270784067045e-06,
    -5.66161394175276e-06,
    -1.5184170230797737e-06,
    6.107723934420693e-07,
    -3.428610481099393e-06,
    -5.155541040670351e-06,
    -1.202637367013363e-06,
    -0.004144777140247613,
    3.5300303088738724e-06,
    3.252271879016485e-06,
    1.6367849998444152e-06,
    1.1586419257255785e-05,
    4.826311043116345e-06,
    4.415259276696159e-06,
    1.6459861462432282e-05,
    7.0167081064649276e-06,
    1.5475168981699435e-05,
    -1.4226920262294075e-06,
    3.028091285587774e-06,
    4.712664397898401e-06,
    1.0885535572751016e-05,
    1.731502493899374e-05,
    7.4364863221483375e-06,
    1.798462064384802e-05,
    1.7636315195116472e-05,
    -0.0030031792860686062,
    -6.3749950705915755e-06,
    0.0005469140297147632,
    -0.009909429338703772,
    -3.980149943590264e-05,
    -2.8567777922626682e-05,
    0.0002798629806585508,
    -2.487750210580867e-06,
    -2.481969116707009e-05,
    0.006957427287233184,
    -1.66753548787463e-05,
    -3.738999199989875e-05,
    -8.471705967341136e-06,
    -2.867351898009908e-06,
    -0.0010598387757724957,
    -6.233965108883506e-05,
    3.748063594473643e-05,
    -4.914692482491399e-05,
    -9.206390297305758e-07,
    -0.042047769455753094,
    -1.0381254833339778e-05,
    -5.203410118988098e-05,
    -6.189275336993586e-07,
    1.971138442373346e-06,
    1.2542412679498073e-06,
    1.0422804162350113e-05,
    9.685124428182772e-07,
    -0.022661052062577052,
    0.0008059266100366805,
    -1.0833318442888045e-05,
    1.2202392861408218e-05,
    0.0057338092569086474,
    2.1168390559202743e-06,
    1.0936154726771238e-05,
    8.259815263089188e-06,
    3.129858360150532e-06,
    -3.490569697760122e-05,
    0.00015404528598936184,
    1.1273810558491981e-05,
    2.6755803167851265e-05,
    0.016469043030215715,
    0.02570189225057349
  ],
  "val_sse_masked": 0.0009307597647421062,
  "val_nrmse_masked": 0.0830422043800354,
  "val_mse_masked": 3.102532718912698e-05,
  "val_r2_masked": 0.9931017160415649,
  "val_sse_full": 0.0009061942691914737,
  "val_nrmse_full": 0.08193901181221008,
  "val_mse_full": 3.0206478186300956e-05,
  "val_r2_full": 0.993283748626709,
  "iteration": 137,
  "p_lo_eff": 0.12967753410339355,
  "p_hi_eff": 1.9451630115509033,
  "f_lo_eff": 0.20659340918064117,
  "f_hi_eff": 1.6527472734451294
}