{
  "tag": "59_9d9a9df3",
  "lmb1": 1e-08,
  "lmb2": 1.2231454968595221e-07,
  "nonzero_count": 86,
  "complexity_norm": 0.6935483870967742,
  "train_gen_window": 0.01420373920946829,
  "generalizability": 0.03206422332708442,
  "equation": "0.13424 E^{0.5} n P^{-0.5} + 0.1733 F dT_{e} + 0.0080509 F dT_{i} + 0.0022932 F dn - 0.0010169 P^{-1} F dT_{e} - 0.00050746 P^{-1} F dT_{i} + 0.0098894 P^{-1} F dn - 0.013525 P^{-1} dT_{e} - 0.0017607 P F dT_{i} - 0.030602 P dn - 0.20682 T_{e}^{0.5} F dT_{e} + 0.092473 T_{e}^{0.5} F dn + 0.018585 T_{e}^{0.5} P^{-1} dT_{e} - 0.066389 T_{e}^{0.5} P^{-1} dn + 0.04003 T_{e}^{0.5} T_{i}^{0.5} F dT_{e} - 0.0022752 T_{e}^{0.5} T_{i}^{0.5} F dT_{i} - 0.086588 T_{e}^{0.5} T_{i}^{0.5} F dn + 0.00073273 T_{e}^{0.5} T_{i}^{0.5} P^{-1} dT_{i} + 0.023647 T_{e}^{0.5} T_{i}^{0.5} P^{-1} dn + 0.0018072 T_{e}^{0.5} T_{i}^{0.5} P dT_{e} + 0.00018322 T_{e}^{0.5} T_{i}^{0.5} P dT_{i} + 0.013591 T_{e}^{0.5} T_{i}^{0.5} P dn + 0.0004103 T_{e}^{0.5} T_{i}^{0.5} dT_{i} + 0.18027 T_{e}^{0.5} T_{i}^{0.5} dn - 0.01729 T_{e}^{0.5} T_{i} dT_{e} + 5.389 \\cdot 10^{-5} T_{e}^{0.5} T_{i} dT_{i} - 0.046418 T_{e}^{0.5} T_{i} dn - 0.25248 T_{e}^{0.5} dn + 0.00050136 T_{e} F dT_{i} - 0.098579 T_{e} F dn + 0.011035 T_{e} P^{-1} dn + 0.00079579 T_{e} P dT_{i} - 0.0099981 T_{e} T_{i}^{0.5} dT_{e} + 0.0077473 T_{e} T_{i} dT_{e} - 5.8316 \\cdot 10^{-5} T_{e} T_{i} dT_{i} + 0.0049454 T_{e} T_{i} dn + 0.016035 T_{e} dT_{e} - 0.0020411 T_{e} dT_{i} + 0.079708 T_{e} dn + 0.0024664 T_{i}^{0.5} F dT_{e} + 0.041625 T_{i}^{0.5} F dn - 0.0021309 T_{i}^{0.5} P^{-1} dT_{e} - 0.00066025 T_{i}^{0.5} P^{-1} dT_{i} + 0.022213 T_{i}^{0.5} P^{-1} dn - 0.00038027 T_{i}^{0.5} P dT_{i} + 0.070609 T_{i}^{0.5} P dn + 0.0069547 T_{i}^{0.5} dT_{e} + 0.00020774 T_{i}^{0.5} dT_{i} + 0.022594 T_{i}^{0.5} dn - 0.016423 T_{i} F dT_{e} + 1.7407 \\cdot 10^{-5} T_{i} F dT_{i} + 0.0011723 T_{i} P^{-1} dT_{e} - 0.0073991 T_{i} P^{-1} dn - 0.00092991 T_{i} P dT_{e} - 0.04368 T_{i} P dn + 0.0124 T_{i} dT_{e} - 0.0044236 T_{i} dn - 0.023706 dT_{e} - 9.1758 \\cdot 10^{-5} dT_{i} + 0.017015 n^{-1} F dn + 0.0018649 n^{-1} P^{-1} dn - 0.027319 n^{-1} T_{e}^{0.5} T_{i}^{0.5} dn - 0.046889 n^{-1} T_{e}^{0.5} dn + 0.038142 n^{-1} T_{e} dn + 0.021483 n^{-1} T_{i}^{0.5} dn + 0.0021975 n^{-1} T_{i} dn + 0.0051916 n^{-1} dn - 0.34959 n E^{0.5} - 0.063735 n E^{0.5} P^{-1} - 0.0050621 n E^{0.5} T_{e}^{0.5} P^{-1} - 0.046155 n E^{0.5} T_{e}^{0.5} T_{i}^{0.5} - 0.010751 n E^{0.5} T_{e}^{0.5} T_{i} - 0.004189 n E^{0.5} T_{e} - 0.029812 n E^{0.5} T_{e} T_{i}^{0.5} + 0.15066 n E^{0.5} T_{i}^{0.5} - 0.010033 n E^{0.5} T_{i}^{0.5} F + 0.068931 n E^{0.5} T_{i}^{0.5} P^{-1} + 0.011404 n E^{0.5} T_{i}^{0.5} P + 0.19312 n E^{0.5} T_{i} - 0.064574 n E F - 0.038232 n E P^{-1} - 0.018831 n E P + 0.98755 n E T_{e}^{0.5} - 0.77107 n E T_{e}^{0.5} T_{i}^{0.5} - 0.19234 n E T_{i}^{0.5} + 0.15948 n E T_{i}",
  "coefficients": [
    0.08853773050750097,
    0.004268232608301226,
    0.007779507445123457,
    0.008659596156505633,
    0.09133283257614921,
    0.04128844610143512,
    -0.07195130693730484,
    -0.132497271345523,
    0.06275898064503099,
    -0.01799198681892694,
    -0.005510864799208592,
    0.12667396469237951,
    -0.02735466187983332,
    -0.29459020206398967,
    0.07905493644922162,
    -0.16045597451210034,
    0.01198284135463451,
    0.40642451602279034,
    0.18746302810322985,
    -0.2739313612615438,
    0.08975771614716865,
    0.17153860454648223,
    -0.17825745574523488,
    0.011987030515810682,
    0.07531477627034588,
    -0.22357876413606884,
    -0.024116333560752545,
    -0.0011013054445734305,
    -0.030640040567515847,
    0.06525758192909406,
    -0.012123430919031897,
    0.026649663984808114,
    0.0029484417031649945,
    0.028376185998423065,
    0.2137528563387705,
    -0.08451224744500391,
    -0.016478831555063467,
    0.038047075460504176,
    -0.08601243995586272,
    0.05443632257140629,
    0.00795958602695429,
    -0.347251729090169,
    0.0233776682596874,
    -0.04877875260502823,
    0.18303803329399287,
    0.01250012110627835,
    0.00245338871419723,
    -0.03540875149384004,
    0.02381772385933928,
    0.017911429278769653,
    0.05098987958799722,
    0.0922093782605028,
    -0.01154008156014441,
    -0.004187312954068156,
    -0.06535817249845571,
    -0.05984409695148646,
    -0.1664754206627264,
    0.09560273952023848,
    0.029179258451205226,
    0.13784268531851945,
    -0.10284990600464156,
    0.016953639656960062,
    -0.04297808691033217,
    0.011522716933613508,
    0.05066369543837013,
    -0.09875197109302636,
    0.004538056119989198,
    -0.04872912263901219,
    -0.1929698600910972,
    0.06492612797297231,
    0.09293648109081731,
    -0.009968779060842925,
    0.011828244249239006,
    0.135532936599157,
    -0.0044805043365504504,
    -0.027525079094973204,
    -0.007350103680620723,
    -0.002154098914863345,
    -0.017288014444675093,
    -0.018251207257914792,
    -0.03686441626792758,
    -0.0114389665998611,
    -0.08025113036220441,
    0.08290222871915257,
    0.34653875037841814,
    -0.31180854914864525,
    0.06590701108223351
  ],
  "val_sse_masked": 0.00012194024748168886,
  "val_nrmse_masked": 0.030057549476623535,
  "val_mse_masked": 4.0646750676387455e-06,
  "val_r2_masked": 0.9990962147712708,
  "val_sse_full": 0.00012194024748168886,
  "val_nrmse_full": 0.030057549476623535,
  "val_mse_full": 4.0646750676387455e-06,
  "val_r2_full": 0.9990962147712708,
  "iteration": 59,
  "p_lo_eff": 0.12967753410339355,
  "p_hi_eff": 1.9451630115509033,
  "f_lo_eff": 0.20659340918064117,
  "f_hi_eff": 1.6527472734451294
}