{
  "tag": "159_82be8ae9",
  "lmb1": 0.0010235440120831948,
  "lmb2": 0.014165834554720732,
  "nonzero_count": 28,
  "complexity_norm": 0.22580645161290322,
  "train_gen_window": 0.07980513000409331,
  "generalizability": 0.07743667020922183,
  "equation": "0.044186 E^{0.5} n P^{-0.5} - 0.0037416 P^{-1} F dT_{e} - 6.934 \\cdot 10^{-5} P^{-1} F dT_{i} - 0.0058782 P^{-1} F dn + 0.0024849 P dn - 0.0048484 T_{e}^{0.5} P^{-1} dn - 0.0021142 T_{e}^{0.5} T_{i}^{0.5} F dn - 0.011523 T_{e}^{0.5} T_{i}^{0.5} dn - 0.00044167 T_{e}^{0.5} T_{i} dn - 0.011728 T_{e}^{0.5} dn - 0.00036693 T_{e} T_{i} dn - 0.018225 T_{e} dn - 0.00029864 T_{i}^{0.5} F dn - 0.0065922 T_{i}^{0.5} P^{-1} dn + 0.0011 T_{i}^{0.5} P dn - 0.0058054 T_{i}^{0.5} dn + 0.0026458 T_{i} P dn - 0.00083412 n^{-1} F dn + 0.00062123 n^{-1} P^{-1} dn + 4.2107 \\cdot 10^{-5} n^{-1} T_{i}^{0.5} dn + 0.0065731 n E^{0.5} T_{e}^{0.5} T_{i} - 0.013301 n E^{0.5} T_{i}^{0.5} P + 0.0047986 n E^{0.5} T_{i} + 0.00030493 n E P^{-1} - 0.00202 n E P + 0.011739 n E T_{e}^{0.5} + 0.015917 n E T_{e}^{0.5} T_{i}^{0.5} + 0.012027 n E T_{i}^{0.5}",
  "coefficients": [
    0.08853770575487457,
    0.0014218282489709573,
    7.133309708986088e-05,
    -0.0004245217286067299,
    0.000179013882612715,
    3.599601973203451e-05,
    4.854999964035265e-06,
    9.536656007080883e-06,
    2.08396870707523e-06,
    -0.0024584218412332616,
    -3.3264005968895033e-06,
    -7.685897884741677e-08,
    -2.108395890397938e-06,
    -2.1786208246809407e-06,
    -5.8053026462391e-06,
    -3.985935550110812e-05,
    -2.9894529829048203e-06,
    -1.8867253047500335e-06,
    -4.532039075690703e-06,
    -1.7899823046475425e-06,
    -2.8220899430524967e-05,
    -5.138121645153259e-06,
    -2.230182370613666e-06,
    -4.686641117638232e-07,
    -1.4642810891001772e-05,
    -4.277572977440761e-06,
    -8.028078109138885e-07,
    -0.004052228957142836,
    1.962026536857563e-07,
    2.800217644410859e-07,
    5.02431251143628e-08,
    1.0246576478912435e-06,
    4.955948108616246e-07,
    6.885033574919958e-07,
    2.752931992848273e-06,
    1.0745168845700497e-06,
    3.9782655072297086e-06,
    -8.265639665782829e-07,
    2.6323478932474604e-07,
    5.336369833400546e-07,
    1.1648162457504953e-06,
    3.0625189516740063e-06,
    6.007157462980709e-07,
    1.5957681172261007e-06,
    3.3359205166939334e-06,
    -0.007430013658321507,
    -4.324731850481962e-06,
    0.0028751695568113664,
    -0.007068411107543148,
    -0.004602241892630279,
    -0.0003658299306145711,
    0.0014364826076077944,
    -9.671491712374282e-07,
    -3.011959249323909e-05,
    0.003958965644858662,
    -0.004370454761491668,
    -0.007732716082028972,
    -8.533246318392145e-06,
    -1.5397570138274426e-06,
    -0.008810761399938109,
    -0.002511233469376548,
    1.7522006679598795e-05,
    -0.0004089352344235359,
    -1.0291556682845566e-06,
    -0.011584230000013905,
    -2.9389006472579406e-05,
    -0.00033670730859589656,
    1.703753899451396e-06,
    1.121315958815439e-06,
    1.8304269141541787e-06,
    6.719023401116392e-06,
    5.923304171715641e-07,
    -0.013796007578133714,
    0.0033676386578555856,
    -2.811993185123188e-08,
    2.074731734148365e-05,
    0.004493755871492417,
    1.7756778654871768e-06,
    5.9043819053380386e-05,
    0.0001455704859493604,
    1.4310140617463085e-06,
    -0.0012270728348692344,
    0.005018206927267423,
    3.0202765660473432e-06,
    0.004119149517493555,
    0.006436760430812081,
    0.021693354208333192
  ],
  "val_sse_masked": 0.0013469544937834144,
  "val_nrmse_masked": 0.09989793598651886,
  "val_mse_masked": 4.48984865215607e-05,
  "val_r2_masked": 0.9900170564651489,
  "val_sse_full": 0.0013059595366939902,
  "val_nrmse_full": 0.09836597740650177,
  "val_mse_full": 4.353198892204091e-05,
  "val_r2_full": 0.9903209209442139,
  "iteration": 159,
  "p_lo_eff": 0.12967753410339355,
  "p_hi_eff": 1.9451630115509033,
  "f_lo_eff": 0.20659340918064117,
  "f_hi_eff": 1.6527472734451294
}