{
  "tag": "252_2613728f",
  "lmb1": 0.00020477314793489385,
  "lmb2": 1.3732885711095262e-06,
  "nonzero_count": 28,
  "complexity_norm": 0.22580645161290322,
  "train_gen_window": 0.045271215659728234,
  "generalizability": 0.04463090906197084,
  "equation": "0.05812 E^{0.5} n P^{-0.5} + 8.7059 \\cdot 10^{-5} F dT_{i} - 0.0038136 P^{-1} F dT_{e} - 7.3278 \\cdot 10^{-5} P^{-1} F dT_{i} - 0.0035098 P^{-1} F dn + 0.00022445 P dn - 0.013382 T_{e}^{0.5} P^{-1} dn - 0.00013403 T_{e}^{0.5} T_{i}^{0.5} F dn + 8.9197 \\cdot 10^{-5} T_{e}^{0.5} T_{i}^{0.5} P dn - 0.0001866 T_{e}^{0.5} T_{i}^{0.5} dn - 0.06265 T_{e} dn + 0.00015367 T_{i}^{0.5} F dT_{e} + 1.7738 \\cdot 10^{-5} T_{i}^{0.5} P^{-1} dT_{e} - 0.0012397 T_{i}^{0.5} P^{-1} dn + 0.0005156 T_{i}^{0.5} P dn + 0.00022485 T_{i}^{0.5} dT_{e} + 8.0786 \\cdot 10^{-6} T_{i} P^{-1} dT_{e} + 0.0081949 T_{i} P dn - 0.0098962 n^{-1} F dn + 0.0017806 n^{-1} P^{-1} dn + 0.0013416 n^{-1} dn - 0.0088656 n E^{0.5} T_{e}^{0.5} P^{-1} + 0.0002331 n E^{0.5} T_{e}^{0.5} T_{i} - 0.021036 n E^{0.5} T_{i}^{0.5} P + 0.00020317 n E^{0.5} T_{i} + 0.00041565 n E T_{e}^{0.5} + 0.060246 n E T_{e}^{0.5} T_{i}^{0.5} + 0.00086697 n E T_{i}^{0.5}",
  "coefficients": [
    0.08853770380828851,
    0.004075349846163839,
    0.00201032273726147,
    -0.005036608770585898,
    2.9194108283014017e-06,
    -6.57600070954615e-06,
    3.097689164844761e-05,
    -3.7568961805934725e-07,
    1.2203045762060575e-05,
    -0.0025980639709124237,
    5.107139197503601e-06,
    0.0013697959582052402,
    1.861557215955137e-05,
    -2.1461500721307496e-05,
    3.3824947389084128e-09,
    1.1767373319669262e-05,
    -1.0085910706325359e-05,
    -2.1811144196963884e-05,
    -1.1343443675174897e-07,
    -3.818481023944226e-06,
    1.3036080404186918e-05,
    -4.323848463497962e-06,
    5.839434297375387e-06,
    1.8272888701774535e-05,
    2.1816486329635054e-05,
    -4.748546437522275e-06,
    1.2219815499489187e-05,
    -0.00413018978437953,
    1.3321570662309037e-05,
    6.024669018943558e-05,
    0.00010091655921605924,
    0.0008615805085113917,
    0.00018370654950767608,
    0.0001955427714531197,
    4.5519037335808005e-05,
    9.319380173273948e-05,
    1.1213810148856779e-05,
    7.5089217080963125e-06,
    3.667621781800204e-05,
    6.526966678834088e-05,
    5.564710832580839e-06,
    3.209737797989021e-05,
    2.8278383691725676e-05,
    6.198476641782812e-05,
    2.338812894790759e-05,
    -0.004436321987777571,
    -1.1823660390019057e-05,
    0.00025969938692328097,
    -0.0013292607171547484,
    -3.812829730254503e-05,
    -7.379220082171943e-05,
    0.0006733283676236039,
    1.0845093904840106e-05,
    -2.5908048112622386e-05,
    0.012262100171951507,
    -0.012062847762408064,
    -6.986622811354304e-05,
    -1.7111623153826716e-05,
    4.841775758363212e-06,
    -0.00014267734531816134,
    -0.00015920567713374563,
    0.00011126506832833646,
    -4.045328730217664e-05,
    6.4387566585999545e-06,
    -0.03982135942799671,
    -2.087264138378576e-05,
    -3.766031832358066e-05,
    1.0856341950662057e-06,
    -1.0799736602875439e-05,
    2.18308119898824e-06,
    1.093467024318028e-05,
    -4.474062406364265e-05,
    -0.02181807083918157,
    0.00014258040169414684,
    -0.007846989143697938,
    1.487463941132556e-05,
    0.00015935873440142304,
    -6.1472727254676575e-06,
    1.4570860771866216e-05,
    3.815720625338875e-05,
    -2.8269973858901862e-06,
    -6.323593481689154e-05,
    0.0003617298229712943,
    6.067814381804334e-05,
    0.00014585591389336457,
    0.024362716539876057,
    0.02853423201789534
  ],
  "val_sse_masked": 0.0006984517676755786,
  "val_nrmse_masked": 0.07193633168935776,
  "val_mse_masked": 2.3281727408175357e-05,
  "val_r2_masked": 0.9948234558105469,
  "val_sse_full": 0.0006915982230566442,
  "val_nrmse_full": 0.07158252596855164,
  "val_mse_full": 2.3053275072015822e-05,
  "val_r2_full": 0.9948742389678955,
  "iteration": 252,
  "p_lo_eff": 0.12967753410339355,
  "p_hi_eff": 1.9451630115509033,
  "f_lo_eff": 0.20659340918064117,
  "f_hi_eff": 1.6527472734451294
}