{
  "tag": "440_49197f0d",
  "lmb1": 7.96192419575515e-06,
  "lmb2": 2.363279768361578e-06,
  "nonzero_count": 80,
  "complexity_norm": 0.6451612903225806,
  "train_gen_window": 0.027768923372812507,
  "generalizability": 0.026718111901089227,
  "equation": "0.1193 E^{0.5} n P^{-0.5} + 0.0017771 F dT_{i} - 0.00087553 F dn - 0.000886 P^{-1} F dT_{e} + 5.4718 \\cdot 10^{-5} P^{-1} F dT_{i} + 0.00016472 P^{-1} F dn + 0.00039197 P^{-1} dT_{e} + 1.3819 \\cdot 10^{-5} P F dT_{i} - 0.0015475 P dn - 0.0065906 T_{e}^{0.5} F dT_{e} - 0.0021844 T_{e}^{0.5} F dn + 0.00014772 T_{e}^{0.5} P^{-1} dT_{e} - 0.052522 T_{e}^{0.5} P^{-1} dn + 0.0030315 T_{e}^{0.5} T_{i}^{0.5} F dT_{e} - 4.225 \\cdot 10^{-6} T_{e}^{0.5} T_{i}^{0.5} F dT_{i} - 0.010494 T_{e}^{0.5} T_{i}^{0.5} F dn - 1.0619 \\cdot 10^{-6} T_{e}^{0.5} T_{i}^{0.5} P^{-1} dT_{i} + 0.019705 T_{e}^{0.5} T_{i}^{0.5} P^{-1} dn + 0.00084054 T_{e}^{0.5} T_{i}^{0.5} P dT_{e} + 2.5936 \\cdot 10^{-6} T_{e}^{0.5} T_{i}^{0.5} P dT_{i} + 0.0033495 T_{e}^{0.5} T_{i}^{0.5} P dn + 0.00051175 T_{e}^{0.5} T_{i}^{0.5} dn - 0.0001131 T_{e}^{0.5} T_{i} dT_{e} - 8.6827 \\cdot 10^{-8} T_{e}^{0.5} T_{i} dT_{i} + 0.0017489 T_{e}^{0.5} T_{i} dn - 0.057873 T_{e}^{0.5} dn - 2.9574 \\cdot 10^{-5} T_{e} F dT_{i} - 0.0059079 T_{e} F dn + 0.023668 T_{e} P^{-1} dn + 2.6805 \\cdot 10^{-5} T_{e} P dT_{i} - 0.0004125 T_{e} T_{i}^{0.5} dT_{e} - 6.3897 \\cdot 10^{-5} T_{e} T_{i} dT_{e} + 0.0085642 T_{e} T_{i} dn - 0.003912 T_{e} dT_{e} - 0.00031667 T_{e} dT_{i} - 0.0087223 T_{e} dn + 0.0017365 T_{i}^{0.5} F dT_{e} - 0.0016144 T_{i}^{0.5} F dn + 0.0014245 T_{i}^{0.5} P^{-1} dT_{e} - 3.7974 \\cdot 10^{-6} T_{i}^{0.5} P^{-1} dT_{i} - 0.0022623 T_{i}^{0.5} P^{-1} dn + 1.3841 \\cdot 10^{-6} T_{i}^{0.5} P dT_{i} + 0.00047734 T_{i}^{0.5} P dn - 0.00019621 T_{i}^{0.5} dT_{e} - 6.0306 \\cdot 10^{-7} T_{i}^{0.5} dT_{i} + 0.00030186 T_{i}^{0.5} dn + 7.8691 \\cdot 10^{-5} T_{i} F dT_{e} - 1.122 \\cdot 10^{-6} T_{i} F dT_{i} - 9.4126 \\cdot 10^{-5} T_{i} P^{-1} dn + 2.113 \\cdot 10^{-5} T_{i} P dT_{e} + 0.011216 T_{i} P dn - 0.00019184 T_{i} dT_{e} + 0.001156 T_{i} dn - 9.0624 \\cdot 10^{-5} dT_{i} - 0.00079342 n^{-1} F dn + 0.0033379 n^{-1} P^{-1} dn - 0.00035994 n^{-1} T_{e}^{0.5} T_{i}^{0.5} dn - 0.00052288 n^{-1} T_{e}^{0.5} dn - 0.00064833 n^{-1} T_{e} dn - 4.1423 \\cdot 10^{-5} n^{-1} T_{i}^{0.5} dn - 0.00060515 n^{-1} T_{i} dn - 0.13109 n E^{0.5} - 0.0021325 n E^{0.5} P^{-1} - 0.025087 n E^{0.5} T_{e}^{0.5} P^{-1} + 0.001068 n E^{0.5} T_{e}^{0.5} T_{i}^{0.5} + 0.060536 n E^{0.5} T_{e}^{0.5} T_{i} - 0.00020323 n E^{0.5} T_{e} + 0.0048705 n E^{0.5} T_{e} T_{i}^{0.5} + 0.00045331 n E^{0.5} T_{i}^{0.5} - 0.024034 n E^{0.5} T_{i}^{0.5} F + 0.0072572 n E^{0.5} T_{i}^{0.5} P^{-1} + 0.0053177 n E^{0.5} T_{i}^{0.5} P + 0.026585 n E^{0.5} T_{i} - 0.00083288 n E F + 0.016103 n E P^{-1} - 0.0015777 n E P + 0.063078 n E T_{e}^{0.5} - 0.0026645 n E T_{e}^{0.5} T_{i}^{0.5} - 0.0011261 n E T_{i}^{0.5} - 0.042998 n E T_{i}",
  "coefficients": [
    0.08853771183640602,
    0.007639559644007192,
    -4.91964086742e-05,
    -0.0004038073438276845,
    -0.0001761030951345674,
    -0.01137008246444688,
    -0.0008023567929127872,
    -0.001745680637343931,
    -0.0010667712821792435,
    0.001940008277367706,
    -0.005442801960243452,
    0.027960453833030863,
    0.00021469066511133105,
    -0.0016943115540025424,
    -0.00022949052517503912,
    0.0005840263068587596,
    -0.000772403989749844,
    -0.0005890003426321088,
    -5.261825946671693e-05,
    -0.000508686536106586,
    0.0012705700331485928,
    -0.0002763797411419636,
    -0.027656262357151795,
    -0.0007070947774357487,
    0.002536837755411971,
    -2.3168020852868537e-05,
    0.0006989290855432363,
    -0.0009595579519657422,
    7.340412367632017e-05,
    2.8204583747497216e-05,
    0.008104254623550812,
    -0.0007518655729170292,
    0.0020759538238173435,
    8.361900085133045e-05,
    -0.0033070142022551753,
    0.00040494194075240363,
    0.00037444559080762293,
    0.0003024096168622763,
    -0.0027409473871398515,
    0.004122429079669612,
    0.0037021249266793654,
    -0.0022713653181577692,
    -0.00570319110958736,
    -0.0020125158661905883,
    -0.0015096364795987697,
    0.00020820270150804815,
    -0.0009366844704046469,
    -0.0017906085262221498,
    -0.0024257714270522444,
    0.00023930051480796938,
    -0.001977594183434547,
    0.0006233672299297299,
    -0.00014680369268516268,
    0.0010942542202619612,
    0.016782117994450146,
    -0.047343936009757684,
    -0.03815907395936434,
    -0.002258368189027048,
    0.024315461231835866,
    0.00039129511840932114,
    -0.012464812090888294,
    0.004178208914465485,
    0.0016193307662276312,
    0.024713642813733564,
    -0.0055440627591318474,
    -0.005918243980727212,
    0.007858709480433958,
    -0.0016304375400367852,
    -0.07236086191956985,
    0.0068356252271874855,
    0.0002796235127358735,
    -0.023880614078991485,
    0.005515511538677458,
    0.018656798537981523,
    -0.022204357751262196,
    0.0006369192377417048,
    0.041385971376249664,
    -0.00010450445538361336,
    0.0028243435504190176,
    0.0076871349396180726,
    -0.00047548313405208276,
    -0.0009583770622778305,
    -0.00046982978666729365,
    -0.02235081796891569,
    0.02213458468528453,
    -0.001077500716427584,
    0.058569541669001565
  ],
  "val_sse_masked": 0.0002377360942773521,
  "val_nrmse_masked": 0.04196890443563461,
  "val_mse_masked": 7.924537385406438e-06,
  "val_r2_masked": 0.9982380270957947,
  "val_sse_full": 0.000238676046137698,
  "val_nrmse_full": 0.04205178841948509,
  "val_mse_full": 7.955868568387814e-06,
  "val_r2_full": 0.998231053352356,
  "iteration": 440,
  "p_lo_eff": 0.12967753410339355,
  "p_hi_eff": 1.9451630115509033,
  "f_lo_eff": 0.20659340918064117,
  "f_hi_eff": 1.6527472734451294
}