{
  "tag": "8_a0f409a6",
  "lmb1": 0.0015180955509843791,
  "lmb2": 9.323075976410337e-06,
  "nonzero_count": 13,
  "complexity_norm": 0.10483870967741936,
  "train_gen_window": 0.08289746640077245,
  "generalizability": 0.0860688807135982,
  "equation": "0.065889 E^{0.5} n P^{-0.5} - 0.0039684 P^{-1} F dT_{e} - 5.427 \\cdot 10^{-5} P^{-1} F dT_{i} - 0.0019347 P^{-1} F dn - 0.0010858 T_{e}^{0.5} T_{i}^{0.5} F dn - 0.017819 T_{e}^{0.5} T_{i}^{0.5} dn - 0.029538 T_{e} dn - 0.011821 T_{i}^{0.5} P^{-1} dn + 0.00039445 n^{-1} P^{-1} dn + 3.4266 \\cdot 10^{-5} n^{-1} T_{i}^{0.5} dn + 0.0028882 n E^{0.5} T_{e}^{0.5} T_{i} - 0.016956 n E^{0.5} T_{i}^{0.5} P + 0.030276 n E T_{e}^{0.5} T_{i}^{0.5}",
  "coefficients": [
    0.08853770500851077,
    0.000902779211189399,
    2.251850802894703e-05,
    -2.4447558794918462e-06,
    0.000145678642246348,
    9.351294275049857e-06,
    1.0110700852833562e-05,
    1.4263066957003066e-05,
    6.348634784809327e-06,
    -0.0019241520473687456,
    -2.8048639328671585e-06,
    -3.583330083672899e-07,
    -2.2931756376843975e-06,
    -1.934546833130135e-06,
    -2.417535257299175e-06,
    -3.83432159097071e-06,
    -1.6644253515509808e-06,
    -1.8708138614273948e-06,
    -2.277787177523395e-06,
    -1.6010394668303553e-06,
    -3.61304796611952e-06,
    -1.941185172564957e-06,
    -2.375553390084105e-06,
    -1.0397656835227454e-06,
    -5.232124104149414e-06,
    -1.8759300026978206e-06,
    -2.290644683837769e-06,
    -0.0042978846156055215,
    -6.644306187955258e-07,
    -4.2181768136221565e-07,
    -7.731257077684772e-07,
    -5.203266905206533e-08,
    -2.8377964964846144e-07,
    8.23872463575262e-08,
    6.490988992101925e-07,
    2.434015478239446e-07,
    4.891880910958126e-07,
    -2.4448851214660094e-06,
    -4.978446026862648e-07,
    -2.4245889836405157e-07,
    -3.306072451796254e-07,
    7.687646238305612e-07,
    -2.752580609346124e-07,
    2.901116699671281e-07,
    8.7237840665601e-07,
    -0.002445445672581323,
    -5.021757577327583e-06,
    2.3014339317773474e-05,
    -0.012675440677215821,
    -1.7486325143279876e-05,
    -2.635995506196828e-05,
    1.541598663190152e-05,
    -2.007182366448353e-06,
    -7.479998039226789e-06,
    4.7328694517551154e-05,
    -8.193694680636707e-06,
    -2.0495694684845326e-05,
    -6.861934173569015e-06,
    -2.3358071811110687e-06,
    -0.013625246398691924,
    -0.0012896754449865367,
    8.109987929233063e-06,
    -9.87780901906375e-06,
    -1.1430816974120816e-06,
    -0.01877462322539286,
    -8.929043004751871e-06,
    -9.40226563423546e-06,
    3.1435581258731075e-07,
    1.3104389835594285e-06,
    1.2060118817016518e-06,
    4.893652353968056e-06,
    1.4214543066877983e-06,
    -0.017586217021894085,
    8.29512742252423e-05,
    -1.3995277568801977e-06,
    5.923967265074606e-06,
    0.001974564555968152,
    1.5292654473726355e-06,
    6.030175698578873e-06,
    4.652228404067616e-06,
    2.670988409397153e-06,
    -9.163244136878765e-06,
    4.7160111543177116e-05,
    7.635573349413162e-06,
    1.1847926728284405e-05,
    0.012243383395278886,
    0.0323481227852243
  ],
  "val_sse_masked": 0.0016776572447270155,
  "val_nrmse_masked": 0.11148891597986221,
  "val_mse_masked": 5.592191155301407e-05,
  "val_r2_masked": 0.9875660538673401,
  "val_sse_full": 0.001628735801205039,
  "val_nrmse_full": 0.10985135287046432,
  "val_mse_full": 5.429119846667163e-05,
  "val_r2_full": 0.9879286885261536,
  "iteration": 8,
  "p_lo_eff": 0.12967753410339355,
  "p_hi_eff": 1.9451630115509033,
  "f_lo_eff": 0.20659340918064117,
  "f_hi_eff": 1.6527472734451294
}