{
  "tag": "195_005cc017",
  "lmb1": 0.006320417828626846,
  "lmb2": 3.2438420875125486e-06,
  "nonzero_count": 5,
  "complexity_norm": 0.04032258064516129,
  "train_gen_window": 0.13649431731111827,
  "generalizability": 0.14781415853302898,
  "equation": "0.058495 E^{0.5} n P^{-0.5} - 0.0012 P^{-1} F dT_{e} - 0.013523 P^{-1} F dn - 0.03873 T_{e}^{0.5} T_{i}^{0.5} dn - 0.0032267 T_{i}^{0.5} P^{-1} dn",
  "coefficients": [
    0.08853770599275951,
    1.1046657642176355e-06,
    4.389009257579218e-07,
    -1.1367488744818856e-07,
    5.298670848201615e-07,
    2.3482108168517756e-07,
    4.678948685855395e-07,
    4.5057084726643516e-07,
    4.908352912144254e-07,
    -2.972948697840371e-07,
    -9.067692044728055e-08,
    -1.334590386148387e-08,
    -4.414968896018505e-08,
    -7.568859531654815e-08,
    -6.638689088713138e-08,
    -7.380314077495957e-08,
    -4.643565959103022e-08,
    -7.955311425807777e-08,
    -6.774908192537083e-08,
    -5.725001561222026e-08,
    -7.423335786117233e-08,
    -5.103384464761259e-08,
    -9.521549982334152e-08,
    -6.097969261117747e-08,
    -1.0884365974049412e-07,
    -5.237990962528161e-08,
    -3.244302088937867e-06,
    -0.0012995780534117629,
    -4.058140783893689e-07,
    -3.373290250533658e-07,
    -4.4595410050826624e-07,
    -2.4732470545470697e-07,
    -2.7016329356247854e-07,
    -1.4802046628703574e-07,
    -9.489602888224607e-08,
    -1.2576678695174928e-07,
    -7.652848045522645e-08,
    -5.540600370550982e-06,
    -4.009101300887438e-07,
    -2.730502342369603e-07,
    -1.8614456651538891e-07,
    -8.466207643945399e-08,
    -4.044097060174463e-07,
    -2.0264271924712153e-07,
    -7.568930963828178e-08,
    -0.017093567685670597,
    -4.798113642384493e-07,
    5.043097255231031e-08,
    -0.00345978331711932,
    -2.991545070736715e-06,
    -1.3667048443182692e-06,
    2.4570757745994682e-08,
    -2.9406667731784933e-07,
    -1.876654889641584e-06,
    1.5170291648167445e-08,
    -1.9608112689182122e-06,
    -1.5055700943352092e-06,
    -5.960689947495952e-07,
    -4.2192900919906325e-07,
    -0.029614128426259826,
    -2.3224406801376773e-06,
    1.2352881073472958e-08,
    -1.9951256377925767e-06,
    -3.1906734405105916e-07,
    -3.4811140440687487e-06,
    -7.318992773428283e-07,
    -1.4155302336004419e-06,
    3.373472675622344e-07,
    1.6997027424087067e-07,
    4.901296999515711e-07,
    4.1135898548505577e-07,
    2.0615116074549842e-07,
    -1.1610396971296832e-07,
    1.6073817548165592e-06,
    1.5316233696137888e-07,
    5.095956464284083e-07,
    2.706710302652079e-06,
    2.2616991275550476e-07,
    6.001199399755831e-07,
    1.8448358180396875e-06,
    3.333698912479117e-07,
    -4.768641368771223e-08,
    4.496773683159885e-06,
    2.2158881217658332e-06,
    9.902019941144103e-07,
    2.890709957014485e-05,
    0.02871786254914586
  ],
  "val_sse_masked": 0.004999751690775156,
  "val_nrmse_masked": 0.1924661248922348,
  "val_mse_masked": 0.00016665839939378202,
  "val_r2_masked": 0.9629444479942322,
  "val_sse_full": 0.004979204852133989,
  "val_nrmse_full": 0.19207021594047546,
  "val_mse_full": 0.0001659734989516437,
  "val_r2_full": 0.9630967378616333,
  "iteration": 195,
  "p_lo_eff": 0.12967753410339355,
  "p_hi_eff": 1.9451630115509033,
  "f_lo_eff": 0.20659340918064117,
  "f_hi_eff": 1.6527472734451294
}