{
  "tag": "497_729df6f3",
  "lmb1": 0.0009878028206182629,
  "lmb2": 1.4769689448373843e-05,
  "nonzero_count": 16,
  "complexity_norm": 0.12903225806451613,
  "train_gen_window": 0.06677952845438102,
  "generalizability": 0.06654128781438348,
  "equation": "0.056436 E^{0.5} n P^{-0.5} - 0.0038398 P^{-1} F dT_{e} - 7.3727 \\cdot 10^{-5} P^{-1} F dT_{i} - 0.0021373 P^{-1} F dn + 0.00024467 P dn - 0.00018405 T_{e}^{0.5} T_{i}^{0.5} F dn - 0.0039692 T_{e}^{0.5} T_{i}^{0.5} dn - 0.056617 T_{e} dn - 0.01027 T_{i}^{0.5} P^{-1} dn + 0.0026898 T_{i} P dn + 0.000257 n^{-1} P^{-1} dn + 0.0081314 n E^{0.5} T_{e}^{0.5} T_{i} - 0.02088 n E^{0.5} T_{i}^{0.5} P + 0.00073087 n E^{0.5} T_{i} + 0.036667 n E T_{e}^{0.5} T_{i}^{0.5} + 0.00027716 n E T_{i}^{0.5}",
  "coefficients": [
    0.08853770357249313,
    0.0005881995222904061,
    2.1782981265487095e-05,
    -6.219806724708995e-06,
    1.8767718878549026e-05,
    1.2260931419859962e-05,
    9.055951428710302e-06,
    8.993449687329718e-06,
    5.121523614385387e-06,
    -0.0026139953600523283,
    -4.3667019040903735e-06,
    1.4591325467576179e-07,
    -3.4170684126746114e-06,
    -3.889429755884264e-06,
    -5.943714544048467e-06,
    -1.172239078349238e-05,
    -4.434689008536942e-06,
    -3.521145317233605e-06,
    -5.2664610608069286e-06,
    -3.034745583881064e-06,
    -1.0486583127005583e-05,
    -5.730929042746609e-06,
    -3.3283119339919573e-06,
    -8.870059546421758e-07,
    -8.562320416812815e-06,
    -5.240163170352471e-06,
    -2.151626112917677e-06,
    -0.004158628633663325,
    4.390593420786621e-07,
    5.503001998646449e-07,
    9.136650570969887e-10,
    2.2705018566292786e-06,
    1.0864927158720243e-06,
    1.4994531052663392e-06,
    4.920985237692525e-06,
    2.3295043533598318e-06,
    5.369256105683853e-06,
    -2.2868765157662985e-06,
    4.659403694555274e-07,
    1.1240523852226743e-06,
    2.2988412465772384e-06,
    5.325202848463937e-06,
    1.2986340269260968e-06,
    3.295413939839191e-06,
    5.615003782659959e-06,
    -0.0027015950438082025,
    -7.044040404430224e-06,
    0.0002830964690527266,
    -0.01101182978593169,
    -3.391026916441538e-05,
    -5.9537351412047196e-05,
    9.020335877547979e-05,
    -2.355371594450776e-06,
    -1.3869005547304802e-05,
    0.004024825404065332,
    -1.1898083293070031e-05,
    -2.9485169102065057e-05,
    -1.009656308366466e-05,
    -2.7497286286499193e-06,
    -0.0030349387195973843,
    -0.00021861628561804287,
    2.0608411361591756e-05,
    -1.95961702620489e-05,
    -1.1473369726927712e-06,
    -0.035986557710276035,
    -1.344955381267054e-05,
    -1.5993844293296823e-05,
    -1.896472061044021e-08,
    1.7595195562675587e-06,
    1.3060971096705596e-06,
    8.179384650933225e-06,
    1.6482927470669342e-06,
    -0.021656121651999084,
    0.0005129210676678355,
    -4.073396513425353e-06,
    9.869498051800722e-06,
    0.005559086721476056,
    1.9631213669227286e-06,
    9.302800276195587e-06,
    6.170978028374904e-06,
    3.491902377988568e-06,
    -2.2598549901612096e-05,
    0.00011563942068711621,
    1.120777999468487e-05,
    1.9381227764144042e-05,
    0.01482776397090788,
    0.02770725076352213
  ],
  "val_sse_masked": 0.0011254516430199146,
  "val_nrmse_masked": 0.09131528437137604,
  "val_mse_masked": 3.751505573745817e-05,
  "val_r2_masked": 0.9916587471961975,
  "val_sse_full": 0.0010934517486020923,
  "val_nrmse_full": 0.09000774472951889,
  "val_mse_full": 3.6448393075261265e-05,
  "val_r2_full": 0.9918959140777588,
  "iteration": 497,
  "p_lo_eff": 0.12967753410339355,
  "p_hi_eff": 1.9451630115509033,
  "f_lo_eff": 0.20659340918064117,
  "f_hi_eff": 1.6527472734451294
}