{
  "tag": "184_c71a61db",
  "lmb1": 0.00024797633981419584,
  "lmb2": 4.524150122624441e-06,
  "nonzero_count": 27,
  "complexity_norm": 0.21774193548387097,
  "train_gen_window": 0.04623523771248625,
  "generalizability": 0.046057261089957,
  "equation": "0.056596 E^{0.5} n P^{-0.5} + 6.001 \\cdot 10^{-5} F dT_{i} - 0.0038516 P^{-1} F dT_{e} - 6.7657 \\cdot 10^{-5} P^{-1} F dT_{i} - 0.0035365 P^{-1} F dn + 0.00033724 P dn - 0.0085835 T_{e}^{0.5} P^{-1} dn + 0.00010264 T_{e}^{0.5} T_{i}^{0.5} P dn - 0.00019673 T_{e}^{0.5} T_{i}^{0.5} dn + 2.3025 \\cdot 10^{-5} T_{e} T_{i}^{0.5} dT_{e} - 0.066031 T_{e} dn + 0.00012272 T_{i}^{0.5} F dT_{e} - 0.0039247 T_{i}^{0.5} P^{-1} dn + 0.00083004 T_{i}^{0.5} P dn + 0.00017522 T_{i}^{0.5} dT_{e} + 5.9144 \\cdot 10^{-6} T_{i} P^{-1} dT_{e} + 0.0079331 T_{i} P dn - 0.0078547 n^{-1} F dn + 0.0015517 n^{-1} P^{-1} dn + 0.00095679 n^{-1} dn - 0.0067582 n E^{0.5} T_{e}^{0.5} P^{-1} + 0.00034882 n E^{0.5} T_{e}^{0.5} T_{i} - 0.020973 n E^{0.5} T_{i}^{0.5} P + 0.00029286 n E^{0.5} T_{i} + 0.00029382 n E T_{e}^{0.5} + 0.058488 n E T_{e}^{0.5} T_{i}^{0.5} + 0.00068492 n E T_{i}^{0.5}",
  "coefficients": [
    0.08853770332442296,
    0.0035513245877432232,
    0.0014337141754403673,
    -0.003997572806343193,
    1.5613100027701574e-06,
    -7.118690183320264e-06,
    2.0405643367010114e-05,
    -2.174267310409718e-06,
    6.677897493225269e-06,
    -0.002398776205018112,
    6.835275669997458e-06,
    0.0009441949551496044,
    1.9377627682917562e-05,
    -1.024658799964252e-05,
    2.0304614236835156e-06,
    1.0351926788242706e-05,
    -4.840281121967601e-06,
    -1.0418536958078237e-05,
    1.972440568853947e-06,
    -7.545786630315627e-07,
    1.147323088903402e-05,
    -1.4031606262458942e-06,
    8.132801184510965e-06,
    1.9415483570266606e-05,
    1.905565404879961e-05,
    -1.7178712512786307e-06,
    8.213233598963902e-06,
    -0.0041713912540230855,
    6.476397216917911e-06,
    4.1146403792779373e-05,
    5.9872034650659483e-05,
    0.0006714146142707487,
    0.0001467055939377206,
    0.00014315830295515657,
    3.69226217216296e-05,
    7.763971901145414e-05,
    8.863088944623473e-06,
    5.5141068845734035e-06,
    3.169917903247713e-05,
    6.526990698538464e-05,
    3.2209465698158407e-06,
    3.118971075170512e-05,
    2.3972524917174672e-05,
    0.00011233341331625494,
    2.549977663448448e-05,
    -0.004470158609246544,
    -8.799456785045285e-06,
    0.00039020688951611174,
    -0.004208209167309147,
    -3.6506571340878626e-05,
    -3.6148715020470465e-05,
    0.0010839631206699637,
    5.126105263315305e-06,
    -2.7280786336728475e-05,
    0.011870424701441605,
    -0.007737289286605411,
    -6.426535639845272e-05,
    -1.239255163207576e-05,
    1.3312744634199967e-06,
    -0.00015042626991239983,
    -5.755862416981204e-05,
    0.00012803046047971675,
    -4.6350217777668235e-05,
    2.580568241911808e-06,
    -0.041970129729797925,
    -1.491837599366743e-05,
    -4.77996564073978e-05,
    -6.013443722885131e-07,
    -4.61371713564599e-06,
    1.7862285911349984e-06,
    1.2459001041136423e-05,
    -2.0699406228302867e-05,
    -0.021753065791709453,
    0.00020552910326132476,
    -0.005981749382078076,
    1.603411229083117e-05,
    0.00023847374156482426,
    -2.4999157983196308e-06,
    1.527242706817635e-05,
    3.198279890862924e-05,
    -1.5615938404306808e-06,
    -7.144341991137303e-05,
    0.000285771697501661,
    7.865335651103739e-05,
    0.00010310494831196531,
    0.02365186530750717,
    0.02778598031020252
  ],
  "val_sse_masked": 0.0007207550224848092,
  "val_nrmse_masked": 0.07307585328817368,
  "val_mse_masked": 2.4025168386287987e-05,
  "val_r2_masked": 0.9946581125259399,
  "val_sse_full": 0.0007096834015101194,
  "val_nrmse_full": 0.0725124180316925,
  "val_mse_full": 2.3656115445191972e-05,
  "val_r2_full": 0.9947401881217957,
  "iteration": 184,
  "p_lo_eff": 0.12967753410339355,
  "p_hi_eff": 1.9451630115509033,
  "f_lo_eff": 0.20659340918064117,
  "f_hi_eff": 1.6527472734451294
}