{
  "tag": "458_eec6595c",
  "lmb1": 0.0003596826514685588,
  "lmb2": 1e-08,
  "nonzero_count": 21,
  "complexity_norm": 0.1693548387096774,
  "train_gen_window": 0.050661863336241016,
  "generalizability": 0.049911296077927526,
  "equation": "0.053428 E^{0.5} n P^{-0.5} + 8.0439 \\cdot 10^{-6} F dT_{i} - 0.0038904 P^{-1} F dT_{e} - 5.8232 \\cdot 10^{-5} P^{-1} F dT_{i} - 0.0031886 P^{-1} F dn + 0.00019081 P dn - 0.0001234 T_{e}^{0.5} P^{-1} dn + 7.4332 \\cdot 10^{-5} T_{e} T_{i}^{0.5} dT_{e} - 0.072257 T_{e} dn - 0.0088466 T_{i}^{0.5} P^{-1} dn + 0.002203 T_{i}^{0.5} P dn + 0.0068772 T_{i} P dn - 0.0034503 n^{-1} F dn + 0.001071 n^{-1} P^{-1} dn + 0.00010431 n^{-1} dn - 0.0025107 n E^{0.5} T_{e}^{0.5} P^{-1} + 0.0011873 n E^{0.5} T_{e}^{0.5} T_{i} - 0.020955 n E^{0.5} T_{i}^{0.5} P + 0.00067938 n E^{0.5} T_{i} + 0.053867 n E T_{e}^{0.5} T_{i}^{0.5} + 0.00051783 n E T_{i}^{0.5}",
  "coefficients": [
    0.08853770250473064,
    0.002451284575936382,
    0.00015630810407035102,
    -0.0017560302611219674,
    7.033259762821669e-07,
    -5.9714178505713435e-06,
    1.0494715910624468e-05,
    -2.773108824695311e-06,
    2.55513540475562e-06,
    -0.0020645937251724438,
    4.953466283291837e-06,
    0.00012656400436161352,
    1.1148495703696605e-05,
    -2.0128066810163973e-06,
    2.296935648944327e-06,
    4.24590274477285e-06,
    -6.025841332792836e-07,
    -1.7849368936533626e-06,
    2.6653402163463042e-06,
    1.987534670891663e-06,
    4.915863517306766e-06,
    6.036001713099365e-07,
    6.928746212200013e-06,
    1.424308597122725e-05,
    8.999779005636243e-06,
    6.969957454536247e-07,
    3.5041484025192287e-06,
    -0.0042133447231972685,
    9.999448942386644e-06,
    2.1015227059603854e-05,
    2.1597719103086095e-05,
    5.220343706017667e-05,
    5.827575078242503e-05,
    3.1122916641076876e-05,
    2.607001879090266e-05,
    3.254866158516076e-05,
    8.173424063474146e-06,
    2.5178602951611155e-06,
    1.9533171349772764e-05,
    4.0926882591092584e-05,
    8.951654348497173e-06,
    2.2658179424015124e-05,
    2.5149271751494828e-05,
    0.00036265060742494347,
    1.9723341023010128e-05,
    -0.004030374715953042,
    -6.105210476785805e-06,
    0.00022078162537657062,
    -0.009485689999012229,
    -2.7619609973414512e-05,
    -1.6832946209261203e-05,
    0.0028769772910304157,
    1.9286245991285987e-08,
    -2.3536327255456786e-05,
    0.01029041955967861,
    -0.00011123380184024753,
    -5.443400096094465e-05,
    -8.212064477018561e-06,
    -1.5490607419753092e-06,
    -9.400716597629657e-05,
    -2.251979767586832e-05,
    6.376785588077114e-05,
    -4.449398018160301e-05,
    1.6062218943366363e-07,
    -0.045927846976628446,
    -9.676105529635412e-06,
    -5.26124745882018e-05,
    -1.957035102725874e-06,
    2.7450316332459765e-07,
    1.0941973959488103e-06,
    1.220081799525609e-05,
    -5.962383730179128e-06,
    -0.02173477392697745,
    0.000476780940880973,
    -0.002222238105628544,
    1.4287400165994925e-05,
    0.0008116817083247884,
    7.033202169828938e-07,
    1.2972520052267648e-05,
    2.1107826449072466e-05,
    3.629945894397824e-07,
    -4.375878538201716e-05,
    0.00021605543095493256,
    7.8749265631738e-05,
    4.78628351686897e-05,
    0.02178308026301163,
    0.026230569465518362
  ],
  "val_sse_masked": 0.0007787119830027223,
  "val_nrmse_masked": 0.07595711946487427,
  "val_mse_masked": 2.5957067919080146e-05,
  "val_r2_masked": 0.9942286014556885,
  "val_sse_full": 0.0007615523645654321,
  "val_nrmse_full": 0.07511556893587112,
  "val_mse_full": 2.538508124416694e-05,
  "val_r2_full": 0.9943557977676392,
  "iteration": 458,
  "p_lo_eff": 0.12967753410339355,
  "p_hi_eff": 1.9451630115509033,
  "f_lo_eff": 0.20659340918064117,
  "f_hi_eff": 1.6527472734451294
}