{
  "tag": "205_c0c569a8",
  "lmb1": 0.0028104655805560224,
  "lmb2": 1.1694272661439313e-05,
  "nonzero_count": 10,
  "complexity_norm": 0.08064516129032258,
  "train_gen_window": 0.10992096232008376,
  "generalizability": 0.12135576483012143,
  "equation": "0.06539 E^{0.5} n P^{-0.5} - 0.0043159 P^{-1} F dT_{e} - 1.2648 \\cdot 10^{-5} P^{-1} F dT_{i} - 0.0071894 P^{-1} F dn - 0.00012769 T_{e}^{0.5} T_{i}^{0.5} F dn - 0.041478 T_{e}^{0.5} T_{i}^{0.5} dn - 0.010393 T_{i}^{0.5} P^{-1} dn + 0.00030695 n^{-1} P^{-1} dn - 0.0051821 n E^{0.5} T_{i}^{0.5} P + 0.0046535 n E T_{e}^{0.5} T_{i}^{0.5}",
  "coefficients": [
    0.0885377061297371,
    0.0007025228429839723,
    1.4135948437312508e-05,
    -9.04216414631307e-07,
    3.298084255465695e-05,
    5.9763042174485685e-06,
    1.1256199923296488e-05,
    1.666640946807097e-05,
    9.327565249318086e-06,
    -0.00044841668630303343,
    -1.8688244052288362e-06,
    -4.971704875445134e-07,
    -1.0449727177486943e-06,
    -1.4565124479531078e-06,
    -1.189345444901976e-06,
    -1.2002329443944404e-06,
    -8.527328463893942e-07,
    -1.4976018161170977e-06,
    -1.2163282778838032e-06,
    -1.0954218488038721e-06,
    -1.2196474387885827e-06,
    -8.58123274357585e-07,
    -1.9001134162763352e-06,
    -1.100239879680065e-06,
    -2.342686024109598e-06,
    -8.906658979471342e-07,
    -2.2131079836528603e-06,
    -0.004674262597551993,
    -1.0190283757610936e-06,
    -6.864184839361077e-07,
    -6.940350500549851e-07,
    -4.781550241329007e-07,
    -4.443839886096639e-07,
    -9.57536503942464e-08,
    -9.646941037084695e-09,
    -6.023701377269721e-08,
    -1.997135670651551e-07,
    -2.4109673209350917e-06,
    -7.570128806203304e-07,
    -4.197208301770135e-07,
    -7.423455189812482e-07,
    5.744576768669805e-08,
    -7.815405725445879e-07,
    -2.7502471100312987e-07,
    1.1724889751903303e-07,
    -0.009087395268722024,
    -2.940931586251534e-06,
    3.536937340368332e-06,
    -0.011143856686364166,
    -1.1102378269819124e-05,
    -2.6680813304911725e-05,
    2.285349233980127e-06,
    -1.359560568018601e-06,
    -7.553629149009293e-06,
    2.1710768686856594e-06,
    -6.524157226965992e-06,
    -7.5410929705372105e-06,
    -4.141137482635184e-06,
    -1.671747843649359e-06,
    -0.03171505142502916,
    -0.00015166794342330264,
    1.7282160955276144e-06,
    -1.216139842712488e-05,
    -1.0506582150878292e-06,
    -2.397358335470021e-05,
    -5.7385129741628176e-06,
    -9.70108338053117e-06,
    9.143832691046256e-07,
    5.161324531732668e-07,
    1.3797836221588223e-06,
    1.7541411690366804e-06,
    7.491935597354992e-07,
    -0.0053748184078353115,
    6.41090912194268e-06,
    1.1822565365714889e-07,
    2.1688082642857586e-06,
    7.080456106529574e-06,
    7.458145137236227e-07,
    2.4329262593962616e-06,
    4.545797009344941e-06,
    1.745122803962699e-06,
    -2.55333646498148e-06,
    3.730898638643961e-05,
    9.831796155186404e-07,
    6.053412735658722e-06,
    0.0018818289144036675,
    0.032103442063049985
  ],
  "val_sse_masked": 0.0030766071286052465,
  "val_nrmse_masked": 0.15097883343696594,
  "val_mse_masked": 0.00010255357483401895,
  "val_r2_masked": 0.9771977663040161,
  "val_sse_full": 0.0030215862207114697,
  "val_nrmse_full": 0.14962272346019745,
  "val_mse_full": 0.00010071954602608457,
  "val_r2_full": 0.9776055812835693,
  "iteration": 205,
  "p_lo_eff": 0.12967753410339355,
  "p_hi_eff": 1.9451630115509033,
  "f_lo_eff": 0.20659340918064117,
  "f_hi_eff": 1.6527472734451294
}