{
  "tag": "109_f4f977fb",
  "lmb1": 4.532198423982586e-08,
  "lmb2": 8.825720147917617e-08,
  "nonzero_count": 86,
  "complexity_norm": 0.6935483870967742,
  "train_gen_window": 0.014183173570709199,
  "generalizability": 0.03191847346446613,
  "equation": "0.13564 E^{0.5} n P^{-0.5} + 0.17815 F dT_{e} + 0.0081107 F dT_{i} + 0.018717 F dn - 0.00017224 P^{-1} F dT_{e} - 0.00046499 P^{-1} F dT_{i} + 0.0097191 P^{-1} F dn - 0.014593 P^{-1} dT_{e} - 0.0017064 P F dT_{i} - 0.032303 P dn - 0.21771 T_{e}^{0.5} F dT_{e} + 0.068121 T_{e}^{0.5} F dn + 0.019465 T_{e}^{0.5} P^{-1} dT_{e} - 0.063174 T_{e}^{0.5} P^{-1} dn + 0.036099 T_{e}^{0.5} T_{i}^{0.5} F dT_{e} - 0.0021358 T_{e}^{0.5} T_{i}^{0.5} F dT_{i} - 0.075963 T_{e}^{0.5} T_{i}^{0.5} F dn + 0.00068717 T_{e}^{0.5} T_{i}^{0.5} P^{-1} dT_{i} + 0.028797 T_{e}^{0.5} T_{i}^{0.5} P^{-1} dn + 0.0016942 T_{e}^{0.5} T_{i}^{0.5} P dT_{e} + 0.00014215 T_{e}^{0.5} T_{i}^{0.5} P dT_{i} + 0.0082897 T_{e}^{0.5} T_{i}^{0.5} P dn + 0.00037716 T_{e}^{0.5} T_{i}^{0.5} dT_{i} + 0.21032 T_{e}^{0.5} T_{i}^{0.5} dn - 0.015571 T_{e}^{0.5} T_{i} dT_{e} + 4.6322 \\cdot 10^{-5} T_{e}^{0.5} T_{i} dT_{i} - 0.010554 T_{e}^{0.5} T_{i} dn - 0.22829 T_{e}^{0.5} dn + 0.00017329 T_{e} F dT_{i} - 0.091015 T_{e} F dn + 0.0086261 T_{e} P^{-1} dn + 0.00077837 T_{e} P dT_{i} - 0.0099077 T_{e} T_{i}^{0.5} dT_{e} + 0.0071084 T_{e} T_{i} dT_{e} - 5.2437 \\cdot 10^{-5} T_{e} T_{i} dT_{i} - 0.0212 T_{e} T_{i} dn + 0.0164 T_{e} dT_{e} - 0.0018678 T_{e} dT_{i} + 0.05801 T_{e} dn + 0.008577 T_{i}^{0.5} F dT_{e} + 0.031349 T_{i}^{0.5} F dn - 0.0020337 T_{i}^{0.5} P^{-1} dT_{e} - 0.0006252 T_{i}^{0.5} P^{-1} dT_{i} + 0.016613 T_{i}^{0.5} P^{-1} dn - 0.00033754 T_{i}^{0.5} P dT_{i} + 0.078085 T_{i}^{0.5} P dn + 0.0064889 T_{i}^{0.5} dT_{e} + 0.00024324 T_{i}^{0.5} dT_{i} - 0.011194 T_{i}^{0.5} dn - 0.015966 T_{i} F dT_{e} + 1.7176 \\cdot 10^{-5} T_{i} F dT_{i} + 0.00112 T_{i} P^{-1} dT_{e} - 0.0074855 T_{i} P^{-1} dn - 0.00089963 T_{i} P dT_{e} - 0.044595 T_{i} P dn + 0.011179 T_{i} dT_{e} - 0.012407 T_{i} dn - 0.022711 dT_{e} - 0.00025522 dT_{i} + 0.016726 n^{-1} F dn + 0.0021238 n^{-1} P^{-1} dn - 0.024615 n^{-1} T_{e}^{0.5} T_{i}^{0.5} dn - 0.040216 n^{-1} T_{e}^{0.5} dn + 0.031339 n^{-1} T_{e} dn + 0.019685 n^{-1} T_{i}^{0.5} dn + 0.002033 n^{-1} T_{i} dn + 0.0039213 n^{-1} dn - 0.32225 n E^{0.5} - 0.063036 n E^{0.5} P^{-1} - 0.0052392 n E^{0.5} T_{e}^{0.5} P^{-1} - 0.047971 n E^{0.5} T_{e}^{0.5} T_{i}^{0.5} - 0.022014 n E^{0.5} T_{e}^{0.5} T_{i} - 0.02767 n E^{0.5} T_{e} + 0.004974 n E^{0.5} T_{e} T_{i}^{0.5} + 0.11007 n E^{0.5} T_{i}^{0.5} - 0.010006 n E^{0.5} T_{i}^{0.5} F + 0.067676 n E^{0.5} T_{i}^{0.5} P^{-1} + 0.01188 n E^{0.5} T_{i}^{0.5} P + 0.20701 n E^{0.5} T_{i} - 0.064743 n E F - 0.036957 n E P^{-1} - 0.019463 n E P + 0.96961 n E T_{e}^{0.5} - 0.77923 n E T_{e}^{0.5} T_{i}^{0.5} - 0.15563 n E T_{i}^{0.5} + 0.14829 n E T_{i}",
  "coefficients": [
    0.08853772922928926,
    0.004860830256467524,
    0.00587589344653236,
    0.008512530477583644,
    0.0836874204034877,
    0.038196868871955905,
    -0.06171206869853316,
    -0.11938141713601738,
    0.05156587046644734,
    -0.01648603592007545,
    -0.015328468234014125,
    0.12761466886187822,
    -0.026510477963918595,
    -0.2789500700206269,
    0.0925649948306207,
    -0.14242583487533472,
    0.011824391703450163,
    0.3811562637087205,
    0.1723213559007006,
    -0.2571417041139028,
    0.06963533319643436,
    0.14744925023799693,
    -0.16312477732124106,
    0.0041431234628493685,
    0.07366550963944717,
    -0.20103969435450914,
    -0.026021165392898254,
    -0.00018653718314603357,
    -0.0293531511958805,
    0.06708646298473228,
    -0.011570251379937703,
    0.02486452090822034,
    0.010253383905726249,
    0.02711058605367525,
    0.19270315661066556,
    -0.08215838144769906,
    -0.01594219023320234,
    0.03984909456203124,
    -0.09054181382236007,
    0.04908974263176539,
    0.007461919425915689,
    -0.31271657858316165,
    0.023909223819083412,
    -0.048337734665455406,
    0.1679414114445794,
    0.012284929920444096,
    0.02002377620101785,
    -0.0373761800299004,
    0.017813275955188383,
    -0.008873661412411388,
    0.038401952441818626,
    0.10197238520929816,
    -0.011674701901011796,
    -0.011744215278803802,
    -0.06672765410975123,
    -0.0569461527409621,
    -0.15052359230705023,
    0.07042633157042968,
    0.03553480854756456,
    0.16081759739346535,
    -0.09023033818342609,
    0.010340644252926579,
    -0.009771577640948971,
    0.009007302453020838,
    0.036871872979152544,
    -0.09117438022033385,
    -0.0194539752437458,
    -0.04819497706483723,
    -0.17788029525571608,
    0.06374439150148836,
    0.06789855987010797,
    -0.009941712511138498,
    0.012321324579735338,
    0.1452753889233494,
    -0.004637215567507916,
    -0.028608373412747995,
    -0.01504973846238318,
    -0.014228763562344565,
    0.002884387745649919,
    -0.017642702510825406,
    -0.03696122670474989,
    -0.01182277819247992,
    -0.06493434958590807,
    0.07708373041380234,
    0.34024324842866466,
    -0.31510921542176146,
    0.06659117140345278
  ],
  "val_sse_masked": 0.00012203877849970013,
  "val_nrmse_masked": 0.030069692060351372,
  "val_mse_masked": 4.0679597077541985e-06,
  "val_r2_masked": 0.9990954995155334,
  "val_sse_full": 0.00012203877849970013,
  "val_nrmse_full": 0.030069692060351372,
  "val_mse_full": 4.0679597077541985e-06,
  "val_r2_full": 0.9990954995155334,
  "iteration": 109,
  "p_lo_eff": 0.12967753410339355,
  "p_hi_eff": 1.9451630115509033,
  "f_lo_eff": 0.20659340918064117,
  "f_hi_eff": 1.6527472734451294
}