{
  "tag": "373_75c91b3f",
  "lmb1": 6.297610205749357e-05,
  "lmb2": 1.5043236102240837e-08,
  "nonzero_count": 43,
  "complexity_norm": 0.3467741935483871,
  "train_gen_window": 0.03204218232973181,
  "generalizability": 0.027553107657840144,
  "equation": "0.11884 E^{0.5} n P^{-0.5} + 0.00011412 F dT_{i} - 0.0032193 P^{-1} F dT_{e} - 9.5746 \\cdot 10^{-5} P^{-1} F dn - 0.021132 T_{e}^{0.5} P^{-1} dn - 0.018467 T_{e}^{0.5} T_{i}^{0.5} F dn - 4.7774 \\cdot 10^{-7} T_{e}^{0.5} T_{i}^{0.5} P^{-1} dT_{i} + 0.0033692 T_{e}^{0.5} T_{i}^{0.5} P^{-1} dn + 0.00045716 T_{e}^{0.5} T_{i}^{0.5} P dn - 0.00015312 T_{e}^{0.5} T_{i}^{0.5} dn - 0.00035927 T_{e}^{0.5} dn + 0.00064958 T_{e} P^{-1} dn + 2.2112 \\cdot 10^{-6} T_{e} P dT_{i} - 0.00011432 T_{e} dT_{e} - 0.050499 T_{e} dn + 0.00010256 T_{i}^{0.5} F dT_{e} - 0.00031561 T_{i}^{0.5} F dn + 0.00044923 T_{i}^{0.5} P^{-1} dT_{e} - 7.3644 \\cdot 10^{-7} T_{i}^{0.5} P^{-1} dT_{i} - 0.00044165 T_{i}^{0.5} P^{-1} dn + 0.0067134 T_{i}^{0.5} P dn + 4.5335 \\cdot 10^{-6} T_{i} P^{-1} dT_{e} + 0.0020772 T_{i} P^{-1} dn + 1.601 \\cdot 10^{-5} T_{i} P dT_{e} + 0.0077895 T_{i} P dn - 0.016451 n^{-1} F dn + 0.0031512 n^{-1} P^{-1} dn + 0.00024805 n^{-1} T_{e}^{0.5} dn + 0.00073392 n^{-1} T_{e} dn - 3.7585 \\cdot 10^{-5} n^{-1} T_{i} dn + 0.00042476 n^{-1} dn - 0.051475 n E^{0.5} - 0.025549 n E^{0.5} T_{e}^{0.5} P^{-1} + 0.010138 n E^{0.5} T_{e}^{0.5} T_{i} - 0.019262 n E^{0.5} T_{i}^{0.5} F - 0.00042863 n E^{0.5} T_{i}^{0.5} P + 0.0016532 n E^{0.5} T_{i} + 0.017384 n E P^{-1} - 0.00052316 n E P + 0.027213 n E T_{e}^{0.5} + 0.0044246 n E T_{e}^{0.5} T_{i}^{0.5} + 0.0022673 n E T_{i}^{0.5} + 0.00027166 n E T_{i}",
  "coefficients": [
    0.08853770708346453,
    0.00721231296548006,
    0.0006364916682283055,
    -0.008372856904642125,
    -3.022297045475423e-05,
    -0.0007061810320664999,
    0.0003806271614540774,
    -1.4469036837102203e-05,
    0.0012076104729790726,
    -7.521460735251175e-05,
    -7.532151349625484e-05,
    0.0017955520178687947,
    8.005402394275986e-05,
    -0.0003285860783941324,
    -2.7712905464193053e-05,
    5.1304548555640665e-05,
    -1.600520837569377e-05,
    -0.0002649927844698791,
    -2.3406858327778257e-05,
    -2.6856716513653356e-05,
    6.339008784896296e-05,
    -1.784465568002655e-05,
    -9.845027006146815e-05,
    1.660538655517339e-05,
    0.00020927531557944192,
    -1.052084451311979e-05,
    3.663770440802474e-05,
    -0.0034865474949533357,
    -7.058330793595013e-05,
    1.2918492094087918e-06,
    0.0025558307069588277,
    3.800635306267718e-05,
    0.00012260293404267242,
    0.00010973436865298958,
    3.9991786051821314e-05,
    8.07652156133987e-05,
    0.00028370924749097193,
    7.375871874613017e-06,
    -1.9770936545637323e-05,
    3.184334212649458e-05,
    4.031990685324096e-06,
    1.1762372646126034e-06,
    -0.0001666575209170023,
    -3.014259473128704e-05,
    5.471714653629222e-06,
    -0.00012102227458661387,
    -3.613758063385511e-05,
    9.192813139634105e-05,
    -0.00047355015996841443,
    -6.0715925140712794e-05,
    -0.0003866197846641536,
    0.008767172751901598,
    0.0032397462092188397,
    -3.7257513056651836e-05,
    0.011655570098161457,
    -0.01904894686517798,
    -0.0002368871587262609,
    -6.052719630916478e-05,
    0.00415740868836022,
    -0.00011708166741223034,
    -0.02193555531241485,
    0.0005702628000184916,
    -4.609958855432655e-05,
    0.0006782783822856987,
    -0.03209828951497816,
    -8.038670423558497e-05,
    -2.7365738158926358e-05,
    2.0633191689850378e-05,
    -0.028413752334309064,
    1.3553142338085746e-05,
    1.633155547960228e-05,
    -0.019138789446105038,
    -0.0004445758665705096,
    0.001160197616945927,
    -0.02261330054215147,
    3.435461280190331e-05,
    0.006930948333103371,
    -7.206015228862516e-05,
    4.197138682431332e-05,
    0.0082986959608265,
    -2.213939305848503e-05,
    -0.0003178016929540181,
    0.000946013601940937,
    0.00014121515883253044,
    0.009549149072502821,
    0.0017892439884700405,
    0.05834675967884132
  ],
  "val_sse_masked": 0.0004498637863434851,
  "val_nrmse_masked": 0.05773252621293068,
  "val_mse_masked": 1.4995460333011579e-05,
  "val_r2_masked": 0.9966658353805542,
  "val_sse_full": 0.00044314656406641006,
  "val_nrmse_full": 0.057299885898828506,
  "val_mse_full": 1.4771552741876803e-05,
  "val_r2_full": 0.9967156052589417,
  "iteration": 373,
  "p_lo_eff": 0.12967753410339355,
  "p_hi_eff": 1.9451630115509033,
  "f_lo_eff": 0.20659340918064117,
  "f_hi_eff": 1.6527472734451294
}