{
  "tag": "300_d8df11d6",
  "lmb1": 0.000372548785669121,
  "lmb2": 1.28682927598639e-08,
  "nonzero_count": 18,
  "complexity_norm": 0.14516129032258066,
  "train_gen_window": 0.05202446281631474,
  "generalizability": 0.05102900483539829,
  "equation": "0.053128 E^{0.5} n P^{-0.5} - 0.003878 P^{-1} F dT_{e} - 5.9119 \\cdot 10^{-5} P^{-1} F dT_{i} - 0.0031047 P^{-1} F dn + 0.00020077 P dn + 6.9356 \\cdot 10^{-5} T_{e} T_{i}^{0.5} dT_{e} - 0.072208 T_{e} dn - 0.0088453 T_{i}^{0.5} P^{-1} dn + 0.0020533 T_{i}^{0.5} P dn + 0.0068497 T_{i} P dn - 0.0031622 n^{-1} F dn + 0.001019 n^{-1} P^{-1} dn - 0.0022905 n E^{0.5} T_{e}^{0.5} P^{-1} + 0.0016787 n E^{0.5} T_{e}^{0.5} T_{i} - 0.021085 n E^{0.5} T_{i}^{0.5} P + 0.00080919 n E^{0.5} T_{i} + 0.053251 n E T_{e}^{0.5} T_{i}^{0.5} + 0.00050814 n E T_{i}^{0.5}",
  "coefficients": [
    0.08853770250569848,
    0.00233229431971584,
    9.84146846108379e-05,
    -0.0016093747700794496,
    7.445181583235016e-07,
    -5.2723714680247155e-06,
    9.539120741314467e-06,
    -2.5920186983074863e-06,
    2.2631874572267765e-06,
    -0.002096048311230331,
    4.498237338597631e-06,
    9.127921046060076e-05,
    9.933948503779098e-06,
    -1.9153957835173118e-06,
    1.871915734940827e-06,
    3.3724558238649645e-06,
    -7.735607368322602e-07,
    -1.6708521965109034e-06,
    2.2526071824406564e-06,
    1.8026455091371009e-06,
    3.9854970431132625e-06,
    2.4562506131203507e-07,
    6.390661573387279e-06,
    1.3236076729103424e-05,
    7.76721059197406e-06,
    3.704530760536584e-07,
    3.0055011435688477e-06,
    -0.004199986288831731,
    9.415908789970619e-06,
    1.8763442552770658e-05,
    1.8641821005362073e-05,
    5.1823764168723025e-05,
    4.806148447229851e-05,
    2.7119522515906498e-05,
    2.709056424218257e-05,
    3.003725400774907e-05,
    8.926363025318137e-06,
    2.146968770690624e-06,
    1.767594422029679e-05,
    3.5847428120506064e-05,
    9.470885405106802e-06,
    2.358550225365685e-05,
    2.3767927863402435e-05,
    0.00033837478039956757,
    2.0509126039609898e-05,
    -0.003924305126814707,
    -6.124924124660358e-06,
    0.00023230880757569393,
    -0.009484248887760616,
    -2.780102507679308e-05,
    -1.6702291085849865e-05,
    0.002681498990100622,
    -3.318634931764672e-07,
    -2.3715477495673852e-05,
    0.01024924033708801,
    -8.970855460581299e-05,
    -5.379587827225008e-05,
    -8.19025629861213e-06,
    -1.6895294517369152e-06,
    -9.819675158008431e-05,
    -2.2408978381459775e-05,
    6.189894568167329e-05,
    -4.554592994572359e-05,
    1.5740408028996643e-07,
    -0.04589642544435497,
    -9.630340847994934e-06,
    -5.460085618570641e-05,
    -2.0232133710110816e-06,
    5.277319734168282e-07,
    1.0119957845296401e-06,
    1.2206631319394404e-05,
    -5.124704992316815e-06,
    -0.02186915330781815,
    0.0005678841025568935,
    -0.0020273215646649002,
    1.4222910321004853e-05,
    0.0011476293419214684,
    8.858344599892301e-07,
    1.2855259475420062e-05,
    1.9248171728767426e-05,
    6.22429223437545e-07,
    -4.23471035320543e-05,
    0.0002120119697655769,
    7.147060757099202e-05,
    4.641200413177572e-05,
    0.021533808266454683,
    0.026082934763131723
  ],
  "val_sse_masked": 0.0007906408281996846,
  "val_nrmse_masked": 0.07653669267892838,
  "val_mse_masked": 2.6354695364716463e-05,
  "val_r2_masked": 0.9941402077674866,
  "val_sse_full": 0.0007652168278582394,
  "val_nrmse_full": 0.0752960741519928,
  "val_mse_full": 2.5507230020593852e-05,
  "val_r2_full": 0.9943286180496216,
  "iteration": 300,
  "p_lo_eff": 0.12967753410339355,
  "p_hi_eff": 1.9451630115509033,
  "f_lo_eff": 0.20659340918064117,
  "f_hi_eff": 1.6527472734451294
}