{
  "tag": "90_b2f2131b",
  "lmb1": 1.9985550103215022e-06,
  "lmb2": 2.1949847034930438e-07,
  "nonzero_count": 83,
  "complexity_norm": 0.6693548387096774,
  "train_gen_window": 0.016663653299578942,
  "generalizability": 0.013171458102472234,
  "equation": "0.16782 E^{0.5} n P^{-0.5} + 0.043848 F dT_{e} + 0.003675 F dT_{i} + 0.001033 F dn + 0.00099802 P^{-1} F dT_{e} + 8.1597 \\cdot 10^{-5} P^{-1} F dT_{i} + 0.0046801 P^{-1} F dn + 0.0039893 P^{-1} dT_{e} + 0.00010321 P F dT_{i} - 0.0014046 P dn - 0.087852 T_{e}^{0.5} F dT_{e} + 0.0019753 T_{e}^{0.5} P^{-1} dT_{e} - 0.052526 T_{e}^{0.5} P^{-1} dn + 0.015494 T_{e}^{0.5} T_{i}^{0.5} F dT_{e} + 2.4795 \\cdot 10^{-6} T_{e}^{0.5} T_{i}^{0.5} F dT_{i} - 0.031513 T_{e}^{0.5} T_{i}^{0.5} F dn + 1.6404 \\cdot 10^{-5} T_{e}^{0.5} T_{i}^{0.5} P^{-1} dT_{i} + 0.044167 T_{e}^{0.5} T_{i}^{0.5} P^{-1} dn + 0.0013957 T_{e}^{0.5} T_{i}^{0.5} P dT_{e} + 9.3704 \\cdot 10^{-6} T_{e}^{0.5} T_{i}^{0.5} P dT_{i} + 0.018514 T_{e}^{0.5} T_{i}^{0.5} P dn + 2.914 \\cdot 10^{-6} T_{e}^{0.5} T_{i}^{0.5} dT_{i} + 0.05625 T_{e}^{0.5} T_{i}^{0.5} dn - 1.4637 \\cdot 10^{-5} T_{e}^{0.5} T_{i} dT_{e} - 9.584 \\cdot 10^{-7} T_{e}^{0.5} T_{i} dT_{i} - 0.091976 T_{e}^{0.5} dn - 0.0013499 T_{e} F dT_{i} - 0.0015164 T_{e} F dn + 0.0020001 T_{e} P^{-1} dn + 9.1022 \\cdot 10^{-6} T_{e} P dT_{i} - 0.0014461 T_{e} T_{i}^{0.5} dT_{e} + 0.00020818 T_{e} T_{i} dT_{e} - 2.9847 \\cdot 10^{-7} T_{e} T_{i} dT_{i} - 0.00017806 T_{e} T_{i} dn - 0.0021685 T_{e} dT_{e} - 4.4631 \\cdot 10^{-5} T_{e} dT_{i} - 0.0019182 T_{e} dn + 0.007345 T_{i}^{0.5} F dT_{e} - 0.0009718 T_{i}^{0.5} F dn + 0.00029429 T_{i}^{0.5} P^{-1} dT_{e} + 1.4131 \\cdot 10^{-6} T_{i}^{0.5} P^{-1} dT_{i} + 0.0013572 T_{i}^{0.5} P^{-1} dn + 3.4081 \\cdot 10^{-6} T_{i}^{0.5} P dT_{i} + 0.0017033 T_{i}^{0.5} P dn - 0.0020198 T_{i}^{0.5} dT_{e} + 6.4452 \\cdot 10^{-7} T_{i}^{0.5} dT_{i} + 0.00092157 T_{i}^{0.5} dn - 8.4331 \\cdot 10^{-5} T_{i} F dT_{e} - 1.7694 \\cdot 10^{-5} T_{i} F dT_{i} - 0.0001706 T_{i} P^{-1} dT_{e} - 0.0090953 T_{i} P^{-1} dn + 1.731 \\cdot 10^{-5} T_{i} P dT_{e} - 0.0025404 T_{i} P dn - 0.00081382 T_{i} dT_{e} - 0.0011175 T_{i} dn + 0.001007 dT_{e} - 0.00061221 dT_{i} + 0.0054457 n^{-1} P^{-1} dn - 0.0051685 n^{-1} T_{e}^{0.5} T_{i}^{0.5} dn - 0.0019855 n^{-1} T_{e}^{0.5} dn - 0.0035731 n^{-1} T_{e} dn + 0.0041427 n^{-1} T_{i}^{0.5} dn - 5.4319 \\cdot 10^{-5} n^{-1} T_{i} dn + 0.00028383 n^{-1} dn - 0.25826 n E^{0.5} - 0.046987 n E^{0.5} P^{-1} - 0.014477 n E^{0.5} T_{e}^{0.5} P^{-1} + 0.00067678 n E^{0.5} T_{e}^{0.5} T_{i}^{0.5} + 0.044495 n E^{0.5} T_{e}^{0.5} T_{i} - 0.0065922 n E^{0.5} T_{e} + 0.0019447 n E^{0.5} T_{e} T_{i}^{0.5} + 0.00067272 n E^{0.5} T_{i}^{0.5} - 0.019721 n E^{0.5} T_{i}^{0.5} F + 0.038247 n E^{0.5} T_{i}^{0.5} P^{-1} + 0.017471 n E^{0.5} T_{i}^{0.5} P + 0.11751 n E^{0.5} T_{i} - 0.02225 n E F - 0.0062872 n E P^{-1} - 0.0093314 n E P + 0.48503 n E T_{e}^{0.5} - 0.40292 n E T_{e}^{0.5} T_{i}^{0.5} - 0.011315 n E T_{i}^{0.5} + 0.0048733 n E T_{i}",
  "coefficients": [
    0.08853771656559856,
    0.012463775473579757,
    0.00042530303856831687,
    2.0595946029118312e-05,
    0.017612118726254872,
    -0.0010205823659259438,
    -0.00304682962930463,
    -0.025066734033183016,
    -0.0058792370558817695,
    0.0028930173005364134,
    -0.03676871321669228,
    0.05782194492613625,
    0.0016034253244184254,
    0.0006305012587205351,
    0.00024527017739443564,
    0.001438069705407824,
    -0.01218083384254805,
    0.009098625243750092,
    0.0013313982538191661,
    0.000298528236052992,
    0.004590379001837538,
    -0.0030506855210612758,
    -0.0038977717045538627,
    -0.03227418161078852,
    0.0008614463484357558,
    -0.0011443065148309109,
    0.007113400963696712,
    0.0010808765940498585,
    0.0013015164981428884,
    0.01651171421195381,
    0.0016742955929239791,
    -0.007739566357388293,
    0.008780678163006629,
    -0.004129271234438754,
    -0.014029092923301097,
    -0.0004339616476321251,
    0.00030674019088104015,
    0.004043860405591727,
    -0.036536406168247625,
    0.021069584729910974,
    0.006147510609374469,
    -0.00029395893072252746,
    -0.003161417458038773,
    -0.007055292201261552,
    0.004918478104463321,
    0.005915689108871306,
    0.0011051025851197519,
    -0.001625161557424072,
    0.001455233201486869,
    0.0007305743130663742,
    -0.001190437976504193,
    0.0022243978221116512,
    -0.014185431080965883,
    -0.0010577658182678224,
    -0.0038011743405455644,
    -0.04734728137272795,
    -0.06064569166411756,
    -4.35114335307382e-05,
    0.054499962047830426,
    0.04301066448438195,
    -0.03743128218807389,
    0.023094036448175728,
    5.146125049476668e-05,
    0.0020884681037141185,
    -0.001219223347177624,
    -0.0015190409412076946,
    -0.000163396539420241,
    -0.035924801422951326,
    -0.14255594682397368,
    0.036025588676304184,
    0.0004149657625963604,
    -0.01959476964147417,
    0.018121230467014474,
    0.08246502809261555,
    -0.01281380274205929,
    0.0004036110986198611,
    0.030419266581925,
    -0.0033898988840962985,
    0.0011277424603397693,
    -0.0030013825734909187,
    -0.012702172602483214,
    -0.005668455205739928,
    -0.0047211524789773,
    0.0025332312930573565,
    0.17019994601890232,
    -0.1629358255478166,
    0.08239331098816358
  ],
  "val_sse_masked": 0.00016556297487113625,
  "val_nrmse_masked": 0.03502367064356804,
  "val_mse_masked": 5.5187661018862855e-06,
  "val_r2_masked": 0.998772919178009,
  "val_sse_full": 0.0001652209903113544,
  "val_nrmse_full": 0.03498747944831848,
  "val_mse_full": 5.507366495294264e-06,
  "val_r2_full": 0.9987754821777344,
  "iteration": 90,
  "p_lo_eff": 0.12967753410339355,
  "p_hi_eff": 1.9451630115509033,
  "f_lo_eff": 0.20659340918064117,
  "f_hi_eff": 1.6527472734451294
}