{
  "tag": "57_6eef251d",
  "lmb1": 2.0673263321830595e-05,
  "lmb2": 8.690873144521823e-07,
  "nonzero_count": 62,
  "complexity_norm": 0.5,
  "train_gen_window": 0.02127539003327136,
  "generalizability": 0.028051405770281243,
  "equation": "0.11 E^{0.5} n P^{-0.5} + 0.00094947 F dT_{i} - 0.00024432 F dn - 0.0014597 P^{-1} F dT_{e} + 6.2665 \\cdot 10^{-5} P^{-1} F dT_{i} - 0.00032446 P dn - 0.0004815 T_{e}^{0.5} F dT_{e} - 0.00053263 T_{e}^{0.5} F dn - 0.051558 T_{e}^{0.5} P^{-1} dn + 0.00016406 T_{e}^{0.5} T_{i}^{0.5} F dT_{e} - 1.4485 \\cdot 10^{-6} T_{e}^{0.5} T_{i}^{0.5} F dT_{i} - 0.015235 T_{e}^{0.5} T_{i}^{0.5} F dn - 4.6309 \\cdot 10^{-6} T_{e}^{0.5} T_{i}^{0.5} P^{-1} dT_{i} + 0.014974 T_{e}^{0.5} T_{i}^{0.5} P^{-1} dn + 7.64 \\cdot 10^{-5} T_{e}^{0.5} T_{i}^{0.5} P dT_{e} + 1.2167 \\cdot 10^{-6} T_{e}^{0.5} T_{i}^{0.5} P dT_{i} + 0.00013002 T_{e}^{0.5} T_{i}^{0.5} P dn - 1.024 \\cdot 10^{-5} T_{e}^{0.5} T_{i} dT_{e} + 0.00064296 T_{e}^{0.5} T_{i} dn - 0.0015367 T_{e}^{0.5} dn - 0.001095 T_{e} F dn + 0.023109 T_{e} P^{-1} dn + 4.514 \\cdot 10^{-6} T_{e} P dT_{i} - 3.4249 \\cdot 10^{-5} T_{e} T_{i}^{0.5} dT_{e} - 0.00018877 T_{e} T_{i} dT_{e} + 2.9509 \\cdot 10^{-8} T_{e} T_{i} dT_{i} + 0.0057514 T_{e} T_{i} dn - 0.0026443 T_{e} dT_{e} - 0.00014589 T_{e} dT_{i} - 0.060304 T_{e} dn + 0.00072232 T_{i}^{0.5} F dT_{e} - 0.00060633 T_{i}^{0.5} F dn + 0.0013618 T_{i}^{0.5} P^{-1} dT_{e} - 5.8928 \\cdot 10^{-6} T_{i}^{0.5} P^{-1} dT_{i} - 0.0015507 T_{i}^{0.5} P^{-1} dn + 7.3629 \\cdot 10^{-7} T_{i}^{0.5} P dT_{i} + 2.8133 \\cdot 10^{-5} T_{i} F dT_{e} + 0.00061661 T_{i} P^{-1} dn + 0.00015853 T_{i} P dT_{e} + 0.012685 T_{i} P dn + 0.00054728 T_{i} dn - 0.00013845 dT_{e} - 1.523 \\cdot 10^{-5} dT_{i} - 0.0074385 n^{-1} F dn + 0.0036577 n^{-1} P^{-1} dn - 4.7354 \\cdot 10^{-5} n^{-1} T_{e}^{0.5} T_{i}^{0.5} dn - 0.00050481 n^{-1} T_{i}^{0.5} dn - 0.00020481 n^{-1} T_{i} dn - 7.0081 \\cdot 10^{-5} n^{-1} dn - 0.077741 n E^{0.5} - 0.0243 n E^{0.5} T_{e}^{0.5} P^{-1} + 0.00035383 n E^{0.5} T_{e}^{0.5} T_{i}^{0.5} + 0.045961 n E^{0.5} T_{e}^{0.5} T_{i} + 0.0010121 n E^{0.5} T_{e} T_{i}^{0.5} - 0.020644 n E^{0.5} T_{i}^{0.5} F + 0.00072267 n E^{0.5} T_{i}^{0.5} P^{-1} + 0.00028494 n E^{0.5} T_{i}^{0.5} P + 0.0014151 n E^{0.5} T_{i} - 0.00021419 n E F + 0.023817 n E P^{-1} + 0.02671 n E T_{e}^{0.5} - 0.0095848 n E T_{i}",
  "coefficients": [
    0.08853770906291764,
    0.008371372485429652,
    -0.0001050144603904794,
    -0.0037857907054758867,
    -0.0021461318107181063,
    -0.0038481009602821846,
    -4.95423968794578e-05,
    -0.0002296618312957632,
    4.225632915115624e-05,
    0.0022217858502708862,
    -0.0009147035170737867,
    0.014938974900060206,
    -2.5630776908947952e-05,
    -0.002629258103212897,
    -3.633406729471012e-05,
    0.00031068028423722233,
    -2.0766066252469057e-05,
    -0.002568665263066216,
    -2.334149602876493e-05,
    -0.0001743995893624697,
    0.0005960327371764282,
    8.02103286907431e-05,
    -0.012741106109006877,
    -2.6758164875499406e-05,
    0.0004272135171480039,
    0.00011313480482808642,
    7.742905560763724e-05,
    -0.0015808341293739806,
    -0.00017894115436314185,
    -6.25794447406166e-05,
    0.007747802336888605,
    7.439983685632697e-05,
    0.0008635054480395973,
    7.15847261258826e-05,
    -4.869356617351862e-05,
    0.00014477343860402485,
    0.002809259513195209,
    3.8569815243622084e-05,
    -0.00020025007746166316,
    0.00022310308743691594,
    0.000336502023355741,
    -0.00020566339133126766,
    -0.003855087579547656,
    -0.00016709534264307876,
    -0.004459958889366092,
    -3.706519977905704e-05,
    -0.0002613889977178149,
    -0.00037541817424572405,
    -0.001662752852775231,
    1.7349827882522518e-05,
    -0.0007427449514843829,
    9.282402100449474e-05,
    0.0009616933913853241,
    0.0005180519087881279,
    0.018980790837501434,
    -0.04647494109705082,
    -0.0010132441647312228,
    -0.0005506530185196492,
    0.018477407282929258,
    1.5129998650107145e-06,
    -0.018096363363542114,
    0.00016218398302352666,
    0.0005953127667347614,
    0.02413007183062564,
    -0.03833049587568339,
    -0.0010969384880505657,
    0.005277617554969635,
    -2.639438063622346e-05,
    -0.042912468699316746,
    0.0006806858869529596,
    8.094722022644309e-05,
    -0.02051198926470527,
    0.000295533782423126,
    0.000993072769769687,
    -0.021508197299011714,
    0.00021101428015162188,
    0.03142122470790534,
    -8.007118465981245e-05,
    0.0005869354087225038,
    0.01136989341609736,
    -0.0001222762562894094,
    -3.582700366588923e-05,
    2.9081466031628166e-05,
    -0.004982299137704205,
    0.009372649430454504,
    2.4655362885673185e-05,
    0.05400427455014127
  ],
  "val_sse_masked": 0.00028690483304671943,
  "val_nrmse_masked": 0.04610510170459747,
  "val_mse_masked": 9.563495041220449e-06,
  "val_r2_masked": 0.9978736042976379,
  "val_sse_full": 0.0002896813675761223,
  "val_nrmse_full": 0.046327657997608185,
  "val_mse_full": 9.656046131567564e-06,
  "val_r2_full": 0.9978530406951904,
  "iteration": 57,
  "p_lo_eff": 0.12967753410339355,
  "p_hi_eff": 1.9451630115509033,
  "f_lo_eff": 0.20659340918064117,
  "f_hi_eff": 1.6527472734451294
}