{
  "tag": "44_b1646d56",
  "lmb1": 0.002109759763107209,
  "lmb2": 0.1,
  "nonzero_count": 39,
  "complexity_norm": 0.31451612903225806,
  "train_gen_window": 0.1158025667426756,
  "generalizability": 0.12197230907002254,
  "equation": "0.022954 E^{0.5} n P^{-0.5} - 0.00013453 F dn - 0.0036141 P^{-1} F dT_{e} - 6.6406 \\cdot 10^{-5} P^{-1} F dT_{i} - 0.0059643 P^{-1} F dn + 0.0013796 P dn - 0.00093568 T_{e}^{0.5} F dn - 0.0057796 T_{e}^{0.5} P^{-1} dn - 0.0024399 T_{e}^{0.5} T_{i}^{0.5} F dn - 0.0058349 T_{e}^{0.5} T_{i}^{0.5} dn - 0.0025926 T_{e}^{0.5} T_{i} dn - 0.005394 T_{e}^{0.5} dn - 0.001677 T_{e} F dn - 0.002211 T_{e} T_{i} dn - 0.0072974 T_{e} dn - 0.0017445 T_{i}^{0.5} F dn - 0.0055807 T_{i}^{0.5} P^{-1} dn + 0.00032454 T_{i}^{0.5} P dn - 0.0042618 T_{i}^{0.5} dn + 0.00022031 T_{i} P dn - 0.0022243 T_{i} dn - 0.00035097 n^{-1} F dn + 0.00062517 n^{-1} P^{-1} dn + 0.0001597 n^{-1} T_{i}^{0.5} dn + 2.5014 \\cdot 10^{-5} n^{-1} T_{i} dn + 0.0035456 n E^{0.5} P^{-1} + 0.0032783 n E^{0.5} T_{e}^{0.5} T_{i}^{0.5} + 0.0056738 n E^{0.5} T_{e}^{0.5} T_{i} + 0.0042288 n E^{0.5} T_{e} T_{i}^{0.5} + 0.0016392 n E^{0.5} T_{i}^{0.5} + 0.0019447 n E^{0.5} T_{i}^{0.5} P^{-1} - 0.0042236 n E^{0.5} T_{i}^{0.5} P + 0.0048878 n E^{0.5} T_{i} + 0.0083547 n E P^{-1} - 0.0024337 n E P + 0.0060514 n E T_{e}^{0.5} + 0.0078971 n E T_{e}^{0.5} T_{i}^{0.5} + 0.0065073 n E T_{i}^{0.5} + 0.00029462 n E T_{i}",
  "coefficients": [
    0.0885377053053395,
    0.0014308385492648472,
    7.6212764735537815e-06,
    -0.00017862632526570525,
    0.0006789344259678791,
    0.0004699777110635865,
    5.3745224761018944e-06,
    9.932085306618902e-05,
    4.397030331065015e-06,
    -0.002354422658125758,
    -3.2291904120132564e-06,
    -2.564909153767435e-07,
    -1.7256720774111175e-06,
    -2.2817447326319947e-06,
    -3.6767125237973004e-06,
    -1.076195958748567e-05,
    -2.175708570231383e-06,
    -2.2214946920281923e-06,
    -3.3768757894155603e-06,
    -1.878307406421297e-06,
    -9.72842440772016e-06,
    -3.0178465526656396e-06,
    -2.9246412238226486e-06,
    -1.057775942714643e-06,
    -1.1029481692556989e-05,
    -2.817595574708152e-06,
    -6.77317507984596e-06,
    -0.003914105316954717,
    -6.674600347578141e-07,
    -6.821747325704085e-07,
    -1.5541470741744593e-06,
    -1.4617500138421163e-07,
    -6.221555535450017e-07,
    -3.3636994913267925e-07,
    5.713619995965825e-07,
    -3.783065648996421e-08,
    9.918214531552634e-07,
    -9.610427229144204e-06,
    -8.874867977525087e-07,
    -6.398427323840943e-07,
    1.4920728674108792e-07,
    6.550938155859973e-07,
    -4.7436085968844875e-07,
    5.536908416707027e-08,
    7.265253970655305e-07,
    -0.007538899097690897,
    -0.00014392449170929947,
    0.001596243679323262,
    -0.005983883827827315,
    -0.0033785381725897914,
    -0.0021369551754342273,
    0.0004238295840883243,
    -5.207847542952473e-06,
    -0.002105469220880657,
    0.00032965017732547973,
    -0.005209848867289961,
    -0.003556619202289284,
    -0.0009673458536524938,
    -2.8304373990004373e-05,
    -0.00446155078688397,
    -0.0028982061864306465,
    2.2425375284112634e-05,
    -0.0024004616723217456,
    -7.45205981100722e-06,
    -0.004638342200623094,
    -0.001679908865395756,
    -0.002028875608592821,
    0.0027108505189229145,
    3.915032476286584e-06,
    0.0018316972585059616,
    0.0010111574938379,
    3.4590024371901476e-06,
    -0.004380727890662154,
    0.0034302041592267356,
    2.816534761033554e-06,
    0.00195509428361326,
    0.0038789578812577735,
    1.4824157480619325e-05,
    0.002452270768614868,
    0.003988399956036911,
    4.798577437744791e-06,
    -0.0014783539599518172,
    0.0027150773116452528,
    0.00015314934356207402,
    0.0021234942435514876,
    0.0031934744657310227,
    0.01126925266719868
  ],
  "val_sse_masked": 0.003372620791196823,
  "val_nrmse_masked": 0.1580752283334732,
  "val_mse_masked": 0.00011242069740546867,
  "val_r2_masked": 0.9750038981437683,
  "val_sse_full": 0.00332404812797904,
  "val_nrmse_full": 0.1569328010082245,
  "val_mse_full": 0.0001108016149373725,
  "val_r2_full": 0.9753639101982117,
  "iteration": 44,
  "p_lo_eff": 0.12967753410339355,
  "p_hi_eff": 1.9451630115509033,
  "f_lo_eff": 0.20659340918064117,
  "f_hi_eff": 1.6527472734451294
}