{
  "tag": "136_eee2d9f7",
  "lmb1": 0.0005074647178215053,
  "lmb2": 2.776152886501856e-08,
  "nonzero_count": 18,
  "complexity_norm": 0.14516129032258066,
  "train_gen_window": 0.053376259127892546,
  "generalizability": 0.05268012804644553,
  "equation": "0.05011 E^{0.5} n P^{-0.5} - 0.0038329 P^{-1} F dT_{e} - 7.2495 \\cdot 10^{-5} P^{-1} F dT_{i} - 0.0025728 P^{-1} F dn + 0.00056197 P dn - 0.00031316 T_{e}^{0.5} T_{i}^{0.5} dn - 0.071535 T_{e} dn - 0.0086162 T_{i}^{0.5} P^{-1} dn + 0.00060768 T_{i}^{0.5} P dn + 0.0063809 T_{i} P dn - 0.0012337 n^{-1} F dn + 0.00051432 n^{-1} P^{-1} dn - 0.00027234 n E^{0.5} T_{e}^{0.5} P^{-1} + 0.0065507 n E^{0.5} T_{e}^{0.5} T_{i} - 0.02192 n E^{0.5} T_{i}^{0.5} P + 0.0016752 n E^{0.5} T_{i} + 0.045993 n E T_{e}^{0.5} T_{i}^{0.5} + 0.00041822 n E T_{i}^{0.5}",
  "coefficients": [
    0.08853770258166704,
    0.0011771410234261606,
    1.2664226593035086e-05,
    -0.0006278612351580998,
    1.7090972300645835e-06,
    8.255426941522898e-08,
    4.046047565785137e-06,
    -2.902398099962684e-07,
    7.908095844753627e-07,
    -0.0025703094398604335,
    6.106732229708399e-07,
    1.1649667654261548e-05,
    2.5632328927920044e-06,
    -2.637453545907529e-06,
    -1.8632432673964162e-06,
    -2.2339363652143574e-06,
    -3.225440550419763e-06,
    -2.312608981127399e-06,
    -1.4753481825407303e-06,
    -6.945212427792395e-07,
    -1.827682007251329e-06,
    -3.306109173166516e-06,
    1.5416744676305142e-06,
    4.8144425520678094e-06,
    8.52244820961282e-07,
    -2.9853553432122653e-06,
    1.1158037519862455e-07,
    -0.004151111956832335,
    8.434552395295305e-06,
    8.921797600300735e-06,
    5.756864046627451e-06,
    4.250148976256672e-05,
    1.394053053387924e-05,
    1.310787315831652e-05,
    3.373078736144215e-05,
    1.842583887368188e-05,
    2.0209529426486665e-05,
    -2.314383367493736e-07,
    8.397359243551739e-06,
    1.301551357999274e-05,
    2.8342812124448397e-05,
    3.063924614481012e-05,
    2.6941798975559024e-05,
    6.513661047276748e-05,
    2.742432116020346e-05,
    -0.003251955690536394,
    -6.331795271933046e-06,
    0.0006502401344349931,
    -0.009238565440481067,
    -2.9754643635645764e-05,
    -1.6919016950824596e-05,
    0.0007935827228616599,
    -2.0349459154987614e-06,
    -2.3231866605880425e-05,
    0.00954785719864486,
    -2.672244402053281e-05,
    -4.7419058843086946e-05,
    -8.221743767797849e-06,
    -2.5087335882705937e-06,
    -0.0002394509948150632,
    -2.433793300400588e-05,
    5.1183669593391795e-05,
    -4.957744680102955e-05,
    -1.362116208466923e-07,
    -0.04546852700140034,
    -9.624445965636037e-06,
    -6.328091470578782e-05,
    -2.0279870846960214e-06,
    1.8587852120263207e-06,
    7.311837510372431e-07,
    1.1903997387032574e-05,
    -7.794417218776029e-07,
    -0.022734744740398986,
    0.001175636947525767,
    -0.0002410452422343348,
    1.3528704921887997e-05,
    0.004478424435663625,
    1.8929606832363943e-06,
    1.1835127219259706e-05,
    1.0976210344903314e-05,
    2.394104029387435e-06,
    -3.5871831388725296e-05,
    0.00017449450555099934,
    2.2330778071740394e-05,
    3.7927379077081334e-05,
    0.01859895836475923,
    0.024601422134805973
  ],
  "val_sse_masked": 0.0008262060000561178,
  "val_nrmse_masked": 0.07823917269706726,
  "val_mse_masked": 2.7540201699594036e-05,
  "val_r2_masked": 0.993876576423645,
  "val_sse_full": 0.0008081375854089856,
  "val_nrmse_full": 0.07737892866134644,
  "val_mse_full": 2.6937921575154178e-05,
  "val_r2_full": 0.9940105080604553,
  "iteration": 136,
  "p_lo_eff": 0.12967753410339355,
  "p_hi_eff": 1.9451630115509033,
  "f_lo_eff": 0.20659340918064117,
  "f_hi_eff": 1.6527472734451294
}