{
  "tag": "142_5d6f3631",
  "lmb1": 1.4976732587919993e-05,
  "lmb2": 2.556391296357119e-07,
  "nonzero_count": 70,
  "complexity_norm": 0.5645161290322581,
  "train_gen_window": 0.022612493728633477,
  "generalizability": 0.027894414741865648,
  "equation": "0.10977 E^{0.5} n P^{-0.5} - 0.00036168 F dT_{e} + 0.0012327 F dT_{i} - 0.00045211 F dn - 0.0010478 P^{-1} F dT_{e} + 7.0717 \\cdot 10^{-5} P^{-1} F dT_{i} - 0.000609 P dn - 0.001177 T_{e}^{0.5} F dT_{e} - 0.0009377 T_{e}^{0.5} F dn - 0.055723 T_{e}^{0.5} P^{-1} dn + 0.0004809 T_{e}^{0.5} T_{i}^{0.5} F dT_{e} - 2.4321 \\cdot 10^{-6} T_{e}^{0.5} T_{i}^{0.5} F dT_{i} - 0.014104 T_{e}^{0.5} T_{i}^{0.5} F dn - 2.74 \\cdot 10^{-6} T_{e}^{0.5} T_{i}^{0.5} P^{-1} dT_{i} + 0.016828 T_{e}^{0.5} T_{i}^{0.5} P^{-1} dn + 0.0002822 T_{e}^{0.5} T_{i}^{0.5} P dT_{e} + 1.7604 \\cdot 10^{-6} T_{e}^{0.5} T_{i}^{0.5} P dT_{i} + 0.00027629 T_{e}^{0.5} T_{i}^{0.5} P dn - 1.9987 \\cdot 10^{-5} T_{e}^{0.5} T_{i} dT_{e} + 0.00088911 T_{e}^{0.5} T_{i} dn - 0.01493 T_{e}^{0.5} dn - 0.0016069 T_{e} F dn + 0.026794 T_{e} P^{-1} dn + 1.2488 \\cdot 10^{-5} T_{e} P dT_{i} - 6.9589 \\cdot 10^{-5} T_{e} T_{i}^{0.5} dT_{e} - 0.00017925 T_{e} T_{i} dT_{e} + 0.0072028 T_{e} T_{i} dn - 0.0031525 T_{e} dT_{e} - 0.00022927 T_{e} dT_{i} - 0.049013 T_{e} dn + 0.00090733 T_{i}^{0.5} F dT_{e} - 0.0010819 T_{i}^{0.5} F dn + 0.0014217 T_{i}^{0.5} P^{-1} dT_{e} - 5.6466 \\cdot 10^{-6} T_{i}^{0.5} P^{-1} dT_{i} - 0.0016205 T_{i}^{0.5} P^{-1} dn + 1.0324 \\cdot 10^{-6} T_{i}^{0.5} P dT_{i} + 0.00012011 T_{i}^{0.5} P dn + 4.5201 \\cdot 10^{-5} T_{i} F dT_{e} - 1.9401 \\cdot 10^{-7} T_{i} F dT_{i} + 4.4025 \\cdot 10^{-6} T_{i} P^{-1} dT_{e} + 0.00026334 T_{i} P^{-1} dn + 9.297 \\cdot 10^{-5} T_{i} P dT_{e} + 0.012565 T_{i} P dn - 1.0626 \\cdot 10^{-5} T_{i} dT_{e} + 0.00062566 T_{i} dn - 0.00015027 dT_{e} - 1.7103 \\cdot 10^{-5} dT_{i} - 0.0048485 n^{-1} F dn + 0.0036175 n^{-1} P^{-1} dn - 0.00020313 n^{-1} T_{e}^{0.5} T_{i}^{0.5} dn - 0.00019026 n^{-1} T_{e}^{0.5} dn - 9.9356 \\cdot 10^{-5} n^{-1} T_{e} dn - 0.00033481 n^{-1} T_{i}^{0.5} dn - 0.00036135 n^{-1} T_{i} dn - 0.00017453 n^{-1} dn - 0.093201 n E^{0.5} - 0.024077 n E^{0.5} T_{e}^{0.5} P^{-1} + 0.00047801 n E^{0.5} T_{e}^{0.5} T_{i}^{0.5} + 0.058736 n E^{0.5} T_{e}^{0.5} T_{i} - 0.000267 n E^{0.5} T_{e} + 0.0010651 n E^{0.5} T_{e} T_{i}^{0.5} + 0.00022377 n E^{0.5} T_{i}^{0.5} - 0.021667 n E^{0.5} T_{i}^{0.5} F + 0.0022931 n E^{0.5} T_{i}^{0.5} P^{-1} + 0.0011568 n E^{0.5} T_{i}^{0.5} P + 0.0047494 n E^{0.5} T_{i} - 0.00029672 n E F + 0.022121 n E P^{-1} + 0.038727 n E T_{e}^{0.5} - 0.023583 n E T_{i}",
  "coefficients": [
    0.08853771019113948,
    0.008279489690722496,
    -0.0002615309981608173,
    -0.002467592528096785,
    -0.0014233909769395669,
    -0.006789340264125378,
    -0.00029195224779188483,
    -0.0009851620480499316,
    -0.00016348217140743906,
    0.0025072687130451056,
    -0.0010271739802834112,
    0.019396088619653785,
    5.277847131166628e-05,
    -0.002519390330569151,
    -6.7754250751096e-05,
    0.00043562456116415184,
    -0.00013355588545321592,
    -0.0015198102840530002,
    -3.391640385940091e-05,
    -0.00029281778432475826,
    0.0008623813130743945,
    8.483558217400872e-06,
    -0.020023082448669963,
    -8.007721895489481e-05,
    0.0011818980891152781,
    6.173516936877895e-05,
    6.442112346110088e-05,
    -0.0011347952527659866,
    -0.0001942240676460742,
    -0.00013619549946460854,
    0.008088548016523148,
    -8.356846293380588e-07,
    0.0010846763371135679,
    0.00010656301312640974,
    -0.00018317909618164647,
    0.00023260357570540008,
    0.001647504597455229,
    3.294620663505887e-05,
    -0.0004895113308127099,
    0.0006539664534802378,
    0.0012429265346171334,
    -0.000401400355294279,
    -0.004596020404530195,
    -0.0003395105412783736,
    -0.0042350241877280705,
    -8.570318649697727e-06,
    -0.0004836906410262929,
    -0.0007046559755732987,
    -0.001737548060404376,
    1.6164995748292214e-05,
    -0.0013252987956681723,
    0.00015685726992384051,
    0.00041071244231489774,
    0.0005922408905092426,
    0.01880094929886694,
    -0.05022941623114258,
    -0.009843980824879356,
    -0.0009694331893117023,
    0.020765547677645914,
    2.995238227033198e-05,
    -0.01675321688808778,
    0.000344647038225934,
    0.000823219115717803,
    0.027977736446082074,
    -0.031153773976175445,
    -0.0016097256234406155,
    0.006609491371321933,
    -9.898739050687584e-05,
    -0.05144615604410586,
    0.0021598801187850806,
    0.00013803231555151255,
    -0.021528858665802342,
    0.0011998666050446524,
    0.003333063901841541,
    -0.021310548383406586,
    0.0002850726615366174,
    0.04015519855450301,
    -0.0001372986700895264,
    0.0006176284760507544,
    0.010559955899548844,
    -0.0001693961287396897,
    -7.708894279433539e-05,
    2.1533689424220958e-06,
    -0.012258844608892304,
    0.013589597154979215,
    -3.1678895929537445e-05,
    0.05389047994387644
  ],
  "val_sse_masked": 0.00026546011213213205,
  "val_nrmse_masked": 0.0443485789000988,
  "val_mse_masked": 8.848671313899104e-06,
  "val_r2_masked": 0.9980325698852539,
  "val_sse_full": 0.00026637082919478416,
  "val_nrmse_full": 0.04442458599805832,
  "val_mse_full": 8.87902842805488e-06,
  "val_r2_full": 0.9980257749557495,
  "iteration": 142,
  "p_lo_eff": 0.12967753410339355,
  "p_hi_eff": 1.9451630115509033,
  "f_lo_eff": 0.20659340918064117,
  "f_hi_eff": 1.6527472734451294
}