{
  "tag": "267_51798fd3",
  "lmb1": 0.00011640502610396032,
  "lmb2": 9.296883444233433e-06,
  "nonzero_count": 33,
  "complexity_norm": 0.2661290322580645,
  "train_gen_window": 0.039956025694242926,
  "generalizability": 0.03646912399022363,
  "equation": "0.0761 E^{0.5} n P^{-0.5} + 0.00012038 F dT_{i} - 0.0041646 P^{-1} F dT_{e} - 5.1627 \\cdot 10^{-5} P^{-1} F dT_{i} - 0.0015165 P^{-1} F dn + 0.00012984 P dn - 0.020944 T_{e}^{0.5} P^{-1} dn - 0.012551 T_{e}^{0.5} T_{i}^{0.5} F dn + 0.00012685 T_{e}^{0.5} T_{i}^{0.5} P dn - 0.00016351 T_{e}^{0.5} dn - 0.042671 T_{e} dn + 0.00023274 T_{i}^{0.5} F dT_{e} - 0.00020242 T_{i}^{0.5} F dn + 0.00030542 T_{i}^{0.5} P^{-1} dT_{e} - 9.5898 \\cdot 10^{-5} T_{i}^{0.5} P^{-1} dn + 0.0006081 T_{i}^{0.5} P dn + 3.9619 \\cdot 10^{-5} T_{i}^{0.5} dT_{e} + 1.9496 \\cdot 10^{-5} T_{i} F dT_{e} + 6.871 \\cdot 10^{-6} T_{i} P^{-1} dT_{e} + 0.0013405 T_{i} P^{-1} dn + 0.009161 T_{i} P dn - 0.017804 n^{-1} F dn + 0.003013 n^{-1} P^{-1} dn + 7.3275 \\cdot 10^{-5} n^{-1} T_{e}^{0.5} dn + 0.0016265 n^{-1} dn - 0.00023854 n E^{0.5} - 0.014824 n E^{0.5} T_{e}^{0.5} P^{-1} - 0.011827 n E^{0.5} T_{i}^{0.5} F - 0.015689 n E^{0.5} T_{i}^{0.5} P + 0.0028181 n E P^{-1} + 0.0029567 n E T_{e}^{0.5} + 0.047617 n E T_{e}^{0.5} T_{i}^{0.5} + 0.0026916 n E T_{i}^{0.5}",
  "coefficients": [
    0.0885377057144045,
    0.006895840782226042,
    0.0024372490319714236,
    -0.009061133427988345,
    5.219621238294936e-07,
    -3.08229243209414e-05,
    0.00011244051385529023,
    1.157486593236552e-06,
    7.149812117225275e-05,
    -0.0018304425570519723,
    -2.526928867835061e-06,
    0.0018940374736208048,
    2.9358076561530484e-05,
    -6.427480539293338e-05,
    -2.269251403479389e-06,
    3.533059128957778e-05,
    -9.607443613272704e-06,
    -6.0627229131026294e-05,
    -1.853467328113467e-06,
    -8.75381125748829e-06,
    4.132559853858583e-05,
    -3.2262913269531408e-06,
    -2.947068519507736e-06,
    1.8060278768530334e-05,
    6.513148844890678e-05,
    -2.5056059431390627e-06,
    2.863537568423805e-05,
    -0.004510332251416253,
    2.1582060954903967e-05,
    5.7151055141096207e-05,
    0.0017376512589760609,
    0.00015181517363042652,
    0.00027823215922819373,
    0.00016631173839065004,
    4.735772568173501e-05,
    0.00010032786161678777,
    2.951533276433682e-05,
    1.1728899994160117e-05,
    2.4805117521646203e-05,
    4.928778466793625e-05,
    1.3117423542904267e-05,
    1.827949662821317e-05,
    1.0316145718816107e-05,
    1.676512215719414e-05,
    5.398416400800825e-06,
    -0.0019168843584877293,
    -2.470021714186703e-05,
    0.00015023429504197234,
    -0.0001028253200071497,
    -3.604142241440902e-05,
    -0.00024796139466872944,
    0.0007941349426909004,
    0.002090780611117517,
    -2.1477440042001814e-05,
    0.013707716795238646,
    -0.01887965553772428,
    -0.00010781336686293529,
    -3.968770623620529e-05,
    8.776553824195102e-05,
    -7.895593987209984e-05,
    -0.014908751748989936,
    0.00015823487155948627,
    -2.731370767947573e-05,
    4.7844786001328e-05,
    -0.027122511000744726,
    -5.137796708199806e-05,
    -1.908062033193981e-05,
    1.1639868606510074e-05,
    -0.00013167441137149367,
    1.8471228092886287e-06,
    5.189241883397711e-06,
    -0.01175110483021913,
    -0.016272090793699498,
    7.816396507225342e-05,
    -0.013121102233795858,
    1.1845343687400475e-05,
    8.006868632123531e-05,
    -3.334391389642551e-05,
    1.3365412156554615e-05,
    0.0013453342191971122,
    -4.718463656835193e-06,
    -6.488526452071639e-05,
    0.0011230120051124303,
    6.867384870740601e-05,
    0.0010375428161581576,
    0.01925580634734251,
    0.037361431834464824
  ],
  "val_sse_masked": 0.0006210758583620191,
  "val_nrmse_masked": 0.0678347796201706,
  "val_mse_masked": 2.0702529582194984e-05,
  "val_r2_masked": 0.9953969120979309,
  "val_sse_full": 0.0006092461990192533,
  "val_nrmse_full": 0.06718564033508301,
  "val_mse_full": 2.030820724030491e-05,
  "val_r2_full": 0.9954845905303955,
  "iteration": 267,
  "p_lo_eff": 0.12967753410339355,
  "p_hi_eff": 1.9451630115509033,
  "f_lo_eff": 0.20659340918064117,
  "f_hi_eff": 1.6527472734451294
}