{
  "tag": "245_84de65dc",
  "lmb1": 8.327414597352813e-07,
  "lmb2": 7.563947691068083e-05,
  "nonzero_count": 85,
  "complexity_norm": 0.6854838709677419,
  "train_gen_window": 0.024038066681062502,
  "generalizability": 0.029128513002702017,
  "equation": "0.10959 E^{0.5} n P^{-0.5} + 0.018931 F dT_{e} + 0.0028182 F dT_{i} + 0.0022094 F dn - 0.0020577 P^{-1} F dT_{e} + 0.00011367 P^{-1} F dT_{i} + 0.0032555 P^{-1} F dn + 0.0041782 P^{-1} dT_{e} - 0.00026523 P F dT_{i} - 0.0111 P dn - 0.065104 T_{e}^{0.5} F dT_{e} - 0.0031374 T_{e}^{0.5} F dn + 0.0027569 T_{e}^{0.5} P^{-1} dT_{e} - 0.04739 T_{e}^{0.5} P^{-1} dn + 0.0098093 T_{e}^{0.5} T_{i}^{0.5} F dT_{e} - 3.8277 \\cdot 10^{-5} T_{e}^{0.5} T_{i}^{0.5} F dT_{i} - 0.013785 T_{e}^{0.5} T_{i}^{0.5} F dn + 4.1799 \\cdot 10^{-6} T_{e}^{0.5} T_{i}^{0.5} P^{-1} dT_{i} + 0.029261 T_{e}^{0.5} T_{i}^{0.5} P^{-1} dn + 0.0024085 T_{e}^{0.5} T_{i}^{0.5} P dT_{e} + 1.2568 \\cdot 10^{-5} T_{e}^{0.5} T_{i}^{0.5} P dT_{i} + 0.016609 T_{e}^{0.5} T_{i}^{0.5} P dn + 1.229 \\cdot 10^{-5} T_{e}^{0.5} T_{i}^{0.5} dT_{i} + 0.010542 T_{e}^{0.5} T_{i}^{0.5} dn - 0.00026152 T_{e}^{0.5} T_{i} dT_{e} - 1.4108 \\cdot 10^{-6} T_{e}^{0.5} T_{i} dT_{i} + 0.004104 T_{e}^{0.5} T_{i} dn - 0.032074 T_{e}^{0.5} dn - 0.00057957 T_{e} F dT_{i} - 0.011498 T_{e} F dn + 0.017903 T_{e} P^{-1} dn - 1.9021 \\cdot 10^{-6} T_{e} P dT_{i} - 0.00085096 T_{e} T_{i}^{0.5} dT_{e} + 0.00017684 T_{e} T_{i} dT_{e} + 6.5792 \\cdot 10^{-7} T_{e} T_{i} dT_{i} + 0.016524 T_{e} T_{i} dn - 0.005667 T_{e} dT_{e} - 0.00018135 T_{e} dT_{i} - 0.029264 T_{e} dn + 0.011372 T_{i}^{0.5} F dT_{e} - 0.0078382 T_{i}^{0.5} F dn + 0.0016841 T_{i}^{0.5} P^{-1} dT_{e} - 9.5574 \\cdot 10^{-6} T_{i}^{0.5} P^{-1} dT_{i} - 0.01431 T_{i}^{0.5} P^{-1} dn - 1.5244 \\cdot 10^{-6} T_{i}^{0.5} P dT_{i} + 0.0078346 T_{i}^{0.5} P dn - 0.0038713 T_{i}^{0.5} dT_{e} - 8.8768 \\cdot 10^{-6} T_{i}^{0.5} dT_{i} - 0.00070628 T_{i}^{0.5} dn + 0.00078565 T_{i} F dT_{e} - 6.3158 \\cdot 10^{-6} T_{i} F dT_{i} - 0.00026407 T_{i} P^{-1} dT_{e} + 7.2071 \\cdot 10^{-5} T_{i} P dT_{e} + 0.0023417 T_{i} P dn - 0.00071869 T_{i} dT_{e} - 0.0061412 T_{i} dn + 0.0032811 dT_{e} - 0.00029564 dT_{i} - 0.010296 n^{-1} F dn + 0.0067802 n^{-1} P^{-1} dn - 0.0016887 n^{-1} T_{e}^{0.5} T_{i}^{0.5} dn - 0.0041955 n^{-1} T_{e}^{0.5} dn - 0.004585 n^{-1} T_{e} dn + 0.0031573 n^{-1} T_{i}^{0.5} dn - 0.00082061 n^{-1} T_{i} dn + 0.0025151 n^{-1} dn - 0.11344 n E^{0.5} - 0.0042722 n E^{0.5} P^{-1} - 0.024326 n E^{0.5} T_{e}^{0.5} P^{-1} + 0.0077028 n E^{0.5} T_{e}^{0.5} T_{i}^{0.5} + 0.037326 n E^{0.5} T_{e}^{0.5} T_{i} - 0.030942 n E^{0.5} T_{e} + 0.029589 n E^{0.5} T_{e} T_{i}^{0.5} - 0.0046058 n E^{0.5} T_{i}^{0.5} - 0.024165 n E^{0.5} T_{i}^{0.5} F + 0.017217 n E^{0.5} T_{i}^{0.5} P^{-1} + 0.0077426 n E^{0.5} T_{i}^{0.5} P + 0.033794 n E^{0.5} T_{i} - 0.013941 n E F + 0.007366 n E P^{-1} - 0.0041472 n E P + 0.12503 n E T_{e}^{0.5} - 0.041459 n E T_{e}^{0.5} T_{i}^{0.5} - 0.015315 n E T_{i}^{0.5} - 0.024734 n E T_{i}",
  "coefficients": [
    0.08853771044807646,
    0.01551798198379619,
    0.003768808868931885,
    -0.005239896653854857,
    0.01342293779463866,
    -0.015418216474212165,
    -0.00643801752660403,
    -0.008190058950764401,
    -0.007544293736179363,
    0.004030222688763702,
    -0.01775603142275762,
    0.04434189480558567,
    -0.004120622633919536,
    -0.00426432442928355,
    -0.00337802993748696,
    -0.0006432438552332531,
    -0.004347810553368331,
    0.0023184665499381757,
    0.005615179323841344,
    -0.004608456941237324,
    0.006156867595156926,
    -0.004490669140172705,
    -0.015837753179893117,
    -0.013856965280651718,
    -0.00018001770902201925,
    0.0025224254927510713,
    0.0074503495633147804,
    -0.002228497574137301,
    0.004240833067898787,
    0.007128684364340231,
    0.009581296757040638,
    -0.014834304365668004,
    0.013594580608512442,
    -0.006391825200304348,
    -0.012389161978816843,
    0.004042893603175175,
    0.0012771548386819654,
    0.005643965584912999,
    -0.02707589305020612,
    0.013339448982938703,
    0.010608264720549489,
    -0.005252317904723112,
    -0.00826181346163727,
    -0.004151670829033892,
    0.004178104888830282,
    0.004114996950041775,
    0.002363684875341341,
    -0.012843470567589726,
    -0.01534336065232705,
    -0.0005599032807402839,
    -0.009601681903193344,
    0.010231318552283996,
    8.803610254879855e-05,
    -0.005813205771606246,
    0.0035039558084739185,
    -0.0427177148563284,
    -0.021148154286739957,
    -0.0032435999746024758,
    0.03610639559733183,
    0.008060581763016314,
    -0.016374248992244357,
    0.020717806424131232,
    0.0037998480794309087,
    0.018694368157426252,
    -0.018600967528284443,
    -0.011517842321077635,
    0.015162818470481489,
    -0.003266357894965503,
    -0.06261676582196017,
    0.016216668153929928,
    -0.0028410570403740332,
    -0.024010621549157243,
    0.008030602878899583,
    0.023716372734393528,
    -0.021531014739102756,
    0.004593721665802609,
    0.025518059664427585,
    -0.015910985456677417,
    0.017158205977644888,
    0.003516425873967148,
    -0.007958989939014168,
    -0.002519268170539873,
    -0.006389962744672446,
    -0.01285731698694528,
    0.04387380387158835,
    -0.016765516681226646,
    0.05380459112602735
  ],
  "val_sse_masked": 0.00023698977020103484,
  "val_nrmse_masked": 0.041902974247932434,
  "val_mse_masked": 7.899659067334142e-06,
  "val_r2_masked": 0.9982435703277588,
  "val_sse_full": 0.00023389104171656072,
  "val_nrmse_full": 0.04162812605500221,
  "val_mse_full": 7.796368663548492e-06,
  "val_r2_full": 0.9982665181159973,
  "iteration": 245,
  "p_lo_eff": 0.12967753410339355,
  "p_hi_eff": 1.9451630115509033,
  "f_lo_eff": 0.20659340918064117,
  "f_hi_eff": 1.6527472734451294
}