{
  "tag": "141_78eed4e4",
  "lmb1": 3.292676311739484e-07,
  "lmb2": 3.268009097967749e-05,
  "nonzero_count": 86,
  "complexity_norm": 0.6935483870967742,
  "train_gen_window": 0.02046436914514669,
  "generalizability": 0.02264636293022106,
  "equation": "0.13406 E^{0.5} n P^{-0.5} + 0.034892 F dT_{e} + 0.0037732 F dT_{i} + 0.0058078 F dn - 0.00069353 P^{-1} F dT_{e} + 0.00012471 P^{-1} F dT_{i} + 0.0045274 P^{-1} F dn + 0.005021 P^{-1} dT_{e} - 0.00024459 P F dT_{i} - 0.014299 P dn - 0.098446 T_{e}^{0.5} F dT_{e} - 0.0032537 T_{e}^{0.5} F dn + 0.0028376 T_{e}^{0.5} P^{-1} dT_{e} - 0.057339 T_{e}^{0.5} P^{-1} dn + 0.013381 T_{e}^{0.5} T_{i}^{0.5} F dT_{e} - 4.6419 \\cdot 10^{-5} T_{e}^{0.5} T_{i}^{0.5} F dT_{i} - 0.018744 T_{e}^{0.5} T_{i}^{0.5} F dn + 2.3757 \\cdot 10^{-5} T_{e}^{0.5} T_{i}^{0.5} P^{-1} dT_{i} + 0.038405 T_{e}^{0.5} T_{i}^{0.5} P^{-1} dn + 0.0030023 T_{e}^{0.5} T_{i}^{0.5} P dT_{e} + 2.2294 \\cdot 10^{-5} T_{e}^{0.5} T_{i}^{0.5} P dT_{i} + 0.025733 T_{e}^{0.5} T_{i}^{0.5} P dn + 2.3929 \\cdot 10^{-5} T_{e}^{0.5} T_{i}^{0.5} dT_{i} + 0.030362 T_{e}^{0.5} T_{i}^{0.5} dn - 4.0772 \\cdot 10^{-5} T_{e}^{0.5} T_{i} dT_{e} - 3.5099 \\cdot 10^{-6} T_{e}^{0.5} T_{i} dT_{i} + 0.00362 T_{e}^{0.5} T_{i} dn - 0.046541 T_{e}^{0.5} dn - 0.0012439 T_{e} F dT_{i} - 0.012662 T_{e} F dn + 0.012968 T_{e} P^{-1} dn - 1.0458 \\cdot 10^{-5} T_{e} P dT_{i} - 0.0021524 T_{e} T_{i}^{0.5} dT_{e} + 0.00048516 T_{e} T_{i} dT_{e} + 9.0805 \\cdot 10^{-7} T_{e} T_{i} dT_{i} + 0.024929 T_{e} T_{i} dn - 0.004174 T_{e} dT_{e} - 0.00016936 T_{e} dT_{i} - 0.030487 T_{e} dn + 0.016741 T_{i}^{0.5} F dT_{e} - 0.0087162 T_{i}^{0.5} F dn + 0.0020505 T_{i}^{0.5} P^{-1} dT_{e} - 1.0611 \\cdot 10^{-5} T_{i}^{0.5} P^{-1} dT_{i} - 0.0034438 T_{i}^{0.5} P^{-1} dn - 2.806 \\cdot 10^{-6} T_{i}^{0.5} P dT_{i} + 0.01134 T_{i}^{0.5} P dn - 0.0045471 T_{i}^{0.5} dT_{e} - 7.9825 \\cdot 10^{-6} T_{i}^{0.5} dT_{i} + 0.0028037 T_{i}^{0.5} dn + 0.00037745 T_{i} F dT_{e} - 1.3831 \\cdot 10^{-5} T_{i} F dT_{i} - 0.00051411 T_{i} P^{-1} dT_{e} - 0.0063025 T_{i} P^{-1} dn - 0.00011464 T_{i} P dT_{e} - 0.004324 T_{i} P dn - 0.00097873 T_{i} dT_{e} - 0.020167 T_{i} dn + 0.0032749 dT_{e} - 0.00044803 dT_{i} - 0.0066175 n^{-1} F dn + 0.0072626 n^{-1} P^{-1} dn - 0.0037095 n^{-1} T_{e}^{0.5} T_{i}^{0.5} dn - 0.0072086 n^{-1} T_{e}^{0.5} dn - 0.0057038 n^{-1} T_{e} dn + 0.0061593 n^{-1} T_{i}^{0.5} dn - 0.00082807 n^{-1} T_{i} dn + 0.0030713 n^{-1} dn - 0.15045 n E^{0.5} - 0.022325 n E^{0.5} P^{-1} - 0.019749 n E^{0.5} T_{e}^{0.5} P^{-1} + 0.0070531 n E^{0.5} T_{e}^{0.5} T_{i}^{0.5} + 0.048332 n E^{0.5} T_{e}^{0.5} T_{i} - 0.045498 n E^{0.5} T_{e} + 0.033637 n E^{0.5} T_{e} T_{i}^{0.5} - 0.0092398 n E^{0.5} T_{i}^{0.5} - 0.023549 n E^{0.5} T_{i}^{0.5} F + 0.027138 n E^{0.5} T_{i}^{0.5} P^{-1} + 0.012482 n E^{0.5} T_{i}^{0.5} P + 0.050887 n E^{0.5} T_{i} - 0.020897 n E F - 0.0024606 n E P^{-1} - 0.0027834 n E P + 0.22621 n E T_{e}^{0.5} - 0.10205 n E T_{e}^{0.5} T_{i}^{0.5} - 0.03947 n E T_{i}^{0.5} - 0.026616 n E T_{i}",
  "coefficients": [
    0.08853771232724572,
    0.01662205728539508,
    0.004602284020240348,
    -0.003367913266473045,
    0.02618528811395893,
    -0.01555849604042622,
    -0.011061679329987271,
    -0.017990850039650633,
    -0.009385223598903609,
    0.004421435182112021,
    -0.026907943329169043,
    0.05936715901262059,
    -0.0037999281900335984,
    -0.004734280548880164,
    -0.0030377010767907824,
    -0.0011839960760176103,
    -0.009521476031185323,
    0.013177404133755883,
    0.010932720360279157,
    -0.005588797301045049,
    0.01092146449872027,
    -0.011172349053513584,
    -0.0147912831974902,
    -0.029740390277383434,
    -0.000989726186576857,
    0.0034813810753971395,
    0.008953151111906227,
    -0.000751111031575563,
    0.004232800610982127,
    0.01313908330245473,
    0.011666041201875994,
    -0.01742383097416969,
    0.020012952472283095,
    -0.012444040068061189,
    -0.0168719314593255,
    0.0019423395521039229,
    -0.002031586683303635,
    0.005809155366892133,
    -0.040942249049214056,
    0.01819648740192136,
    0.013223690286438286,
    -0.0008188380908980743,
    -0.006085227317190121,
    -0.010501192109006107,
    0.01146228069410743,
    0.005722666822026992,
    0.006213489945005607,
    -0.01654520748065105,
    -0.0036926095180083718,
    0.00222258935799868,
    -0.010677257682068998,
    0.01480895393458872,
    -0.009829702584491621,
    -0.019089915730397356,
    -0.006470047978361495,
    -0.051685760274242626,
    -0.030687075554918536,
    -0.003363793934423258,
    0.04739023631410685,
    0.02321564666688862,
    -0.022264643436062607,
    0.03209914285170265,
    0.0033517479876950893,
    0.013540796795232842,
    -0.01937801154157416,
    -0.012683780935405451,
    0.022875864148025733,
    -0.0170688229801293,
    -0.08304667062812976,
    0.025561933945519363,
    -0.005699535110192298,
    -0.02339898362301675,
    0.012946551695472097,
    0.03571178324930917,
    -0.017479785433984645,
    0.004206245033249642,
    0.03304249308945686,
    -0.023396462276905616,
    0.01950603012657507,
    -0.0011746569632306546,
    -0.011930070260707755,
    -0.0016908336368489495,
    -0.016468171428631873,
    -0.013835342862193527,
    0.07937888402574197,
    -0.04126850589635488,
    0.06581599335414359
  ],
  "val_sse_masked": 0.00019835206330753863,
  "val_nrmse_masked": 0.03833526372909546,
  "val_mse_masked": 6.611735898331972e-06,
  "val_r2_masked": 0.9985299110412598,
  "val_sse_full": 0.00019835206330753863,
  "val_nrmse_full": 0.03833526372909546,
  "val_mse_full": 6.611735898331972e-06,
  "val_r2_full": 0.9985299110412598,
  "iteration": 141,
  "p_lo_eff": 0.12967753410339355,
  "p_hi_eff": 1.9451630115509033,
  "f_lo_eff": 0.20659340918064117,
  "f_hi_eff": 1.6527472734451294
}