{
  "tag": "439_cede03cf",
  "lmb1": 7.16985089347587e-08,
  "lmb2": 3.632752777837764e-08,
  "nonzero_count": 86,
  "complexity_norm": 0.6935483870967742,
  "train_gen_window": 0.01397681650105362,
  "generalizability": 0.032202200262556574,
  "equation": "0.13906 E^{0.5} n P^{-0.5} + 0.13991 F dT_{e} + 0.0082505 F dT_{i} + 0.029599 F dn + 0.00010507 P^{-1} F dT_{e} - 0.00042727 P^{-1} F dT_{i} + 0.0093975 P^{-1} F dn - 0.010147 P^{-1} dT_{e} - 0.0016414 P F dT_{i} - 0.023639 P dn - 0.17355 T_{e}^{0.5} F dT_{e} + 0.04018 T_{e}^{0.5} F dn + 0.013574 T_{e}^{0.5} P^{-1} dT_{e} - 0.06904 T_{e}^{0.5} P^{-1} dn + 0.030647 T_{e}^{0.5} T_{i}^{0.5} F dT_{e} - 0.0021925 T_{e}^{0.5} T_{i}^{0.5} F dT_{i} - 0.074025 T_{e}^{0.5} T_{i}^{0.5} F dn + 0.00070756 T_{e}^{0.5} T_{i}^{0.5} P^{-1} dT_{i} + 0.02472 T_{e}^{0.5} T_{i}^{0.5} P^{-1} dn + 0.0014243 T_{e}^{0.5} T_{i}^{0.5} P dT_{e} + 0.00011413 T_{e}^{0.5} T_{i}^{0.5} P dT_{i} + 0.0062897 T_{e}^{0.5} T_{i}^{0.5} P dn + 0.00039298 T_{e}^{0.5} T_{i}^{0.5} dT_{i} + 0.23721 T_{e}^{0.5} T_{i}^{0.5} dn - 0.014965 T_{e}^{0.5} T_{i} dT_{e} + 4.1013 \\cdot 10^{-5} T_{e}^{0.5} T_{i} dT_{i} - 0.0075774 T_{e}^{0.5} T_{i} dn - 0.2169 T_{e}^{0.5} dn - 0.00011884 T_{e} F dT_{i} - 0.072319 T_{e} F dn + 0.01487 T_{e} P^{-1} dn + 0.00071989 T_{e} P dT_{i} - 0.0096352 T_{e} T_{i}^{0.5} dT_{e} + 0.0070876 T_{e} T_{i} dT_{e} - 5.1637 \\cdot 10^{-5} T_{e} T_{i} dT_{i} - 0.018189 T_{e} T_{i} dn + 0.013612 T_{e} dT_{e} - 0.0017589 T_{e} dT_{i} + 0.034056 T_{e} dn + 0.0030582 T_{i}^{0.5} F dT_{e} + 0.02875 T_{i}^{0.5} F dn - 4.4757 \\cdot 10^{-5} T_{i}^{0.5} P^{-1} dT_{e} - 0.00063712 T_{i}^{0.5} P^{-1} dT_{i} + 0.018729 T_{i}^{0.5} P^{-1} dn - 0.00027888 T_{i}^{0.5} P dT_{i} + 0.06403 T_{i}^{0.5} P dn + 0.007652 T_{i}^{0.5} dT_{e} + 0.00020833 T_{i}^{0.5} dT_{i} - 0.016342 T_{i}^{0.5} dn - 0.01218 T_{i} F dT_{e} + 3.4285 \\cdot 10^{-5} T_{i} F dT_{i} + 0.00056478 T_{i} P^{-1} dT_{e} - 0.0067306 T_{i} P^{-1} dn - 0.00078433 T_{i} P dT_{e} - 0.03707 T_{i} P dn + 0.0099072 T_{i} dT_{e} - 0.0274 T_{i} dn - 0.020142 dT_{e} - 0.00029901 dT_{i} + 0.015468 n^{-1} F dn + 0.0026218 n^{-1} P^{-1} dn - 0.02426 n^{-1} T_{e}^{0.5} T_{i}^{0.5} dn - 0.033954 n^{-1} T_{e}^{0.5} dn + 0.026809 n^{-1} T_{e} dn + 0.019837 n^{-1} T_{i}^{0.5} dn + 0.0018706 n^{-1} T_{i} dn + 0.0015895 n^{-1} dn - 0.29095 n E^{0.5} - 0.066161 n E^{0.5} P^{-1} - 0.0011339 n E^{0.5} T_{e}^{0.5} P^{-1} - 0.0033194 n E^{0.5} T_{e}^{0.5} T_{i}^{0.5} - 0.0042274 n E^{0.5} T_{e}^{0.5} T_{i} - 0.050515 n E^{0.5} T_{e} + 0.0022856 n E^{0.5} T_{e} T_{i}^{0.5} + 0.045864 n E^{0.5} T_{i}^{0.5} - 0.010261 n E^{0.5} T_{i}^{0.5} F + 0.06425 n E^{0.5} T_{i}^{0.5} P^{-1} + 0.012444 n E^{0.5} T_{i}^{0.5} P + 0.20183 n E^{0.5} T_{i} - 0.063066 n E F - 0.03567 n E P^{-1} - 0.019216 n E P + 0.94209 n E T_{e}^{0.5} - 0.76465 n E T_{e}^{0.5} T_{i}^{0.5} - 0.12751 n E T_{i}^{0.5} + 0.12882 n E T_{i}",
  "coefficients": [
    0.08853772602091536,
    0.006000502214749702,
    0.0023817798311251866,
    0.007872148718253077,
    0.08433326047240887,
    0.035146025893890556,
    -0.052102422873844256,
    -0.11765988431572187,
    0.044111440476443955,
    -0.015148907743910395,
    -0.01795802944437488,
    0.12981358636905077,
    -0.02550104759623775,
    -0.2842703345575983,
    0.07927984931354412,
    -0.11767575621533485,
    0.023601892590992574,
    0.3924673126270636,
    0.1795487849703087,
    -0.26397708787004576,
    0.055907654782399736,
    0.13054951913560636,
    -0.15360846154161367,
    -0.002841427227295537,
    0.06813146499474512,
    -0.19797218986233325,
    -0.01809316160981558,
    0.00011378958076499815,
    -0.026033990443713986,
    0.052683711459468374,
    -0.0002546378256655553,
    0.029321390856106497,
    0.0036559573451478283,
    0.013670456324216696,
    0.17078605397109878,
    -0.06267780813074558,
    -0.013899001332829682,
    0.02778932097495669,
    -0.07217818709713777,
    0.04167612677818052,
    0.0062733280837437115,
    -0.3005542998171748,
    0.01984415133869251,
    -0.047007982436194945,
    0.16745018215480137,
    0.011878377213159787,
    0.031666070137769925,
    -0.027352123240967717,
    0.020082385545133544,
    -0.0129551197003329,
    0.03521840474336921,
    0.08361806480333724,
    -0.010497447757841116,
    -0.025936177571959887,
    -0.05546796393768961,
    -0.06223368917437597,
    -0.14301848869404193,
    0.04153960971566726,
    0.030503895858881976,
    0.18137386430721433,
    -0.08792768467451696,
    0.007845776204125864,
    -0.007015817662037599,
    0.015527173983403704,
    0.021646797955787347,
    -0.07244617804791337,
    -0.01669030117832871,
    -0.05058437608395093,
    -0.16060057330622704,
    0.06051745079916487,
    0.028290912723814097,
    -0.010195373145982504,
    0.012906724375374833,
    0.14164228360866885,
    -0.0010036259771981602,
    -0.0019795551132320635,
    -0.0028901156305604567,
    -0.025975941951429233,
    0.0013254017010268845,
    -0.017028040674514154,
    -0.03600380975123865,
    -0.01167323090348047,
    -0.053201839322632956,
    0.06696308000241646,
    0.3305865126058014,
    -0.30921332295734927,
    0.06827255878434732
  ],
  "val_sse_masked": 0.00012145456275902689,
  "val_nrmse_masked": 0.029997631907463074,
  "val_mse_masked": 4.0484856071998365e-06,
  "val_r2_masked": 0.999099850654602,
  "val_sse_full": 0.00012145456275902689,
  "val_nrmse_full": 0.029997631907463074,
  "val_mse_full": 4.0484856071998365e-06,
  "val_r2_full": 0.999099850654602,
  "iteration": 439,
  "p_lo_eff": 0.12967753410339355,
  "p_hi_eff": 1.9451630115509033,
  "f_lo_eff": 0.20659340918064117,
  "f_hi_eff": 1.6527472734451294
}