{
  "tag": "38_fc2e79b6",
  "lmb1": 9.374250952601997e-05,
  "lmb2": 0.025395013770431688,
  "nonzero_count": 65,
  "complexity_norm": 0.5241935483870968,
  "train_gen_window": 0.06152616755697217,
  "generalizability": 0.05091777350642489,
  "equation": "0.024794 E^{0.5} n P^{-0.5} + 0.00032295 F dT_{e} + 0.00023755 F dT_{i} - 0.0021889 F dn - 0.0036388 P^{-1} F dT_{e} - 0.00013575 P^{-1} F dT_{i} - 0.0041688 P^{-1} F dn + 2.217 \\cdot 10^{-5} P F dT_{i} + 0.0028474 P dn - 0.0027399 T_{e}^{0.5} F dn - 0.0069579 T_{e}^{0.5} P^{-1} dn - 0.0019894 T_{e}^{0.5} T_{i}^{0.5} F dn - 4.6749 \\cdot 10^{-7} T_{e}^{0.5} T_{i}^{0.5} P^{-1} dT_{i} + 5.4474 \\cdot 10^{-5} T_{e}^{0.5} T_{i}^{0.5} P dT_{e} + 0.0031963 T_{e}^{0.5} T_{i}^{0.5} P dn - 0.007426 T_{e}^{0.5} T_{i}^{0.5} dn - 4.3388 \\cdot 10^{-8} T_{e}^{0.5} T_{i} dT_{i} - 0.00098324 T_{e}^{0.5} T_{i} dn - 0.012901 T_{e}^{0.5} dn + 4.1486 \\cdot 10^{-5} T_{e} F dT_{i} - 0.002993 T_{e} F dn + 4.049 \\cdot 10^{-5} T_{e} T_{i}^{0.5} dT_{e} - 2.9505 \\cdot 10^{-8} T_{e} T_{i} dT_{i} - 0.00065522 T_{e} T_{i} dn + 0.00034304 T_{e} dT_{e} - 0.014411 T_{e} dn - 0.0017254 T_{i}^{0.5} F dn - 6.5844 \\cdot 10^{-7} T_{i}^{0.5} P^{-1} dT_{i} - 0.0042597 T_{i}^{0.5} P^{-1} dn + 0.0034319 T_{i}^{0.5} P dn + 8.7444 \\cdot 10^{-5} T_{i}^{0.5} dT_{e} - 0.0062676 T_{i}^{0.5} dn - 2.1646 \\cdot 10^{-7} T_{i} F dT_{i} + 0.00095057 T_{i} P^{-1} dn + 2.7626 \\cdot 10^{-5} T_{i} P dT_{e} + 0.0041998 T_{i} P dn + 1.2265 \\cdot 10^{-5} T_{i} dT_{e} - 0.00072468 T_{i} dn + 0.00012792 dT_{e} - 0.017989 n^{-1} F dn + 0.0018819 n^{-1} P^{-1} dn + 0.00012811 n^{-1} T_{e}^{0.5} T_{i}^{0.5} dn + 0.001005 n^{-1} T_{e}^{0.5} dn + 0.00024624 n^{-1} T_{e} dn + 0.00037911 n^{-1} T_{i}^{0.5} dn + 1.265 \\cdot 10^{-5} n^{-1} T_{i} dn + 0.0019697 n^{-1} dn + 0.00054036 n E^{0.5} + 0.0035237 n E^{0.5} P^{-1} - 0.0018595 n E^{0.5} T_{e}^{0.5} P^{-1} + 0.0042769 n E^{0.5} T_{e}^{0.5} T_{i}^{0.5} + 0.0035016 n E^{0.5} T_{e}^{0.5} T_{i} + 0.001933 n E^{0.5} T_{e} + 0.0041026 n E^{0.5} T_{e} T_{i}^{0.5} + 0.0034536 n E^{0.5} T_{i}^{0.5} - 0.0029149 n E^{0.5} T_{i}^{0.5} F + 0.00019543 n E^{0.5} T_{i}^{0.5} P^{-1} - 0.010706 n E^{0.5} T_{i}^{0.5} P + 0.003502 n E^{0.5} T_{i} + 0.0068269 n E P^{-1} - 0.0069122 n E P + 0.020192 n E T_{e}^{0.5} + 0.01277 n E T_{e}^{0.5} T_{i}^{0.5} + 0.012691 n E T_{i}^{0.5} + 0.0026557 n E T_{i}",
  "coefficients": [
    0.08853770622068236,
    0.004307033637636754,
    0.002951551297471427,
    -0.009155252126132583,
    0.0016117162754613432,
    0.00023767875050646582,
    0.001542212896928363,
    0.0006213021582061323,
    0.0004051771547096679,
    -0.004812824444756,
    -2.185979406686842e-06,
    0.003737698362456421,
    0.0003444328679447576,
    -0.00029378124893258826,
    -5.762646193620588e-05,
    -3.4359752453021746e-05,
    -0.00014901303410750106,
    -0.0002593044429723794,
    -2.9119834344481525e-05,
    -1.7218325126375384e-05,
    -2.1118304357230997e-05,
    -0.00013811007397959674,
    1.0264354217281936e-05,
    0.000991878078325556,
    2.57132650391043e-05,
    -0.00011312047468628182,
    -1.1516674852554196e-05,
    -0.00394093757786383,
    0.00016533147970760283,
    0.00012161246918963707,
    1.8610270995074115e-05,
    0.00033507576404844794,
    2.40984426087332e-05,
    2.4424470288262718e-05,
    0.00021143068536523966,
    1.554434444759554e-05,
    0.0004895550961165479,
    -1.6838283460223166e-05,
    6.269819100176196e-05,
    1.3846327833049206e-05,
    0.00023992945304995877,
    8.071294693388963e-05,
    0.0005001157838798054,
    0.00019754462864325796,
    8.661829585352563e-05,
    -0.00526938158873454,
    -0.002341820722400464,
    0.0032946034851434798,
    -0.004567364053004063,
    -0.0049685938118292075,
    -0.0021135805674509216,
    0.004481783468646615,
    0.0014825618786457895,
    -0.0006859769237541643,
    0.0062842505163723155,
    -0.006271965299344351,
    -0.008506523559502321,
    -0.0028325801000493537,
    1.7428437329249986e-05,
    -0.005678143997943213,
    -0.0023630727435511433,
    0.0039870550234482275,
    -0.000910371616302596,
    -3.2410203851029294e-06,
    -0.009160108497842526,
    -0.002998232551942766,
    -0.0006012468454495789,
    0.002694055444180151,
    0.0002982725504700605,
    0.00018408038704838684,
    0.002130347568965834,
    -0.002896247985133837,
    -0.011103749655502867,
    0.002457675302441748,
    -0.001645867832613394,
    0.0025506205392407566,
    0.0023938593302080726,
    0.0009940192890065878,
    0.002379064557001254,
    0.0032590430854362146,
    1.733828938597568e-05,
    -0.004198907745598515,
    0.005295175843536102,
    0.0013804870774912702,
    0.007085505243461518,
    0.005164033751371465,
    0.012172529653740412
  ],
  "val_sse_masked": 0.0008514480432495475,
  "val_nrmse_masked": 0.07942534983158112,
  "val_mse_masked": 2.8381602533045225e-05,
  "val_r2_masked": 0.9936895370483398,
  "val_sse_full": 0.0008529241313226521,
  "val_nrmse_full": 0.0794941633939743,
  "val_mse_full": 2.843080619641114e-05,
  "val_r2_full": 0.9936785697937012,
  "iteration": 38,
  "p_lo_eff": 0.12967753410339355,
  "p_hi_eff": 1.9451630115509033,
  "f_lo_eff": 0.20659340918064117,
  "f_hi_eff": 1.6527472734451294
}