{
  "tag": "68_d47c944c",
  "lmb1": 6.76624425544981e-06,
  "lmb2": 0.0009955906301300414,
  "nonzero_count": 83,
  "complexity_norm": 0.6693548387096774,
  "train_gen_window": 0.0252760851501012,
  "generalizability": 0.03095669606141981,
  "equation": "0.063225 E^{0.5} n P^{-0.5} - 0.0032858 F dT_{e} + 0.0011893 F dT_{i} - 0.0016945 F dn - 0.0029364 P^{-1} F dT_{e} - 2.0939 \\cdot 10^{-5} P^{-1} F dT_{i} - 0.0012148 P^{-1} F dn + 0.00021625 P^{-1} dT_{e} - 0.00020001 P F dT_{i} - 0.0015505 P dn - 0.0043212 T_{e}^{0.5} F dT_{e} - 0.0050178 T_{e}^{0.5} F dn + 0.00098211 T_{e}^{0.5} P^{-1} dT_{e} - 0.023603 T_{e}^{0.5} P^{-1} dn + 0.0017336 T_{e}^{0.5} T_{i}^{0.5} F dT_{e} - 8.9103 \\cdot 10^{-6} T_{e}^{0.5} T_{i}^{0.5} F dT_{i} - 0.0081607 T_{e}^{0.5} T_{i}^{0.5} F dn - 8.7825 \\cdot 10^{-6} T_{e}^{0.5} T_{i}^{0.5} P^{-1} dT_{i} + 0.0095814 T_{e}^{0.5} T_{i}^{0.5} P^{-1} dn + 0.00060932 T_{e}^{0.5} T_{i}^{0.5} P dT_{e} + 1.5119 \\cdot 10^{-6} T_{e}^{0.5} T_{i}^{0.5} P dT_{i} + 0.0031892 T_{e}^{0.5} T_{i}^{0.5} P dn - 8.8928 \\cdot 10^{-7} T_{e}^{0.5} T_{i}^{0.5} dT_{i} - 0.0028608 T_{e}^{0.5} T_{i}^{0.5} dn - 0.00014848 T_{e}^{0.5} T_{i} dT_{e} + 2.5264 \\cdot 10^{-7} T_{e}^{0.5} T_{i} dT_{i} + 0.0031639 T_{e}^{0.5} T_{i} dn - 0.016278 T_{e}^{0.5} dn + 8.2163 \\cdot 10^{-5} T_{e} F dT_{i} - 0.0072852 T_{e} F dn + 0.013037 T_{e} P^{-1} dn + 1.9826 \\cdot 10^{-5} T_{e} P dT_{i} - 0.00036542 T_{e} T_{i}^{0.5} dT_{e} - 0.00020343 T_{e} T_{i} dT_{e} + 5.0516 \\cdot 10^{-7} T_{e} T_{i} dT_{i} + 0.0023968 T_{e} T_{i} dn - 0.0017345 T_{e} dT_{e} - 7.3069 \\cdot 10^{-5} T_{e} dT_{i} - 0.024114 T_{e} dn + 0.00098873 T_{i}^{0.5} F dT_{e} - 0.0055619 T_{i}^{0.5} F dn + 0.0013335 T_{i}^{0.5} P^{-1} dT_{e} - 1.1478 \\cdot 10^{-5} T_{i}^{0.5} P^{-1} dT_{i} - 0.017408 T_{i}^{0.5} P^{-1} dn + 0.0027143 T_{i}^{0.5} P dn - 0.00013248 T_{i}^{0.5} dT_{e} - 3.3401 \\cdot 10^{-6} T_{i}^{0.5} dT_{i} - 0.00022171 T_{i}^{0.5} dn + 8.365 \\cdot 10^{-5} T_{i} F dT_{e} + 9.7143 \\cdot 10^{-7} T_{i} F dT_{i} + 6.2824 \\cdot 10^{-5} T_{i} P^{-1} dT_{e} + 0.0061392 T_{i} P^{-1} dn + 0.00023775 T_{i} P dT_{e} + 0.0084768 T_{i} P dn - 7.5005 \\cdot 10^{-5} T_{i} dT_{e} + 0.0061635 T_{i} dn - 0.00044338 dT_{e} - 9.6238 \\cdot 10^{-5} dT_{i} - 0.023988 n^{-1} F dn + 0.0042861 n^{-1} P^{-1} dn - 3.2335 \\cdot 10^{-5} n^{-1} T_{e}^{0.5} T_{i}^{0.5} dn + 0.00083749 n^{-1} T_{e}^{0.5} dn + 0.0013303 n^{-1} T_{e} dn - 0.00030354 n^{-1} T_{i} dn + 0.00058954 n^{-1} dn - 0.029817 n E^{0.5} + 0.010226 n E^{0.5} P^{-1} - 0.021003 n E^{0.5} T_{e}^{0.5} P^{-1} + 0.0043871 n E^{0.5} T_{e}^{0.5} T_{i}^{0.5} + 0.014688 n E^{0.5} T_{e}^{0.5} T_{i} - 0.0063423 n E^{0.5} T_{e} + 0.010478 n E^{0.5} T_{e} T_{i}^{0.5} - 0.018962 n E^{0.5} T_{i}^{0.5} F + 0.003776 n E^{0.5} T_{i}^{0.5} P^{-1} - 0.0062327 n E^{0.5} T_{i}^{0.5} P + 0.009823 n E^{0.5} T_{i} - 0.011652 n E F + 0.01513 n E P^{-1} - 0.0027961 n E P + 0.03443 n E T_{e}^{0.5} + 0.01088 n E T_{e}^{0.5} T_{i}^{0.5} + 0.0076405 n E T_{i}^{0.5} - 0.0023238 n E T_{i}",
  "coefficients": [
    0.08853770715239645,
    0.009809723598052923,
    0.0008834014856259011,
    -0.012208553275553693,
    -1.756407554558625e-05,
    -0.005703159537331931,
    0.0012851259760126481,
    -0.0001568248763325611,
    0.0021888972478106756,
    -0.0007423845322401261,
    -0.005779966665499195,
    0.018713147757890815,
    -0.003107403060806102,
    -0.005121411225114583,
    -0.0012710433327656452,
    -6.063727884160285e-05,
    0.0006687419700167946,
    -0.004871415265546046,
    -0.00040630351340224975,
    -0.001072779851096118,
    0.0007406530074591397,
    0.000804198384006062,
    -0.006381461064632041,
    0.0019644260708875007,
    0.0018763550973061895,
    0.0019367466515951234,
    0.00038559886178335395,
    -0.0031802037139370036,
    -0.0005730645254589802,
    -0.0012373105154594587,
    0.007586484878939467,
    -0.0005076324722588397,
    0.00118198942602529,
    0.0015206646279864976,
    -0.001292983755505967,
    0.00043046101093611615,
    0.004213120970875543,
    0.002010569628670155,
    -0.001797128985671571,
    0.0023574344087074215,
    0.00268370888503572,
    -0.00298191131096218,
    -0.0025286475627078423,
    -0.0017827967736668022,
    -0.004806243851757789,
    -0.0015355037382372462,
    -0.001812814231230277,
    -0.001794071292669884,
    -0.018665953649736944,
    -0.00017576219840051107,
    -0.006813299869938965,
    0.0035446080820657026,
    0.009574957954693097,
    0.005834264281127277,
    0.012683933099368229,
    -0.02127628700759682,
    -0.010733359104560048,
    -0.005187626703372269,
    0.011823047714117779,
    -0.002187440366656442,
    -0.009693343662029617,
    0.003978253870195376,
    0.002929387262643788,
    0.01361267572138938,
    -0.015327415600352416,
    -0.007297976960871211,
    0.002199388166225915,
    0.00781819544310425,
    -0.01645871651262087,
    0.003556649372439707,
    -1.6308533956960712e-05,
    -0.018840379026084514,
    -0.006464476520332968,
    0.006893691432929033,
    -0.01858942536668528,
    0.0026163545881478056,
    0.010041339992988736,
    -0.003261350369206037,
    0.006076255765476976,
    0.00722279807553847,
    -0.006652050564979916,
    -0.0016985149560590585,
    0.0031878730396663365,
    -0.001207963183711971,
    0.01208186228704138,
    0.004399767430668268,
    0.0310401815030554
  ],
  "val_sse_masked": 0.0003859572170767933,
  "val_nrmse_masked": 0.05347485840320587,
  "val_mse_masked": 1.2865240933024324e-05,
  "val_r2_masked": 0.9971395134925842,
  "val_sse_full": 0.00038628457696177065,
  "val_nrmse_full": 0.05349753051996231,
  "val_mse_full": 1.2876153050456196e-05,
  "val_r2_full": 0.9971370697021484,
  "iteration": 68,
  "p_lo_eff": 0.12967753410339355,
  "p_hi_eff": 1.9451630115509033,
  "f_lo_eff": 0.20659340918064117,
  "f_hi_eff": 1.6527472734451294
}