{
  "tag": "52_9018bcaf",
  "lmb1": 2.38303448314524e-05,
  "lmb2": 1e-08,
  "nonzero_count": 63,
  "complexity_norm": 0.5080645161290323,
  "train_gen_window": 0.021785660329623993,
  "generalizability": 0.02885463644225495,
  "equation": "0.11056 E^{0.5} n P^{-0.5} + 0.00085537 F dT_{i} - 0.0002667 F dn - 0.0015083 P^{-1} F dT_{e} + 5.2875 \\cdot 10^{-5} P^{-1} F dT_{i} - 0.00018254 P dn - 0.00087179 T_{e}^{0.5} F dT_{e} - 0.00063691 T_{e}^{0.5} F dn - 0.048439 T_{e}^{0.5} P^{-1} dn - 1.7498 \\cdot 10^{-6} T_{e}^{0.5} T_{i}^{0.5} F dT_{i} - 0.015553 T_{e}^{0.5} T_{i}^{0.5} F dn - 5.4033 \\cdot 10^{-6} T_{e}^{0.5} T_{i}^{0.5} P^{-1} dT_{i} + 0.012525 T_{e}^{0.5} T_{i}^{0.5} P^{-1} dn + 5.4642 \\cdot 10^{-5} T_{e}^{0.5} T_{i}^{0.5} P dT_{e} + 1.1732 \\cdot 10^{-6} T_{e}^{0.5} T_{i}^{0.5} P dT_{i} + 0.0001359 T_{e}^{0.5} T_{i}^{0.5} P dn - 7.6219 \\cdot 10^{-6} T_{e}^{0.5} T_{i} dT_{e} + 3.9077 \\cdot 10^{-8} T_{e}^{0.5} T_{i} dT_{i} + 0.00084822 T_{e}^{0.5} T_{i} dn - 0.0006439 T_{e}^{0.5} dn - 0.0012883 T_{e} F dn + 0.021483 T_{e} P^{-1} dn + 3.4002 \\cdot 10^{-6} T_{e} P dT_{i} - 5.483 \\cdot 10^{-5} T_{e} T_{i}^{0.5} dT_{e} - 0.00019275 T_{e} T_{i} dT_{e} + 3.3939 \\cdot 10^{-8} T_{e} T_{i} dT_{i} + 0.0031737 T_{e} T_{i} dn - 0.0022835 T_{e} dT_{e} - 0.00011005 T_{e} dT_{i} - 0.058017 T_{e} dn + 0.00073621 T_{i}^{0.5} F dT_{e} - 0.00046975 T_{i}^{0.5} F dn + 0.0013347 T_{i}^{0.5} P^{-1} dT_{e} - 5.4548 \\cdot 10^{-6} T_{i}^{0.5} P^{-1} dT_{i} - 0.0020948 T_{i}^{0.5} P^{-1} dn + 7.3088 \\cdot 10^{-7} T_{i}^{0.5} P dT_{i} + 8.4146 \\cdot 10^{-5} T_{i}^{0.5} P dn + 4.0043 \\cdot 10^{-5} T_{i}^{0.5} dT_{e} + 3.0208 \\cdot 10^{-5} T_{i} F dT_{e} + 0.0018678 T_{i} P^{-1} dn + 0.00016861 T_{i} P dT_{e} + 0.01288 T_{i} P dn + 0.00065669 T_{i} dn - 0.00013292 dT_{e} - 2.8846 \\cdot 10^{-5} dT_{i} - 0.0088349 n^{-1} F dn + 0.003642 n^{-1} P^{-1} dn - 5.7305 \\cdot 10^{-5} n^{-1} T_{e}^{0.5} T_{i}^{0.5} dn - 0.00032585 n^{-1} T_{i}^{0.5} dn - 0.00015568 n^{-1} T_{i} dn - 9.1982 \\cdot 10^{-5} n^{-1} dn - 0.070799 n E^{0.5} - 0.024562 n E^{0.5} T_{e}^{0.5} P^{-1} + 0.00038428 n E^{0.5} T_{e}^{0.5} T_{i}^{0.5} + 0.03869 n E^{0.5} T_{e}^{0.5} T_{i} + 0.0014757 n E^{0.5} T_{e} T_{i}^{0.5} - 0.02061 n E^{0.5} T_{i}^{0.5} F + 0.00057714 n E^{0.5} T_{i}^{0.5} P^{-1} + 0.00021003 n E^{0.5} T_{i}^{0.5} P + 0.00037776 n E^{0.5} T_{i} + 0.024206 n E P^{-1} + 0.022633 n E T_{e}^{0.5} - 0.0042904 n E T_{i}",
  "coefficients": [
    0.0885377087294571,
    0.008335419158380626,
    -0.00013783173818809598,
    -0.004496483912345807,
    -0.0013852977033468306,
    -0.0029250609711613295,
    -7.20946849449639e-05,
    -0.0002779261653924426,
    6.025229678737609e-05,
    0.0018746597251115662,
    -0.0017324630814531247,
    0.01345843161699749,
    -4.8010794011271645e-05,
    -0.002433803458526504,
    -9.41435167407944e-06,
    0.0003083950107531123,
    -1.6558247703457287e-05,
    -0.0029970632504252126,
    -1.1468332354030357e-05,
    -0.00021066761343977957,
    0.0005747384618485065,
    0.00012438771208845689,
    -0.009610896294692703,
    5.211097653838793e-07,
    0.00032180078816193585,
    0.00013011902782209022,
    3.24381341697103e-05,
    -0.0016335250244455873,
    -0.00017180010278332872,
    -9.622541972200786e-05,
    0.007593284729359182,
    0.00015344023346988985,
    0.000880106695466051,
    7.825981943421419e-05,
    1.1757288626021239e-06,
    0.0001554472097249617,
    0.002987997208366402,
    -4.5708251363260505e-05,
    -0.00036256515900531686,
    9.206050971513041e-05,
    0.0002406709082845367,
    -0.00015307457213955086,
    -0.0033290515269365486,
    -0.0002675030198584853,
    -0.004553884738900009,
    2.4084577995187473e-05,
    -0.00028533074335582176,
    -0.00021120773164489022,
    -0.002246093788712244,
    2.2620952463632633e-05,
    -0.0005754389430028862,
    0.00010988832114754274,
    0.0029131240218389968,
    0.0006216121508671635,
    0.019272882587310806,
    -0.043663276843448895,
    -0.0004245610722253799,
    -0.0006584603001925436,
    0.015455556727089523,
    5.4420153058256645e-06,
    -0.018474099353556084,
    0.00016952655760612268,
    0.0007853618020378698,
    0.022432164992927443,
    -0.03687661339731154,
    -0.0012905348760046834,
    0.0029122563638003755,
    -2.0315115185806027e-05,
    -0.03908075134917186,
    0.0005436075214266792,
    6.855444005437997e-05,
    -0.020478346192015974,
    0.00021784502085228,
    0.0002651119179675715,
    -0.021739735517174147,
    0.00022917351204086573,
    0.026450866457318572,
    -4.381742645503611e-05,
    0.0008557394958447307,
    0.01155554977508182,
    -8.022973333300448e-05,
    2.428789842376112e-06,
    3.00213299246256e-05,
    -0.0022302175436799097,
    0.00794218911005035,
    3.421623897523431e-05,
    0.054278895988128836
  ],
  "val_sse_masked": 0.0003056185378227383,
  "val_nrmse_masked": 0.047584984451532364,
  "val_mse_masked": 1.0187285624851938e-05,
  "val_r2_masked": 0.9977349042892456,
  "val_sse_full": 0.0003042213502340019,
  "val_nrmse_full": 0.047476086765527725,
  "val_mse_full": 1.014071222016355e-05,
  "val_r2_full": 0.9977452754974365,
  "iteration": 52,
  "p_lo_eff": 0.12967753410339355,
  "p_hi_eff": 1.9451630115509033,
  "f_lo_eff": 0.20659340918064117,
  "f_hi_eff": 1.6527472734451294
}