{
  "tag": "482_78f623a5",
  "lmb1": 0.011920670744177872,
  "lmb2": 1e-08,
  "nonzero_count": 4,
  "complexity_norm": 0.03225806451612903,
  "train_gen_window": 0.1574727367566289,
  "generalizability": 0.16807004754879723,
  "equation": "0.057511 E^{0.5} n P^{-0.5} - 0.014414 P^{-1} F dn - 0.036656 T_{e}^{0.5} T_{i}^{0.5} dn + 0.0008457 n E T_{e}^{0.5} T_{i}^{0.5}",
  "coefficients": [
    0.08853770575268716,
    8.154870166470782e-08,
    7.156360610763017e-08,
    -9.949214274578216e-08,
    8.291719338666265e-08,
    5.985379644480023e-08,
    7.193725053652208e-08,
    7.822127527356872e-08,
    7.258782764821295e-08,
    -3.698078171073249e-08,
    -2.7128086640276848e-08,
    5.729851274169187e-09,
    -8.319495592727298e-09,
    -2.10049778170559e-08,
    -2.125823841615468e-08,
    -2.458294570917127e-08,
    -1.4381183343071773e-08,
    -2.2012082879316515e-08,
    -2.1513742657344386e-08,
    -1.566080685396412e-08,
    -2.4639529988850654e-08,
    -1.6814039559528713e-08,
    -2.8083965189776614e-08,
    -9.99213480448276e-09,
    -3.3493281217597465e-08,
    -1.705415265873281e-08,
    -1.1667896653304611e-07,
    -1.036350170592238e-07,
    -7.812649857038438e-08,
    -5.92828382345894e-08,
    -7.871707226346753e-08,
    -5.969075599634228e-08,
    -5.862880871307444e-08,
    -4.271315127796434e-08,
    -2.9284350595469918e-08,
    -3.658875368532433e-08,
    -2.2440677528634667e-08,
    -1.2132248742259466e-07,
    -6.429838169427973e-08,
    -5.916493681114328e-08,
    -4.8190119102581756e-08,
    -2.6670039019872156e-08,
    -7.699818677852755e-08,
    -5.288831379660235e-08,
    -2.431015714940835e-08,
    -0.018219601632425742,
    -4.0378643377330415e-07,
    -3.7171385900420854e-08,
    -1.041849751445203e-05,
    -1.8664057460161755e-06,
    -1.03899980902954e-06,
    -4.77829839107714e-08,
    -2.3616224102483352e-07,
    -1.3080963377300337e-06,
    -5.187109576851927e-08,
    -1.2962389437848854e-06,
    -1.1077725052372587e-06,
    -5.141613423781e-07,
    -3.3959880492803375e-07,
    -0.028028411156262725,
    -1.8998115018777744e-06,
    -5.36147157994123e-08,
    -1.6285349428226236e-06,
    -2.6648537648416076e-07,
    -3.0089932158951634e-06,
    -6.69937452953756e-07,
    -1.2951202466251127e-06,
    2.419070648109841e-07,
    1.6510488420094152e-07,
    3.5310321028762836e-07,
    3.555336163468856e-07,
    2.059216103477142e-07,
    1.8072937240515444e-08,
    1.4100987923765313e-06,
    1.336530706733398e-07,
    4.626177079764131e-07,
    4.0319995671518064e-06,
    2.22042555845756e-07,
    5.977840293914325e-07,
    1.219634395875709e-06,
    3.038050288938065e-07,
    3.907816254142029e-08,
    2.9073546815709503e-06,
    1.1794302919061603e-06,
    8.306386325067957e-07,
    0.0003419909380006655,
    0.02823491691213947
  ],
  "val_sse_masked": 0.0066542597487568855,
  "val_nrmse_masked": 0.2220393419265747,
  "val_mse_masked": 0.0002218086738139391,
  "val_r2_masked": 0.9506821036338806,
  "val_sse_full": 0.006636027246713638,
  "val_nrmse_full": 0.2217349410057068,
  "val_mse_full": 0.00022120092762634158,
  "val_r2_full": 0.9508172273635864,
  "iteration": 482,
  "p_lo_eff": 0.12967753410339355,
  "p_hi_eff": 1.9451630115509033,
  "f_lo_eff": 0.20659340918064117,
  "f_hi_eff": 1.6527472734451294
}