{
  "tag": "386_098111ad",
  "lmb1": 1.0862257772995573e-06,
  "lmb2": 0.0033568555858876675,
  "nonzero_count": 85,
  "complexity_norm": 0.6854838709677419,
  "train_gen_window": 0.036274628813936595,
  "generalizability": 0.03184913117202167,
  "equation": "0.044271 E^{0.5} n P^{-0.5} - 0.0027787 F dT_{e} + 0.0007892 F dT_{i} - 0.0029925 F dn - 0.0034141 P^{-1} F dT_{e} - 0.00010832 P^{-1} F dT_{i} - 0.0036546 P^{-1} F dn + 0.00016349 P^{-1} dT_{e} - 0.00012605 P F dT_{i} - 0.00045673 P dn - 0.0016663 T_{e}^{0.5} F dT_{e} - 0.0047534 T_{e}^{0.5} F dn + 0.00081266 T_{e}^{0.5} P^{-1} dT_{e} - 0.015307 T_{e}^{0.5} P^{-1} dn + 0.0011268 T_{e}^{0.5} T_{i}^{0.5} F dT_{e} - 5.4235 \\cdot 10^{-6} T_{e}^{0.5} T_{i}^{0.5} F dT_{i} - 0.0049001 T_{e}^{0.5} T_{i}^{0.5} F dn - 6.6224 \\cdot 10^{-6} T_{e}^{0.5} T_{i}^{0.5} P^{-1} dT_{i} + 0.0048343 T_{e}^{0.5} T_{i}^{0.5} P^{-1} dn + 0.00047215 T_{e}^{0.5} T_{i}^{0.5} P dT_{e} + 2.0731 \\cdot 10^{-6} T_{e}^{0.5} T_{i}^{0.5} P dT_{i} + 0.0034868 T_{e}^{0.5} T_{i}^{0.5} P dn - 2.2101 \\cdot 10^{-6} T_{e}^{0.5} T_{i}^{0.5} dT_{i} - 0.006116 T_{e}^{0.5} T_{i}^{0.5} dn - 0.00010765 T_{e}^{0.5} T_{i} dT_{e} + 1.6263 \\cdot 10^{-7} T_{e}^{0.5} T_{i} dT_{i} + 0.0031177 T_{e}^{0.5} T_{i} dn - 0.015613 T_{e}^{0.5} dn + 0.00018631 T_{e} F dT_{i} - 0.0058533 T_{e} F dn + 0.0068811 T_{e} P^{-1} dn + 1.9096 \\cdot 10^{-5} T_{e} P dT_{i} - 0.00024518 T_{e} T_{i}^{0.5} dT_{e} - 0.00014252 T_{e} T_{i} dT_{e} + 3.353 \\cdot 10^{-7} T_{e} T_{i} dT_{i} + 0.0024607 T_{e} T_{i} dn - 0.00088574 T_{e} dT_{e} - 3.9605 \\cdot 10^{-5} T_{e} dT_{i} - 0.020104 T_{e} dn + 0.00082397 T_{i}^{0.5} F dT_{e} - 0.0036937 T_{i}^{0.5} F dn + 0.00076032 T_{i}^{0.5} P^{-1} dT_{e} - 8.4263 \\cdot 10^{-6} T_{i}^{0.5} P^{-1} dT_{i} - 0.011425 T_{i}^{0.5} P^{-1} dn - 2.7631 \\cdot 10^{-7} T_{i}^{0.5} P dT_{i} + 0.0035667 T_{i}^{0.5} P dn + 0.00013763 T_{i}^{0.5} dT_{e} - 4.3931 \\cdot 10^{-6} T_{i}^{0.5} dT_{i} - 0.002873 T_{i}^{0.5} dn - 2.6391 \\cdot 10^{-5} T_{i} F dT_{e} + 1.3219 \\cdot 10^{-6} T_{i} F dT_{i} + 6.0785 \\cdot 10^{-5} T_{i} P^{-1} dT_{e} + 0.004429 T_{i} P^{-1} dn + 0.00019042 T_{i} P dT_{e} + 0.0066216 T_{i} P dn - 3.991 \\cdot 10^{-5} T_{i} dT_{e} + 0.0050268 T_{i} dn - 0.0004432 dT_{e} - 5.7918 \\cdot 10^{-5} dT_{i} - 0.026712 n^{-1} F dn + 0.0031274 n^{-1} P^{-1} dn + 6.4868 \\cdot 10^{-5} n^{-1} T_{e}^{0.5} T_{i}^{0.5} dn + 0.0017138 n^{-1} T_{e}^{0.5} dn + 0.0019596 n^{-1} T_{e} dn - 0.00019535 n^{-1} T_{i} dn + 0.001258 n^{-1} dn - 0.011519 n E^{0.5} + 0.0082301 n E^{0.5} P^{-1} - 0.014568 n E^{0.5} T_{e}^{0.5} P^{-1} + 0.0057143 n E^{0.5} T_{e}^{0.5} T_{i}^{0.5} + 0.0082653 n E^{0.5} T_{e}^{0.5} T_{i} - 0.002307 n E^{0.5} T_{e} + 0.007963 n E^{0.5} T_{e} T_{i}^{0.5} + 0.0015839 n E^{0.5} T_{i}^{0.5} - 0.014198 n E^{0.5} T_{i}^{0.5} F + 0.0025374 n E^{0.5} T_{i}^{0.5} P^{-1} - 0.010722 n E^{0.5} T_{i}^{0.5} P + 0.0060908 n E^{0.5} T_{i} - 0.0088221 n E F + 0.011361 n E P^{-1} - 0.0039914 n E P + 0.029551 n E T_{e}^{0.5} + 0.015741 n E T_{e}^{0.5} T_{i}^{0.5} + 0.013666 n E T_{i}^{0.5} + 0.00031065 n E T_{i}",
  "coefficients": [
    0.08853770671692696,
    0.007157638698819401,
    0.0018850622780022148,
    -0.013595085461816366,
    3.287176636784664e-05,
    -0.0036704555258554655,
    0.0026298404706406584,
    0.0003146069430565116,
    0.0032244374666371423,
    -0.003840550446305196,
    -0.0034785003297421848,
    0.012417396224017364,
    -0.0019583639982375897,
    -0.00375965647898293,
    -0.0016717767019590337,
    -0.00011659136807931668,
    0.0009099789460430044,
    -0.0036732825222908095,
    -0.001009779304959592,
    -0.0006529790299330627,
    0.001015589295674925,
    0.0005176787402623425,
    -0.0034588418081581956,
    0.0044544983640330705,
    0.0018072979361855681,
    0.0012855253234481789,
    0.0002915325723390422,
    -0.0036974980913772404,
    -0.0005728340153756733,
    -0.0010463521932686146,
    0.004325697980068986,
    0.0005273681422825801,
    0.0009850264395478165,
    0.0014713055220706198,
    -0.0006879962776102214,
    -0.00013580865365165002,
    0.0033744967763940556,
    0.0016636722006754296,
    -0.0006930081254105007,
    0.0015322592071728564,
    0.002079579202974223,
    -0.0021619056969134813,
    -0.0012912960164320093,
    -0.0011961710990781873,
    -0.003367238234688286,
    -0.004619378329493164,
    -0.003201458889774374,
    -0.0005284640319098643,
    -0.012250382000831225,
    -0.0022775837895479406,
    -0.004524684415156754,
    0.00465787619001878,
    0.006907632089511433,
    0.004758271348272771,
    0.009907981950278031,
    -0.013798205634808998,
    -0.010294898379890779,
    -0.004914294832297615,
    0.005965351965958493,
    -0.004676477023086577,
    -0.005820381210527236,
    0.004349489642528671,
    0.0028866850390914913,
    0.007185125185778209,
    -0.012778282899701026,
    -0.005863571506186678,
    0.002257959900073641,
    0.006292431074596278,
    -0.006358490376347885,
    0.0023899787184718116,
    0.0009770376754153869,
    -0.014107526211918377,
    -0.011121221773920126,
    0.004274501229760952,
    -0.012893924573798305,
    0.003407854922216287,
    0.005650643883339602,
    -0.0011863004013691622,
    0.004617671809843292,
    0.00542341261097272,
    -0.005036412544522486,
    -0.0024246486350914375,
    0.005701988754500487,
    0.00016147839110259438,
    0.010369555926543964,
    0.006365430327928205,
    0.02173476224285991
  ],
  "val_sse_masked": 0.0004952339804731309,
  "val_nrmse_masked": 0.06057386100292206,
  "val_mse_masked": 1.6507799955434166e-05,
  "val_r2_masked": 0.9963296055793762,
  "val_sse_full": 0.0004951938753947616,
  "val_nrmse_full": 0.06057140976190567,
  "val_mse_full": 1.650646299822256e-05,
  "val_r2_full": 0.9963299036026001,
  "iteration": 386,
  "p_lo_eff": 0.12967753410339355,
  "p_hi_eff": 1.9451630115509033,
  "f_lo_eff": 0.20659340918064117,
  "f_hi_eff": 1.6527472734451294
}