{
  "tag": "71_fc2dc26f",
  "lmb1": 4.4517626145628104e-05,
  "lmb2": 1e-08,
  "nonzero_count": 48,
  "complexity_norm": 0.3870967741935484,
  "train_gen_window": 0.027986061687145125,
  "generalizability": 0.027663572439689414,
  "equation": "0.12082 E^{0.5} n P^{-0.5} + 0.00034113 F dT_{i} - 0.0020509 P^{-1} F dT_{e} - 0.00011828 T_{e}^{0.5} F dn - 0.029168 T_{e}^{0.5} P^{-1} dn - 0.017763 T_{e}^{0.5} T_{i}^{0.5} F dn - 2.6134 \\cdot 10^{-6} T_{e}^{0.5} T_{i}^{0.5} P^{-1} dT_{i} + 0.010424 T_{e}^{0.5} T_{i}^{0.5} P^{-1} dn + 2.8849 \\cdot 10^{-7} T_{e}^{0.5} T_{i}^{0.5} P dT_{i} + 0.00060234 T_{e}^{0.5} T_{i}^{0.5} P dn - 0.00040317 T_{e}^{0.5} dn - 0.00017308 T_{e} F dn + 0.0036028 T_{e} P^{-1} dn + 2.5832 \\cdot 10^{-6} T_{e} P dT_{i} - 4.6321 \\cdot 10^{-5} T_{e} T_{i} dT_{e} - 0.00066711 T_{e} dT_{e} - 2.6438 \\cdot 10^{-5} T_{e} dT_{i} - 0.049776 T_{e} dn + 0.00015742 T_{i}^{0.5} F dT_{e} - 0.00035912 T_{i}^{0.5} F dn + 0.00060738 T_{i}^{0.5} P^{-1} dT_{e} - 2.7916 \\cdot 10^{-6} T_{i}^{0.5} P^{-1} dT_{i} - 0.0015257 T_{i}^{0.5} P^{-1} dn + 3.0798 \\cdot 10^{-7} T_{i}^{0.5} P dT_{i} + 0.00082826 T_{i}^{0.5} P dn + 0.0014444 T_{i} P^{-1} dn + 8.4714 \\cdot 10^{-5} T_{i} P dT_{e} + 0.011876 T_{i} P dn - 0.00012183 dT_{e} - 4.5005 \\cdot 10^{-6} dT_{i} - 0.014003 n^{-1} F dn + 0.0031205 n^{-1} P^{-1} dn + 0.00010173 n^{-1} T_{e}^{0.5} dn + 0.00094364 n^{-1} T_{e} dn - 3.6563 \\cdot 10^{-5} n^{-1} T_{i}^{0.5} dn - 8.4251 \\cdot 10^{-5} n^{-1} T_{i} dn + 7.1952 \\cdot 10^{-5} n^{-1} dn - 0.062022 n E^{0.5} - 0.026939 n E^{0.5} T_{e}^{0.5} P^{-1} + 0.02189 n E^{0.5} T_{e}^{0.5} T_{i} - 0.01974 n E^{0.5} T_{i}^{0.5} F - 9.7994 \\cdot 10^{-5} n E^{0.5} T_{i}^{0.5} P + 0.001262 n E^{0.5} T_{i} + 0.021214 n E P^{-1} - 0.00043547 n E P + 0.026844 n E T_{e}^{0.5} + 0.00048554 n E T_{e}^{0.5} T_{i}^{0.5} + 0.0004148 n E T_{i}^{0.5}",
  "coefficients": [
    0.08853770764074814,
    0.007142049512892828,
    0.000107818095582159,
    -0.007126705255161853,
    -0.00015544183462657554,
    -0.0015829702142288236,
    0.0001561121437712124,
    -2.7657400296994617e-05,
    0.0015526914218670332,
    2.4388302396900446e-05,
    -0.0002702966840300318,
    0.0053673868632802355,
    6.214859608015827e-05,
    -0.0012455590073715613,
    -4.395047280685121e-05,
    0.00012995153232269062,
    -4.656579138932114e-06,
    -0.0014496060552252944,
    -4.574668271252529e-05,
    -5.083772144558517e-05,
    0.0001413265599335244,
    -7.896507818586207e-06,
    -0.0023089517789489427,
    4.897795421481045e-06,
    0.00024447796727697146,
    -9.909610530573352e-07,
    6.72290441159107e-05,
    -0.0022211990528736717,
    -0.00015746519612177027,
    -1.0968592250881212e-05,
    0.003455564642702855,
    7.544972420081057e-05,
    0.0001881938718227667,
    1.8242645058336227e-05,
    1.6520957608275422e-05,
    2.4722700539010473e-05,
    0.00150121030561116,
    1.4997035999837543e-05,
    -5.0221659884778445e-05,
    3.228507917654632e-05,
    2.9648686337281745e-05,
    -5.471101598854539e-05,
    -0.0009725631014363299,
    -7.800863193651615e-05,
    -0.0010943695485336384,
    -6.479599278188205e-05,
    -6.960670667812641e-05,
    9.674710161319418e-05,
    -0.0016358653702642756,
    -3.918135242945401e-05,
    -0.00043991945628147987,
    0.001081640337426502,
    0.0022526847492246875,
    -5.625981117390619e-06,
    0.01777027936530337,
    -0.02629278519380971,
    -0.00026583472756801913,
    -0.00012228135000407918,
    0.012862184397567712,
    -7.103036712733511e-05,
    -0.02109887873794817,
    0.0007513574216242388,
    -8.51930757601944e-06,
    0.0037620238668100436,
    -0.03163824089609377,
    -0.00017338113009708245,
    1.412791302763876e-05,
    1.5487230493665525e-05,
    -0.03423564625768333,
    4.061691178692521e-05,
    2.575670956057573e-05,
    -0.01961421393846385,
    -0.00010163862404098285,
    0.0008856920825600335,
    -0.023844043522389634,
    6.284936191737107e-05,
    0.01496533061014094,
    -6.235231501268578e-05,
    9.814362373341907e-05,
    0.010127442958493799,
    -3.882036560054578e-05,
    -0.0002645301677549849,
    0.00017306666869418204,
    4.0667896452601945e-05,
    0.009419860027909139,
    0.00019634704328452753,
    0.0593160769141475
  ],
  "val_sse_masked": 0.00037967009120620787,
  "val_nrmse_masked": 0.05303752422332764,
  "val_mse_masked": 1.2655670616368297e-05,
  "val_r2_masked": 0.9971860647201538,
  "val_sse_full": 0.00038009826675988734,
  "val_nrmse_full": 0.05306742712855339,
  "val_mse_full": 1.266994331672322e-05,
  "val_r2_full": 0.9971829056739807,
  "iteration": 71,
  "p_lo_eff": 0.12967753410339355,
  "p_hi_eff": 1.9451630115509033,
  "f_lo_eff": 0.20659340918064117,
  "f_hi_eff": 1.6527472734451294
}