{
  "tag": "287_7154d919",
  "lmb1": 1e-08,
  "lmb2": 3.5914452287240393e-07,
  "nonzero_count": 86,
  "complexity_norm": 0.6935483870967742,
  "train_gen_window": 0.013693303108653335,
  "generalizability": 0.03142060729371331,
  "equation": "0.15605 E^{0.5} n P^{-0.5} + 0.21301 F dT_{e} + 0.0071843 F dT_{i} + 0.024638 F dn + 0.00012695 P^{-1} F dT_{e} - 0.00031481 P^{-1} F dT_{i} + 0.0095995 P^{-1} F dn - 0.017833 P^{-1} dT_{e} - 0.0014034 P F dT_{i} - 0.034049 P dn - 0.24989 T_{e}^{0.5} F dT_{e} + 0.04432 T_{e}^{0.5} F dn + 0.022587 T_{e}^{0.5} P^{-1} dT_{e} - 0.078317 T_{e}^{0.5} P^{-1} dn + 0.047208 T_{e}^{0.5} T_{i}^{0.5} F dT_{e} - 0.0012467 T_{e}^{0.5} T_{i}^{0.5} F dT_{i} - 0.076232 T_{e}^{0.5} T_{i}^{0.5} F dn + 0.00042985 T_{e}^{0.5} T_{i}^{0.5} P^{-1} dT_{i} + 0.025319 T_{e}^{0.5} T_{i}^{0.5} P^{-1} dn + 0.0023334 T_{e}^{0.5} T_{i}^{0.5} P dT_{e} + 7.3382 \\cdot 10^{-5} T_{e}^{0.5} T_{i}^{0.5} P dT_{i} + 0.0054844 T_{e}^{0.5} T_{i}^{0.5} P dn + 0.00025271 T_{e}^{0.5} T_{i}^{0.5} dT_{i} + 0.18578 T_{e}^{0.5} T_{i}^{0.5} dn - 0.0085915 T_{e}^{0.5} T_{i} dT_{e} + 3.0024 \\cdot 10^{-5} T_{e}^{0.5} T_{i} dT_{i} + 0.014574 T_{e}^{0.5} T_{i} dn - 0.20911 T_{e}^{0.5} dn - 0.00049397 T_{e} F dT_{i} - 0.070407 T_{e} F dn + 0.016603 T_{e} P^{-1} dn + 0.00060084 T_{e} P dT_{i} - 0.011996 T_{e} T_{i}^{0.5} dT_{e} + 0.0044429 T_{e} T_{i} dT_{e} - 2.9288 \\cdot 10^{-5} T_{e} T_{i} dT_{i} - 0.010471 T_{e} T_{i} dn + 0.015042 T_{e} dT_{e} - 0.0013009 T_{e} dT_{i} + 0.041592 T_{e} dn - 0.010996 T_{i}^{0.5} F dT_{e} + 0.029243 T_{i}^{0.5} F dn - 0.00069114 T_{i}^{0.5} P^{-1} dT_{e} - 0.00041336 T_{i}^{0.5} P^{-1} dT_{i} + 0.028805 T_{i}^{0.5} P^{-1} dn - 0.00022005 T_{i}^{0.5} P dT_{i} + 0.081381 T_{i}^{0.5} P dn + 0.009776 T_{i}^{0.5} dT_{e} + 0.00014837 T_{i}^{0.5} dT_{i} + 0.0099419 T_{i}^{0.5} dn - 0.012167 T_{i} F dT_{e} - 1.2624 \\cdot 10^{-5} T_{i} F dT_{i} + 0.00056756 T_{i} P^{-1} dT_{e} - 0.010712 T_{i} P^{-1} dn - 0.001049 T_{i} P dT_{e} - 0.04291 T_{i} P dn + 0.0064002 T_{i} dT_{e} - 0.046331 T_{i} dn - 0.023461 dT_{e} - 0.00038413 dT_{i} + 0.015504 n^{-1} F dn + 0.0026811 n^{-1} P^{-1} dn - 0.024758 n^{-1} T_{e}^{0.5} T_{i}^{0.5} dn - 0.031156 n^{-1} T_{e}^{0.5} dn + 0.024182 n^{-1} T_{e} dn + 0.020709 n^{-1} T_{i}^{0.5} dn + 0.001835 n^{-1} T_{i} dn + 0.00037772 n^{-1} dn - 0.32511 n E^{0.5} - 0.074083 n E^{0.5} P^{-1} + 0.0013052 n E^{0.5} T_{e}^{0.5} P^{-1} - 0.035016 n E^{0.5} T_{e}^{0.5} T_{i}^{0.5} - 0.010296 n E^{0.5} T_{e}^{0.5} T_{i} - 0.030244 n E^{0.5} T_{e} - 0.01785 n E^{0.5} T_{e} T_{i}^{0.5} + 0.10592 n E^{0.5} T_{i}^{0.5} - 0.0092127 n E^{0.5} T_{i}^{0.5} F + 0.06523 n E^{0.5} T_{i}^{0.5} P^{-1} + 0.01401 n E^{0.5} T_{i}^{0.5} P + 0.19749 n E^{0.5} T_{i} - 0.066577 n E F - 0.03831 n E P^{-1} - 0.018203 n E P + 0.92108 n E T_{e}^{0.5} - 0.65795 n E T_{e}^{0.5} T_{i}^{0.5} - 0.19367 n E T_{i}^{0.5} + 0.11751 n E T_{i}",
  "coefficients": [
    0.08853772634697576,
    0.006136166990114877,
    0.0005660003129607238,
    0.007890675892900711,
    0.08804185999311459,
    0.03447708751078438,
    -0.047808551204832656,
    -0.12007547342873501,
    0.039789954794563154,
    -0.01116136585928762,
    -0.023070611321713952,
    0.1130379262451855,
    -0.021803177802473928,
    -0.18443442466609108,
    0.05646186072231016,
    -0.09285188425621155,
    -0.008690426506559379,
    0.23842876016696696,
    0.11546267326412923,
    -0.1501001686783706,
    0.035948082689734706,
    0.09557064820955374,
    -0.11361451527577962,
    -0.011810234928744057,
    0.05686414163326259,
    -0.11228799537764528,
    -0.0317982469125101,
    0.00013749261458201323,
    -0.030322773123493296,
    0.08021170962126073,
    -0.003932128130126389,
    0.03746045019190469,
    -0.01314511338783525,
    0.01373772597179057,
    0.11032948828522277,
    -0.06260927606459465,
    -0.018589945517976297,
    0.04623932582987189,
    -0.10392438008896374,
    0.06419630412849128,
    0.010277322908506914,
    -0.17254750633040913,
    0.021929138200051934,
    -0.058524783641374534,
    0.10496674799965022,
    0.012133771826922324,
    0.026358802667385384,
    -0.03939715636939492,
    0.030885556876596776,
    0.00788141767116679,
    0.035822149181066604,
    0.10627688901573346,
    -0.016707646998652848,
    -0.04385644685483958,
    -0.06420674937579651,
    -0.07059594971306432,
    -0.13788089231086198,
    0.04581979674471964,
    0.031242268624243147,
    0.14205278306185481,
    -0.09054956605439024,
    0.006841317474627795,
    0.013494241403146368,
    0.017336453472105218,
    0.026436649431052645,
    -0.07053063444321195,
    -0.009608195869882152,
    -0.05664146492138891,
    -0.17945759817790025,
    0.061441103383985896,
    0.06533616198764419,
    -0.009153829975409866,
    0.01453053212151767,
    0.1385964172771244,
    0.0011552723549888844,
    -0.020882457067411625,
    -0.007038708029717344,
    -0.015552430212938173,
    -0.010350980697423129,
    -0.018288411874794186,
    -0.03800801784727975,
    -0.011057525841247917,
    -0.08080368546189431,
    0.061083773638968164,
    0.32321515507537935,
    -0.2660666674552899,
    0.07661055908228542
  ],
  "val_sse_masked": 0.000122080062283203,
  "val_nrmse_masked": 0.030074777081608772,
  "val_mse_masked": 4.069335773237981e-06,
  "val_r2_masked": 0.9990952014923096,
  "val_sse_full": 0.000122080062283203,
  "val_nrmse_full": 0.030074777081608772,
  "val_mse_full": 4.069335773237981e-06,
  "val_r2_full": 0.9990952014923096,
  "iteration": 287,
  "p_lo_eff": 0.12967753410339355,
  "p_hi_eff": 1.9451630115509033,
  "f_lo_eff": 0.20659340918064117,
  "f_hi_eff": 1.6527472734451294
}