{
  "tag": "97_5bc12159",
  "lmb1": 2.9341324743728407e-08,
  "lmb2": 0.033901734551113505,
  "nonzero_count": 78,
  "complexity_norm": 0.6290322580645161,
  "train_gen_window": 0.06457245586485634,
  "generalizability": 0.051416074540671146,
  "equation": "0.02125 E^{0.5} n P^{-0.5} + 0.0014853 F dT_{e} + 0.00025164 F dT_{i} - 0.0026122 F dn - 0.0035422 P^{-1} F dT_{e} - 0.00014429 P^{-1} F dT_{i} - 0.0042262 P^{-1} F dn - 0.00018029 P^{-1} dT_{e} + 6.6905 \\cdot 10^{-5} P F dT_{i} + 0.0030859 P dn + 0.0010942 T_{e}^{0.5} F dT_{e} - 0.0030371 T_{e}^{0.5} F dn - 0.00019271 T_{e}^{0.5} P^{-1} dT_{e} - 0.0068009 T_{e}^{0.5} P^{-1} dn - 8.3092 \\cdot 10^{-5} T_{e}^{0.5} T_{i}^{0.5} F dT_{e} + 2.0517 \\cdot 10^{-6} T_{e}^{0.5} T_{i}^{0.5} F dT_{i} - 0.0021001 T_{e}^{0.5} T_{i}^{0.5} F dn - 1.0859 \\cdot 10^{-6} T_{e}^{0.5} T_{i}^{0.5} P^{-1} dT_{i} + 0.00038603 T_{e}^{0.5} T_{i}^{0.5} P^{-1} dn + 0.003481 T_{e}^{0.5} T_{i}^{0.5} P dn - 0.0069833 T_{e}^{0.5} T_{i}^{0.5} dn + 8.2727 \\cdot 10^{-6} T_{e}^{0.5} T_{i} dT_{e} - 8.245 \\cdot 10^{-8} T_{e}^{0.5} T_{i} dT_{i} - 0.0017268 T_{e}^{0.5} T_{i} dn - 0.011732 T_{e}^{0.5} dn + 8.1424 \\cdot 10^{-5} T_{e} F dT_{i} - 0.0032357 T_{e} F dn + 3.3758 \\cdot 10^{-6} T_{e} P dT_{i} + 9.4453 \\cdot 10^{-5} T_{e} T_{i}^{0.5} dT_{e} - 2.8936 \\cdot 10^{-8} T_{e} T_{i} dT_{i} - 0.0014091 T_{e} T_{i} dn + 0.00043381 T_{e} dT_{e} + 3.358 \\cdot 10^{-6} T_{e} dT_{i} - 0.01281 T_{e} dn - 0.0019067 T_{i}^{0.5} F dn + 5.8237 \\cdot 10^{-5} T_{i}^{0.5} P^{-1} dT_{e} - 1.4881 \\cdot 10^{-6} T_{i}^{0.5} P^{-1} dT_{i} - 0.0044374 T_{i}^{0.5} P^{-1} dn - 8.2974 \\cdot 10^{-7} T_{i}^{0.5} P dT_{i} + 0.0035364 T_{i}^{0.5} P dn + 0.00016646 T_{i}^{0.5} dT_{e} - 5.8608 \\cdot 10^{-7} T_{i}^{0.5} dT_{i} - 0.0061842 T_{i}^{0.5} dn - 6.5285 \\cdot 10^{-5} T_{i} F dT_{e} - 3.242 \\cdot 10^{-7} T_{i} F dT_{i} + 0.0015406 T_{i} P^{-1} dn + 3.5521 \\cdot 10^{-5} T_{i} P dT_{e} + 0.0041141 T_{i} P dn + 2.2538 \\cdot 10^{-5} T_{i} dT_{e} - 0.001566 T_{i} dn + 0.00011798 dT_{e} - 2.0137 \\cdot 10^{-6} dT_{i} - 0.017702 n^{-1} F dn + 0.0016308 n^{-1} P^{-1} dn + 0.00026685 n^{-1} T_{e}^{0.5} T_{i}^{0.5} dn + 0.0011727 n^{-1} T_{e}^{0.5} dn + 0.00071203 n^{-1} T_{e} dn + 0.0004488 n^{-1} T_{i}^{0.5} dn + 3.3522 \\cdot 10^{-5} n^{-1} T_{i} dn + 0.0016989 n^{-1} dn + 0.0020934 n E^{0.5} + 0.0046486 n E^{0.5} P^{-1} - 0.002822 n E^{0.5} T_{e}^{0.5} P^{-1} + 0.004534 n E^{0.5} T_{e}^{0.5} T_{i}^{0.5} + 0.0035225 n E^{0.5} T_{e}^{0.5} T_{i} + 0.0033919 n E^{0.5} T_{e} + 0.0043842 n E^{0.5} T_{e} T_{i}^{0.5} + 0.003923 n E^{0.5} T_{i}^{0.5} - 0.004151 n E^{0.5} T_{i}^{0.5} F + 0.001274 n E^{0.5} T_{i}^{0.5} P^{-1} - 0.0098172 n E^{0.5} T_{i}^{0.5} P + 0.0035285 n E^{0.5} T_{i} + 0.0077163 n E P^{-1} - 0.0074653 n E P + 0.018332 n E T_{e}^{0.5} + 0.011695 n E T_{e}^{0.5} T_{i}^{0.5} + 0.011687 n E T_{i}^{0.5} + 0.0038288 n E T_{i}",
  "coefficients": [
    0.08853770655036819,
    0.0037323325474148683,
    0.0025457144870901054,
    -0.009009334540763553,
    0.0019080317183856194,
    0.0006298372140515485,
    0.0017995488209409938,
    0.0012942204716114916,
    0.001171588300990123,
    -0.005115667350040529,
    -0.00012093822980437097,
    0.0039592473835546454,
    0.0010394284885588412,
    -0.0006639425948813948,
    -0.0002230286927681971,
    -0.0003501119601412306,
    -0.00022317849893768726,
    -0.0006022993809377264,
    -2.9965969021300554e-05,
    0.0002470233079906181,
    -4.54001701881146e-05,
    -0.0002624487273240744,
    0.00029326903167699314,
    0.001946773857870912,
    0.00031948599617681595,
    -0.00011093984253605915,
    -0.00032147549405789344,
    -0.0038362625450885507,
    0.00015248344381777607,
    0.0005593215951483974,
    0.0003313298898118683,
    0.0006378437353549704,
    -3.141236278872417e-05,
    -9.83331788093067e-06,
    0.00038852460307971237,
    -0.0003359537195210538,
    0.000629458737710864,
    -0.00039452452859267684,
    0.00045508355102005793,
    -0.00011299467366297777,
    4.9308961905317195e-06,
    0.0001661452808609798,
    0.0006324441843061634,
    0.00046081640803455337,
    -5.81813088378208e-05,
    -0.0053419587009098934,
    -0.0027946854710339947,
    0.003570583361680507,
    -0.004757936969380788,
    -0.00490246514054124,
    -0.002335652687612627,
    0.0046182970770677345,
    0.002402811115817003,
    -0.0014823894074208754,
    0.006156013218998849,
    -0.006130392973796611,
    -0.007735689135039761,
    -0.003139916599286502,
    0.0004763502259274299,
    -0.005339592299297008,
    -0.0024945768285059983,
    0.004342243920950908,
    -0.0015987877199874073,
    -5.391503042020962e-05,
    -0.008142518517493098,
    -0.003241416225671312,
    -0.0012930237938735822,
    0.0035541503612161185,
    0.0011555363158201742,
    0.0011999714251617055,
    0.0024198748218028643,
    -0.004124430332902926,
    -0.010182356411160387,
    0.002476296022648164,
    -0.0024977960383397724,
    0.002703958378200283,
    0.0024081872104319,
    0.0017441919381720877,
    0.002542375111849418,
    0.003683636677625869,
    8.543731464169535e-05,
    -0.00453487949934514,
    0.004876103421381409,
    0.001990238560622068,
    0.0064327444308897586,
    0.004729235379160562,
    0.010432460336881527
  ],
  "val_sse_masked": 0.0008904705755412579,
  "val_nrmse_masked": 0.08122502267360687,
  "val_mse_masked": 2.9682354579563253e-05,
  "val_r2_masked": 0.9934002757072449,
  "val_sse_full": 0.0008831675513647497,
  "val_nrmse_full": 0.08089126646518707,
  "val_mse_full": 2.9438921046676114e-05,
  "val_r2_full": 0.9934543967247009,
  "iteration": 97,
  "p_lo_eff": 0.12967753410339355,
  "p_hi_eff": 1.9451630115509033,
  "f_lo_eff": 0.20659340918064117,
  "f_hi_eff": 1.6527472734451294
}