{
  "tag": "441_c9a765b8",
  "lmb1": 3.0637093356734786e-08,
  "lmb2": 1e-08,
  "nonzero_count": 85,
  "complexity_norm": 0.6854838709677419,
  "train_gen_window": 0.01521450644590969,
  "generalizability": 0.03165627859634515,
  "equation": "0.11099 E^{0.5} n P^{-0.5} + 0.074209 F dT_{e} + 0.0094281 F dT_{i} + 0.0058353 F dn - 0.0019265 P^{-1} F dT_{e} - 0.00070128 P^{-1} F dT_{i} + 0.010132 P^{-1} F dn - 0.0025692 P^{-1} dT_{e} - 0.0020636 P F dT_{i} - 0.023106 P dn - 0.11791 T_{e}^{0.5} F dT_{e} + 0.11773 T_{e}^{0.5} F dn + 0.0085292 T_{e}^{0.5} P^{-1} dT_{e} - 0.059917 T_{e}^{0.5} P^{-1} dn + 0.025937 T_{e}^{0.5} T_{i}^{0.5} F dT_{e} - 0.0036665 T_{e}^{0.5} T_{i}^{0.5} F dT_{i} - 0.068822 T_{e}^{0.5} T_{i}^{0.5} F dn + 0.0011546 T_{e}^{0.5} T_{i}^{0.5} P^{-1} dT_{i} + 0.017595 T_{e}^{0.5} T_{i}^{0.5} P^{-1} dn + 0.0011434 T_{e}^{0.5} T_{i}^{0.5} P dT_{e} + 0.00029175 T_{e}^{0.5} T_{i}^{0.5} P dT_{i} + 0.01963 T_{e}^{0.5} T_{i}^{0.5} P dn + 0.00060537 T_{e}^{0.5} T_{i}^{0.5} dT_{i} + 0.27412 T_{e}^{0.5} T_{i}^{0.5} dn - 0.028693 T_{e}^{0.5} T_{i} dT_{e} + 7.3003 \\cdot 10^{-5} T_{e}^{0.5} T_{i} dT_{i} - 0.24167 T_{e}^{0.5} T_{i} dn - 0.24085 T_{e}^{0.5} dn + 0.00133 T_{e} F dT_{i} - 0.13138 T_{e} F dn + 0.012227 T_{e} P^{-1} dn + 0.00092552 T_{e} P dT_{i} - 0.006737 T_{e} T_{i}^{0.5} dT_{e} + 0.012207 T_{e} T_{i} dT_{e} - 9.1726 \\cdot 10^{-5} T_{e} T_{i} dT_{i} + 0.076105 T_{e} T_{i} dn + 0.014917 T_{e} dT_{e} - 0.0027842 T_{e} dT_{i} + 0.060271 T_{e} dn + 0.034673 T_{i}^{0.5} F dT_{e} + 0.026784 T_{i}^{0.5} F dn - 0.0041751 T_{i}^{0.5} P^{-1} dT_{e} - 0.001015 T_{i}^{0.5} P^{-1} dT_{i} + 0.016704 T_{i}^{0.5} P^{-1} dn - 0.00051236 T_{i}^{0.5} P dT_{i} + 0.053504 T_{i}^{0.5} P dn + 0.00029333 T_{i}^{0.5} dT_{i} - 0.054574 T_{i}^{0.5} dn - 0.022555 T_{i} F dT_{e} + 8.5771 \\cdot 10^{-5} T_{i} F dT_{i} + 0.0019348 T_{i} P^{-1} dT_{e} - 0.0031362 T_{i} P^{-1} dn - 0.00065129 T_{i} P dT_{e} - 0.040068 T_{i} P dn + 0.020122 T_{i} dT_{e} + 0.11137 T_{i} dn - 0.017962 dT_{e} + 0.00013614 dT_{i} + 0.017356 n^{-1} F dn + 0.0013971 n^{-1} P^{-1} dn - 0.029788 n^{-1} T_{e}^{0.5} T_{i}^{0.5} dn - 0.056905 n^{-1} T_{e}^{0.5} dn + 0.048334 n^{-1} T_{e} dn + 0.022065 n^{-1} T_{i}^{0.5} dn + 0.0024998 n^{-1} T_{i} dn + 0.0082246 n^{-1} dn - 0.31193 n E^{0.5} - 0.053511 n E^{0.5} P^{-1} - 0.0078399 n E^{0.5} T_{e}^{0.5} P^{-1} - 0.033985 n E^{0.5} T_{e}^{0.5} T_{i}^{0.5} + 0.053192 n E^{0.5} T_{e}^{0.5} T_{i} - 0.023138 n E^{0.5} T_{e} - 0.023875 n E^{0.5} T_{e} T_{i}^{0.5} + 0.12972 n E^{0.5} T_{i}^{0.5} - 0.011689 n E^{0.5} T_{i}^{0.5} F + 0.067633 n E^{0.5} T_{i}^{0.5} P^{-1} + 0.0092187 n E^{0.5} T_{i}^{0.5} P + 0.13564 n E^{0.5} T_{i} - 0.061472 n E F - 0.035349 n E P^{-1} - 0.019967 n E P + 1.0116 n E T_{e}^{0.5} - 0.90352 n E T_{e}^{0.5} T_{i}^{0.5} - 0.11092 n E T_{i}^{0.5} + 0.17814 n E T_{i}",
  "coefficients": [
    0.08853773973281615,
    0.003197589416023605,
    0.012324326480708983,
    0.00883335221010298,
    0.09380477368032837,
    0.04696817636197177,
    -0.08732120903122788,
    -0.14446770361258476,
    0.0795303926707073,
    -0.0248638777260861,
    0.008176142636469458,
    0.14834249625973833,
    -0.03206009501925147,
    -0.45287948097934666,
    0.11162613018587676,
    -0.21619099013877852,
    0.05904494449162036,
    0.640426994376276,
    0.2765873511913895,
    -0.4414374593514082,
    0.14292179155286577,
    0.23237565071936483,
    -0.24315317370146872,
    0.03179825330686946,
    0.08759227411287823,
    -0.35167060115550197,
    -0.004581159660006273,
    -0.0020863964866685153,
    -0.02321612421059771,
    0.027944496769664706,
    -0.023753708775402033,
    -6.987527088972434e-05,
    0.041450620764672264,
    0.04683275285900676,
    0.34686673460000866,
    -0.11606707690977461,
    -0.011541504178047335,
    0.017460875873333545,
    -0.04903581742516168,
    0.03527156280727753,
    0.005036258439845842,
    -0.5762515698522297,
    0.021746908408922655,
    -0.03286859427633036,
    0.28840970237592684,
    0.012807230386810586,
    0.006242824333975425,
    -0.02673525430998358,
    0.01791046415954088,
    -0.043263320524327686,
    0.032810078030265366,
    0.06987164636484544,
    -0.00489140190830073,
    0.10542282042846896,
    -0.059953998089910795,
    -0.054009788677404705,
    -0.15880513395028562,
    0.12171551807361292,
    0.021711322435209485,
    0.2095996152245674,
    -0.08174797507510917,
    0.02448609780438593,
    -0.2237641624956155,
    0.012767776968690372,
    0.03830939701529679,
    -0.13161018530535512,
    0.06983553726392225,
    -0.040912522848906924,
    -0.1721845528193082,
    0.06370443105259144,
    0.08001448353309466,
    -0.011614127284219539,
    0.009561567773607935,
    0.09519073644268507,
    -0.00693913265838117,
    -0.020267400217958087,
    0.036364735309442925,
    -0.011898008723354683,
    -0.013845084512768974,
    -0.016875007169797188,
    -0.035093317365472915,
    -0.012129266081837647,
    -0.0462796993873862,
    0.09259940730316593,
    0.3549738713948783,
    -0.3653706703027956,
    0.05449032793935453
  ],
  "val_sse_masked": 0.0001244513550773263,
  "val_nrmse_masked": 0.030365459620952606,
  "val_mse_masked": 4.1483785935270134e-06,
  "val_r2_masked": 0.9990776181221008,
  "val_sse_full": 0.00012495250848587602,
  "val_nrmse_full": 0.030426539480686188,
  "val_mse_full": 4.165083737461828e-06,
  "val_r2_full": 0.9990739226341248,
  "iteration": 441,
  "p_lo_eff": 0.12967753410339355,
  "p_hi_eff": 1.9451630115509033,
  "f_lo_eff": 0.20659340918064117,
  "f_hi_eff": 1.6527472734451294
}