{
  "tag": "389_5015dda5",
  "lmb1": 0.0010568187597486628,
  "lmb2": 2.809686118631976e-08,
  "nonzero_count": 14,
  "complexity_norm": 0.11290322580645161,
  "train_gen_window": 0.06894197077286829,
  "generalizability": 0.06873201642622362,
  "equation": "0.057515 E^{0.5} n P^{-0.5} - 0.0038428 P^{-1} F dT_{e} - 7.3203 \\cdot 10^{-5} P^{-1} F dT_{i} - 0.0021014 P^{-1} F dn - 0.00012359 T_{e}^{0.5} T_{i}^{0.5} F dn - 0.0049109 T_{e}^{0.5} T_{i}^{0.5} dn - 0.054165 T_{e} dn - 0.010496 T_{i}^{0.5} P^{-1} dn + 0.0023532 T_{i} P dn + 0.00026242 n^{-1} P^{-1} dn + 0.0081605 n E^{0.5} T_{e}^{0.5} T_{i} - 0.020579 n E^{0.5} T_{i}^{0.5} P + 0.00030436 n E^{0.5} T_{i} + 0.036047 n E T_{e}^{0.5} T_{i}^{0.5}",
  "coefficients": [
    0.08853770373241093,
    0.0006006073787792833,
    1.8186130737176373e-05,
    -5.182359697095874e-06,
    1.740629464976312e-05,
    9.63347720590253e-06,
    7.917200308200483e-06,
    8.019452636143313e-06,
    4.78538353948191e-06,
    -0.002595413901209957,
    -3.7057206066596357e-06,
    -4.278798284693349e-09,
    -2.9749031162838488e-06,
    -3.0839612159945933e-06,
    -4.553649413064579e-06,
    -8.834906372939949e-06,
    -3.3715960348727174e-06,
    -2.8466523381238632e-06,
    -4.062763250909149e-06,
    -2.4930950752607353e-06,
    -7.824955753503683e-06,
    -4.266304869771289e-06,
    -2.8648163172131748e-06,
    -9.030909916963249e-07,
    -6.7782594014040216e-06,
    -3.922315172114385e-06,
    -2.1310688822992773e-06,
    -0.004161830917231876,
    1.689859317946252e-07,
    3.225608600729706e-07,
    -2.192846525987087e-07,
    1.489841294003268e-06,
    6.842478464851011e-07,
    1.0323811521303866e-06,
    3.039753138699999e-06,
    1.5560470613858023e-06,
    3.303236577618667e-06,
    -2.2796398367909478e-06,
    2.2976708679965388e-07,
    7.182127744072176e-07,
    1.3603063963125368e-06,
    3.2491739238877842e-06,
    8.986311414960673e-07,
    2.1559921137321675e-06,
    3.402506670447734e-06,
    -0.002656112951235296,
    -6.049748837095348e-06,
    7.743152634029181e-05,
    -0.011253888474389113,
    -2.3012070805879073e-05,
    -3.074953109498216e-05,
    3.739483587093324e-05,
    -2.34839508668628e-06,
    -1.0627498762171754e-05,
    0.003521187732995513,
    -1.1093247337123898e-05,
    -2.762035371879002e-05,
    -8.136236154241002e-06,
    -2.696224129396714e-06,
    -0.0037550312675899917,
    -0.00014680657526114428,
    1.4815422116678322e-05,
    -1.4776913492494976e-05,
    -1.1578160210367555e-06,
    -0.03442819640291439,
    -1.0257528107072227e-05,
    -1.436686794444676e-05,
    5.5137006154786266e-08,
    1.6857968062166955e-06,
    1.2955768336658825e-06,
    7.022411657002178e-06,
    1.5248285622337487e-06,
    -0.021344371506831692,
    0.00021359719842664992,
    -3.3718149086220643e-06,
    8.354505065200591e-06,
    0.005578995456681144,
    1.896735868043999e-06,
    8.110742225562087e-06,
    5.952392329198576e-06,
    3.178442788116908e-06,
    -1.4780211644407025e-05,
    7.608617337251674e-05,
    8.478247581106354e-06,
    1.7798331371797164e-05,
    0.014576860118459337,
    0.028236889946370053
  ],
  "val_sse_masked": 0.0011855734046548605,
  "val_nrmse_masked": 0.09372258931398392,
  "val_mse_masked": 3.9519116398878396e-05,
  "val_r2_masked": 0.9912131428718567,
  "val_sse_full": 0.0011517968960106373,
  "val_nrmse_full": 0.09237788617610931,
  "val_mse_full": 3.8393231079680845e-05,
  "val_r2_full": 0.9914634823799133,
  "iteration": 389,
  "p_lo_eff": 0.12967753410339355,
  "p_hi_eff": 1.9451630115509033,
  "f_lo_eff": 0.20659340918064117,
  "f_hi_eff": 1.6527472734451294
}