{
  "tag": "377_8dbf4d09",
  "lmb1": 0.0002645435979215867,
  "lmb2": 1.2063234144215428e-07,
  "nonzero_count": 26,
  "complexity_norm": 0.20967741935483872,
  "train_gen_window": 0.04865229954578421,
  "generalizability": 0.04700567900070088,
  "equation": "0.056028 E^{0.5} n P^{-0.5} + 4.935 \\cdot 10^{-5} F dT_{i} - 0.0038889 P^{-1} F dT_{e} - 6.4895 \\cdot 10^{-5} P^{-1} F dT_{i} - 0.0035279 P^{-1} F dn + 0.00040406 P dn - 0.0066886 T_{e}^{0.5} P^{-1} dn + 0.00011205 T_{e}^{0.5} T_{i}^{0.5} P dn - 0.00020775 T_{e}^{0.5} T_{i}^{0.5} dn + 3.1941 \\cdot 10^{-5} T_{e} T_{i}^{0.5} dT_{e} - 0.067404 T_{e} dn + 0.00011291 T_{i}^{0.5} F dT_{e} - 0.0050004 T_{i}^{0.5} P^{-1} dn + 0.0009628 T_{i}^{0.5} P dn + 0.00010708 T_{i}^{0.5} dT_{e} + 5.9831 \\cdot 10^{-6} T_{i} P^{-1} dT_{e} + 0.0078127 T_{i} P dn - 0.0070178 n^{-1} F dn + 0.0014659 n^{-1} P^{-1} dn + 0.00078971 n^{-1} dn - 0.0059315 n E^{0.5} T_{e}^{0.5} P^{-1} + 0.00039661 n E^{0.5} T_{e}^{0.5} T_{i} - 0.020937 n E^{0.5} T_{i}^{0.5} P + 0.0003324 n E^{0.5} T_{i} + 0.057619 n E T_{e}^{0.5} T_{i}^{0.5} + 0.0006236 n E T_{i}^{0.5}",
  "coefficients": [
    0.08853770313510817,
    0.003355074901137851,
    0.0011833554541192874,
    -0.003571673168675121,
    1.06313191110339e-06,
    -7.265173719585401e-06,
    1.753624900432286e-05,
    -2.7022244011414545e-06,
    5.246110430768931e-06,
    -0.002300861914267737,
    7.081183976631559e-06,
    0.0007764708322642012,
    1.8629048735370246e-05,
    -7.28369832264349e-06,
    2.495959186413968e-06,
    9.355885962061062e-06,
    -3.1425670104416097e-06,
    -7.36456662033536e-06,
    2.50172412863007e-06,
    2.268524430114077e-07,
    1.0453581815614665e-05,
    -5.175836896768314e-07,
    8.839165738872135e-06,
    2.112689159715418e-05,
    1.7271050374023496e-05,
    -7.392618960589905e-07,
    7.834925498586297e-06,
    -0.004211791109145796,
    2.0339295035280684e-05,
    4.649394134824232e-05,
    5.9570467319182335e-05,
    0.00041029752458662404,
    0.00013497680929697286,
    0.00014482043568234305,
    5.0559330688649114e-05,
    9.054866399826978e-05,
    1.087290455151224e-05,
    5.307831194892696e-06,
    3.5437028063762516e-05,
    6.989072103608972e-05,
    1.1675302233996288e-05,
    3.6389088236172106e-05,
    6.988639592963206e-05,
    0.00015583611360932146,
    2.7436903446510152e-05,
    -0.004459265816387021,
    -7.787024158690527e-06,
    0.00046752119126244386,
    -0.00536160035847887,
    -3.640985903306545e-05,
    -2.7980910730617402e-05,
    0.0012573411522320405,
    4.034002697577348e-06,
    -2.891159585040227e-05,
    0.011690171144432453,
    -0.00602923051971058,
    -6.139959542964918e-05,
    -1.0853504906228976e-05,
    6.189778659311865e-07,
    -0.00015885100325939015,
    -4.016302182656183e-05,
    0.00013977431791718274,
    -5.1245739083297453e-05,
    1.7267705568215886e-06,
    -0.04284334960146797,
    -1.2997295121148659e-05,
    -5.467277532932334e-05,
    -9.824639312843143e-07,
    -3.3218428299919564e-06,
    1.6635876850407776e-06,
    1.2877298339983786e-05,
    -1.6992119691072672e-05,
    -0.02171613623390407,
    0.0002332735423469477,
    -0.005250006119144677,
    1.6359899464754042e-05,
    0.00027114716068947,
    -1.7051728715324997e-06,
    1.5327063248472737e-05,
    3.5667381777018476e-05,
    -1.3177831794197976e-06,
    -7.539923697283757e-05,
    0.00026018535859548297,
    8.544334113426981e-05,
    9.511379609552276e-05,
    0.023300252834097927,
    0.027507118976495885
  ],
  "val_sse_masked": 0.0007341359159909189,
  "val_nrmse_masked": 0.0737510621547699,
  "val_mse_masked": 2.447119913995266e-05,
  "val_r2_masked": 0.9945589900016785,
  "val_sse_full": 0.0007184649002738297,
  "val_nrmse_full": 0.07295966148376465,
  "val_mse_full": 2.3948830857989378e-05,
  "val_r2_full": 0.9946750998497009,
  "iteration": 377,
  "p_lo_eff": 0.12967753410339355,
  "p_hi_eff": 1.9451630115509033,
  "f_lo_eff": 0.20659340918064117,
  "f_hi_eff": 1.6527472734451294
}