{
  "tag": "417_679ae04e",
  "lmb1": 1.7903618050932452e-08,
  "lmb2": 0.0004510217197706579,
  "nonzero_count": 86,
  "complexity_norm": 0.6935483870967742,
  "train_gen_window": 0.025299904727499593,
  "generalizability": 0.03159775761054527,
  "equation": "0.072853 E^{0.5} n P^{-0.5} - 0.0015493 F dT_{e} + 0.001735 F dT_{i} - 0.0008117 F dn - 0.0035208 P^{-1} F dT_{e} + 2.9649 \\cdot 10^{-5} P^{-1} F dT_{i} + 0.00090168 P^{-1} F dn + 0.0014196 P^{-1} dT_{e} - 0.00037316 P F dT_{i} - 0.005844 P dn - 0.018609 T_{e}^{0.5} F dT_{e} - 0.005548 T_{e}^{0.5} F dn + 0.0023712 T_{e}^{0.5} P^{-1} dT_{e} - 0.03088 T_{e}^{0.5} P^{-1} dn + 0.0050231 T_{e}^{0.5} T_{i}^{0.5} F dT_{e} - 3.2137 \\cdot 10^{-5} T_{e}^{0.5} T_{i}^{0.5} F dT_{i} - 0.0098945 T_{e}^{0.5} T_{i}^{0.5} F dn - 1.0319 \\cdot 10^{-5} T_{e}^{0.5} T_{i}^{0.5} P^{-1} dT_{i} + 0.015312 T_{e}^{0.5} T_{i}^{0.5} P^{-1} dn + 0.0015227 T_{e}^{0.5} T_{i}^{0.5} P dT_{e} + 5.6509 \\cdot 10^{-6} T_{e}^{0.5} T_{i}^{0.5} P dT_{i} + 0.0064035 T_{e}^{0.5} T_{i}^{0.5} P dn - 3.6184 \\cdot 10^{-6} T_{e}^{0.5} T_{i}^{0.5} dT_{i} - 0.0027762 T_{e}^{0.5} T_{i}^{0.5} dn - 0.00024232 T_{e}^{0.5} T_{i} dT_{e} + 3.719 \\cdot 10^{-7} T_{e}^{0.5} T_{i} dT_{i} + 0.0044024 T_{e}^{0.5} T_{i} dn - 0.019082 T_{e}^{0.5} dn + 9.3951 \\cdot 10^{-5} T_{e} F dT_{i} - 0.0086683 T_{e} F dn + 0.018246 T_{e} P^{-1} dn + 2.5727 \\cdot 10^{-5} T_{e} P dT_{i} - 0.00062367 T_{e} T_{i}^{0.5} dT_{e} - 0.00014019 T_{e} T_{i} dT_{e} + 1.002 \\cdot 10^{-6} T_{e} T_{i} dT_{i} + 0.0065648 T_{e} T_{i} dn - 0.0038047 T_{e} dT_{e} - 0.00012571 T_{e} dT_{i} - 0.025722 T_{e} dn + 0.0033448 T_{i}^{0.5} F dT_{e} - 0.0068412 T_{i}^{0.5} F dn + 0.0015806 T_{i}^{0.5} P^{-1} dT_{e} - 1.4123 \\cdot 10^{-5} T_{i}^{0.5} P^{-1} dT_{i} - 0.021854 T_{i}^{0.5} P^{-1} dn - 1.6068 \\cdot 10^{-6} T_{i}^{0.5} P dT_{i} + 0.0042874 T_{i}^{0.5} P dn - 0.0016439 T_{i}^{0.5} dT_{e} - 9.6185 \\cdot 10^{-6} T_{i}^{0.5} dT_{i} + 0.00034629 T_{i}^{0.5} dn + 0.00033621 T_{i} F dT_{e} + 1.7224 \\cdot 10^{-6} T_{i} F dT_{i} + 4.5894 \\cdot 10^{-5} T_{i} P^{-1} dT_{e} + 0.0065793 T_{i} P^{-1} dn + 0.00025432 T_{i} P dT_{e} + 0.0078301 T_{i} P dn - 0.00037262 T_{i} dT_{e} + 0.0047752 T_{i} dn + 0.0010316 dT_{e} - 0.00015093 dT_{i} - 0.020503 n^{-1} F dn + 0.005431 n^{-1} P^{-1} dn - 0.00051912 n^{-1} T_{e}^{0.5} T_{i}^{0.5} dn - 0.00061862 n^{-1} T_{e}^{0.5} dn + 0.00010885 n^{-1} T_{e} dn + 0.00051276 n^{-1} T_{i}^{0.5} dn - 0.00053698 n^{-1} T_{i} dn + 0.00095543 n^{-1} dn - 0.050836 n E^{0.5} + 0.012201 n E^{0.5} P^{-1} - 0.025336 n E^{0.5} T_{e}^{0.5} P^{-1} + 0.008096 n E^{0.5} T_{e}^{0.5} T_{i}^{0.5} + 0.021541 n E^{0.5} T_{e}^{0.5} T_{i} - 0.017148 n E^{0.5} T_{e} + 0.017549 n E^{0.5} T_{e} T_{i}^{0.5} - 0.0039288 n E^{0.5} T_{i}^{0.5} - 0.021015 n E^{0.5} T_{i}^{0.5} F + 0.0074397 n E^{0.5} T_{i}^{0.5} P^{-1} - 0.0015839 n E^{0.5} T_{i}^{0.5} P + 0.016779 n E^{0.5} T_{i} - 0.014735 n E F + 0.0154 n E P^{-1} - 0.004181 n E P + 0.047674 n E T_{e}^{0.5} + 0.0051787 n E T_{e}^{0.5} T_{i}^{0.5} + 0.0055427 n E T_{i}^{0.5} - 0.011325 n E T_{i}",
  "coefficients": [
    0.0885377079090609,
    0.012429918883042651,
    0.0014316777946781767,
    -0.010434666811008214,
    0.002179915998665849,
    -0.010089154170000808,
    -0.0009492783269596239,
    -0.0025177136046810877,
    0.0001791041021085571,
    0.0010512049522426736,
    -0.009064712290765914,
    0.027299089371927265,
    -0.005797336050649138,
    -0.006301243197626705,
    -0.0036602717039425636,
    -0.0006779822151696535,
    0.0011856779231116943,
    -0.005723446437222807,
    -0.0016531981473763557,
    -0.003869227008007403,
    0.002768245432399369,
    0.001183810970973892,
    -0.010978815281981358,
    0.002246275467951586,
    0.002434878568227883,
    0.0038416866639419123,
    0.002531372970150547,
    -0.0038131407701398334,
    0.0013333823915088472,
    -0.0005834068063255149,
    0.008992378946239638,
    -0.0062990435066059836,
    0.003998555001515913,
    0.001110874415585078,
    -0.006423408339426034,
    0.0017301205407841969,
    0.004506744364626919,
    0.004854335418610384,
    -0.007739400331393753,
    0.006830791216889065,
    0.006706477191547211,
    -0.004866683791773185,
    -0.005546752317813458,
    -0.003042765217726673,
    -0.0033121726502401694,
    0.0011397196172724111,
    -0.0008683952480393053,
    -0.006761927318262806,
    -0.02343310523276751,
    0.0002745223438003208,
    -0.00838040102903842,
    0.005599011466417114,
    0.010261324720797604,
    0.004520178035526817,
    0.01171631189357894,
    -0.027835722725835288,
    -0.01258220694281656,
    -0.005735782214647933,
    0.018894298391831238,
    -0.002122778308279505,
    -0.011752826233012825,
    0.007987699274048465,
    0.004076166425125177,
    0.019052054328372453,
    -0.016349415391288785,
    -0.008683555056241521,
    0.006024010618588704,
    0.009328430225574419,
    -0.02806126354904559,
    0.007007494434154271,
    -0.0024234876917857973,
    -0.020880371687645977,
    -0.0016427563054916272,
    0.011775123975398233,
    -0.022425360436847536,
    0.004828215322410068,
    0.01472679990988407,
    -0.00881818710291063,
    0.010176575423236967,
    0.007351793667658313,
    -0.008411810501345623,
    -0.002539809567114054,
    0.0023125897171676346,
    -0.00588715030330994,
    0.016729095398862776,
    0.002094208456361074,
    0.035767218161297215
  ],
  "val_sse_masked": 0.0003155258600600064,
  "val_nrmse_masked": 0.04835011810064316,
  "val_mse_masked": 1.0517529517528601e-05,
  "val_r2_masked": 0.9976614713668823,
  "val_sse_full": 0.0003155258600600064,
  "val_nrmse_full": 0.04835011810064316,
  "val_mse_full": 1.0517529517528601e-05,
  "val_r2_full": 0.9976614713668823,
  "iteration": 417,
  "p_lo_eff": 0.12967753410339355,
  "p_hi_eff": 1.9451630115509033,
  "f_lo_eff": 0.20659340918064117,
  "f_hi_eff": 1.6527472734451294
}