{
  "tag": "138_642a24ed",
  "lmb1": 0.0006559505047836606,
  "lmb2": 3.107354953868136e-05,
  "nonzero_count": 15,
  "complexity_norm": 0.12096774193548387,
  "train_gen_window": 0.053383685274064105,
  "generalizability": 0.05607105157621229,
  "equation": "0.051413 E^{0.5} n P^{-0.5} - 0.0038093 P^{-1} F dT_{e} - 8.0368 \\cdot 10^{-5} P^{-1} F dT_{i} - 0.0024122 P^{-1} F dn + 0.00031193 P dn - 0.00065603 T_{e}^{0.5} T_{i}^{0.5} dn - 0.068381 T_{e} dn - 0.0090183 T_{i}^{0.5} P^{-1} dn + 8.9618 \\cdot 10^{-5} T_{i}^{0.5} P dn + 0.0052321 T_{i} P dn + 0.0002135 n^{-1} P^{-1} dn + 0.0093467 n E^{0.5} T_{e}^{0.5} T_{i} - 0.02233 n E^{0.5} T_{i}^{0.5} P + 0.00077972 n E^{0.5} T_{i} + 0.041995 n E T_{e}^{0.5} T_{i}^{0.5}",
  "coefficients": [
    0.08853770311152087,
    0.0004886309082190843,
    2.8418236259711666e-06,
    -1.7895770320017755e-05,
    1.2867504719021967e-06,
    1.2912657851690406e-06,
    1.2195915466641977e-06,
    6.705534657788892e-07,
    4.5943123202714317e-07,
    -0.0028494534689235966,
    -8.524043517706665e-07,
    1.033470039976785e-06,
    -3.975650722546661e-07,
    -1.6241881734629412e-06,
    -2.0564910269036876e-06,
    -3.05956213267252e-06,
    -2.273134183333733e-06,
    -1.4290422432923338e-06,
    -1.7832452619074775e-06,
    -1.0887572068598787e-06,
    -2.7138098080241457e-06,
    -2.7829717730270503e-06,
    -5.296909846302324e-07,
    3.5278269245713705e-07,
    -1.1022560513554823e-06,
    -2.4771237821206396e-06,
    -3.255667707815199e-07,
    -0.004125592445620021,
    2.053100763163884e-06,
    1.782656385277615e-06,
    1.0025135200237271e-06,
    9.137182966336628e-06,
    2.711621827672485e-06,
    2.4155805622666907e-06,
    1.538488612153492e-05,
    4.174684096331471e-06,
    2.166913787573352e-05,
    -3.8784945196623403e-07,
    1.6861594361655247e-06,
    2.6312805474794956e-06,
    1.2153507421003185e-05,
    1.4798128079896686e-05,
    4.6725288216821436e-06,
    1.5880278724442168e-05,
    1.3683892788091376e-05,
    -0.003049031963590411,
    -2.184612346895727e-06,
    0.00036092361742776503,
    -0.009669767212262129,
    -1.1899564590211641e-05,
    -6.513469622030137e-06,
    0.00011703417554022212,
    -8.885487686999613e-07,
    -7.3626120210472965e-06,
    0.007828809289384942,
    -6.5936535535477386e-06,
    -1.5086603059134008e-05,
    -2.83132545524497e-06,
    -1.0427384260836981e-06,
    -0.0005016224964967501,
    -1.040022778313017e-05,
    1.2379780929852622e-05,
    -1.3682664883355675e-05,
    -2.824827136609552e-07,
    -0.04346435323197267,
    -3.3670711827524793e-06,
    -1.5097524458231231e-05,
    -3.439802480101855e-07,
    7.423239187889949e-07,
    4.1934750378477094e-07,
    3.871874013303607e-06,
    2.248446678556785e-07,
    -0.02316026268089319,
    0.0005471992085233407,
    -5.64512607079808e-06,
    4.477885589619666e-06,
    0.006389924196577728,
    7.810479796414529e-07,
    4.063475949859926e-06,
    3.2316138588820304e-06,
    1.0381588363902508e-06,
    -1.1245404382981399e-05,
    5.4362831124255314e-05,
    3.941104095853131e-06,
    1.0794283943411284e-05,
    0.016982168745141784,
    0.025241033634977574
  ],
  "val_sse_masked": 0.0008852265309542418,
  "val_nrmse_masked": 0.08098550140857697,
  "val_mse_masked": 2.9507553335861303e-05,
  "val_r2_masked": 0.9934391379356384,
  "val_sse_full": 0.0008754853624850512,
  "val_nrmse_full": 0.08053868263959885,
  "val_mse_full": 2.9182847356423736e-05,
  "val_r2_full": 0.9935113787651062,
  "iteration": 138,
  "p_lo_eff": 0.12967753410339355,
  "p_hi_eff": 1.9451630115509033,
  "f_lo_eff": 0.20659340918064117,
  "f_hi_eff": 1.6527472734451294
}