{
  "tag": "179_337affc7",
  "lmb1": 0.005995362569182379,
  "lmb2": 0.012368511612546039,
  "nonzero_count": 8,
  "complexity_norm": 0.06451612903225806,
  "train_gen_window": 0.13562103987182222,
  "generalizability": 0.1495773641417728,
  "equation": "0.05377 E^{0.5} n P^{-0.5} - 0.0017732 P^{-1} F dT_{e} - 0.012503 P^{-1} F dn - 0.021153 T_{e}^{0.5} T_{i}^{0.5} dn - 0.0075233 T_{e} dn - 0.0056233 T_{i}^{0.5} P^{-1} dn - 0.0058459 T_{i}^{0.5} dn + 0.012895 n E T_{e}^{0.5} T_{i}^{0.5}",
  "coefficients": [
    0.08853770573738151,
    1.5334350654955291e-06,
    3.3282411993441763e-07,
    -1.5599462181272408e-07,
    4.777951370842089e-07,
    3.109116562952079e-07,
    3.569618558943074e-07,
    4.445471580121982e-07,
    3.863255012748653e-07,
    -6.330789747901207e-07,
    -1.5840742402958408e-07,
    -6.064840408174578e-08,
    -8.46949974328337e-08,
    -1.4791966568181278e-07,
    -1.292357242906722e-07,
    -1.3071187400247443e-07,
    -1.0331847516247582e-07,
    -1.5197949501367967e-07,
    -1.3115749367251015e-07,
    -1.192817312059507e-07,
    -1.3237870237863908e-07,
    -1.0818478800166115e-07,
    -1.6593714950106726e-07,
    -1.2286773526272e-07,
    -1.7093112567800804e-07,
    -1.0989078718631068e-07,
    -7.802751883572409e-07,
    -0.0019204050147690495,
    -2.1146679300449228e-07,
    -1.925158070542241e-07,
    -2.2778742196775914e-07,
    -1.200087375400936e-07,
    -1.3892854059325813e-07,
    -7.206323368085207e-08,
    -2.761345771360743e-08,
    -5.208744201236289e-08,
    -2.069361391044399e-08,
    -1.0000011136794946e-06,
    -2.2671997844105827e-07,
    -1.4335902208408425e-07,
    -9.947933067517284e-08,
    -2.022585127646335e-08,
    -2.0483854026047068e-07,
    -9.873297387158753e-08,
    -1.3745340991325232e-08,
    -0.015804233352796966,
    -6.626312294569802e-07,
    5.8872664608937755e-08,
    -0.006029483390252547,
    -0.004634302596162588,
    -3.1570229954710885e-06,
    2.8537779235340593e-08,
    -3.117795059284454e-07,
    -3.629812607617006e-05,
    1.6613696501038254e-08,
    -3.5151647474519454e-06,
    -5.1257805462296625e-06,
    -8.785176954866175e-07,
    -4.4675631597882803e-07,
    -0.016174385338328625,
    -2.268703522254734e-05,
    1.4839288305942005e-08,
    -4.586793330902413e-05,
    -3.433222673133602e-07,
    -0.004781933712081488,
    -1.1681553665105798e-06,
    -3.869246354705642e-06,
    4.784718429654399e-07,
    2.209484301856735e-07,
    6.423039999716955e-07,
    5.849950954870369e-07,
    2.6991471463910845e-07,
    -1.320179367234268e-07,
    4.496785798709557e-06,
    1.9043684393134463e-07,
    7.705128649512182e-07,
    2.4053434029632017e-05,
    3.040655327368117e-07,
    9.545388650933718e-07,
    3.6484597958243035e-06,
    4.1198677745284513e-07,
    -6.041021979919213e-08,
    5.3155181804248165e-05,
    1.7261454696061986e-06,
    1.5174698418203468e-06,
    0.00521436095013779,
    0.026398314504415984
  ],
  "val_sse_masked": 0.005082692950963974,
  "val_nrmse_masked": 0.1940559595823288,
  "val_mse_masked": 0.0001694231032161042,
  "val_r2_masked": 0.9623297452926636,
  "val_sse_full": 0.005022869445383549,
  "val_nrmse_full": 0.1929105669260025,
  "val_mse_full": 0.00016742899606470019,
  "val_r2_full": 0.9627730846405029,
  "iteration": 179,
  "p_lo_eff": 0.12967753410339355,
  "p_hi_eff": 1.9451630115509033,
  "f_lo_eff": 0.20659340918064117,
  "f_hi_eff": 1.6527472734451294
}