{
  "tag": "253_9185b37a",
  "lmb1": 1.3870189295389946e-05,
  "lmb2": 1e-08,
  "nonzero_count": 71,
  "complexity_norm": 0.5725806451612904,
  "train_gen_window": 0.023450020584477826,
  "generalizability": 0.028122761451895132,
  "equation": "0.11082 E^{0.5} n P^{-0.5} - 0.00036937 F dT_{e} + 0.0013163 F dT_{i} - 0.00051404 F dn - 0.00098819 P^{-1} F dT_{e} + 6.8968 \\cdot 10^{-5} P^{-1} F dT_{i} - 0.00064427 P dn - 0.0013833 T_{e}^{0.5} F dT_{e} - 0.0011116 T_{e}^{0.5} F dn - 0.055765 T_{e}^{0.5} P^{-1} dn + 0.00061756 T_{e}^{0.5} T_{i}^{0.5} F dT_{e} - 2.6468 \\cdot 10^{-6} T_{e}^{0.5} T_{i}^{0.5} F dT_{i} - 0.013701 T_{e}^{0.5} T_{i}^{0.5} F dn - 2.4347 \\cdot 10^{-6} T_{e}^{0.5} T_{i}^{0.5} P^{-1} dT_{i} + 0.017259 T_{e}^{0.5} T_{i}^{0.5} P^{-1} dn + 0.00035554 T_{e}^{0.5} T_{i}^{0.5} P dT_{e} + 1.8908 \\cdot 10^{-6} T_{e}^{0.5} T_{i}^{0.5} P dT_{i} + 0.00034452 T_{e}^{0.5} T_{i}^{0.5} P dn - 2.9425 \\cdot 10^{-5} T_{e}^{0.5} T_{i} dT_{e} + 0.001021 T_{e}^{0.5} T_{i} dn - 0.023319 T_{e}^{0.5} dn - 0.0020022 T_{e} F dn + 0.026629 T_{e} P^{-1} dn + 1.5049 \\cdot 10^{-5} T_{e} P dT_{i} - 9.008 \\cdot 10^{-5} T_{e} T_{i}^{0.5} dT_{e} - 0.00017174 T_{e} T_{i} dT_{e} + 0.0072391 T_{e} T_{i} dn - 0.0033199 T_{e} dT_{e} - 0.00024934 T_{e} dT_{i} - 0.040624 T_{e} dn + 0.00098922 T_{i}^{0.5} F dT_{e} - 0.0011653 T_{i}^{0.5} F dn + 0.0014329 T_{i}^{0.5} P^{-1} dT_{e} - 5.3811 \\cdot 10^{-6} T_{i}^{0.5} P^{-1} dT_{i} - 0.0016252 T_{i}^{0.5} P^{-1} dn + 1.0964 \\cdot 10^{-6} T_{i}^{0.5} P dT_{i} + 0.00014784 T_{i}^{0.5} P dn + 4.8015 \\cdot 10^{-5} T_{i} F dT_{e} - 2.5345 \\cdot 10^{-7} T_{i} F dT_{i} + 4.3069 \\cdot 10^{-6} T_{i} P^{-1} dT_{e} + 0.00022342 T_{i} P^{-1} dn + 7.4213 \\cdot 10^{-5} T_{i} P dT_{e} + 0.012559 T_{i} P dn - 1.4532 \\cdot 10^{-5} T_{i} dT_{e} + 0.000722 T_{i} dn - 0.00014253 dT_{e} - 2.1475 \\cdot 10^{-5} dT_{i} - 0.0040831 n^{-1} F dn + 0.003567 n^{-1} P^{-1} dn - 0.00026008 n^{-1} T_{e}^{0.5} T_{i}^{0.5} dn - 0.00023817 n^{-1} T_{e}^{0.5} dn - 0.00015172 n^{-1} T_{e} dn - 0.00027991 n^{-1} T_{i}^{0.5} dn - 0.00039507 n^{-1} T_{i} dn - 0.00016977 n^{-1} dn - 0.098166 n E^{0.5} - 0.00017236 n E^{0.5} P^{-1} - 0.02422 n E^{0.5} T_{e}^{0.5} P^{-1} + 0.00052744 n E^{0.5} T_{e}^{0.5} T_{i}^{0.5} + 0.062054 n E^{0.5} T_{e}^{0.5} T_{i} - 0.00027124 n E^{0.5} T_{e} + 0.0012284 n E^{0.5} T_{e} T_{i}^{0.5} + 0.00024764 n E^{0.5} T_{i}^{0.5} - 0.022024 n E^{0.5} T_{i}^{0.5} F + 0.0026737 n E^{0.5} T_{i}^{0.5} P^{-1} + 0.0015552 n E^{0.5} T_{i}^{0.5} P + 0.0055672 n E^{0.5} T_{i} - 0.00032393 n E F + 0.021436 n E P^{-1} + 0.042025 n E T_{e}^{0.5} - 0.027061 n E T_{i}",
  "coefficients": [
    0.08853771065536531,
    0.008163929352865714,
    -0.0002543984062262091,
    -0.0020780797549492594,
    -0.0011900070014054178,
    -0.007422865178401804,
    -0.0003654791118012159,
    -0.0012613891749324755,
    -0.0002496491794584839,
    0.002445250069328242,
    -0.0012897422632670665,
    0.020711120995656203,
    7.332972413210369e-05,
    -0.0024009527409430275,
    -7.921430458207436e-05,
    0.0004626211083896849,
    -0.00017447872748882433,
    -0.0013504401890446862,
    -3.677044100867225e-05,
    -0.00031866724154626,
    0.0009262599562319873,
    -1.4651913954735372e-05,
    -0.021775977518914514,
    -9.758297198876091e-05,
    0.001424227091365349,
    4.588453099256076e-05,
    7.598269731739167e-05,
    -0.0010702298580227269,
    -0.00018421517513802477,
    -0.00013909151870347957,
    0.008152284099057275,
    -2.734763536702949e-05,
    0.0011825676008559304,
    0.00010424742779880785,
    -0.00025050821982635973,
    0.0002470845111197041,
    0.0013151190708732177,
    3.914915996911563e-05,
    -0.0005752955413583107,
    0.0008398073932245095,
    0.0015659785748653714,
    -0.000590949145987479,
    -0.0048400807259967185,
    -0.0004394807027128108,
    -0.004057482119421182,
    -1.825262977299554e-06,
    -0.0005499478995522272,
    -0.000745465558662186,
    -0.0017426469320737008,
    2.804422426392811e-05,
    -0.0014274987665889168,
    0.0001930665546352396,
    0.0003484563437070549,
    0.0006834395101781941,
    0.018791533258268316,
    -0.05026721814521463,
    -0.015375838397486978,
    -0.0011492113141842544,
    0.02129723475032461,
    4.699734099295074e-05,
    -0.016274835904247675,
    0.0004297599744614157,
    0.0009453093154588704,
    0.027805581127207143,
    -0.025821578056367107,
    -0.002005713183051708,
    0.006642793708178145,
    -0.00013178363177633647,
    -0.05418685643106689,
    0.0025183717959345576,
    0.0001527527986124507,
    -0.021883107049042037,
    0.0016130383960758841,
    0.003907008259200214,
    -0.021437511407584934,
    0.00031455003521452924,
    0.04242339884702645,
    -0.00013947912695126097,
    0.0007123412639179537,
    0.01023313473328055,
    -0.0001849295700122571,
    -9.947356250198221e-05,
    -1.5333035825085462e-05,
    -0.014066655106979057,
    0.014746885564029805,
    -5.703237654179115e-05,
    0.054407519953667445
  ],
  "val_sse_masked": 0.0002601376036182046,
  "val_nrmse_masked": 0.043901730328798294,
  "val_mse_masked": 8.671254363434855e-06,
  "val_r2_masked": 0.9980719685554504,
  "val_sse_full": 0.0002613320539239794,
  "val_nrmse_full": 0.04400240257382393,
  "val_mse_full": 8.711069312994368e-06,
  "val_r2_full": 0.9980631470680237,
  "iteration": 253,
  "p_lo_eff": 0.12967753410339355,
  "p_hi_eff": 1.9451630115509033,
  "f_lo_eff": 0.20659340918064117,
  "f_hi_eff": 1.6527472734451294
}