{
  "tag": "426_af620941",
  "lmb1": 1.7251963814171338e-06,
  "lmb2": 6.958740866841767e-05,
  "nonzero_count": 83,
  "complexity_norm": 0.6693548387096774,
  "train_gen_window": 0.024526511170576578,
  "generalizability": 0.029194624140072175,
  "equation": "0.10925 E^{0.5} n P^{-0.5} + 0.015127 F dT_{e} + 0.0026362 F dT_{i} - 0.0017088 P^{-1} F dT_{e} + 0.00010456 P^{-1} F dT_{i} + 0.0026477 P^{-1} F dn + 0.0040577 P^{-1} dT_{e} - 0.00021685 P F dT_{i} - 0.0098382 P dn - 0.055404 T_{e}^{0.5} F dT_{e} - 0.0027162 T_{e}^{0.5} F dn + 0.0019526 T_{e}^{0.5} P^{-1} dT_{e} - 0.046902 T_{e}^{0.5} P^{-1} dn + 0.0093444 T_{e}^{0.5} T_{i}^{0.5} F dT_{e} - 2.6773 \\cdot 10^{-5} T_{e}^{0.5} T_{i}^{0.5} F dT_{i} - 0.013223 T_{e}^{0.5} T_{i}^{0.5} F dn + 0.029128 T_{e}^{0.5} T_{i}^{0.5} P^{-1} dn + 0.0020704 T_{e}^{0.5} T_{i}^{0.5} P dT_{e} + 8.4729 \\cdot 10^{-6} T_{e}^{0.5} T_{i}^{0.5} P dT_{i} + 0.016132 T_{e}^{0.5} T_{i}^{0.5} P dn + 4.1842 \\cdot 10^{-6} T_{e}^{0.5} T_{i}^{0.5} dT_{i} + 0.005234 T_{e}^{0.5} T_{i}^{0.5} dn - 0.00014048 T_{e}^{0.5} T_{i} dT_{e} - 6.1678 \\cdot 10^{-7} T_{e}^{0.5} T_{i} dT_{i} + 0.0025458 T_{e}^{0.5} T_{i} dn - 0.032295 T_{e}^{0.5} dn - 0.00049032 T_{e} F dT_{i} - 0.0088491 T_{e} F dn + 0.018006 T_{e} P^{-1} dn + 6.1544 \\cdot 10^{-6} T_{e} P dT_{i} - 0.0006296 T_{e} T_{i}^{0.5} dT_{e} + 2.6394 \\cdot 10^{-5} T_{e} T_{i} dT_{e} + 3.1699 \\cdot 10^{-7} T_{e} T_{i} dT_{i} + 0.014001 T_{e} T_{i} dn - 0.0050272 T_{e} dT_{e} - 0.00017215 T_{e} dT_{i} - 0.028523 T_{e} dn + 0.0099052 T_{i}^{0.5} F dT_{e} - 0.0069017 T_{i}^{0.5} F dn + 0.0013382 T_{i}^{0.5} P^{-1} dT_{e} - 6.4709 \\cdot 10^{-6} T_{i}^{0.5} P^{-1} dT_{i} - 0.01401 T_{i}^{0.5} P^{-1} dn + 2.517 \\cdot 10^{-7} T_{i}^{0.5} P dT_{i} + 0.0057092 T_{i}^{0.5} P dn - 0.0034422 T_{i}^{0.5} dT_{e} - 3.9262 \\cdot 10^{-6} T_{i}^{0.5} dT_{i} + 0.00042401 T_{i} F dT_{e} - 5.2359 \\cdot 10^{-6} T_{i} F dT_{i} - 0.000135 T_{i} P^{-1} dT_{e} + 9.6238 \\cdot 10^{-5} T_{i} P^{-1} dn + 9.183 \\cdot 10^{-5} T_{i} P dT_{e} + 0.0033923 T_{i} P dn - 0.00064373 T_{i} dT_{e} - 0.0013609 T_{i} dn + 0.0027538 dT_{e} - 0.0002924 dT_{i} - 0.009303 n^{-1} F dn + 0.0062252 n^{-1} P^{-1} dn - 0.0013327 n^{-1} T_{e}^{0.5} T_{i}^{0.5} dn - 0.0028942 n^{-1} T_{e}^{0.5} dn - 0.0039341 n^{-1} T_{e} dn + 0.0022769 n^{-1} T_{i}^{0.5} dn - 0.00075539 n^{-1} T_{i} dn + 0.0018521 n^{-1} dn - 0.11615 n E^{0.5} - 0.0038543 n E^{0.5} P^{-1} - 0.02454 n E^{0.5} T_{e}^{0.5} P^{-1} + 0.0050902 n E^{0.5} T_{e}^{0.5} T_{i}^{0.5} + 0.037129 n E^{0.5} T_{e}^{0.5} T_{i} - 0.024086 n E^{0.5} T_{e} + 0.026201 n E^{0.5} T_{e} T_{i}^{0.5} - 0.00098632 n E^{0.5} T_{i}^{0.5} - 0.024199 n E^{0.5} T_{i}^{0.5} F + 0.016359 n E^{0.5} T_{i}^{0.5} P^{-1} + 0.0072615 n E^{0.5} T_{i}^{0.5} P + 0.03375 n E^{0.5} T_{i} - 0.011152 n E F + 0.0086617 n E P^{-1} - 0.004255 n E P + 0.11445 n E T_{e}^{0.5} - 0.037964 n E T_{e}^{0.5} T_{i}^{0.5} - 0.011323 n E T_{i}^{0.5} - 0.026126 n E T_{i}",
  "coefficients": [
    0.08853771051963744,
    0.014247725983869476,
    0.002775247035828431,
    -0.004734722749214235,
    0.00968007485108684,
    -0.01419284572575227,
    -0.0044411197626988645,
    -0.006463690534775115,
    -0.006473228324244852,
    0.003707151476988309,
    -0.01756117534503693,
    0.041477584863684025,
    -0.003368979782033551,
    -0.0028871846823391124,
    -0.001494099064305711,
    0.00010620421164862781,
    -0.003604428233911597,
    5.6537166164116054e-05,
    0.001911739457255305,
    -0.0032234072215218427,
    0.004150691398007846,
    -0.001963267649457974,
    -0.015034396769018634,
    -0.01172314347113125,
    0.0005824634714565683,
    0.001215297922800158,
    0.007235501198192,
    -0.0018506259377851705,
    0.0035592775045532065,
    0.005696450633888429,
    0.007613536556879053,
    -0.01319019353827226,
    0.011841232681934273,
    -0.0032677838362790233,
    -0.01109699471082957,
    0.0021819155740730985,
    0.0016273164182280036,
    0.00399731879721392,
    -0.02304192229234522,
    0.012707209295422083,
    0.009119161686955765,
    -0.002821387019128204,
    -0.007329051279384786,
    -0.0030716863360074685,
    0.0006235740812610888,
    0.0033466640010022565,
    5.0547410163444186e-05,
    -0.011383426163959189,
    -0.015022111495535808,
    -1.7590635239983932e-05,
    -0.008454484241669237,
    0.007455805673570208,
    0.0001500970717622709,
    -0.0012881667835604354,
    0.005075970916932264,
    -0.04227774572727366,
    -0.02129438972863502,
    -0.002808083728028838,
    0.03594218779515757,
    0.004002089131938745,
    -0.015706679028521298,
    0.02012307297837001,
    0.0023570960120107565,
    0.018801447373798182,
    -0.018129540318694348,
    -0.008864661101818118,
    0.012847445748252919,
    -0.0029468272093515786,
    -0.0641146610036493,
    0.015408505047880992,
    -0.0006084039351111781,
    -0.024044039061901924,
    0.007531560587625356,
    0.02368578814991076,
    -0.021720117690745017,
    0.0030356211368598174,
    0.025383807109239053,
    -0.012385557549420185,
    0.015193587738919113,
    0.004134977274223539,
    -0.006366783873791353,
    -0.0025847449544571036,
    -0.0047241242784745625,
    -0.01358047537574454,
    0.04016293296016652,
    -0.015352118131012399,
    0.05363747912504032
  ],
  "val_sse_masked": 0.00023697424330748618,
  "val_nrmse_masked": 0.0419015996158123,
  "val_mse_masked": 7.899141564848833e-06,
  "val_r2_masked": 0.9982436895370483,
  "val_sse_full": 0.00023716526629868895,
  "val_nrmse_full": 0.04191848635673523,
  "val_mse_full": 7.905508937255945e-06,
  "val_r2_full": 0.9982422590255737,
  "iteration": 426,
  "p_lo_eff": 0.12967753410339355,
  "p_hi_eff": 1.9451630115509033,
  "f_lo_eff": 0.20659340918064117,
  "f_hi_eff": 1.6527472734451294
}