{
  "tag": "275_df0788bc",
  "lmb1": 0.0037693769689895068,
  "lmb2": 0.029166831577903365,
  "nonzero_count": 21,
  "complexity_norm": 0.1693548387096774,
  "train_gen_window": 0.12665806746702,
  "generalizability": 0.1415997908189246,
  "equation": "0.044622 E^{0.5} n P^{-0.5} - 0.0037046 P^{-1} F dT_{e} - 3.5455 \\cdot 10^{-5} P^{-1} F dT_{i} - 0.0099213 P^{-1} F dn - 0.0037276 T_{e}^{0.5} P^{-1} dn - 0.0022086 T_{e}^{0.5} T_{i}^{0.5} F dn - 0.011032 T_{e}^{0.5} T_{i}^{0.5} dn - 0.002174 T_{e}^{0.5} T_{i} dn - 0.0019703 T_{e}^{0.5} dn - 0.00028763 T_{e} T_{i} dn - 0.0090767 T_{e} dn - 0.00014463 T_{i}^{0.5} F dn - 0.007906 T_{i}^{0.5} P^{-1} dn - 0.0050806 T_{i}^{0.5} dn - 0.0013842 T_{i} dn + 0.00029376 n^{-1} P^{-1} dn + 0.0036691 n E^{0.5} T_{e}^{0.5} T_{i} + 0.0008958 n E^{0.5} T_{i} + 0.0033139 n E P^{-1} + 0.0088407 n E T_{e}^{0.5} T_{i}^{0.5} + 0.0033164 n E T_{i}^{0.5}",
  "coefficients": [
    0.08853770549516188,
    0.0006723413864187767,
    4.2945468061576615e-06,
    -1.0753738855225534e-06,
    2.840181185466225e-05,
    1.0315015572798797e-05,
    4.28806590372751e-06,
    1.6451636708187234e-05,
    4.359908446187398e-06,
    -0.0012570356438455787,
    -2.073499006642858e-06,
    -4.916161249005285e-07,
    -9.985467857978615e-07,
    -1.411621280166578e-06,
    -1.5749921258874657e-06,
    -1.9446494208773822e-06,
    -1.0230754526014028e-06,
    -1.3989581652300383e-06,
    -1.5484527800137072e-06,
    -1.1448681665714834e-06,
    -1.9584112346241935e-06,
    -1.177445659192057e-06,
    -2.0176204546003997e-06,
    -9.683917725805925e-07,
    -3.1005800860198396e-06,
    -1.167074026733951e-06,
    -2.361730025439088e-06,
    -0.004012150093133181,
    -6.376040842949426e-07,
    -5.187542552549699e-07,
    -6.213021233817041e-07,
    -2.2649176007691953e-07,
    -3.1619510709337826e-07,
    -7.080732541575143e-08,
    1.7394938232599506e-07,
    2.4591270335912976e-08,
    1.9007998192451137e-07,
    -2.6958204444437438e-06,
    -6.053674345488135e-07,
    -3.173536970278194e-07,
    -1.9762605580309564e-07,
    2.1555807172909012e-07,
    -5.266608752354829e-07,
    -1.1891947566955356e-07,
    2.518050864848404e-07,
    -0.01254045473112568,
    -3.0430356766413007e-06,
    1.4441901625951882e-06,
    -0.008477157340878233,
    -0.004027591539910928,
    -0.00017716762494019247,
    9.654728406974887e-07,
    -1.4029250103631946e-06,
    -0.001310236577387855,
    8.548197049827943e-07,
    -0.0033601054847866682,
    -0.0012991381844301517,
    -4.732613820227707e-06,
    -2.0718867857104906e-06,
    -0.008435446321363482,
    -0.0026233584496321303,
    7.78088740286528e-07,
    -0.0020128580032563437,
    -1.456230890483997e-06,
    -0.005769278531972505,
    -8.613780437739885e-06,
    -0.0002639343574171767,
    3.4649816541630166e-06,
    8.709095205380817e-07,
    3.738205486638216e-06,
    2.8869230152087043e-06,
    1.0359536893458683e-06,
    -4.604558019255864e-06,
    0.0006286660746282016,
    8.039739800069767e-07,
    4.468216226483742e-06,
    0.0025084138235738087,
    1.3410649794623496e-06,
    6.695313678160163e-06,
    0.0015819838264783856,
    1.567332002491115e-06,
    -1.4209173713099588e-06,
    0.0013836905729676244,
    4.896552947398981e-06,
    1.2649380075591724e-05,
    0.0035750668819004993,
    0.02190701947802427
  ],
  "val_sse_masked": 0.0044372063130140305,
  "val_nrmse_masked": 0.18131546676158905,
  "val_mse_masked": 0.00014790688874199986,
  "val_r2_masked": 0.967113733291626,
  "val_sse_full": 0.004398610442876816,
  "val_nrmse_full": 0.18052518367767334,
  "val_mse_full": 0.00014662035391665995,
  "val_r2_full": 0.9673997759819031,
  "iteration": 275,
  "p_lo_eff": 0.12967753410339355,
  "p_hi_eff": 1.9451630115509033,
  "f_lo_eff": 0.20659340918064117,
  "f_hi_eff": 1.6527472734451294
}