{
  "tag": "313_b73ebb5e",
  "lmb1": 0.008284645177374638,
  "lmb2": 2.996913861093321e-07,
  "nonzero_count": 4,
  "complexity_norm": 0.03225806451612903,
  "train_gen_window": 0.14583106286114117,
  "generalizability": 0.15599995658571186,
  "equation": "0.057708 E^{0.5} n P^{-0.5} - 0.014917 P^{-1} F dn - 0.038468 T_{e}^{0.5} T_{i}^{0.5} dn - 0.0005134 T_{i}^{0.5} P^{-1} dn",
  "coefficients": [
    0.0885377058873753,
    2.9377678740808133e-07,
    1.8877351251917995e-07,
    -1.021362368812118e-07,
    2.1568864217299482e-07,
    1.3067077489571084e-07,
    1.9516554531564384e-07,
    1.9870467693722279e-07,
    2.0115479312877603e-07,
    -1.178397601238722e-07,
    -4.931652154384883e-08,
    3.6267817975405306e-09,
    -1.9441439791159345e-08,
    -3.828985360538279e-08,
    -3.5871841359107636e-08,
    -4.264311033055839e-08,
    -2.2975353807134164e-08,
    -4.0699483764007325e-08,
    -3.652122967182283e-08,
    -2.7875783935662357e-08,
    -4.2691626849256133e-08,
    -2.701860712332174e-08,
    -5.1825276096700244e-08,
    -2.6617895684571045e-08,
    -6.226596966043887e-08,
    -2.7606762322176473e-08,
    -6.010010778905309e-07,
    -6.092799217215815e-07,
    -2.1811584211245363e-07,
    -1.8491319402581232e-07,
    -2.510329279350219e-07,
    -1.5656238809683294e-07,
    -1.684774914041812e-07,
    -1.0910902154423645e-07,
    -7.161923635457322e-08,
    -9.319217795212521e-08,
    -5.4017703159503354e-08,
    -7.029666656797068e-07,
    -2.1088204711708418e-07,
    -1.7162175816302207e-07,
    -1.1600661694698675e-07,
    -6.54553724844786e-08,
    -2.2197143192855412e-07,
    -1.3599110310304078e-07,
    -5.994139984246695e-08,
    -0.01885443345679437,
    -4.2615803696119215e-07,
    -3.6592352836270488e-09,
    -0.0005504839763374337,
    -2.516942723214323e-06,
    -1.0824891474151047e-06,
    -1.967610317352722e-08,
    -2.686349546656536e-07,
    -1.5684352052203378e-06,
    -2.5676178068228777e-08,
    -1.9756571044538824e-06,
    -1.304221292298235e-06,
    -5.274156995636381e-07,
    -3.9521667453191686e-07,
    -0.029413751411669964,
    -1.6997788400848644e-06,
    -2.770051097408102e-08,
    -1.7132210790751815e-06,
    -3.030093331758934e-07,
    -2.99461762599594e-06,
    -6.506908900076512e-07,
    -1.2295190402392837e-06,
    3.0032961077677734e-07,
    1.6944623060287452e-07,
    4.488131014316156e-07,
    3.860669280605136e-07,
    2.0336437633872716e-07,
    -2.9746530333291898e-08,
    1.5744076702142834e-06,
    1.493431728193869e-07,
    4.855393441583424e-07,
    3.3197448989056665e-06,
    2.2391944287648862e-07,
    5.893311715320836e-07,
    1.7846053461698118e-06,
    3.082381771705304e-07,
    5.47967811313204e-09,
    3.5416339338323935e-06,
    1.998712649025077e-06,
    8.766734972368766e-07,
    4.843353311422646e-05,
    0.02833167871919624
  ],
  "val_sse_masked": 0.005683946423232555,
  "val_nrmse_masked": 0.20521308481693268,
  "val_mse_masked": 0.00018946488853543997,
  "val_r2_masked": 0.9578735828399658,
  "val_sse_full": 0.005656203720718622,
  "val_nrmse_full": 0.2047116607427597,
  "val_mse_full": 0.00018854012887459248,
  "val_r2_full": 0.9580791592597961,
  "iteration": 313,
  "p_lo_eff": 0.12967753410339355,
  "p_hi_eff": 1.9451630115509033,
  "f_lo_eff": 0.20659340918064117,
  "f_hi_eff": 1.6527472734451294
}