{
  "tag": "296_ac449cc1",
  "lmb1": 0.0003564045370240568,
  "lmb2": 6.232752101301562e-06,
  "nonzero_count": 21,
  "complexity_norm": 0.1693548387096774,
  "train_gen_window": 0.05068497105201234,
  "generalizability": 0.04985415783580143,
  "equation": "0.053501 E^{0.5} n P^{-0.5} + 8.672 \\cdot 10^{-6} F dT_{i} - 0.0038954 P^{-1} F dT_{e} - 5.8081 \\cdot 10^{-5} P^{-1} F dT_{i} - 0.0032168 P^{-1} F dn + 0.00019699 P dn - 0.00013135 T_{e}^{0.5} P^{-1} dn + 7.5318 \\cdot 10^{-5} T_{e} T_{i}^{0.5} dT_{e} - 0.072183 T_{e} dn - 0.008841 T_{i}^{0.5} P^{-1} dn + 0.0021949 T_{i}^{0.5} P dn + 0.0069005 T_{i} P dn - 0.0035542 n^{-1} F dn + 0.0010843 n^{-1} P^{-1} dn + 0.00012026 n^{-1} dn - 0.0025679 n E^{0.5} T_{e}^{0.5} P^{-1} + 0.0011019 n E^{0.5} T_{e}^{0.5} T_{i} - 0.020933 n E^{0.5} T_{i}^{0.5} P + 0.00065481 n E^{0.5} T_{i} + 0.054 n E T_{e}^{0.5} T_{i}^{0.5} + 0.0005355 n E T_{i}^{0.5}",
  "coefficients": [
    0.08853770250837945,
    0.002481545835786385,
    0.00018020787366605293,
    -0.0018088740165017908,
    7.119221249699418e-07,
    -6.101789302549399e-06,
    1.0763874331020038e-05,
    -2.794914938772067e-06,
    2.639680410013717e-06,
    -0.002059240516548569,
    5.056128218410626e-06,
    0.00013644549325211164,
    1.1495993491109578e-05,
    -2.0872369566779236e-06,
    2.3735984546785794e-06,
    4.469229839763308e-06,
    -6.064399648427812e-07,
    -1.8655302138825223e-06,
    2.7348014801104886e-06,
    1.9914951220994376e-06,
    5.150871687531464e-06,
    6.523780765048634e-07,
    7.033844515364005e-06,
    1.442105120808954e-05,
    9.350775013182164e-06,
    7.351952036355303e-07,
    3.625746425218178e-06,
    -0.004218826466293715,
    1.0177182283440674e-05,
    2.15774961477951e-05,
    2.2319538059324242e-05,
    5.343873252086633e-05,
    6.075794475587134e-05,
    3.23680003448107e-05,
    2.610136310974654e-05,
    3.335111593458908e-05,
    8.072433700388137e-06,
    2.60538622901538e-06,
    1.9976921656864915e-05,
    4.2082776280575595e-05,
    8.93135065678872e-06,
    2.2668332753348862e-05,
    2.5636825657878635e-05,
    0.00036746059636103055,
    1.9740084711491403e-05,
    -0.004065975198388477,
    -6.1396120883335525e-06,
    0.00022793349210392506,
    -0.00947962517362522,
    -2.7736933034755065e-05,
    -1.6970205041151828e-05,
    0.0028663629939594953,
    1.310521301717623e-07,
    -2.3479806971770785e-05,
    0.010325257480935926,
    -0.00011840351843608268,
    -5.538360162522799e-05,
    -8.26748597509563e-06,
    -1.51115010671175e-06,
    -9.451043870359536e-05,
    -2.27039116664991e-05,
    6.459126975309342e-05,
    -4.412290107652819e-05,
    1.527675638554514e-07,
    -0.04588060612233573,
    -9.745135030969654e-06,
    -5.192114490215763e-05,
    -1.936187530420349e-06,
    2.140863897272632e-07,
    1.1111235749864889e-06,
    1.222306687660204e-05,
    -6.185641361621368e-06,
    -0.021711611731764408,
    0.0004595423393896069,
    -0.002272838548479301,
    1.4330804808889765e-05,
    0.0007533174483296213,
    6.623271114346416e-07,
    1.3022753894198122e-05,
    2.1643520793635426e-05,
    3.1303097351542783e-07,
    -4.4164993745241836e-05,
    0.00022342724065824748,
    7.984338656975329e-05,
    4.879601584592845e-05,
    0.021836741016716083,
    0.026266157847027273
  ],
  "val_sse_masked": 0.0007778649451211095,
  "val_nrmse_masked": 0.07591579854488373,
  "val_mse_masked": 2.5928833565558307e-05,
  "val_r2_masked": 0.9942348599433899,
  "val_sse_full": 0.0007607053266838193,
  "val_nrmse_full": 0.07507378607988358,
  "val_mse_full": 2.5356845071655698e-05,
  "val_r2_full": 0.9943620562553406,
  "iteration": 296,
  "p_lo_eff": 0.12967753410339355,
  "p_hi_eff": 1.9451630115509033,
  "f_lo_eff": 0.20659340918064117,
  "f_hi_eff": 1.6527472734451294
}