{
  "tag": "101_5ee6b2b7",
  "lmb1": 0.0012414083602749035,
  "lmb2": 3.632901932919549e-08,
  "nonzero_count": 14,
  "complexity_norm": 0.11290322580645161,
  "train_gen_window": 0.07607659336478209,
  "generalizability": 0.07605621407804007,
  "equation": "0.060684 E^{0.5} n P^{-0.5} - 0.003878 P^{-1} F dT_{e} - 6.7795 \\cdot 10^{-5} P^{-1} F dT_{i} - 0.0019474 P^{-1} F dn - 0.00037694 T_{e}^{0.5} T_{i}^{0.5} F dn - 0.0082093 T_{e}^{0.5} T_{i}^{0.5} dn - 0.046064 T_{e} dn - 0.011164 T_{i}^{0.5} P^{-1} dn + 0.0010753 T_{i} P dn + 0.00030361 n^{-1} P^{-1} dn + 0.0069831 n E^{0.5} T_{e}^{0.5} T_{i} - 0.019534 n E^{0.5} T_{i}^{0.5} P + 0.00020156 n E^{0.5} T_{i} + 0.033262 n E T_{e}^{0.5} T_{i}^{0.5}",
  "coefficients": [
    0.08853770420171997,
    0.0006948682116248564,
    2.6424235225335456e-05,
    -3.4800472108317e-06,
    5.529307766169432e-05,
    1.2856206472710604e-05,
    1.019357474283246e-05,
    1.2841472724444534e-05,
    6.050111618259298e-06,
    -0.002403652374846077,
    -3.773890772166916e-06,
    -3.1991565777704435e-07,
    -3.1673438405514006e-06,
    -2.662571138375725e-06,
    -3.909829071551152e-06,
    -7.641662664514213e-06,
    -2.6913874667068272e-06,
    -2.4956002298349705e-06,
    -3.542718823720499e-06,
    -2.235354028155336e-06,
    -6.851436886610895e-06,
    -3.348154098870681e-06,
    -2.975505666435743e-06,
    -1.1034115408506528e-06,
    -7.817793569520707e-06,
    -3.1285704078039943e-06,
    -2.2747295700806874e-06,
    -0.004199916992965147,
    -3.347479787458135e-07,
    -1.3435461077122035e-07,
    -5.510486628237017e-07,
    5.985160573359542e-07,
    1.197818082378894e-07,
    5.093921172312752e-07,
    1.6886082581145162e-06,
    8.334275423975379e-07,
    1.6950751944007252e-06,
    -2.4159151052558837e-06,
    -2.1248010436162877e-07,
    1.6320457254366137e-07,
    4.0352615044004677e-07,
    1.8509888908507858e-06,
    2.0192715245242735e-07,
    1.069882343951276e-06,
    1.9832563950236644e-06,
    -0.0024615149062797935,
    -5.751250263330908e-06,
    4.5373297652631405e-05,
    -0.011970751205138701,
    -2.0385063574335878e-05,
    -3.245370011167896e-05,
    2.707286207843299e-05,
    -2.2003748309035894e-06,
    -8.820739597212636e-06,
    0.0016089900389275997,
    -9.523182132529219e-06,
    -2.4225212454024513e-05,
    -7.824441876883079e-06,
    -2.5384464391822443e-06,
    -0.006277088892161955,
    -0.0004477322081289443,
    1.1903500389589892e-05,
    -1.177233121634299e-05,
    -1.1550888116404305e-06,
    -0.02927936064958403,
    -1.00507738894022e-05,
    -1.1221462872520232e-05,
    1.7932956405356913e-07,
    1.5344776843933285e-06,
    1.2425278893945672e-06,
    6.088870683977085e-06,
    1.5563649975865644e-06,
    -0.020260395706984565,
    0.00014144972627427703,
    -2.3087272471778548e-06,
    7.295619277442687e-06,
    0.004774057440497585,
    1.7486546916063254e-06,
    7.212358378395046e-06,
    5.237849911774378e-06,
    3.0500964654961186e-06,
    -1.212506474742789e-05,
    6.246077325183787e-05,
    7.589101811778112e-06,
    1.5088566536319876e-05,
    0.01345070234393805,
    0.029792983905908954
  ],
  "val_sse_masked": 0.0013803034089505672,
  "val_nrmse_masked": 0.10112705826759338,
  "val_mse_masked": 4.6010118239792064e-05,
  "val_r2_masked": 0.9897699356079102,
  "val_sse_full": 0.0013346488121896982,
  "val_nrmse_full": 0.0994405597448349,
  "val_mse_full": 4.4488297135103494e-05,
  "val_r2_full": 0.9901082515716553,
  "iteration": 101,
  "p_lo_eff": 0.12967753410339355,
  "p_hi_eff": 1.9451630115509033,
  "f_lo_eff": 0.20659340918064117,
  "f_hi_eff": 1.6527472734451294
}