{
  "tag": "170_e3cf1fa0",
  "lmb1": 1.8277164559708624e-06,
  "lmb2": 0.023070449121436645,
  "nonzero_count": 78,
  "complexity_norm": 0.6290322580645161,
  "train_gen_window": 0.05989886957294774,
  "generalizability": 0.044829753484036464,
  "equation": "0.024122 E^{0.5} n P^{-0.5} + 0.0012941 F dT_{e} + 0.0003 F dT_{i} - 0.0027338 F dn - 0.003432 P^{-1} F dT_{e} - 0.00014874 P^{-1} F dT_{i} - 0.0044284 P^{-1} F dn - 7.6746 \\cdot 10^{-5} P^{-1} dT_{e} + 5.8641 \\cdot 10^{-5} P F dT_{i} + 0.0027284 P dn + 0.0009888 T_{e}^{0.5} F dT_{e} - 0.0032475 T_{e}^{0.5} F dn - 8.3102 \\cdot 10^{-5} T_{e}^{0.5} P^{-1} dT_{e} - 0.0077145 T_{e}^{0.5} P^{-1} dn + 2.1321 \\cdot 10^{-6} T_{e}^{0.5} T_{i}^{0.5} F dT_{i} - 0.0021404 T_{e}^{0.5} T_{i}^{0.5} F dn - 1.4417 \\cdot 10^{-6} T_{e}^{0.5} T_{i}^{0.5} P^{-1} dT_{i} + 0.00079606 T_{e}^{0.5} T_{i}^{0.5} P^{-1} dn + 3.3666 \\cdot 10^{-5} T_{e}^{0.5} T_{i}^{0.5} P dT_{e} + 0.0035763 T_{e}^{0.5} T_{i}^{0.5} P dn - 0.0071003 T_{e}^{0.5} T_{i}^{0.5} dn - 7.5774 \\cdot 10^{-8} T_{e}^{0.5} T_{i} dT_{i} - 0.0009614 T_{e}^{0.5} T_{i} dn - 0.012922 T_{e}^{0.5} dn + 9.6312 \\cdot 10^{-5} T_{e} F dT_{i} - 0.0034827 T_{e} F dn + 0.00045127 T_{e} P^{-1} dn + 5.6015 \\cdot 10^{-6} T_{e} P dT_{i} + 5.5991 \\cdot 10^{-5} T_{e} T_{i}^{0.5} dT_{e} - 1.6014 \\cdot 10^{-5} T_{e} T_{i} dT_{e} - 0.00070772 T_{e} T_{i} dn + 0.00026626 T_{e} dT_{e} - 0.01429 T_{e} dn - 0.0018893 T_{i}^{0.5} F dn + 0.00012499 T_{i}^{0.5} P^{-1} dT_{e} - 1.9958 \\cdot 10^{-6} T_{i}^{0.5} P^{-1} dT_{i} - 0.0049914 T_{i}^{0.5} P^{-1} dn - 6.8986 \\cdot 10^{-7} T_{i}^{0.5} P dT_{i} + 0.0036169 T_{i}^{0.5} P dn + 0.00019764 T_{i}^{0.5} dT_{e} - 8.4506 \\cdot 10^{-7} T_{i}^{0.5} dT_{i} - 0.0060855 T_{i}^{0.5} dn - 6.5033 \\cdot 10^{-5} T_{i} F dT_{e} - 2.3919 \\cdot 10^{-7} T_{i} F dT_{i} + 4.5568 \\cdot 10^{-6} T_{i} P^{-1} dT_{e} + 0.0019984 T_{i} P^{-1} dn + 5.5699 \\cdot 10^{-5} T_{i} P dT_{e} + 0.0045515 T_{i} P dn + 2.4458 \\cdot 10^{-5} T_{i} dT_{e} - 0.0006633 T_{i} dn - 6.5212 \\cdot 10^{-6} dT_{i} - 0.019751 n^{-1} F dn + 0.0017922 n^{-1} P^{-1} dn + 0.00025607 n^{-1} T_{e}^{0.5} T_{i}^{0.5} dn + 0.001337 n^{-1} T_{e}^{0.5} dn + 0.00089315 n^{-1} T_{e} dn + 0.00042219 n^{-1} T_{i}^{0.5} dn + 1.085 \\cdot 10^{-5} n^{-1} T_{i} dn + 0.0018147 n^{-1} dn + 0.0015014 n E^{0.5} + 0.0047946 n E^{0.5} P^{-1} - 0.0042556 n E^{0.5} T_{e}^{0.5} P^{-1} + 0.0046087 n E^{0.5} T_{e}^{0.5} T_{i}^{0.5} + 0.0034489 n E^{0.5} T_{e}^{0.5} T_{i} + 0.0031909 n E^{0.5} T_{e} + 0.0045219 n E^{0.5} T_{e} T_{i}^{0.5} + 0.0037825 n E^{0.5} T_{i}^{0.5} - 0.0055869 n E^{0.5} T_{i}^{0.5} F + 0.0011346 n E^{0.5} T_{i}^{0.5} P^{-1} - 0.010645 n E^{0.5} T_{i}^{0.5} P + 0.0033639 n E^{0.5} T_{i} - 0.00057899 n E F + 0.008187 n E P^{-1} - 0.0070306 n E P + 0.020834 n E T_{e}^{0.5} + 0.01262 n E T_{e}^{0.5} T_{i}^{0.5} + 0.01253 n E T_{i}^{0.5} + 0.0033542 n E T_{i}",
  "coefficients": [
    0.08853770636082497,
    0.004101731360309631,
    0.002719259969137959,
    -0.010051957921970304,
    0.0017948896779610645,
    0.00020385430207129794,
    0.002051623647535048,
    0.0012419049218554473,
    0.0014696159821990537,
    -0.005273421835164932,
    -0.0003916543700085628,
    0.004720250408961655,
    0.000911046587865812,
    -0.0008904810364715504,
    -0.0003215822017204502,
    -0.00029108722228299386,
    -0.00016466062226435686,
    -0.0007996573874693188,
    -7.688875769147727e-05,
    0.0002567056768918493,
    9.25705676938283e-05,
    -0.00024119806990999205,
    9.06888992767349e-05,
    0.00230271139137248,
    0.0005301311658620694,
    -2.7435261404722654e-05,
    -0.00013684870944519418,
    -0.0037169333093928524,
    3.598783810912151e-05,
    0.00048729728853259607,
    0.0007111027909220153,
    0.000757349318315159,
    6.007209600013231e-05,
    0.00011029735812597514,
    0.0004216122377436503,
    -0.0003346573639267671,
    0.0009870437271745909,
    -0.00017012578317868177,
    0.00041122935863582605,
    -6.012098114051897e-05,
    0.0001482788291729581,
    2.2724465061656077e-05,
    0.00038817460069471513,
    0.0002731680173690635,
    -0.00037834120864251464,
    -0.00559743204945608,
    -0.002924733530880564,
    0.003156870756747182,
    -0.005351988021803693,
    -0.004824245530440622,
    -0.002314360160078058,
    0.004723316512801795,
    0.0031168462563380813,
    -0.0006278760849210158,
    0.006810517922989083,
    -0.006953946684888751,
    -0.00852043964336203,
    -0.0033573611810784735,
    0.0009823043018808366,
    -0.005429082493617588,
    -0.0025424009238564768,
    0.004461152567175791,
    -0.0008901479340639056,
    0.00047120764581595363,
    -0.00908300574717351,
    -0.0034888277117552536,
    -0.0006494222736482737,
    0.0036657734949195014,
    0.0008287382544854456,
    0.001068701264822728,
    0.0023332452109651913,
    -0.005551197463537959,
    -0.011040810577426275,
    0.0023607224146531226,
    -0.0037666453195063887,
    0.0027484811358760393,
    0.0023578551295809894,
    0.0016408289209151258,
    0.00262222106798777,
    0.003908350682770409,
    -0.0003305402914199375,
    -0.00427083924026528,
    0.005227881431037459,
    0.0017435378433997219,
    0.007310790368285957,
    0.005103185049872706,
    0.01184281354286833
  ],
  "val_sse_masked": 0.0007912073051556945,
  "val_nrmse_masked": 0.07656410336494446,
  "val_mse_masked": 2.6373578293714672e-05,
  "val_r2_masked": 0.9941359758377075,
  "val_sse_full": 0.0007927505648694932,
  "val_nrmse_full": 0.07663873583078384,
  "val_mse_full": 2.6425021133036353e-05,
  "val_r2_full": 0.9941245317459106,
  "iteration": 170,
  "p_lo_eff": 0.12967753410339355,
  "p_hi_eff": 1.9451630115509033,
  "f_lo_eff": 0.20659340918064117,
  "f_hi_eff": 1.6527472734451294
}