{
  "tag": "298_52737abf",
  "lmb1": 7.99386018381983e-06,
  "lmb2": 1.7545232139847585e-07,
  "nonzero_count": 79,
  "complexity_norm": 0.6370967741935484,
  "train_gen_window": 0.02771899973096467,
  "generalizability": 0.02665925050654349,
  "equation": "0.12016 E^{0.5} n P^{-0.5} + 0.0017707 F dT_{i} - 0.0009004 F dn - 0.00087409 P^{-1} F dT_{e} + 5.5064 \\cdot 10^{-5} P^{-1} F dT_{i} + 0.00013431 P^{-1} F dn + 0.00038152 P^{-1} dT_{e} + 1.4238 \\cdot 10^{-5} P F dT_{i} - 0.0013817 P dn - 0.0065221 T_{e}^{0.5} F dT_{e} - 0.0023081 T_{e}^{0.5} F dn + 0.00014266 T_{e}^{0.5} P^{-1} dT_{e} - 0.052849 T_{e}^{0.5} P^{-1} dn + 0.0029761 T_{e}^{0.5} T_{i}^{0.5} F dT_{e} - 4.0963 \\cdot 10^{-6} T_{e}^{0.5} T_{i}^{0.5} F dT_{i} - 0.010334 T_{e}^{0.5} T_{i}^{0.5} F dn - 1.0027 \\cdot 10^{-6} T_{e}^{0.5} T_{i}^{0.5} P^{-1} dT_{i} + 0.019495 T_{e}^{0.5} T_{i}^{0.5} P^{-1} dn + 0.00083495 T_{e}^{0.5} T_{i}^{0.5} P dT_{e} + 2.5774 \\cdot 10^{-6} T_{e}^{0.5} T_{i}^{0.5} P dT_{i} + 0.0033139 T_{e}^{0.5} T_{i}^{0.5} P dn + 0.00053229 T_{e}^{0.5} T_{i}^{0.5} dn - 0.0001088 T_{e}^{0.5} T_{i} dT_{e} - 9.3357 \\cdot 10^{-8} T_{e}^{0.5} T_{i} dT_{i} + 0.0016753 T_{e}^{0.5} T_{i} dn - 0.060537 T_{e}^{0.5} dn - 2.7836 \\cdot 10^{-5} T_{e} F dT_{i} - 0.0059071 T_{e} F dn + 0.023896 T_{e} P^{-1} dn + 2.6443 \\cdot 10^{-5} T_{e} P dT_{i} - 0.0004106 T_{e} T_{i}^{0.5} dT_{e} - 6.5199 \\cdot 10^{-5} T_{e} T_{i} dT_{e} + 0.0087818 T_{e} T_{i} dn - 0.0039096 T_{e} dT_{e} - 0.00032202 T_{e} dT_{i} - 0.0062787 T_{e} dn + 0.0017763 T_{i}^{0.5} F dT_{e} - 0.0015921 T_{i}^{0.5} F dn + 0.0014229 T_{i}^{0.5} P^{-1} dT_{e} - 3.5531 \\cdot 10^{-6} T_{i}^{0.5} P^{-1} dT_{i} - 0.0019609 T_{i}^{0.5} P^{-1} dn + 1.3994 \\cdot 10^{-6} T_{i}^{0.5} P dT_{i} + 0.00048232 T_{i}^{0.5} P dn - 0.00019147 T_{i}^{0.5} dT_{e} - 6.0445 \\cdot 10^{-7} T_{i}^{0.5} dT_{i} + 0.00031685 T_{i}^{0.5} dn + 7.8495 \\cdot 10^{-5} T_{i} F dT_{e} - 1.2025 \\cdot 10^{-6} T_{i} F dT_{i} - 0.00010329 T_{i} P^{-1} dn + 2.0137 \\cdot 10^{-5} T_{i} P dT_{e} + 0.011169 T_{i} P dn - 0.00019103 T_{i} dT_{e} + 0.0011056 T_{i} dn - 8.2955 \\cdot 10^{-5} dT_{i} - 0.00065406 n^{-1} F dn + 0.0033119 n^{-1} P^{-1} dn - 0.000375 n^{-1} T_{e}^{0.5} T_{i}^{0.5} dn - 0.00050734 n^{-1} T_{e}^{0.5} dn - 0.00063382 n^{-1} T_{e} dn - 4.021 \\cdot 10^{-5} n^{-1} T_{i}^{0.5} dn - 0.00060662 n^{-1} T_{i} dn - 0.13215 n E^{0.5} - 0.0023463 n E^{0.5} P^{-1} - 0.024919 n E^{0.5} T_{e}^{0.5} P^{-1} + 0.0010497 n E^{0.5} T_{e}^{0.5} T_{i}^{0.5} + 0.064332 n E^{0.5} T_{e}^{0.5} T_{i} + 0.004019 n E^{0.5} T_{e} T_{i}^{0.5} + 0.00046607 n E^{0.5} T_{i}^{0.5} - 0.024097 n E^{0.5} T_{i}^{0.5} F + 0.0069672 n E^{0.5} T_{i}^{0.5} P^{-1} + 0.0054978 n E^{0.5} T_{i}^{0.5} P + 0.024177 n E^{0.5} T_{i} - 0.00078141 n E F + 0.016162 n E P^{-1} - 0.0015076 n E P + 0.063451 n E T_{e}^{0.5} - 0.0027907 n E T_{e}^{0.5} T_{i}^{0.5} - 0.0011356 n E T_{i}^{0.5} - 0.043567 n E T_{i}",
  "coefficients": [
    0.08853771210943046,
    0.007580075130213401,
    -4.5079034814619076e-05,
    -0.00033288168936871385,
    -0.0001709455381149527,
    -0.01139763400524718,
    -0.0007785129342452484,
    -0.0018187340670439119,
    -0.0010428953180061848,
    0.0019522863957281388,
    -0.004982181101122627,
    0.027860183802329228,
    0.00022119870154495912,
    -0.0015853281712669715,
    -0.00023002022887086803,
    0.0005904801131328037,
    -0.0008277766368383141,
    -0.0005561679484889702,
    -5.3980657626610416e-05,
    -0.0004931844690119127,
    0.001262611947474553,
    -0.0002971669780449381,
    -0.028123300535275578,
    -0.0006655247379762938,
    0.00250263999071148,
    -3.399163583514862e-05,
    0.0006803070168425028,
    -0.0009466639730802501,
    6.807188281995479e-05,
    2.4513104598429297e-05,
    0.008095356554827971,
    -0.0007336702886758679,
    0.0021234837432195243,
    8.373724068084376e-05,
    -0.003293106170450561,
    0.0004039302828267856,
    0.000356846722736173,
    0.00029204878609072706,
    -0.0027124358932032796,
    0.004047131882217603,
    0.0036774939544131605,
    -0.0021851776221604034,
    -0.005699776822833436,
    -0.002003256342199332,
    -0.0015403798972611865,
    0.00016976509229582414,
    -0.0009632927312946886,
    -0.0015987058753248098,
    -0.002102568650279871,
    0.00025118527301505725,
    -0.0019503336835094154,
    0.0006298667063394689,
    -0.00016109074472582866,
    0.0010465166457897057,
    0.0167122605172889,
    -0.047639277091252645,
    -0.0399156170940263,
    -0.00238623530698601,
    0.02405620995943062,
    0.0004070010529840613,
    -0.012274371669974896,
    0.004133773174784958,
    0.0015511594094648074,
    0.02495210923962856,
    -0.00399086336824666,
    -0.005917440752470585,
    0.008058443523053734,
    -0.0017939144752642485,
    -0.07294761430658965,
    0.0065624418485957774,
    0.00028748993375938203,
    -0.023943441993286102,
    0.005702295434009792,
    0.01696741217015622,
    -0.022055786131437532,
    0.0006260324157444681,
    0.04398066200780838,
    -9.635678738440141e-05,
    0.0023305644174238093,
    0.00771559523033679,
    -0.00044609733730749726,
    -0.0009158230330928483,
    -0.00047379632236905947,
    -0.02264656025453192,
    0.022265534569622044,
    -0.0011285047311759737,
    0.0589930735023682
  ],
  "val_sse_masked": 0.00023689205409027636,
  "val_nrmse_masked": 0.0418943352997303,
  "val_mse_masked": 7.896402166807093e-06,
  "val_r2_masked": 0.9982442855834961,
  "val_sse_full": 0.00023788760881870985,
  "val_nrmse_full": 0.04198227450251579,
  "val_mse_full": 7.929587809485383e-06,
  "val_r2_full": 0.998236894607544,
  "iteration": 298,
  "p_lo_eff": 0.12967753410339355,
  "p_hi_eff": 1.9451630115509033,
  "f_lo_eff": 0.20659340918064117,
  "f_hi_eff": 1.6527472734451294
}