{
  "tag": "444_2f85e7b8",
  "lmb1": 0.000216547246803067,
  "lmb2": 7.422135345835296e-08,
  "nonzero_count": 27,
  "complexity_norm": 0.21774193548387097,
  "train_gen_window": 0.04621315483055367,
  "generalizability": 0.04468786753920035,
  "equation": "0.057724 E^{0.5} n P^{-0.5} + 7.9521 \\cdot 10^{-5} F dT_{i} - 0.0038168 P^{-1} F dT_{e} - 7.1908 \\cdot 10^{-5} P^{-1} F dT_{i} - 0.0035218 P^{-1} F dn + 0.0002542 P dn - 0.012184 T_{e}^{0.5} P^{-1} dn - 9.7688 \\cdot 10^{-5} T_{e}^{0.5} T_{i}^{0.5} F dn + 9.2725 \\cdot 10^{-5} T_{e}^{0.5} T_{i}^{0.5} P dn - 0.00019209 T_{e}^{0.5} T_{i}^{0.5} dn - 0.063539 T_{e} dn + 0.00014556 T_{i}^{0.5} F dT_{e} - 0.0018933 T_{i}^{0.5} P^{-1} dn + 0.00059275 T_{i}^{0.5} P dn + 0.00021249 T_{i}^{0.5} dT_{e} + 7.5085 \\cdot 10^{-6} T_{i} P^{-1} dT_{e} + 0.0081281 T_{i} P dn - 0.0093373 n^{-1} F dn + 0.0017166 n^{-1} P^{-1} dn + 0.0012364 n^{-1} dn - 0.0083294 n E^{0.5} T_{e}^{0.5} P^{-1} + 0.00026654 n E^{0.5} T_{e}^{0.5} T_{i} - 0.021028 n E^{0.5} T_{i}^{0.5} P + 0.00022753 n E^{0.5} T_{i} + 0.00036347 n E T_{e}^{0.5} + 0.05988 n E T_{e}^{0.5} T_{i}^{0.5} + 0.00080145 n E T_{i}^{0.5}",
  "coefficients": [
    0.0885377036834446,
    0.003928754528342165,
    0.001852772399826416,
    -0.004752162080475907,
    2.507012482864846e-06,
    -6.746943812383073e-06,
    2.7261598318979074e-05,
    -9.704955649176584e-07,
    1.0252547383123045e-05,
    -0.0025494832776096687,
    5.606038389420386e-06,
    0.0012511901811648233,
    1.8715426859514904e-05,
    -1.7088758648934164e-05,
    6.274424905467664e-07,
    1.114301250389564e-05,
    -8.259365724619212e-06,
    -1.7329778737027607e-05,
    5.509540994072051e-07,
    -2.744817519841634e-06,
    1.2342235608559826e-05,
    -3.3692741784058764e-06,
    6.4994011562280885e-06,
    1.8405864861038655e-05,
    2.0819158591990436e-05,
    -3.7417824716161825e-06,
    1.082173640729616e-05,
    -0.004133642717660897,
    1.0546064287873404e-05,
    5.3530852496770114e-05,
    8.595157697981317e-05,
    0.000814231882173101,
    0.00017400499779932524,
    0.00018174281967331822,
    4.368315088564078e-05,
    8.98458856447752e-05,
    1.0753202060836704e-05,
    6.8333834546913584e-06,
    3.518057283954776e-05,
    6.578076142327577e-05,
    5.258415746242472e-06,
    3.2235811817777274e-05,
    2.6843489143515006e-05,
    7.119374609916019e-05,
    2.420562406389336e-05,
    -0.004451494771502846,
    -1.0845530844100264e-05,
    0.00029411999632292837,
    -0.0020300610563431967,
    -3.7711342489051556e-05,
    -5.9259092377383307e-05,
    0.0007740795894321237,
    8.445536282755428e-06,
    -2.6592278673004972e-05,
    0.012162215950451234,
    -0.01098260295978361,
    -6.788446658463863e-05,
    -1.5569606883872444e-05,
    3.4982182388481317e-06,
    -0.00014687712259693476,
    -0.00011603474201615782,
    0.00011566540651770083,
    -4.265298623874594e-05,
    5.0767666210400005e-06,
    -0.04038664303960453,
    -1.8919398521190806e-05,
    -4.089097999938634e-05,
    4.94744088978708e-07,
    -8.545356163399373e-06,
    2.101111430277583e-06,
    1.1398216389691625e-05,
    -3.6111154467792405e-05,
    -0.02181015682453873,
    0.00015967643352724612,
    -0.007372381064926549,
    1.5219203274725485e-05,
    0.0001822189182015268,
    -4.870537393246369e-06,
    1.4796442576374266e-05,
    3.620943219988813e-05,
    -2.388151310113422e-06,
    -6.51097088954696e-05,
    0.00033439285611035544,
    6.507799538740977e-05,
    0.00012754572832789443,
    0.024214564054584567,
    0.028339545707345464
  ],
  "val_sse_masked": 0.0007021669298410416,
  "val_nrmse_masked": 0.07212739437818527,
  "val_mse_masked": 2.3405566025758162e-05,
  "val_r2_masked": 0.9947959184646606,
  "val_sse_full": 0.0006955481367185712,
  "val_nrmse_full": 0.07178664207458496,
  "val_mse_full": 2.318493898201268e-05,
  "val_r2_full": 0.9948449730873108,
  "iteration": 444,
  "p_lo_eff": 0.12967753410339355,
  "p_hi_eff": 1.9451630115509033,
  "f_lo_eff": 0.20659340918064117,
  "f_hi_eff": 1.6527472734451294
}