{
  "tag": "394_8d0984f2",
  "lmb1": 3.269112561286769e-08,
  "lmb2": 0.0005702635414481852,
  "nonzero_count": 86,
  "complexity_norm": 0.6935483870967742,
  "train_gen_window": 0.02500668976671068,
  "generalizability": 0.031444062038273025,
  "equation": "0.069172 E^{0.5} n P^{-0.5} - 0.0029503 F dT_{e} + 0.0016131 F dT_{i} - 0.0013066 F dn - 0.0035599 P^{-1} F dT_{e} + 1.2548 \\cdot 10^{-5} P^{-1} F dT_{i} + 0.00040918 P^{-1} F dn + 0.0010961 P^{-1} dT_{e} - 0.00036371 P F dT_{i} - 0.0051507 P dn - 0.014618 T_{e}^{0.5} F dT_{e} - 0.0055991 T_{e}^{0.5} F dn + 0.0022346 T_{e}^{0.5} P^{-1} dT_{e} - 0.028862 T_{e}^{0.5} P^{-1} dn + 0.0044329 T_{e}^{0.5} T_{i}^{0.5} F dT_{e} - 2.8729 \\cdot 10^{-5} T_{e}^{0.5} T_{i}^{0.5} F dT_{i} - 0.0093861 T_{e}^{0.5} T_{i}^{0.5} F dn - 1.0873 \\cdot 10^{-5} T_{e}^{0.5} T_{i}^{0.5} P^{-1} dT_{i} + 0.013809 T_{e}^{0.5} T_{i}^{0.5} P^{-1} dn + 0.0013724 T_{e}^{0.5} T_{i}^{0.5} P dT_{e} + 4.9321 \\cdot 10^{-6} T_{e}^{0.5} T_{i}^{0.5} P dT_{i} + 0.0056508 T_{e}^{0.5} T_{i}^{0.5} P dn - 3.9867 \\cdot 10^{-6} T_{e}^{0.5} T_{i}^{0.5} dT_{i} - 0.0035847 T_{e}^{0.5} T_{i}^{0.5} dn - 0.00023269 T_{e}^{0.5} T_{i} dT_{e} + 4.3983 \\cdot 10^{-7} T_{e}^{0.5} T_{i} dT_{i} + 0.0044146 T_{e}^{0.5} T_{i} dn - 0.018144 T_{e}^{0.5} dn + 0.00013415 T_{e} F dT_{i} - 0.008354 T_{e} F dn + 0.017253 T_{e} P^{-1} dn + 2.7547 \\cdot 10^{-5} T_{e} P dT_{i} - 0.0006016 T_{e} T_{i}^{0.5} dT_{e} - 0.00016209 T_{e} T_{i} dT_{e} + 9.536 \\cdot 10^{-7} T_{e} T_{i} dT_{i} + 0.0057554 T_{e} T_{i} dn - 0.0033113 T_{e} dT_{e} - 0.00011487 T_{e} dT_{i} - 0.024925 T_{e} dn + 0.0027042 T_{i}^{0.5} F dT_{e} - 0.0066001 T_{i}^{0.5} F dn + 0.0015119 T_{i}^{0.5} P^{-1} dT_{e} - 1.4255 \\cdot 10^{-5} T_{i}^{0.5} P^{-1} dT_{i} - 0.021154 T_{i}^{0.5} P^{-1} dn - 1.5227 \\cdot 10^{-6} T_{i}^{0.5} P dT_{i} + 0.0040657 T_{i}^{0.5} P dn - 0.001331 T_{i}^{0.5} dT_{e} - 9.1839 \\cdot 10^{-6} T_{i}^{0.5} dT_{i} + 0.00015901 T_{i}^{0.5} dn + 0.00025837 T_{i} F dT_{e} + 2.148 \\cdot 10^{-6} T_{i} F dT_{i} + 6.8733 \\cdot 10^{-5} T_{i} P^{-1} dT_{e} + 0.0066429 T_{i} P^{-1} dn + 0.00026501 T_{i} P dT_{e} + 0.007967 T_{i} P dn - 0.00031958 T_{i} dT_{e} + 0.005542 T_{i} dn + 0.00068305 dT_{e} - 0.00013787 dT_{i} - 0.0219 n^{-1} F dn + 0.0051556 n^{-1} P^{-1} dn - 0.00041689 n^{-1} T_{e}^{0.5} T_{i}^{0.5} dn - 0.00013308 n^{-1} T_{e}^{0.5} dn + 0.00063007 n^{-1} T_{e} dn + 0.00031603 n^{-1} T_{i}^{0.5} dn - 0.00049156 n^{-1} T_{i} dn + 0.00079099 n^{-1} dn - 0.0448 n E^{0.5} + 0.012575 n E^{0.5} P^{-1} - 0.0246 n E^{0.5} T_{e}^{0.5} P^{-1} + 0.0077665 n E^{0.5} T_{e}^{0.5} T_{i}^{0.5} + 0.019786 n E^{0.5} T_{e}^{0.5} T_{i} - 0.015262 n E^{0.5} T_{e} + 0.015941 n E^{0.5} T_{e} T_{i}^{0.5} - 0.003167 n E^{0.5} T_{i}^{0.5} - 0.020418 n E^{0.5} T_{i}^{0.5} F + 0.0066461 n E^{0.5} T_{i}^{0.5} P^{-1} - 0.0028532 n E^{0.5} T_{i}^{0.5} P + 0.01523 n E^{0.5} T_{i} - 0.014842 n E F + 0.015461 n E P^{-1} - 0.0039846 n E P + 0.043058 n E T_{e}^{0.5} + 0.0079342 n E T_{e}^{0.5} T_{i}^{0.5} + 0.0071512 n E T_{i}^{0.5} - 0.0094238 n E T_{i}",
  "coefficients": [
    0.0885377077346251,
    0.011799784622157639,
    0.0011852672131497932,
    -0.011146077504857438,
    0.0013435448461954491,
    -0.009235798228883194,
    -0.00020421210280073543,
    -0.0020218983819120795,
    0.001036729153876953,
    0.00044490131735654137,
    -0.008280293474158665,
    0.02538082500361015,
    -0.005650579854122831,
    -0.006360171814762228,
    -0.0034948804880708256,
    -0.0006425197139279665,
    0.00147870938147468,
    -0.006030759237386413,
    -0.0018214940378637745,
    -0.0034589203205519503,
    0.0024161242741093103,
    0.0014000202995640143,
    -0.010031870922400751,
    0.0032074197558002587,
    0.0026070704288973096,
    0.003656024387875642,
    0.001954499833731943,
    -0.0038554110109750156,
    0.0008828301030466279,
    -0.001110968201693513,
    0.008601681905035824,
    -0.00510038175615013,
    0.0032327600078762425,
    0.00166368630362701,
    -0.005509031285884355,
    0.0013295663858197831,
    0.004696246008281127,
    0.004574589332464435,
    -0.006079426710556474,
    0.006028151804836054,
    0.0060445374071040475,
    -0.004673224155889416,
    -0.004827521401724683,
    -0.0029350838944670193,
    -0.003829480292478968,
    0.0005171982181889356,
    -0.001397867985727247,
    -0.005959702890631288,
    -0.022682416102834863,
    0.00012605260430387233,
    -0.008085014671984359,
    0.005309449611011652,
    0.010360612278230819,
    0.005246006711096485,
    0.011921092646993939,
    -0.026016237733974767,
    -0.011963135323872845,
    -0.005788534587422484,
    0.01704013949699991,
    -0.002740966875920209,
    -0.011148965715346987,
    0.007048874594268464,
    0.0040873872755908675,
    0.01801534188459547,
    -0.015842763226236886,
    -0.008368638703720926,
    0.005281299784472837,
    0.009614439300085612,
    -0.024729455601854036,
    0.006259979689685252,
    -0.0019535608309147467,
    -0.020287118476076976,
    -0.0029593584640811438,
    0.010688591265007971,
    -0.02177366859352667,
    0.004631689739945294,
    0.013527099074429949,
    -0.007848305090523658,
    0.009243830906830272,
    0.007380626396906051,
    -0.008473207562274987,
    -0.002420484005775575,
    0.0029837167436045225,
    -0.004898634881030359,
    0.015109486804870662,
    0.0032085009248576657,
    0.03395997442595847
  ],
  "val_sse_masked": 0.00033010385232046247,
  "val_nrmse_masked": 0.049454450607299805,
  "val_mse_masked": 1.1003462532244157e-05,
  "val_r2_masked": 0.9975534677505493,
  "val_sse_full": 0.00033010385232046247,
  "val_nrmse_full": 0.049454450607299805,
  "val_mse_full": 1.1003462532244157e-05,
  "val_r2_full": 0.9975534677505493,
  "iteration": 394,
  "p_lo_eff": 0.12967753410339355,
  "p_hi_eff": 1.9451630115509033,
  "f_lo_eff": 0.20659340918064117,
  "f_hi_eff": 1.6527472734451294
}