{
  "tag": "13_bc1a2628",
  "lmb1": 5.589632069543292e-05,
  "lmb2": 1.883259860807236e-06,
  "nonzero_count": 45,
  "complexity_norm": 0.3629032258064516,
  "train_gen_window": 0.03185718068900753,
  "generalizability": 0.02564800902722975,
  "equation": "0.12045 E^{0.5} n P^{-0.5} + 0.00014406 F dT_{i} - 0.0027217 P^{-1} F dT_{e} - 7.9285 \\cdot 10^{-5} P^{-1} F dn - 0.023821 T_{e}^{0.5} P^{-1} dn - 0.018271 T_{e}^{0.5} T_{i}^{0.5} F dn - 9.8419 \\cdot 10^{-7} T_{e}^{0.5} T_{i}^{0.5} P^{-1} dT_{i} + 0.0066794 T_{e}^{0.5} T_{i}^{0.5} P^{-1} dn + 0.00045554 T_{e}^{0.5} T_{i}^{0.5} P dn - 0.00035513 T_{e}^{0.5} dn - 0.00010514 T_{e} F dn + 0.0010304 T_{e} P^{-1} dn + 2.4128 \\cdot 10^{-6} T_{e} P dT_{i} - 0.00016691 T_{e} dT_{e} - 1.1883 \\cdot 10^{-6} T_{e} dT_{i} - 0.050111 T_{e} dn + 0.00010208 T_{i}^{0.5} F dT_{e} - 0.00031382 T_{i}^{0.5} F dn + 0.00043604 T_{i}^{0.5} P^{-1} dT_{e} - 1.3564 \\cdot 10^{-6} T_{i}^{0.5} P^{-1} dT_{i} - 0.00067848 T_{i}^{0.5} P^{-1} dn + 0.0051525 T_{i}^{0.5} P dn + 0.0014922 T_{i} P^{-1} dn + 3.1787 \\cdot 10^{-5} T_{i} P dT_{e} + 0.0088443 T_{i} P dn - 8.5701 \\cdot 10^{-5} dT_{e} - 1.8913 \\cdot 10^{-6} dT_{i} - 0.015849 n^{-1} F dn + 0.0030911 n^{-1} P^{-1} dn + 0.00019116 n^{-1} T_{e}^{0.5} dn + 0.00096501 n^{-1} T_{e} dn - 4.5704 \\cdot 10^{-5} n^{-1} T_{i} dn + 0.00025236 n^{-1} dn - 0.056495 n E^{0.5} - 0.026378 n E^{0.5} T_{e}^{0.5} P^{-1} + 0.015447 n E^{0.5} T_{e}^{0.5} T_{i} - 0.019557 n E^{0.5} T_{i}^{0.5} F - 0.00020316 n E^{0.5} T_{i}^{0.5} P + 0.0012978 n E^{0.5} T_{i} + 0.019058 n E P^{-1} - 0.00038928 n E P + 0.029582 n E T_{e}^{0.5} + 0.0011446 n E T_{e}^{0.5} T_{i}^{0.5} + 0.00088047 n E T_{i}^{0.5} + 0.00019312 n E T_{i}",
  "coefficients": [
    0.08853770735207478,
    0.007074706408880603,
    0.0003781581789221816,
    -0.00806648697089938,
    -4.9576450361814974e-05,
    -0.0008587201195231878,
    0.00029333106388344197,
    -1.7619250268023084e-05,
    0.0015878452077136755,
    -2.553147696181585e-05,
    -0.00011358688677306941,
    0.0022666981842394142,
    7.688092791693704e-05,
    -0.0006052176976689712,
    -3.9857970026384895e-05,
    5.9311736478628125e-05,
    -1.2650155712754847e-05,
    -0.0005459058728967711,
    -3.790898667625281e-05,
    -3.67485375433057e-05,
    6.691046016511991e-05,
    -1.8948247638011655e-05,
    -0.00010378313376317852,
    9.393398807715452e-06,
    0.00022834870425188296,
    -1.1101078149279827e-05,
    4.955034466704843e-05,
    -0.0029477055427924517,
    -0.00011076788165283764,
    -3.2812160258004767e-06,
    0.0024807569685393405,
    4.5448892708215336e-05,
    0.00012203789447214078,
    5.063402543722302e-05,
    3.0089079329602535e-05,
    4.479029615543163e-05,
    0.000563293337145123,
    1.2753288725338395e-05,
    -2.5623410410034708e-05,
    2.9820955491736163e-05,
    1.0306585129961369e-05,
    -1.3991165380346233e-05,
    -0.00024334082129543955,
    -4.1843625265653346e-05,
    -2.1815547405500683e-05,
    -0.00010021666056048406,
    -4.6170001204738065e-05,
    6.686081413716161e-05,
    -0.0007274927424647112,
    -4.8141873291558797e-05,
    -0.0003844219110193246,
    0.006728777781160486,
    0.0023272507736920856,
    -2.519185955968326e-05,
    0.013233875029953027,
    -0.021472846668142472,
    -0.00023415629959818365,
    -7.848153877095548e-05,
    0.00824209340544136,
    -8.743257540835834e-05,
    -0.021702899239077613,
    0.0005682416065539,
    -3.0502346802156532e-05,
    0.0010758963517587597,
    -0.03185139007659831,
    -0.00010532589465257148,
    -1.4285672080550903e-05,
    1.9682070303497018e-05,
    -0.031185019359924005,
    2.114418364029477e-05,
    1.8486050368896464e-05,
    -0.019431592349368636,
    -0.00021071754386789242,
    0.000910787196657002,
    -0.023347529017584228,
    4.196503542610094e-05,
    0.010560725399838357,
    -6.727249532751825e-05,
    5.6748829778062795e-05,
    0.009097886451925087,
    -2.6845387739796845e-05,
    -0.00023647006811711098,
    0.0003673621711751313,
    0.00010038421040239949,
    0.010380531654590117,
    0.000462851630580657,
    0.05913436238774635
  ],
  "val_sse_masked": 0.00042980018770322204,
  "val_nrmse_masked": 0.056430429220199585,
  "val_mse_masked": 1.4326673408504575e-05,
  "val_r2_masked": 0.9968145489692688,
  "val_sse_full": 0.00042048876639455557,
  "val_nrmse_full": 0.055815815925598145,
  "val_mse_full": 1.4016292880114634e-05,
  "val_r2_full": 0.9968835711479187,
  "iteration": 13,
  "p_lo_eff": 0.12967753410339355,
  "p_hi_eff": 1.9451630115509033,
  "f_lo_eff": 0.20659340918064117,
  "f_hi_eff": 1.6527472734451294
}