{
  "tag": "292_2df0ec5c",
  "lmb1": 8.804597921284261e-08,
  "lmb2": 0.005317488357773041,
  "nonzero_count": 84,
  "complexity_norm": 0.6774193548387096,
  "train_gen_window": 0.042083177107854204,
  "generalizability": 0.033291222655046374,
  "equation": "0.038588 E^{0.5} n P^{-0.5} - 0.0014942 F dT_{e} + 0.00063063 F dT_{i} - 0.003034 F dn - 0.0033492 P^{-1} F dT_{e} - 0.00012834 P^{-1} F dT_{i} - 0.0042686 P^{-1} F dn + 0.00015548 P^{-1} dT_{e} - 6.2576 \\cdot 10^{-5} P F dT_{i} + 0.00045072 P dn - 0.00052539 T_{e}^{0.5} F dT_{e} - 0.0043839 T_{e}^{0.5} F dn + 0.00050011 T_{e}^{0.5} P^{-1} dT_{e} - 0.012882 T_{e}^{0.5} P^{-1} dn + 0.0006591 T_{e}^{0.5} T_{i}^{0.5} F dT_{e} - 2.047 \\cdot 10^{-6} T_{e}^{0.5} T_{i}^{0.5} F dT_{i} - 0.0038366 T_{e}^{0.5} T_{i}^{0.5} F dn - 4.9101 \\cdot 10^{-6} T_{e}^{0.5} T_{i}^{0.5} P^{-1} dT_{i} + 0.0034359 T_{e}^{0.5} T_{i}^{0.5} P^{-1} dn + 0.00032907 T_{e}^{0.5} T_{i}^{0.5} P dT_{e} + 1.6735 \\cdot 10^{-6} T_{e}^{0.5} T_{i}^{0.5} P dT_{i} + 0.003522 T_{e}^{0.5} T_{i}^{0.5} P dn - 1.6489 \\cdot 10^{-6} T_{e}^{0.5} T_{i}^{0.5} dT_{i} - 0.0065249 T_{e}^{0.5} T_{i}^{0.5} dn - 6.9784 \\cdot 10^{-5} T_{e}^{0.5} T_{i} dT_{e} + 6.7256 \\cdot 10^{-8} T_{e}^{0.5} T_{i} dT_{i} + 0.0022944 T_{e}^{0.5} T_{i} dn - 0.015475 T_{e}^{0.5} dn + 0.00016769 T_{e} F dT_{i} - 0.0051456 T_{e} F dn + 0.0046867 T_{e} P^{-1} dn + 1.5316 \\cdot 10^{-5} T_{e} P dT_{i} - 0.00015811 T_{e} T_{i}^{0.5} dT_{e} - 0.00010982 T_{e} T_{i} dT_{e} + 2.1096 \\cdot 10^{-7} T_{e} T_{i} dT_{i} + 0.0018721 T_{e} T_{i} dn - 0.00059161 T_{e} dT_{e} - 2.5981 \\cdot 10^{-5} T_{e} dT_{i} - 0.018981 T_{e} dn + 0.00059293 T_{i}^{0.5} F dT_{e} - 0.0029465 T_{i}^{0.5} F dn + 0.00056843 T_{i}^{0.5} P^{-1} dT_{e} - 6.35 \\cdot 10^{-6} T_{i}^{0.5} P^{-1} dT_{i} - 0.0092769 T_{i}^{0.5} P^{-1} dn + 0.0035968 T_{i}^{0.5} P dn + 0.00023503 T_{i}^{0.5} dT_{e} - 3.2298 \\cdot 10^{-6} T_{i}^{0.5} dT_{i} - 0.0038407 T_{i}^{0.5} dn - 4.8676 \\cdot 10^{-5} T_{i} F dT_{e} + 7.8835 \\cdot 10^{-7} T_{i} F dT_{i} + 4.3321 \\cdot 10^{-5} T_{i} P^{-1} dT_{e} + 0.0037694 T_{i} P^{-1} dn + 0.00015515 T_{i} P dT_{e} + 0.0061251 T_{i} P dn - 9.9805 \\cdot 10^{-6} T_{i} dT_{e} + 0.0037452 T_{i} dn - 0.00037989 dT_{e} - 4.2406 \\cdot 10^{-5} dT_{i} - 0.025927 n^{-1} F dn + 0.0027254 n^{-1} P^{-1} dn + 0.00012646 n^{-1} T_{e}^{0.5} T_{i}^{0.5} dn + 0.0017399 n^{-1} T_{e}^{0.5} dn + 0.0017812 n^{-1} T_{e} dn + 0.00010749 n^{-1} T_{i}^{0.5} dn - 0.00013688 n^{-1} T_{i} dn + 0.0015568 n^{-1} dn - 0.0065146 n E^{0.5} + 0.0069202 n E^{0.5} P^{-1} - 0.011782 n E^{0.5} T_{e}^{0.5} P^{-1} + 0.0053794 n E^{0.5} T_{e}^{0.5} T_{i}^{0.5} + 0.0062249 n E^{0.5} T_{e}^{0.5} T_{i} + 0.006734 n E^{0.5} T_{e} T_{i}^{0.5} + 0.0022981 n E^{0.5} T_{i}^{0.5} - 0.012116 n E^{0.5} T_{i}^{0.5} F + 0.0018786 n E^{0.5} T_{i}^{0.5} P^{-1} - 0.011578 n E^{0.5} T_{i}^{0.5} P + 0.0047187 n E^{0.5} T_{i} - 0.0063244 n E F + 0.0104 n E P^{-1} - 0.0045962 n E P + 0.02822 n E T_{e}^{0.5} + 0.015637 n E T_{e}^{0.5} T_{i}^{0.5} + 0.014101 n E T_{i}^{0.5} + 0.0013249 n E T_{i}",
  "coefficients": [
    0.08853770664037847,
    0.006237636847018384,
    0.0023327963225617428,
    -0.01319547565272515,
    0.00045698201016115825,
    -0.002571835455535486,
    0.0026699298984565883,
    0.0006133241111368135,
    0.0029308725201061814,
    -0.004550351430641308,
    -0.002546887286929325,
    0.009922315738809029,
    -0.0009721815358124872,
    -0.002833225611282672,
    -0.0012290971424827601,
    -6.947182003645691e-05,
    0.0005427022937368464,
    -0.002723485518627479,
    -0.0007533516076982105,
    -0.00024645382940134686,
    0.0008198351717329244,
    0.00021408223143846994,
    -0.0022690231051569684,
    0.004009177026674554,
    0.0014495232086632545,
    0.0008087917226919858,
    0.0002772358027035432,
    -0.003627247512710534,
    -0.0004910055189693702,
    -0.0005626705725005274,
    0.0032339568851078374,
    0.0009006192522464027,
    0.0007088276858787448,
    0.0010485893489449137,
    -0.0001720495607809014,
    -0.00025048496350249527,
    0.002749345507474618,
    0.0010238327825067284,
    -0.0002185028828331076,
    0.0008962885021030348,
    0.0014493984278829523,
    -0.0014014974681072767,
    -0.0008624985183571243,
    -0.0007713809634926141,
    -0.0025946612404135552,
    -0.005395552652980487,
    -0.0032459132144103606,
    0.0005215063419452964,
    -0.009946990781570741,
    -0.0030447119202235973,
    -0.0036093642401012482,
    0.004697183122071083,
    0.005878914134891285,
    0.0035451568827704477,
    0.009165055501892387,
    -0.011611668919893833,
    -0.010203306279813758,
    -0.004532212961767604,
    0.004239770644080855,
    -0.004989130314064234,
    -0.004557184254500725,
    0.004393390197561194,
    0.0021243659385141445,
    0.004893812448697361,
    -0.01206454685215002,
    -0.005154689293349252,
    0.0017179235681872712,
    0.005290921376352967,
    -0.003596027224753294,
    0.0017694517533964685,
    0.0014175679046203038,
    -0.012038220901927896,
    -0.012008801042589015,
    0.003311563703090166,
    -0.010428602767708801,
    0.0032080912497671824,
    0.0042557067346060545,
    -1.683445041543441e-05,
    0.003904997946601804,
    0.004964625045588596,
    -0.0036105292351234566,
    -0.0027919958503674347,
    0.005883543125274442,
    0.0006887220404348804,
    0.009902751151458784,
    0.006323238779254385,
    0.01894480810865158
  ],
  "val_sse_masked": 0.0005513890646398067,
  "val_nrmse_masked": 0.0639159306883812,
  "val_mse_masked": 1.837963645812124e-05,
  "val_r2_masked": 0.9959133863449097,
  "val_sse_full": 0.0005520685226656497,
  "val_nrmse_full": 0.06395529955625534,
  "val_mse_full": 1.840228469518479e-05,
  "val_r2_full": 0.9959083795547485,
  "iteration": 292,
  "p_lo_eff": 0.12967753410339355,
  "p_hi_eff": 1.9451630115509033,
  "f_lo_eff": 0.20659340918064117,
  "f_hi_eff": 1.6527472734451294
}