{
  "tag": "85_698d9058",
  "lmb1": 4.161105430477022e-08,
  "lmb2": 3.839640450811893e-05,
  "nonzero_count": 86,
  "complexity_norm": 0.6935483870967742,
  "train_gen_window": 0.02073888691042352,
  "generalizability": 0.023237350234746455,
  "equation": "0.13081 E^{0.5} n P^{-0.5} + 0.034394 F dT_{e} + 0.0037237 F dT_{i} + 0.0068426 F dn - 0.00088915 P^{-1} F dT_{e} + 0.00012422 P^{-1} F dT_{i} + 0.0045744 P^{-1} F dn + 0.0048709 P^{-1} dT_{e} - 0.00026093 P F dT_{i} - 0.014671 P dn - 0.09823 T_{e}^{0.5} F dT_{e} - 0.0031888 T_{e}^{0.5} F dn + 0.003052 T_{e}^{0.5} P^{-1} dT_{e} - 0.056151 T_{e}^{0.5} P^{-1} dn + 0.013064 T_{e}^{0.5} T_{i}^{0.5} F dT_{e} - 5.2839 \\cdot 10^{-5} T_{e}^{0.5} T_{i}^{0.5} F dT_{i} - 0.018378 T_{e}^{0.5} T_{i}^{0.5} F dn + 2.3544 \\cdot 10^{-5} T_{e}^{0.5} T_{i}^{0.5} P^{-1} dT_{i} + 0.037709 T_{e}^{0.5} T_{i}^{0.5} P^{-1} dn + 0.0030986 T_{e}^{0.5} T_{i}^{0.5} P dT_{e} + 2.3223 \\cdot 10^{-5} T_{e}^{0.5} T_{i}^{0.5} P dT_{i} + 0.025361 T_{e}^{0.5} T_{i}^{0.5} P dn + 2.6752 \\cdot 10^{-5} T_{e}^{0.5} T_{i}^{0.5} dT_{i} + 0.029575 T_{e}^{0.5} T_{i}^{0.5} dn - 7.1073 \\cdot 10^{-5} T_{e}^{0.5} T_{i} dT_{e} - 3.6841 \\cdot 10^{-6} T_{e}^{0.5} T_{i} dT_{i} + 0.0043028 T_{e}^{0.5} T_{i} dn - 0.045422 T_{e}^{0.5} dn - 0.0011869 T_{e} F dT_{i} - 0.014083 T_{e} F dn + 0.013352 T_{e} P^{-1} dn - 1.2678 \\cdot 10^{-5} T_{e} P dT_{i} - 0.0021609 T_{e} T_{i}^{0.5} dT_{e} + 0.00050785 T_{e} T_{i} dT_{e} + 1.0427 \\cdot 10^{-6} T_{e} T_{i} dT_{i} + 0.025185 T_{e} T_{i} dn - 0.0043372 T_{e} dT_{e} - 0.00017886 T_{e} dT_{i} - 0.031622 T_{e} dn + 0.016939 T_{i}^{0.5} F dT_{e} - 0.0089237 T_{i}^{0.5} F dn + 0.0021896 T_{i}^{0.5} P^{-1} dT_{e} - 1.221 \\cdot 10^{-5} T_{i}^{0.5} P^{-1} dT_{i} - 0.0047652 T_{i}^{0.5} P^{-1} dn - 3.9564 \\cdot 10^{-6} T_{i}^{0.5} P dT_{i} + 0.012247 T_{i}^{0.5} P dn - 0.0046777 T_{i}^{0.5} dT_{e} - 1.0061 \\cdot 10^{-5} T_{i}^{0.5} dT_{i} + 0.0028173 T_{i}^{0.5} dn + 0.00047175 T_{i} F dT_{e} - 1.2931 \\cdot 10^{-5} T_{i} F dT_{i} - 0.00054093 T_{i} P^{-1} dT_{e} - 0.0057318 T_{i} P^{-1} dn - 0.00011997 T_{i} P dT_{e} - 0.0044274 T_{i} P dn - 0.00097694 T_{i} dT_{e} - 0.020552 T_{i} dn + 0.0033959 dT_{e} - 0.0004302 dT_{i} - 0.0071593 n^{-1} F dn + 0.0073234 n^{-1} P^{-1} dn - 0.0035754 n^{-1} T_{e}^{0.5} T_{i}^{0.5} dn - 0.0072016 n^{-1} T_{e}^{0.5} dn - 0.0058024 n^{-1} T_{e} dn + 0.0061221 n^{-1} T_{i}^{0.5} dn - 0.00086047 n^{-1} T_{i} dn + 0.0031399 n^{-1} dn - 0.14321 n E^{0.5} - 0.019823 n E^{0.5} P^{-1} - 0.020495 n E^{0.5} T_{e}^{0.5} P^{-1} + 0.0074989 n E^{0.5} T_{e}^{0.5} T_{i}^{0.5} + 0.047127 n E^{0.5} T_{e}^{0.5} T_{i} - 0.047365 n E^{0.5} T_{e} + 0.036017 n E^{0.5} T_{e} T_{i}^{0.5} - 0.011376 n E^{0.5} T_{i}^{0.5} - 0.023726 n E^{0.5} T_{i}^{0.5} F + 0.026227 n E^{0.5} T_{i}^{0.5} P^{-1} + 0.011987 n E^{0.5} T_{i}^{0.5} P + 0.049049 n E^{0.5} T_{i} - 0.020564 n E F - 0.0015459 n E P^{-1} - 0.0023284 n E P + 0.21291 n E T_{e}^{0.5} - 0.092781 n E T_{e}^{0.5} T_{i}^{0.5} - 0.036832 n E T_{i}^{0.5} - 0.02733 n E T_{i}",
  "coefficients": [
    0.08853771222283557,
    0.016761105024338873,
    0.004704977345449349,
    -0.00364369937307793,
    0.02602738334956184,
    -0.016167283816495327,
    -0.011050949021371707,
    -0.01734028339094397,
    -0.009547422442704498,
    0.004404243326879886,
    -0.025837595753079076,
    0.05858861998279924,
    -0.004053746884424059,
    -0.005447821501778263,
    -0.0038287761644723514,
    -0.0016693933530627716,
    -0.00890178204602711,
    0.013059472932664962,
    0.012222586445574501,
    -0.006361713585727631,
    0.011376398063302151,
    -0.011726791856462623,
    -0.015620180723937852,
    -0.028378320919557436,
    -0.0011998879512595609,
    0.003997702463557289,
    0.00868543969804253,
    -0.0009629654496851395,
    0.004389142578768553,
    0.012951413655025779,
    0.012457604647774255,
    -0.01792448119584203,
    0.02024962801308118,
    -0.013093298321242071,
    -0.016841032744581277,
    0.0024276141389935613,
    -0.0021260214200002486,
    0.0062481273355984995,
    -0.04085259785249079,
    0.017765446415454883,
    0.013647626524335155,
    -0.0014273962465531365,
    -0.006323102079550266,
    -0.010542757730603827,
    0.01199836103635056,
    0.00578203548108306,
    0.007320506423588946,
    -0.01697548626642118,
    -0.005109393553270572,
    0.002233440619120064,
    -0.010931426252058438,
    0.015993824951330282,
    -0.008939622721783606,
    -0.019454204042183176,
    -0.006624731436396705,
    -0.05061522602047981,
    -0.029949629101845385,
    -0.0032966695867218954,
    0.04653159769224956,
    0.022613666081871195,
    -0.021829060917247414,
    0.03163602498554516,
    0.003983954243370141,
    0.013941563939658716,
    -0.020099278918903958,
    -0.014108044002868109,
    0.023110221834230504,
    -0.015155792904751886,
    -0.0790481189713442,
    0.024703606759293922,
    -0.007017218975982842,
    -0.023574870360152655,
    0.012432996205637155,
    0.034422037796560376,
    -0.018140154710122855,
    0.0044721048714144035,
    0.032218767215071775,
    -0.024356564148773296,
    0.020885736948944647,
    -0.0007380073749282748,
    -0.011739530382298843,
    -0.0014143938207934054,
    -0.015367540515224307,
    -0.014206591540224599,
    0.07471321105372478,
    -0.037519409316951136,
    0.06421987361794075
  ],
  "val_sse_masked": 0.00020088744349777699,
  "val_nrmse_masked": 0.038579486310482025,
  "val_mse_masked": 6.696248419757467e-06,
  "val_r2_masked": 0.9985111355781555,
  "val_sse_full": 0.00020088744349777699,
  "val_nrmse_full": 0.038579486310482025,
  "val_mse_full": 6.696248419757467e-06,
  "val_r2_full": 0.9985111355781555,
  "iteration": 85,
  "p_lo_eff": 0.12967753410339355,
  "p_hi_eff": 1.9451630115509033,
  "f_lo_eff": 0.20659340918064117,
  "f_hi_eff": 1.6527472734451294
}