{
  "tag": "61_528bb2df",
  "lmb1": 0.0010154771139289172,
  "lmb2": 0.0027832373627495414,
  "nonzero_count": 20,
  "complexity_norm": 0.16129032258064516,
  "train_gen_window": 0.0727885998207115,
  "generalizability": 0.0720001843649599,
  "equation": "0.055874 E^{0.5} n P^{-0.5} - 0.0038257 P^{-1} F dT_{e} - 6.3984 \\cdot 10^{-5} P^{-1} F dT_{i} - 0.0040981 P^{-1} F dn + 0.00025564 P dn - 0.00048139 T_{e}^{0.5} T_{i}^{0.5} F dn - 0.016231 T_{e}^{0.5} T_{i}^{0.5} dn - 0.0058797 T_{e}^{0.5} dn - 0.032558 T_{e} dn - 0.009351 T_{i}^{0.5} P^{-1} dn + 9.8692 \\cdot 10^{-5} T_{i}^{0.5} P dn - 0.00020658 T_{i}^{0.5} dn + 0.0034598 T_{i} P dn + 0.00034597 n^{-1} P^{-1} dn + 0.0061144 n E^{0.5} T_{e}^{0.5} T_{i} - 0.018229 n E^{0.5} T_{i}^{0.5} P + 0.0017071 n E^{0.5} T_{i} + 0.00034682 n E T_{e}^{0.5} + 0.026421 n E T_{e}^{0.5} T_{i}^{0.5} + 0.010297 n E T_{i}^{0.5}",
  "coefficients": [
    0.08853770459620613,
    0.0007918193457388925,
    4.644932508734113e-05,
    -7.574941989024856e-06,
    5.342866077503037e-05,
    2.5199934453960144e-05,
    1.340451041025048e-05,
    1.7164870688213487e-05,
    6.576697634070437e-06,
    -0.0022685363462636135,
    -5.274914769421008e-06,
    -9.790846861555722e-08,
    -3.523327625517414e-06,
    -5.454896372260213e-06,
    -7.487808751952456e-06,
    -1.3331871408322387e-05,
    -5.755186101645814e-06,
    -5.076669708136049e-06,
    -6.81000228703307e-06,
    -4.0541529589954965e-06,
    -1.2188931175184538e-05,
    -7.268534269193771e-06,
    -4.286902822874605e-06,
    -1.2775401577805247e-06,
    -1.0050600217362185e-05,
    -6.806105535864713e-06,
    -2.328462893739329e-06,
    -0.004143323105794717,
    3.0308363901553517e-07,
    4.3798890384859865e-07,
    -1.843532950836e-07,
    1.8126827303245615e-06,
    8.001309264077171e-07,
    1.322996160579879e-06,
    4.215911329107166e-06,
    1.9805414925731695e-06,
    4.57909737977338e-06,
    -2.423300514530893e-06,
    3.581299616072381e-07,
    8.666238246054565e-07,
    1.8737467784261662e-06,
    4.694072540871501e-06,
    1.1267424430292752e-06,
    2.735081606358793e-06,
    5.128767897738333e-06,
    -0.005180033348807751,
    -8.803794164649624e-06,
    0.00029578778200891535,
    -0.010026478128644729,
    -0.00016376219039884707,
    -8.050871072480158e-05,
    0.00012888428591856764,
    -2.2141356690460314e-06,
    -1.2062034403365369e-05,
    0.005176972310801856,
    -2.9425415666021602e-05,
    -0.0038768489097268824,
    -1.33933790769107e-05,
    -3.2048360167955558e-06,
    -0.012410775819490821,
    -0.0005717995133714466,
    1.88332109934949e-05,
    -1.6914520839807035e-05,
    -1.7570821057344185e-06,
    -0.020694462481273348,
    -2.4331562349975307e-05,
    -1.4735725993821342e-05,
    7.30591645114058e-07,
    2.05321136881259e-06,
    1.8917408521800563e-06,
    9.61884720814939e-06,
    1.5046286574478154e-06,
    -0.018906447508301283,
    0.001198036524179782,
    -2.439925152754891e-06,
    1.2528559279962694e-05,
    0.004180117109832056,
    2.553322351483006e-06,
    1.35909306378092e-05,
    9.272894124734493e-06,
    3.686721523262029e-06,
    -2.36780955998256e-05,
    0.004296265934322326,
    1.0357727851186636e-05,
    0.00012170253840964515,
    0.0106842006947703,
    0.027431264580350608
  ],
  "val_sse_masked": 0.0012057253625243902,
  "val_nrmse_masked": 0.09451576322317123,
  "val_mse_masked": 4.019084735773504e-05,
  "val_r2_masked": 0.9910637736320496,
  "val_sse_full": 0.0011614933609962463,
  "val_nrmse_full": 0.0927659124135971,
  "val_mse_full": 3.871644730679691e-05,
  "val_r2_full": 0.9913915991783142,
  "iteration": 61,
  "p_lo_eff": 0.12967753410339355,
  "p_hi_eff": 1.9451630115509033,
  "f_lo_eff": 0.20659340918064117,
  "f_hi_eff": 1.6527472734451294
}