{
  "tag": "349_169dad96",
  "lmb1": 0.00037287459519842297,
  "lmb2": 0.001635687711664578,
  "nonzero_count": 24,
  "complexity_norm": 0.1935483870967742,
  "train_gen_window": 0.05146495240504805,
  "generalizability": 0.04906463543082011,
  "equation": "0.049454 E^{0.5} n P^{-0.5} - 0.0038967 P^{-1} F dT_{e} - 5.5033 \\cdot 10^{-5} P^{-1} F dT_{i} - 0.0041347 P^{-1} F dn + 0.00018862 P dn - 0.0025236 T_{e}^{0.5} P^{-1} dn - 0.0001954 T_{e}^{0.5} T_{i}^{0.5} F dn - 0.007364 T_{e}^{0.5} T_{i}^{0.5} dn - 0.014558 T_{e}^{0.5} dn + 8.209 \\cdot 10^{-5} T_{e} T_{i}^{0.5} dT_{e} - 0.040323 T_{e} dn - 0.0067732 T_{i}^{0.5} P^{-1} dn + 0.0023671 T_{i}^{0.5} P dn + 0.0068219 T_{i} P dn - 0.0062967 n^{-1} F dn + 0.0012148 n^{-1} P^{-1} dn + 0.00062439 n^{-1} dn - 0.0016922 n E^{0.5} T_{e}^{0.5} P^{-1} + 0.0052508 n E^{0.5} T_{e}^{0.5} T_{i} - 0.020217 n E^{0.5} T_{i}^{0.5} P + 0.0017997 n E^{0.5} T_{i} + 0.010891 n E T_{e}^{0.5} + 0.029519 n E T_{e}^{0.5} T_{i}^{0.5} + 0.017034 n E T_{i}^{0.5}",
  "coefficients": [
    0.08853770454357413,
    0.002780242012052916,
    0.0009356254577792322,
    -0.0032046426822612936,
    4.0797950258659094e-06,
    -5.440390830246408e-07,
    1.2171119326132001e-05,
    4.514224705640706e-07,
    3.30225304791299e-06,
    -0.001951170647570015,
    2.6887972899843524e-06,
    5.144651227128479e-05,
    8.005839041976819e-06,
    -5.154264874871607e-06,
    -1.0466143490699782e-06,
    7.942189431373444e-07,
    -4.6571715364476384e-06,
    -4.957477419640686e-06,
    -7.815328118770414e-07,
    -9.822627116581512e-07,
    1.2082077075895864e-06,
    -3.5250933158436896e-06,
    3.7196528911305333e-06,
    9.686483202263092e-06,
    5.509758181888934e-06,
    -3.4340572112487886e-06,
    1.9960910059413557e-06,
    -0.004220213040728476,
    1.2101908625658678e-05,
    1.5324931423630512e-05,
    1.0967850775372032e-05,
    5.595361588298991e-05,
    2.120269639892355e-05,
    1.8192374935565876e-05,
    3.485865265719931e-05,
    2.0996775007010208e-05,
    1.6221038135182918e-05,
    1.2979876450608848e-06,
    1.4625267637308782e-05,
    1.9247980733867494e-05,
    1.868966277274402e-05,
    3.178278111850965e-05,
    3.324380327012333e-05,
    0.00040050189837418157,
    2.7697647762216153e-05,
    -0.0052262298474147414,
    -1.5334269526423165e-05,
    0.00021824353215396075,
    -0.007262503006465043,
    -5.277030481123304e-05,
    -6.121072959896103e-05,
    0.0030912962036530526,
    1.5602076232983844e-07,
    -1.8637717918971804e-05,
    0.01020772688804985,
    -0.00227479473212706,
    -0.00959899284074509,
    -2.2801297261404335e-05,
    -2.293759156026001e-06,
    -0.005630685141338224,
    -0.0002321044908865849,
    6.592467659119331e-05,
    -3.438739829341164e-05,
    -5.076033576577764e-07,
    -0.025630126301630318,
    -3.033112538372407e-05,
    -4.340192197290462e-05,
    -1.315040749255762e-06,
    1.7775962752521082e-06,
    1.152998383046433e-06,
    1.5815969851264352e-05,
    -3.238609452933243e-06,
    -0.020969074569805266,
    0.0012630221182407084,
    -0.0014977513614413964,
    2.0704876761904855e-05,
    0.0035897280874943403,
    2.8205388323919405e-06,
    1.9906064525789963e-05,
    1.95608112913025e-05,
    3.2785146268539044e-06,
    -5.105572284863207e-05,
    0.00710722085054833,
    3.918872785247098e-05,
    0.0038218785450621216,
    0.01193703573796087,
    0.024279415224653877
  ],
  "val_sse_masked": 0.0007851786795072258,
  "val_nrmse_masked": 0.07627185434103012,
  "val_mse_masked": 2.617262362036854e-05,
  "val_r2_masked": 0.9941806793212891,
  "val_sse_full": 0.0007722231675870717,
  "val_nrmse_full": 0.0756399929523468,
  "val_mse_full": 2.574077370809391e-05,
  "val_r2_full": 0.9942767024040222,
  "iteration": 349,
  "p_lo_eff": 0.12967753410339355,
  "p_hi_eff": 1.9451630115509033,
  "f_lo_eff": 0.20659340918064117,
  "f_hi_eff": 1.6527472734451294
}