{
  "tag": "303_715fbb4e",
  "lmb1": 1.3054302476300332e-07,
  "lmb2": 0.0004612061756585274,
  "nonzero_count": 86,
  "complexity_norm": 0.6935483870967742,
  "train_gen_window": 0.025269081874147836,
  "generalizability": 0.03158772749349841,
  "equation": "0.072494 E^{0.5} n P^{-0.5} - 0.0016334 F dT_{e} + 0.0017226 F dT_{i} - 0.00084971 F dn - 0.0035272 P^{-1} F dT_{e} + 2.7952 \\cdot 10^{-5} P^{-1} F dT_{i} + 0.00085231 P^{-1} F dn + 0.001373 P^{-1} dT_{e} - 0.00037258 P F dT_{i} - 0.0057779 P dn - 0.01824 T_{e}^{0.5} F dT_{e} - 0.0055376 T_{e}^{0.5} F dn + 0.0023665 T_{e}^{0.5} P^{-1} dT_{e} - 0.030674 T_{e}^{0.5} P^{-1} dn + 0.0049666 T_{e}^{0.5} T_{i}^{0.5} F dT_{e} - 3.171 \\cdot 10^{-5} T_{e}^{0.5} T_{i}^{0.5} F dT_{i} - 0.0098378 T_{e}^{0.5} T_{i}^{0.5} F dn - 1.0412 \\cdot 10^{-5} T_{e}^{0.5} T_{i}^{0.5} P^{-1} dT_{i} + 0.015164 T_{e}^{0.5} T_{i}^{0.5} P^{-1} dn + 0.0015067 T_{e}^{0.5} T_{i}^{0.5} P dT_{e} + 5.5469 \\cdot 10^{-6} T_{e}^{0.5} T_{i}^{0.5} P dT_{i} + 0.0063202 T_{e}^{0.5} T_{i}^{0.5} P dn - 3.5805 \\cdot 10^{-6} T_{e}^{0.5} T_{i}^{0.5} dT_{i} - 0.0028792 T_{e}^{0.5} T_{i}^{0.5} dn - 0.00024279 T_{e}^{0.5} T_{i} dT_{e} + 3.8005 \\cdot 10^{-7} T_{e}^{0.5} T_{i} dT_{i} + 0.0044018 T_{e}^{0.5} T_{i} dn - 0.018984 T_{e}^{0.5} dn + 9.8641 \\cdot 10^{-5} T_{e} F dT_{i} - 0.008674 T_{e} F dn + 0.018149 T_{e} P^{-1} dn + 2.5936 \\cdot 10^{-5} T_{e} P dT_{i} - 0.00062079 T_{e} T_{i}^{0.5} dT_{e} - 0.00014234 T_{e} T_{i} dT_{e} + 9.9622 \\cdot 10^{-7} T_{e} T_{i} dT_{i} + 0.0064693 T_{e} T_{i} dn - 0.0037546 T_{e} dT_{e} - 0.0001247 T_{e} dT_{i} - 0.025614 T_{e} dn + 0.0032748 T_{i}^{0.5} F dT_{e} - 0.0068178 T_{i}^{0.5} F dn + 0.0015753 T_{i}^{0.5} P^{-1} dT_{e} - 1.418 \\cdot 10^{-5} T_{i}^{0.5} P^{-1} dT_{i} - 0.021789 T_{i}^{0.5} P^{-1} dn - 1.5953 \\cdot 10^{-6} T_{i}^{0.5} P dT_{i} + 0.004275 T_{i}^{0.5} P dn - 0.001611 T_{i}^{0.5} dT_{e} - 9.5826 \\cdot 10^{-6} T_{i}^{0.5} dT_{i} + 0.00028504 T_{i}^{0.5} dn + 0.00032722 T_{i} F dT_{e} + 1.7642 \\cdot 10^{-6} T_{i} F dT_{i} + 4.8447 \\cdot 10^{-5} T_{i} P^{-1} dT_{e} + 0.0065886 T_{i} P^{-1} dn + 0.00025625 T_{i} P dT_{e} + 0.0078456 T_{i} P dn - 0.00036687 T_{i} dT_{e} + 0.0048872 T_{i} dn + 0.0009917 dT_{e} - 0.00014954 dT_{i} - 0.020628 n^{-1} F dn + 0.0054 n^{-1} P^{-1} dn - 0.00050717 n^{-1} T_{e}^{0.5} T_{i}^{0.5} dn - 0.00055659 n^{-1} T_{e}^{0.5} dn + 0.00015591 n^{-1} T_{e} dn + 0.00049281 n^{-1} T_{i}^{0.5} dn - 0.00053264 n^{-1} T_{i} dn + 0.00092847 n^{-1} dn - 0.050217 n E^{0.5} + 0.012241 n E^{0.5} P^{-1} - 0.025272 n E^{0.5} T_{e}^{0.5} P^{-1} + 0.0080618 n E^{0.5} T_{e}^{0.5} T_{i}^{0.5} + 0.021329 n E^{0.5} T_{e}^{0.5} T_{i} - 0.016958 n E^{0.5} T_{e} + 0.017392 n E^{0.5} T_{e} T_{i}^{0.5} - 0.0038249 n E^{0.5} T_{i}^{0.5} - 0.020971 n E^{0.5} T_{i}^{0.5} F + 0.0073693 n E^{0.5} T_{i}^{0.5} P^{-1} - 0.0017111 n E^{0.5} T_{i}^{0.5} P + 0.01663 n E^{0.5} T_{i} - 0.014733 n E F + 0.015413 n E P^{-1} - 0.004156 n E P + 0.047132 n E T_{e}^{0.5} + 0.0054831 n E T_{e}^{0.5} T_{i}^{0.5} + 0.0056761 n E T_{i}^{0.5} - 0.011102 n E T_{i}",
  "coefficients": [
    0.08853770767482783,
    0.01235896849683631,
    0.0013912833322301255,
    -0.010498320728236303,
    0.0020951146272285906,
    -0.01000763098742586,
    -0.0008540885653278499,
    -0.0024597622112572243,
    0.0002565413586544385,
    0.0009910334804806645,
    -0.008981280802414157,
    0.027104002820338022,
    -0.0057884419113015395,
    -0.00632698648036327,
    -0.003646628462068202,
    -0.0006731409037203512,
    0.0012144591482875638,
    -0.005774994316678245,
    -0.0016359133997919106,
    -0.003817861264859203,
    0.0027172943554288342,
    0.0012097446899698092,
    -0.010890832692705216,
    0.0023584066689837264,
    0.002454634053896662,
    0.003819415715034989,
    0.0024483050782298232,
    -0.0038200738186179584,
    0.0012817633547507062,
    -0.0006150638693173602,
    0.008962660152646441,
    -0.0061732326749213,
    0.003914898607858874,
    0.001172656866742873,
    -0.006324327439380703,
    0.0016838745616475914,
    0.0045410639691236265,
    0.004844776317106073,
    -0.007585973030641055,
    0.0067539212407601995,
    0.006636351404791102,
    -0.004876145371952051,
    -0.0054737089156208715,
    -0.003028705156132183,
    -0.003363000459042448,
    0.0010773168361726537,
    -0.0009090605132296148,
    -0.0066854277385065206,
    -0.02336252454605387,
    0.00022596601035260178,
    -0.008351765342639789,
    0.005582768214253783,
    0.010275930364216174,
    0.004626132288454016,
    0.01173936765542849,
    -0.027650157233648824,
    -0.01251703410561409,
    -0.005724966971598411,
    0.01871233299712039,
    -0.002201485132740724,
    -0.011685506881140055,
    0.007883794526732053,
    0.004075612162369485,
    0.01895121341546692,
    -0.016280652084767075,
    -0.008689278470958822,
    0.005936384513856127,
    0.00935899626427332,
    -0.027719463299900285,
    0.00694120875780066,
    -0.0023593592347574965,
    -0.020837288845375113,
    -0.0017747399806976177,
    0.011670874629606066,
    -0.022368206292639303,
    0.0048077932805344475,
    0.014581869414807505,
    -0.008720107828237109,
    0.010085515546426477,
    0.0073579943715952195,
    -0.008411151179963688,
    -0.0025246202424110964,
    0.0023682417211440612,
    -0.005771074522842888,
    0.016539097421852035,
    0.002217290711995605,
    0.03559097905078107
  ],
  "val_sse_masked": 0.0003169150440953672,
  "val_nrmse_masked": 0.04845643788576126,
  "val_mse_masked": 1.0563835530774668e-05,
  "val_r2_masked": 0.997651219367981,
  "val_sse_full": 0.0003169150440953672,
  "val_nrmse_full": 0.04845643788576126,
  "val_mse_full": 1.0563835530774668e-05,
  "val_r2_full": 0.997651219367981,
  "iteration": 303,
  "p_lo_eff": 0.12967753410339355,
  "p_hi_eff": 1.9451630115509033,
  "f_lo_eff": 0.20659340918064117,
  "f_hi_eff": 1.6527472734451294
}