{
  "tag": "251_0f10dde0",
  "lmb1": 0.001039668387209921,
  "lmb2": 0.0001804261574299424,
  "nonzero_count": 15,
  "complexity_norm": 0.12096774193548387,
  "train_gen_window": 0.06866321605630647,
  "generalizability": 0.06901853590949157,
  "equation": "0.057796 E^{0.5} n P^{-0.5} - 0.0038398 P^{-1} F dT_{e} - 7.0493 \\cdot 10^{-5} P^{-1} F dT_{i} - 0.0023289 P^{-1} F dn + 8.9549 \\cdot 10^{-5} P dn - 0.00015144 T_{e}^{0.5} T_{i}^{0.5} F dn - 0.0082558 T_{e}^{0.5} T_{i}^{0.5} dn - 0.050752 T_{e} dn - 0.010209 T_{i}^{0.5} P^{-1} dn + 0.002791 T_{i} P dn + 0.00029382 n^{-1} P^{-1} dn + 0.0070922 n E^{0.5} T_{e}^{0.5} T_{i} - 0.020033 n E^{0.5} T_{i}^{0.5} P + 0.00036115 n E^{0.5} T_{i} + 0.036622 n E T_{e}^{0.5} T_{i}^{0.5}",
  "coefficients": [
    0.08853770383719256,
    0.000672470951704625,
    1.956665069652004e-05,
    -5.469754362461113e-06,
    1.849332968764263e-05,
    9.938441773261248e-06,
    8.221282958457185e-06,
    8.343843026374477e-06,
    4.874507065742914e-06,
    -0.0024993050338357665,
    -3.4982497171329415e-06,
    8.105870818409635e-08,
    -2.6991117866059795e-06,
    -3.146777745374333e-06,
    -4.319314795862363e-06,
    -7.705626850130957e-06,
    -3.3322197670406176e-06,
    -2.9267546227493853e-06,
    -3.897813497813703e-06,
    -2.476401817931899e-06,
    -6.936748924697162e-06,
    -4.098305872145875e-06,
    -2.759104649886403e-06,
    -8.720119313182011e-07,
    -6.1247451202880354e-06,
    -3.810463575327023e-06,
    -2.1501909758859915e-06,
    -0.0041586371344842325,
    2.0092145597605773e-07,
    3.4817713047694705e-07,
    -2.3527156050926994e-07,
    1.470714046560503e-06,
    6.676859968721191e-07,
    1.012807133755261e-06,
    2.9282341342807776e-06,
    1.5105716789392483e-06,
    3.08729547476481e-06,
    -2.3039365388468494e-06,
    2.502802727255934e-07,
    7.026107177883514e-07,
    1.3279729553942766e-06,
    3.1467590382118768e-06,
    9.410372612076174e-07,
    2.1364985675077727e-06,
    3.3138401751693813e-06,
    -0.0029437046165348623,
    -6.30874623247911e-06,
    0.00010361361873863456,
    -0.010946916068729629,
    -2.3771139197330488e-05,
    -3.535236164698303e-05,
    4.155672727860733e-05,
    -2.3249085990186753e-06,
    -1.039382188658483e-05,
    0.004176174030063759,
    -1.1993697779436994e-05,
    -3.2161771052257726e-05,
    -8.583911658007363e-06,
    -2.747553040942517e-06,
    -0.006312624151299523,
    -0.0001798878462321906,
    1.5028294282586912e-05,
    -1.4421754772722649e-05,
    -1.2090829964166993e-06,
    -0.03225898139004556,
    -1.1106128207569137e-05,
    -1.4224780544734236e-05,
    5.932764039730494e-08,
    1.733816974498285e-06,
    1.322733548005835e-06,
    7.220450428214764e-06,
    1.5061786197306268e-06,
    -0.02077795695210193,
    0.00025345532938734474,
    -3.4814224066496302e-06,
    8.638697154802618e-06,
    0.0048486132155899885,
    1.958178031787504e-06,
    8.40427629666788e-06,
    6.19278733558914e-06,
    3.229357661972242e-06,
    -1.5003722517744395e-05,
    9.342123487842926e-05,
    8.825445394883558e-06,
    1.9603542046580145e-05,
    0.014809336944024821,
    0.028374765209223513
  ],
  "val_sse_masked": 0.0011725681833922863,
  "val_nrmse_masked": 0.09320712089538574,
  "val_mse_masked": 3.908560756826773e-05,
  "val_r2_masked": 0.9913095235824585,
  "val_sse_full": 0.0011375951580703259,
  "val_nrmse_full": 0.09180660545825958,
  "val_mse_full": 3.791984272538684e-05,
  "val_r2_full": 0.9915687441825867,
  "iteration": 251,
  "p_lo_eff": 0.12967753410339355,
  "p_hi_eff": 1.9451630115509033,
  "f_lo_eff": 0.20659340918064117,
  "f_hi_eff": 1.6527472734451294
}