{
  "tag": "400_85cc5e56",
  "lmb1": 4.759216858380434e-05,
  "lmb2": 6.70239007656189e-06,
  "nonzero_count": 49,
  "complexity_norm": 0.3951612903225806,
  "train_gen_window": 0.02944936136360475,
  "generalizability": 0.027345369249832517,
  "equation": "0.12081 E^{0.5} n P^{-0.5} + 0.00026576 F dT_{i} - 0.0022138 P^{-1} F dT_{e} + 0.00011116 P dn - 0.00010685 T_{e}^{0.5} F dn - 0.02741 T_{e}^{0.5} P^{-1} dn - 0.018031 T_{e}^{0.5} T_{i}^{0.5} F dn - 2.111 \\cdot 10^{-6} T_{e}^{0.5} T_{i}^{0.5} P^{-1} dT_{i} + 0.0094339 T_{e}^{0.5} T_{i}^{0.5} P^{-1} dn + 2.3175 \\cdot 10^{-7} T_{e}^{0.5} T_{i}^{0.5} P dT_{i} + 0.00078509 T_{e}^{0.5} T_{i}^{0.5} P dn - 0.00038585 T_{e}^{0.5} dn - 0.00015558 T_{e} F dn + 0.0026453 T_{e} P^{-1} dn + 2.5724 \\cdot 10^{-6} T_{e} P dT_{i} - 2.6554 \\cdot 10^{-5} T_{e} T_{i} dT_{e} - 0.00042574 T_{e} dT_{e} - 1.537 \\cdot 10^{-5} T_{e} dT_{i} - 0.049173 T_{e} dn + 0.00012994 T_{i}^{0.5} F dT_{e} - 0.00036083 T_{i}^{0.5} F dn + 0.00052386 T_{i}^{0.5} P^{-1} dT_{e} - 2.4225 \\cdot 10^{-6} T_{i}^{0.5} P^{-1} dT_{i} - 0.0013447 T_{i}^{0.5} P^{-1} dn + 2.5508 \\cdot 10^{-7} T_{i}^{0.5} P dT_{i} + 0.0015125 T_{i}^{0.5} P dn + 0.0014462 T_{i} P^{-1} dn + 6.8915 \\cdot 10^{-5} T_{i} P dT_{e} + 0.011213 T_{i} P dn - 0.00013177 dT_{e} - 3.4396 \\cdot 10^{-6} dT_{i} - 0.015022 n^{-1} F dn + 0.0031028 n^{-1} P^{-1} dn + 0.00012119 n^{-1} T_{e}^{0.5} dn + 0.0011263 n^{-1} T_{e} dn - 2.7366 \\cdot 10^{-5} n^{-1} T_{i}^{0.5} dn - 7.7417 \\cdot 10^{-5} n^{-1} T_{i} dn + 0.00011256 n^{-1} dn - 0.060416 n E^{0.5} - 0.026771 n E^{0.5} T_{e}^{0.5} P^{-1} + 0.02007 n E^{0.5} T_{e}^{0.5} T_{i} - 0.019757 n E^{0.5} T_{i}^{0.5} F - 0.00013692 n E^{0.5} T_{i}^{0.5} P + 0.0013327 n E^{0.5} T_{i} + 0.020538 n E P^{-1} - 0.00055585 n E P + 0.028018 n E T_{e}^{0.5} + 0.00065533 n E T_{e}^{0.5} T_{i}^{0.5} + 0.00053251 n E T_{i}^{0.5}",
  "coefficients": [
    0.0885377075653187,
    0.007101411204388251,
    0.00016867083823614575,
    -0.0076453288981900005,
    -0.00011634398195099622,
    -0.0014545735064107055,
    0.00018596580341508886,
    -2.4412001084321966e-05,
    0.001853187614822058,
    2.15666423138559e-06,
    -0.0002065761253844263,
    0.004181463991724315,
    7.551183578104005e-05,
    -0.0010808584564075932,
    -4.457215067217492e-05,
    0.00010763243721357309,
    -4.836364124273518e-06,
    -0.0011708988176295778,
    -4.629559731478699e-05,
    -4.6663221839811187e-05,
    0.00011352936026859134,
    -1.1293701829795928e-05,
    -0.0013423176318866858,
    3.4320546117320647e-06,
    0.00024345858089873417,
    -3.990215032799164e-06,
    6.264045645569995e-05,
    -0.0023975465785577668,
    -0.00017030839317215904,
    -1.0597704732419889e-05,
    0.00298040730007706,
    6.07049138278218e-05,
    0.0001553350871654739,
    2.0061653710696424e-05,
    1.7319729041867946e-05,
    2.392967431768251e-05,
    0.0012212420883219092,
    1.5935174682716767e-05,
    -4.158356931513293e-05,
    3.072141408648631e-05,
    2.3596111845006112e-05,
    -4.565184837046985e-05,
    -0.0006206736080197228,
    -6.651925657796698e-05,
    -0.0006273565276557227,
    -7.269504631459991e-05,
    -6.293160744328217e-05,
    0.00012862074754500392,
    -0.001441785365724624,
    -4.262936820558329e-05,
    -0.0004420119227386284,
    0.0019751720871653204,
    0.002255623062832105,
    -1.4338194340515852e-05,
    0.01677749225709053,
    -0.024707641180651958,
    -0.0002544171699166242,
    -0.000110461179787255,
    0.011641039976522362,
    -7.98665393603033e-05,
    -0.021417945362286826,
    0.0009793210580807915,
    -1.9536249151991353e-05,
    0.0027621852468711146,
    -0.03125511709634516,
    -0.0001558572688542644,
    5.204410935956514e-07,
    1.7685523823323846e-05,
    -0.03334932724286711,
    3.32920594950813e-05,
    2.2722636802714432e-05,
    -0.01963112169212306,
    -0.00014201141934340467,
    0.0009353089871022299,
    -0.02369527931234632,
    5.551595591720579e-05,
    0.013721120576129212,
    -6.39140471314319e-05,
    8.383255547976507e-05,
    0.00980449735035764,
    -3.502838721351882e-05,
    -0.0003376597556785028,
    0.00022218211835879796,
    6.093641706378226e-05,
    0.00983169376369747,
    0.0002650072813802265,
    0.05931026476808558
  ],
  "val_sse_masked": 0.0003967687371186912,
  "val_nrmse_masked": 0.05421866104006767,
  "val_mse_masked": 1.3225625480117742e-05,
  "val_r2_masked": 0.9970593452453613,
  "val_sse_full": 0.00039296207251027226,
  "val_nrmse_full": 0.05395793914794922,
  "val_mse_full": 1.309873641730519e-05,
  "val_r2_full": 0.9970875978469849,
  "iteration": 400,
  "p_lo_eff": 0.12967753410339355,
  "p_hi_eff": 1.9451630115509033,
  "f_lo_eff": 0.20659340918064117,
  "f_hi_eff": 1.6527472734451294
}