{
  "tag": "74_9efe7f75",
  "lmb1": 5.009033820756933e-06,
  "lmb2": 3.381170797578323e-06,
  "nonzero_count": 84,
  "complexity_norm": 0.6774193548387096,
  "train_gen_window": 0.023931275701076685,
  "generalizability": 0.020678694104692946,
  "equation": "0.13654 E^{0.5} n P^{-0.5} + 0.0021502 F dT_{e} + 0.0023104 F dT_{i} - 0.00081747 F dn - 0.0005108 P^{-1} F dT_{e} + 5.0874 \\cdot 10^{-5} P^{-1} F dT_{i} + 0.0011815 P^{-1} F dn + 0.0026394 P^{-1} dT_{e} + 3.6255 \\cdot 10^{-5} P F dT_{i} - 0.0046149 P dn - 0.024081 T_{e}^{0.5} F dT_{e} - 0.0017144 T_{e}^{0.5} F dn + 0.00030046 T_{e}^{0.5} P^{-1} dT_{e} - 0.052553 T_{e}^{0.5} P^{-1} dn + 0.0080991 T_{e}^{0.5} T_{i}^{0.5} F dT_{e} - 5.6389 \\cdot 10^{-6} T_{e}^{0.5} T_{i}^{0.5} F dT_{i} - 0.015161 T_{e}^{0.5} T_{i}^{0.5} F dn - 5.9962 \\cdot 10^{-7} T_{e}^{0.5} T_{i}^{0.5} P^{-1} dT_{i} + 0.026329 T_{e}^{0.5} T_{i}^{0.5} P^{-1} dn + 0.001172 T_{e}^{0.5} T_{i}^{0.5} P dT_{e} + 3.3631 \\cdot 10^{-6} T_{e}^{0.5} T_{i}^{0.5} P dT_{i} + 0.013954 T_{e}^{0.5} T_{i}^{0.5} P dn + 0.0028267 T_{e}^{0.5} T_{i}^{0.5} dn - 7.514 \\cdot 10^{-5} T_{e}^{0.5} T_{i} dT_{e} - 2.5045 \\cdot 10^{-7} T_{e}^{0.5} T_{i} dT_{i} + 0.0035327 T_{e}^{0.5} T_{i} dn - 0.06308 T_{e}^{0.5} dn - 0.00034359 T_{e} F dT_{i} - 0.0044597 T_{e} F dn + 0.01875 T_{e} P^{-1} dn + 1.7377 \\cdot 10^{-5} T_{e} P dT_{i} - 0.00072488 T_{e} T_{i}^{0.5} dT_{e} - 1.4945 \\cdot 10^{-5} T_{e} T_{i} dT_{e} - 4.8529 \\cdot 10^{-8} T_{e} T_{i} dT_{i} + 0.0060744 T_{e} T_{i} dn - 0.0035266 T_{e} dT_{e} - 0.0001987 T_{e} dT_{i} - 0.0062732 T_{e} dn + 0.0041286 T_{i}^{0.5} F dT_{e} - 0.0019866 T_{i}^{0.5} F dn + 0.00076714 T_{i}^{0.5} P^{-1} dT_{e} - 2.3496 \\cdot 10^{-6} T_{i}^{0.5} P^{-1} dT_{i} - 0.0011187 T_{i}^{0.5} P^{-1} dn + 1.4573 \\cdot 10^{-6} T_{i}^{0.5} P dT_{i} + 0.001048 T_{i}^{0.5} P dn - 0.0014895 T_{i}^{0.5} dT_{e} - 9.8231 \\cdot 10^{-7} T_{i}^{0.5} dT_{i} + 0.000933 T_{i}^{0.5} dn + 9.6272 \\cdot 10^{-5} T_{i} F dT_{e} - 4.1009 \\cdot 10^{-6} T_{i} F dT_{i} - 1.0691 \\cdot 10^{-5} T_{i} P^{-1} dT_{e} - 0.0023014 T_{i} P^{-1} dn + 6.3131 \\cdot 10^{-5} T_{i} P dT_{e} + 0.0050793 T_{i} P dn - 0.00043503 T_{i} dT_{e} + 0.0027388 T_{i} dn + 0.0014982 dT_{e} - 0.00027788 dT_{i} + 0.0036898 n^{-1} P^{-1} dn - 0.00087538 n^{-1} T_{e}^{0.5} T_{i}^{0.5} dn - 0.00048621 n^{-1} T_{e}^{0.5} dn - 0.0017045 n^{-1} T_{e} dn + 0.0001079 n^{-1} T_{i}^{0.5} dn - 0.00049061 n^{-1} T_{i} dn + 0.00046019 n^{-1} dn - 0.17354 n E^{0.5} - 0.01866 n E^{0.5} P^{-1} - 0.020758 n E^{0.5} T_{e}^{0.5} P^{-1} + 0.0015656 n E^{0.5} T_{e}^{0.5} T_{i}^{0.5} + 0.05254 n E^{0.5} T_{e}^{0.5} T_{i} - 0.00045283 n E^{0.5} T_{e} + 0.006416 n E^{0.5} T_{e} T_{i}^{0.5} + 0.00071318 n E^{0.5} T_{i}^{0.5} - 0.024604 n E^{0.5} T_{i}^{0.5} F + 0.018474 n E^{0.5} T_{i}^{0.5} P^{-1} + 0.010389 n E^{0.5} T_{i}^{0.5} P + 0.054905 n E^{0.5} T_{i} - 0.0033629 n E F + 0.0089952 n E P^{-1} - 0.0043816 n E P + 0.18449 n E T_{e}^{0.5} - 0.125 n E T_{e}^{0.5} T_{i}^{0.5} - 0.0047662 n E T_{i}^{0.5} - 0.026554 n E T_{i}",
  "coefficients": [
    0.08853771328483134,
    0.00844488596244333,
    0.0006895788656296377,
    -2.24148891096596e-05,
    0.0004587206871169687,
    -0.00921806226891364,
    -0.0007460890403837804,
    -0.004245542321270855,
    -0.0028046856625159335,
    0.0018037159359386903,
    -0.01668937612053466,
    0.03635228248603712,
    0.000563252387720559,
    -0.001048361376940708,
    -0.000373814492927787,
    0.0006148949024538394,
    -0.002823107533229157,
    -0.00033259433855418444,
    7.540923983812313e-06,
    -0.0006789076164955012,
    0.001647530010875618,
    -0.000797214185258206,
    -0.017353069525258138,
    -0.008214974387759899,
    0.001644558652513367,
    -0.0001860574501523448,
    0.0047064030181325715,
    -0.0005532107680017071,
    0.0019363512021903443,
    0.0008097023064767388,
    0.004364534234756983,
    -0.005707612732651458,
    0.004935617727322445,
    -0.00025877680745727417,
    -0.007499332641173075,
    0.0004954108232188897,
    0.0011187399599352549,
    0.0006150936074896957,
    -0.010014921050879883,
    0.011013786224609735,
    0.005162057852605969,
    -0.0015090799284266715,
    -0.00514141239202733,
    -0.0035365521528184186,
    -0.0003530842909198315,
    0.001493412654639707,
    -0.0008745701053595406,
    -0.005339723366357335,
    -0.0011994685692685932,
    0.0007396352567460262,
    -0.0024335938075849784,
    0.0013685368074402172,
    -0.0035893384061511315,
    0.002592562342156721,
    0.007600208145106141,
    -0.0473718498214483,
    -0.0415924375184035,
    -0.0017724211132495468,
    0.03248888740153515,
    0.0021613526644248863,
    -0.0180085181416233,
    0.017406219216552197,
    0.0032709347919515665,
    0.019578946998385815,
    -0.003987333564938879,
    -0.004467547071624428,
    0.00557406012949469,
    -0.01426672810556367,
    -0.0957909377065424,
    0.017401229470462982,
    0.00043992186441653793,
    -0.024447114778203598,
    0.010775797038093601,
    0.03853157458128747,
    -0.01837265787065257,
    0.0009336862259901285,
    0.03591921235561259,
    -0.00023285800854580893,
    0.003720593922340211,
    0.004294144590202867,
    -0.001919858194448542,
    -0.002661651346808705,
    -0.00198861473578618,
    -0.013803389006885936,
    0.06473942520006082,
    -0.05054797250951996,
    0.06703296675876685
  ],
  "val_sse_masked": 0.00020821743237320334,
  "val_nrmse_masked": 0.03927702456712723,
  "val_mse_masked": 6.940581442904659e-06,
  "val_r2_masked": 0.9984567761421204,
  "val_sse_full": 0.0002087476459564641,
  "val_nrmse_full": 0.03932700306177139,
  "val_mse_full": 6.958255198696861e-06,
  "val_r2_full": 0.9984528422355652,
  "iteration": 74,
  "p_lo_eff": 0.12967753410339355,
  "p_hi_eff": 1.9451630115509033,
  "f_lo_eff": 0.20659340918064117,
  "f_hi_eff": 1.6527472734451294
}