{
  "tag": "80_ea036636",
  "lmb1": 7.237036885352021e-07,
  "lmb2": 0.1,
  "nonzero_count": 81,
  "complexity_norm": 0.6532258064516129,
  "train_gen_window": 0.07978756142553796,
  "generalizability": 0.07194296585403491,
  "equation": "0.014843 E^{0.5} n P^{-0.5} + 0.0013574 F dT_{e} + 0.00014802 F dT_{i} - 0.0022785 F dn - 0.003698 P^{-1} F dT_{e} - 0.00012208 P^{-1} F dT_{i} - 0.0036676 P^{-1} F dn - 0.0004915 P^{-1} dT_{e} + 5.7192 \\cdot 10^{-5} P F dT_{i} + 0.0033508 P dn + 0.00084502 T_{e}^{0.5} F dT_{e} - 0.0025885 T_{e}^{0.5} F dn - 0.00049153 T_{e}^{0.5} P^{-1} dT_{e} - 0.0049242 T_{e}^{0.5} P^{-1} dn - 8.3829 \\cdot 10^{-5} T_{e}^{0.5} T_{i}^{0.5} F dT_{e} + 1.0614 \\cdot 10^{-6} T_{e}^{0.5} T_{i}^{0.5} F dT_{i} - 0.002261 T_{e}^{0.5} T_{i}^{0.5} F dn - 6.9115 \\cdot 10^{-7} T_{e}^{0.5} T_{i}^{0.5} P^{-1} dT_{i} - 0.00062151 T_{e}^{0.5} T_{i}^{0.5} P^{-1} dn - 5.6123 \\cdot 10^{-7} T_{e}^{0.5} T_{i}^{0.5} P dT_{i} + 0.0029235 T_{e}^{0.5} T_{i}^{0.5} P dn - 0.0060299 T_{e}^{0.5} T_{i}^{0.5} dn + 1.3376 \\cdot 10^{-5} T_{e}^{0.5} T_{i} dT_{e} - 6.6741 \\cdot 10^{-8} T_{e}^{0.5} T_{i} dT_{i} - 0.0031646 T_{e}^{0.5} T_{i} dn - 0.0081059 T_{e}^{0.5} dn + 4.2575 \\cdot 10^{-5} T_{e} F dT_{i} - 0.0027737 T_{e} F dn - 0.00095179 T_{e} P^{-1} dn - 1.9657 \\cdot 10^{-6} T_{e} P dT_{i} + 0.0001348 T_{e} T_{i}^{0.5} dT_{e} + 1.2925 \\cdot 10^{-5} T_{e} T_{i} dT_{e} - 4.6129 \\cdot 10^{-8} T_{e} T_{i} dT_{i} - 0.0028961 T_{e} T_{i} dn + 0.00060693 T_{e} dT_{e} + 3.1878 \\cdot 10^{-6} T_{e} dT_{i} - 0.0087921 T_{e} dn - 0.0020992 T_{i}^{0.5} F dn - 5.7333 \\cdot 10^{-5} T_{i}^{0.5} P^{-1} dT_{e} - 8.4059 \\cdot 10^{-7} T_{i}^{0.5} P^{-1} dT_{i} - 0.0036088 T_{i}^{0.5} P^{-1} dn - 9.5695 \\cdot 10^{-7} T_{i}^{0.5} P dT_{i} + 0.002997 T_{i}^{0.5} P dn + 0.0001105 T_{i}^{0.5} dT_{e} - 2.9112 \\cdot 10^{-7} T_{i}^{0.5} dT_{i} - 0.0054985 T_{i}^{0.5} dn - 5.3271 \\cdot 10^{-5} T_{i} F dT_{e} - 3.1002 \\cdot 10^{-7} T_{i} F dT_{i} - 8.6428 \\cdot 10^{-6} T_{i} P^{-1} dT_{e} + 0.0002033 T_{i} P^{-1} dn + 0.0028723 T_{i} P dn + 1.2955 \\cdot 10^{-5} T_{i} dT_{e} - 0.0030921 T_{i} dn + 0.00028887 dT_{e} + 1.8799 \\cdot 10^{-6} dT_{i} - 0.011953 n^{-1} F dn + 0.001306 n^{-1} P^{-1} dn + 0.00023141 n^{-1} T_{e}^{0.5} T_{i}^{0.5} dn + 0.00071446 n^{-1} T_{e}^{0.5} dn + 0.00036894 n^{-1} T_{e} dn + 0.00038087 n^{-1} T_{i}^{0.5} dn + 5.527 \\cdot 10^{-5} n^{-1} T_{i} dn + 0.0011431 n^{-1} dn + 0.0024934 n E^{0.5} + 0.0043714 n E^{0.5} P^{-1} + 0.0043781 n E^{0.5} T_{e}^{0.5} T_{i}^{0.5} + 0.0041442 n E^{0.5} T_{e}^{0.5} T_{i} + 0.0034876 n E^{0.5} T_{e} + 0.0043841 n E^{0.5} T_{e} T_{i}^{0.5} + 0.0039378 n E^{0.5} T_{i}^{0.5} - 0.0009578 n E^{0.5} T_{i}^{0.5} F + 0.0020174 n E^{0.5} T_{i}^{0.5} P^{-1} - 0.0070654 n E^{0.5} T_{i}^{0.5} P + 0.004102 n E^{0.5} T_{i} + 0.0015216 n E F + 0.0068593 n E P^{-1} - 0.0073714 n E P + 0.012062 n E T_{e}^{0.5} + 0.0093848 n E T_{e}^{0.5} T_{i}^{0.5} + 0.009245 n E T_{i}^{0.5} + 0.0050184 n E T_{i}",
  "coefficients": [
    0.08853770584638992,
    0.002989144167152386,
    0.0017129369145493529,
    -0.006083540527958107,
    0.0016192102734545644,
    0.0010384562574834262,
    0.0010963379937696627,
    0.001122317708561874,
    0.000607061114299862,
    -0.004328327728864819,
    0.00011290599479214531,
    0.0023289775035701043,
    0.0008885318106801147,
    -0.00037505342900010213,
    -0.00011078317211235707,
    -0.0004037870521582587,
    -0.00021341680716019645,
    -0.0003833614230968393,
    -3.8587445204609806e-05,
    0.0001277881126986822,
    -0.0002749367893177942,
    -0.00021244466601443327,
    0.00027840471127454046,
    0.001017912081405822,
    -0.0001860348342242425,
    -0.00017685465563654305,
    -0.0008764167023687448,
    -0.004005019338476412,
    0.00037336294803276375,
    0.0005111508603655411,
    -0.0003261881306822938,
    0.00042340976348693906,
    -9.891061328198359e-05,
    -0.00020919927675242455,
    0.00022332818658505216,
    -0.0002741290862341185,
    2.2725258205829896e-05,
    -0.0010062642979304136,
    0.00035143206688405086,
    -0.00011399665065084733,
    -6.781602879888347e-05,
    0.0002686303993382983,
    0.0008848278250061228,
    0.0006576563269044423,
    0.0003053660654111184,
    -0.004635883844871754,
    -0.002437597442349265,
    0.0038771209352010945,
    -0.003869528294533796,
    -0.004358905953290024,
    -0.0025714796095257617,
    0.003913901934066172,
    0.00031707466903764525,
    -0.002926940244288972,
    0.004297898049034325,
    -0.004438710894940424,
    -0.005344719887956531,
    -0.002676070662881663,
    -0.0007669165983760595,
    -0.004610637123176705,
    -0.0026856534445961204,
    0.003646812679783009,
    -0.0029301062484310258,
    -0.0009938498744644347,
    -0.005588411388665074,
    -0.002778531406602704,
    -0.0026575772631881114,
    0.0033422209040814624,
    0.001376349188260499,
    0.0019002416585040048,
    0.0024289997752489994,
    -0.0009516827420419142,
    -0.007328166174401596,
    0.002878765829307882,
    3.526123532899238e-05,
    0.0026109343429505808,
    0.002833190559857392,
    0.0017934003075349867,
    0.00254233207419033,
    0.003274510081309737,
    0.0008686535896163137,
    -0.004477874459320862,
    0.0038573134456101237,
    0.0026086494009314423,
    0.004232514546308701,
    0.003795082942334956,
    0.007287085011783986
  ],
  "val_sse_masked": 0.0013193750055506825,
  "val_nrmse_masked": 0.0988699197769165,
  "val_mse_masked": 4.397916927700862e-05,
  "val_r2_masked": 0.9902215003967285,
  "val_sse_full": 0.0013094829628244042,
  "val_nrmse_full": 0.09849858283996582,
  "val_mse_full": 4.364943379187025e-05,
  "val_r2_full": 0.9902948141098022,
  "iteration": 80,
  "p_lo_eff": 0.12967753410339355,
  "p_hi_eff": 1.9451630115509033,
  "f_lo_eff": 0.20659340918064117,
  "f_hi_eff": 1.6527472734451294
}