{
  "tag": "139_422862fa",
  "lmb1": 0.000824712306992633,
  "lmb2": 2.6011292954138554e-08,
  "nonzero_count": 16,
  "complexity_norm": 0.12903225806451613,
  "train_gen_window": 0.05993281408442113,
  "generalizability": 0.061544638504492176,
  "equation": "0.053911 E^{0.5} n P^{-0.5} - 0.0038182 P^{-1} F dT_{e} - 7.6516 \\cdot 10^{-5} P^{-1} F dT_{i} - 0.0022735 P^{-1} F dn + 0.00035724 P dn - 0.0020853 T_{e}^{0.5} T_{i}^{0.5} dn - 0.062765 T_{e} dn - 0.0096578 T_{i}^{0.5} P^{-1} dn + 0.00011757 T_{i}^{0.5} P dn + 0.0038853 T_{i} P dn + 0.00024662 n^{-1} P^{-1} dn + 0.0084366 n E^{0.5} T_{e}^{0.5} T_{i} - 0.021551 n E^{0.5} T_{i}^{0.5} P + 0.00096141 n E^{0.5} T_{i} + 0.039153 n E T_{e}^{0.5} T_{i}^{0.5} + 0.00030543 n E T_{i}^{0.5}",
  "coefficients": [
    0.08853770318850229,
    0.0005644366640898607,
    1.147010358853013e-05,
    -1.1912634242820697e-05,
    7.042498392702755e-06,
    6.001547577023089e-06,
    5.235289897496533e-06,
    4.1532875371261915e-06,
    2.9584021951705136e-06,
    -0.0027128546437000436,
    -3.0314601415075047e-06,
    1.1108675785951327e-06,
    -2.1328522720747033e-06,
    -3.6572382973936363e-06,
    -5.022496902679909e-06,
    -8.723379620514485e-06,
    -4.442588285873866e-06,
    -3.283812612374763e-06,
    -4.428551574634403e-06,
    -2.6318435287235596e-06,
    -7.824738021711593e-06,
    -5.571674057921089e-06,
    -2.221926326389181e-06,
    -1.506045535542812e-07,
    -4.955324749519774e-06,
    -5.0626807477972015e-06,
    -1.6093340688991173e-06,
    -0.004135240849390013,
    1.7187870946345276e-06,
    1.7170593044185175e-06,
    7.583251148158569e-07,
    5.34678480144089e-06,
    2.5597461854538796e-06,
    2.67798618570614e-06,
    9.35361732477498e-06,
    4.153962704238897e-06,
    9.87716925114854e-06,
    -1.793595615089467e-06,
    1.5796104188718446e-06,
    2.5504526108505407e-06,
    5.462928783239736e-06,
    9.96230522769777e-06,
    3.3539660886809224e-06,
    7.818551719617799e-06,
    1.0298689270969103e-05,
    -0.0028736373235289958,
    -6.451416980211525e-06,
    0.0004133528750072764,
    -0.010355475914798483,
    -3.518648850937311e-05,
    -3.5854446390514294e-05,
    0.00015353815948522322,
    -2.4826643187828316e-06,
    -1.877939402438604e-05,
    0.005813670138672876,
    -1.4361280460193774e-05,
    -3.35360324771499e-05,
    -8.733051738014908e-06,
    -2.853182011035298e-06,
    -0.0015944470948189484,
    -9.735863259310164e-05,
    2.6736722594910874e-05,
    -3.303355275950261e-05,
    -1.0650185368499246e-06,
    -0.039894738037342406,
    -1.0975306012898114e-05,
    -3.173133345087665e-05,
    -2.885301522007489e-07,
    1.888197995382446e-06,
    1.318514881580098e-06,
    9.137667899652301e-06,
    1.2947735363899846e-06,
    -0.022352063500381786,
    0.0006747082066624509,
    -6.655828776790048e-06,
    1.081385903319999e-05,
    0.005767741272566215,
    2.070103014228756e-06,
    9.968408001212934e-06,
    7.373971307062244e-06,
    3.2508832712172352e-06,
    -2.7086211386529223e-05,
    0.00012743397629027934,
    1.3385225313376012e-05,
    2.3103878538266643e-05,
    0.015832814445166654,
    0.026467407303338603
  ],
  "val_sse_masked": 0.0010004553478211164,
  "val_nrmse_masked": 0.08609519898891449,
  "val_mse_masked": 3.33485149894841e-05,
  "val_r2_masked": 0.9925851225852966,
  "val_sse_full": 0.0009710759622976184,
  "val_nrmse_full": 0.08482164144515991,
  "val_mse_full": 3.236920019844547e-05,
  "val_r2_full": 0.9928029179573059,
  "iteration": 139,
  "p_lo_eff": 0.12967753410339355,
  "p_hi_eff": 1.9451630115509033,
  "f_lo_eff": 0.20659340918064117,
  "f_hi_eff": 1.6527472734451294
}