{
  "tag": "66_56b1b217",
  "lmb1": 5.194750313102547e-08,
  "lmb2": 1e-08,
  "nonzero_count": 86,
  "complexity_norm": 0.6935483870967742,
  "train_gen_window": 0.014550716243267224,
  "generalizability": 0.03171256129582162,
  "equation": "0.12043 E^{0.5} n P^{-0.5} + 0.11924 F dT_{e} + 0.0090174 F dT_{i} + 0.039516 F dn - 0.00093325 P^{-1} F dT_{e} - 0.00059916 P^{-1} F dT_{i} + 0.0096894 P^{-1} F dn - 0.0084609 P^{-1} dT_{e} - 0.0019389 P F dT_{i} - 0.026152 P dn - 0.15548 T_{e}^{0.5} F dT_{e} + 0.034255 T_{e}^{0.5} F dn + 0.012715 T_{e}^{0.5} P^{-1} dT_{e} - 0.060366 T_{e}^{0.5} P^{-1} dn + 0.027683 T_{e}^{0.5} T_{i}^{0.5} F dT_{e} - 0.0030515 T_{e}^{0.5} T_{i}^{0.5} F dT_{i} - 0.075604 T_{e}^{0.5} T_{i}^{0.5} F dn + 0.00096132 T_{e}^{0.5} T_{i}^{0.5} P^{-1} dT_{i} + 0.025529 T_{e}^{0.5} T_{i}^{0.5} P^{-1} dn + 0.0014082 T_{e}^{0.5} T_{i}^{0.5} P dT_{e} + 0.00020312 T_{e}^{0.5} T_{i}^{0.5} P dT_{i} + 0.012447 T_{e}^{0.5} T_{i}^{0.5} P dn + 0.00048999 T_{e}^{0.5} T_{i}^{0.5} dT_{i} + 0.24407 T_{e}^{0.5} T_{i}^{0.5} dn - 0.023267 T_{e}^{0.5} T_{i} dT_{e} + 5.615 \\cdot 10^{-5} T_{e}^{0.5} T_{i} dT_{i} - 0.078778 T_{e}^{0.5} T_{i} dn - 0.23168 T_{e}^{0.5} dn + 0.00075951 T_{e} F dT_{i} - 0.079527 T_{e} F dn + 0.0096127 T_{e} P^{-1} dn + 0.0008713 T_{e} P dT_{i} - 0.0080885 T_{e} T_{i}^{0.5} dT_{e} + 0.010147 T_{e} T_{i} dT_{e} - 7.216 \\cdot 10^{-5} T_{e} T_{i} dT_{i} + 0.000679 T_{e} T_{i} dn + 0.015641 T_{e} dT_{e} - 0.0023416 T_{e} dT_{i} + 0.054934 T_{e} dn + 0.017592 T_{i}^{0.5} F dT_{e} + 0.032729 T_{i}^{0.5} F dn - 0.0018135 T_{i}^{0.5} P^{-1} dT_{e} - 0.00085645 T_{i}^{0.5} P^{-1} dT_{i} + 0.014408 T_{i}^{0.5} P^{-1} dn - 0.00041204 T_{i}^{0.5} P dT_{i} + 0.064367 T_{i}^{0.5} P dn + 0.0034047 T_{i}^{0.5} dT_{e} + 0.00031333 T_{i}^{0.5} dT_{i} - 0.033893 T_{i}^{0.5} dn - 0.017226 T_{i} F dT_{e} + 6.4081 \\cdot 10^{-5} T_{i} F dT_{i} + 0.0011682 T_{i} P^{-1} dT_{e} - 0.0052472 T_{i} P^{-1} dn - 0.00082649 T_{i} P dT_{e} - 0.041247 T_{i} P dn + 0.016214 T_{i} dT_{e} + 0.028214 T_{i} dn - 0.020231 dT_{e} - 0.00012127 dT_{i} + 0.01722 n^{-1} F dn + 0.0016746 n^{-1} P^{-1} dn - 0.027125 n^{-1} T_{e}^{0.5} T_{i}^{0.5} dn - 0.050654 n^{-1} T_{e}^{0.5} dn + 0.041249 n^{-1} T_{e} dn + 0.020888 n^{-1} T_{i}^{0.5} dn + 0.0022345 n^{-1} T_{i} dn + 0.0068347 n^{-1} dn - 0.29234 n E^{0.5} - 0.058564 n E^{0.5} P^{-1} - 0.0060105 n E^{0.5} T_{e}^{0.5} P^{-1} - 0.024377 n E^{0.5} T_{e}^{0.5} T_{i}^{0.5} - 0.0050484 n E^{0.5} T_{e}^{0.5} T_{i} - 0.041267 n E^{0.5} T_{e} + 0.011774 n E^{0.5} T_{e} T_{i}^{0.5} + 0.070894 n E^{0.5} T_{i}^{0.5} - 0.011102 n E^{0.5} T_{i}^{0.5} F + 0.068111 n E^{0.5} T_{i}^{0.5} P^{-1} + 0.010341 n E^{0.5} T_{i}^{0.5} P + 0.19701 n E^{0.5} T_{i} - 0.061748 n E F - 0.035384 n E P^{-1} - 0.020256 n E P + 0.98393 n E T_{e}^{0.5} - 0.86286 n E T_{e}^{0.5} T_{i}^{0.5} - 0.10442 n E T_{i}^{0.5} + 0.15982 n E T_{i}",
  "coefficients": [
    0.08853773146632432,
    0.0038325996472643037,
    0.01024152090690518,
    0.008764121191270458,
    0.0888014787253438,
    0.04198451411492121,
    -0.07772931983561462,
    -0.13155430479290894,
    0.06787115049954293,
    -0.021243103742187304,
    -0.007283359495061002,
    0.1418809381869951,
    -0.03012211240901705,
    -0.382130779340914,
    0.11923561007267448,
    -0.1738597800489747,
    0.04411400981523034,
    0.5332214664329614,
    0.2238701198231475,
    -0.36739649665390794,
    0.09950191414640686,
    0.17873232916484977,
    -0.20450105262857562,
    0.01815918773434795,
    0.08246112027874314,
    -0.2766563475597989,
    -0.015086883803744455,
    -0.0010107337628462026,
    -0.026147899980715622,
    0.04490133078975751,
    -0.010317443237627483,
    0.013046240807510726,
    0.021029970829911787,
    0.02827571163305862,
    0.2795115501011709,
    -0.08864645980725992,
    -0.014646075747354645,
    0.026030555637137895,
    -0.06466237482711101,
    0.03764486796555248,
    0.006202305285847962,
    -0.467292475661639,
    0.022802981091227803,
    -0.039462019853641866,
    0.23973552734117182,
    0.012247388353837776,
    0.04227614910296139,
    -0.030259231262195985,
    0.015448819612080243,
    -0.026868627543707668,
    0.040092075227213,
    0.08405869607789392,
    -0.008183837665886581,
    0.02670689067865041,
    -0.06171780356742831,
    -0.05441508553237176,
    -0.1527591196875411,
    0.03541381601809625,
    0.03150198200401803,
    0.18662052659554212,
    -0.089803341125134,
    0.015526599002684882,
    -0.07293957645253271,
    0.010037419610295764,
    0.03491716172283759,
    -0.07966621678563143,
    0.0006230648844361975,
    -0.044775604707561145,
    -0.1613703186590827,
    0.06415424143700801,
    0.0437308990509591,
    -0.011031560184383962,
    0.010725572842607542,
    0.13825693867815206,
    -0.0053198873138711675,
    -0.014537473118236721,
    -0.0034513958388760063,
    -0.021220728823253918,
    0.006827416526584668,
    -0.016891944217380342,
    -0.035251313189918115,
    -0.012304716806419272,
    -0.04356792498253639,
    0.08307899021095125,
    0.3452684604766215,
    -0.3489289996074103,
    0.059126948498067426
  ],
  "val_sse_masked": 0.00012323522241786122,
  "val_nrmse_masked": 0.030216731131076813,
  "val_mse_masked": 4.107841050426941e-06,
  "val_r2_masked": 0.9990866184234619,
  "val_sse_full": 0.00012323522241786122,
  "val_nrmse_full": 0.030216731131076813,
  "val_mse_full": 4.107841050426941e-06,
  "val_r2_full": 0.9990866184234619,
  "iteration": 66,
  "p_lo_eff": 0.12967753410339355,
  "p_hi_eff": 1.9451630115509033,
  "f_lo_eff": 0.20659340918064117,
  "f_hi_eff": 1.6527472734451294
}