{
  "tag": "188_4d92cc10",
  "lmb1": 0.0005000748647187384,
  "lmb2": 3.677720856764324e-06,
  "nonzero_count": 18,
  "complexity_norm": 0.14516129032258066,
  "train_gen_window": 0.053412896682220774,
  "generalizability": 0.052506026865487714,
  "equation": "0.050166 E^{0.5} n P^{-0.5} - 0.0038324 P^{-1} F dT_{e} - 7.1984 \\cdot 10^{-5} P^{-1} F dT_{i} - 0.0025915 P^{-1} F dn + 0.000558 P dn - 0.00030667 T_{e}^{0.5} T_{i}^{0.5} dn - 0.071579 T_{e} dn - 0.0086128 T_{i}^{0.5} P^{-1} dn + 0.00064227 T_{i}^{0.5} P dn + 0.0064336 T_{i} P dn - 0.001332 n^{-1} F dn + 0.00053763 n^{-1} P^{-1} dn - 0.00033378 n E^{0.5} T_{e}^{0.5} P^{-1} + 0.0063765 n E^{0.5} T_{e}^{0.5} T_{i} - 0.021887 n E^{0.5} T_{i}^{0.5} P + 0.0016544 n E^{0.5} T_{i} + 0.046321 n E T_{e}^{0.5} T_{i}^{0.5} + 0.00043106 n E T_{i}^{0.5}",
  "coefficients": [
    0.08853770257626564,
    0.0012304886975785174,
    1.3439918151592135e-05,
    -0.0006779186554477248,
    1.6601510147500902e-06,
    -8.18562157916642e-08,
    4.183930197517459e-06,
    -3.9429052258307875e-07,
    8.062229900757482e-07,
    -0.002552200309359992,
    7.489437380260172e-07,
    1.2508148758866529e-05,
    2.7871605591989976e-06,
    -2.605782845986298e-06,
    -1.7500304450760394e-06,
    -2.059296750679722e-06,
    -3.1497905782002956e-06,
    -2.2834854406930254e-06,
    -1.3627068239807671e-06,
    -6.109436031290161e-07,
    -1.656072860873797e-06,
    -3.2040648701461396e-06,
    1.711279133122245e-06,
    5.099238694877267e-06,
    1.0546746996279547e-06,
    -2.891048842143329e-06,
    1.9529019238373182e-07,
    -0.004150540623491284,
    8.547622212498909e-06,
    9.234488121609396e-06,
    6.0826876799680774e-06,
    4.43703760430903e-05,
    1.4651426690055639e-05,
    1.3813432978890253e-05,
    3.4415717776610624e-05,
    1.9189332868034343e-05,
    1.998217146724564e-05,
    -1.5560702939463924e-07,
    8.710076013585506e-06,
    1.3650063876550799e-05,
    2.8003142585809455e-05,
    3.118211429364342e-05,
    2.7854297104227093e-05,
    6.883111152641898e-05,
    2.780355681682862e-05,
    -0.0032756459435863998,
    -6.3579984751255155e-06,
    0.0006456425682095999,
    -0.0092349301896373,
    -2.9896252795474424e-05,
    -1.6995747612732584e-05,
    0.0008387508027284346,
    -1.986527934151099e-06,
    -2.3481798074547065e-05,
    0.00962665227181684,
    -2.8175897900583994e-05,
    -4.81407539258997e-05,
    -8.260140860478559e-06,
    -2.479472952797837e-06,
    -0.00023448890980483895,
    -2.4372752295000698e-05,
    5.239396716733858e-05,
    -5.023665761370812e-05,
    -1.047895954032045e-07,
    -0.045497003598744055,
    -9.663984471995912e-06,
    -6.425146269012388e-05,
    -2.077042359385731e-06,
    1.8340847197314537e-06,
    7.124875400026432e-07,
    1.1985424272511383e-05,
    -8.941380919876386e-07,
    -0.022701443581720576,
    0.0011610227284652884,
    -0.00029543152833189155,
    1.3609555610002608e-05,
    0.004359316249065206,
    1.8687884234466428e-06,
    1.1885308038748665e-05,
    1.1212909570884518e-05,
    2.3512114678480814e-06,
    -3.623514312225846e-05,
    0.00017985156248653816,
    2.1516133404680893e-05,
    3.85453381524259e-05,
    0.018731415257185222,
    0.024628965583702866
  ],
  "val_sse_masked": 0.0008235065033659339,
  "val_nrmse_masked": 0.07811125367879868,
  "val_mse_masked": 2.7450218112790026e-05,
  "val_r2_masked": 0.9938966035842896,
  "val_sse_full": 0.0008054568897932768,
  "val_nrmse_full": 0.07725048810243607,
  "val_mse_full": 2.684856553969439e-05,
  "val_r2_full": 0.9940303564071655,
  "iteration": 188,
  "p_lo_eff": 0.12967753410339355,
  "p_hi_eff": 1.9451630115509033,
  "f_lo_eff": 0.20659340918064117,
  "f_hi_eff": 1.6527472734451294
}