{
  "tag": "86_f376266b",
  "lmb1": 1.36228475599985e-06,
  "lmb2": 1e-08,
  "nonzero_count": 85,
  "complexity_norm": 0.6854838709677419,
  "train_gen_window": 0.014845011513389874,
  "generalizability": 0.017413836104947494,
  "equation": "0.17537 E^{0.5} n P^{-0.5} + 0.050522 F dT_{e} + 0.0040803 F dT_{i} + 0.0054049 F dn + 0.0012579 P^{-1} F dT_{e} + 9.2664 \\cdot 10^{-5} P^{-1} F dT_{i} + 0.006238 P^{-1} F dn + 0.0030958 P^{-1} dT_{e} + 8.5251 \\cdot 10^{-5} P F dT_{i} - 0.00028914 P dn - 0.10007 T_{e}^{0.5} F dT_{e} + 0.0004911 T_{e}^{0.5} F dn + 0.0030834 T_{e}^{0.5} P^{-1} dT_{e} - 0.058604 T_{e}^{0.5} P^{-1} dn + 0.015903 T_{e}^{0.5} T_{i}^{0.5} F dT_{e} + 2.7798 \\cdot 10^{-6} T_{e}^{0.5} T_{i}^{0.5} F dT_{i} - 0.039627 T_{e}^{0.5} T_{i}^{0.5} F dn + 2.4325 \\cdot 10^{-5} T_{e}^{0.5} T_{i}^{0.5} P^{-1} dT_{i} + 0.045189 T_{e}^{0.5} T_{i}^{0.5} P^{-1} dn + 0.0015254 T_{e}^{0.5} T_{i}^{0.5} P dT_{e} + 9.1896 \\cdot 10^{-6} T_{e}^{0.5} T_{i}^{0.5} P dT_{i} + 0.020255 T_{e}^{0.5} T_{i}^{0.5} P dn + 9.1266 \\cdot 10^{-6} T_{e}^{0.5} T_{i}^{0.5} dT_{i} + 0.096918 T_{e}^{0.5} T_{i}^{0.5} dn - 4.0025 \\cdot 10^{-5} T_{e}^{0.5} T_{i} dT_{e} - 1.0798 \\cdot 10^{-6} T_{e}^{0.5} T_{i} dT_{i} - 0.00070908 T_{e}^{0.5} T_{i} dn - 0.11149 T_{e}^{0.5} dn - 0.0017017 T_{e} F dT_{i} - 0.0037941 T_{e} F dn + 0.0021211 T_{e} P^{-1} dn + 1.5985 \\cdot 10^{-5} T_{e} P dT_{i} - 0.0026839 T_{e} T_{i}^{0.5} dT_{e} + 0.00046937 T_{e} T_{i} dT_{e} - 4.8472 \\cdot 10^{-7} T_{e} T_{i} dT_{i} - 0.00091384 T_{e} T_{i} dn - 0.0017813 T_{e} dT_{e} - 3.2509 \\cdot 10^{-5} T_{e} dT_{i} - 0.0017046 T_{e} dn + 0.0094086 T_{i}^{0.5} F dT_{e} - 0.00026882 T_{i}^{0.5} F dn + 0.00065386 T_{i}^{0.5} P^{-1} dT_{e} + 2.3905 \\cdot 10^{-6} T_{i}^{0.5} P^{-1} dT_{i} + 0.0053495 T_{i}^{0.5} P^{-1} dn + 3.6786 \\cdot 10^{-6} T_{i}^{0.5} P dT_{i} + 0.0035607 T_{i}^{0.5} P dn - 0.0007799 T_{i}^{0.5} dT_{e} + 2.1906 \\cdot 10^{-6} T_{i}^{0.5} dT_{i} + 0.00050216 T_{i}^{0.5} dn - 0.00076197 T_{i} F dT_{e} - 2.3892 \\cdot 10^{-5} T_{i} F dT_{i} - 0.00023837 T_{i} P^{-1} dT_{e} - 0.010402 T_{i} P^{-1} dn - 6.9618 \\cdot 10^{-5} T_{i} P dT_{e} - 0.0063364 T_{i} P dn - 0.00091441 T_{i} dT_{e} - 0.012742 T_{i} dn + 0.00019308 dT_{e} - 0.00066499 dT_{i} - 0.00068831 n^{-1} F dn + 0.0060195 n^{-1} P^{-1} dn - 0.0076464 n^{-1} T_{e}^{0.5} T_{i}^{0.5} dn - 0.0029759 n^{-1} T_{e}^{0.5} dn - 0.003808 n^{-1} T_{e} dn + 0.0070461 n^{-1} T_{i}^{0.5} dn + 0.00012038 n^{-1} T_{i} dn - 0.00043283 n^{-1} dn - 0.27603 n E^{0.5} - 0.056112 n E^{0.5} P^{-1} - 0.011115 n E^{0.5} T_{e}^{0.5} P^{-1} + 0.051961 n E^{0.5} T_{e}^{0.5} T_{i} - 0.017683 n E^{0.5} T_{e} + 0.001681 n E^{0.5} T_{e} T_{i}^{0.5} + 0.00042052 n E^{0.5} T_{i}^{0.5} - 0.017251 n E^{0.5} T_{i}^{0.5} F + 0.044232 n E^{0.5} T_{i}^{0.5} P^{-1} + 0.019189 n E^{0.5} T_{i}^{0.5} P + 0.12749 n E^{0.5} T_{i} - 0.033235 n E F - 0.012858 n E P^{-1} - 0.0094877 n E P + 0.59128 n E T_{e}^{0.5} - 0.48174 n E T_{e}^{0.5} T_{i}^{0.5} - 0.024657 n E T_{i}^{0.5} + 0.013965 n E T_{i}",
  "coefficients": [
    0.08853771814411221,
    0.013776861181177463,
    -0.0006485874455588836,
    -0.00035031298009938205,
    0.029955714797418282,
    0.0022618044973567925,
    -0.004566462607023419,
    -0.03708456881995038,
    -0.006265831403902363,
    0.003285399378084769,
    -0.03993832255158576,
    0.06419956220683294,
    0.001324449226364891,
    0.0010665828231525148,
    0.0008336031758617234,
    0.0015522062124188373,
    -0.016447580794993342,
    0.013492258903323794,
    0.004169859062520192,
    0.0003346781604414697,
    0.004501778257744074,
    -0.0034369773581707113,
    -0.002839107815638623,
    -0.04068553302900778,
    0.001512866502009567,
    -0.0018583702318044737,
    0.00552019821567986,
    0.001362367029894595,
    0.00024956049563857664,
    0.01902470303988386,
    0.0037200262244556906,
    -0.0029884860813683078,
    0.011247560318660189,
    -0.0057698443764231,
    -0.0157631273801305,
    -0.00392108121670178,
    -0.0012336869619293087,
    0.006312395558305636,
    -0.04161705591321563,
    0.02162646720568861,
    0.006718404352774902,
    -0.0008038478778471677,
    -0.0025969785311870715,
    -0.013094394967386956,
    0.011089379260802317,
    0.00788487113743416,
    0.005782390780463647,
    -0.0003345520520695159,
    0.005735925225232796,
    0.00039808212141944493,
    -0.0003293006706581068,
    0.004650009927465546,
    -0.016223659634558595,
    -0.012060987484453818,
    -0.009481218996516267,
    -0.05282693989962089,
    -0.0735123660191135,
    0.0005077151419540409,
    0.055761565002543825,
    0.07410656384973674,
    -0.04706940065528664,
    0.02526661685371665,
    -0.0006565263282661848,
    0.0022148585688686138,
    -0.0010834454111868191,
    -0.0038008093403877246,
    -0.0008385682591640058,
    -0.042901004473096624,
    -0.15236802755555576,
    0.04166244621558745,
    0.0002593948211683575,
    -0.017140484732018763,
    0.01990308792299336,
    0.08947316635843555,
    -0.009837640514747906,
    -5.047417944556345e-06,
    0.03552321486079441,
    -0.009092998970542037,
    0.0009748034783763954,
    -0.0061383265694979604,
    -0.01897341516125279,
    -0.005763458016892602,
    -0.010287869628388164,
    0.007259227394195323,
    0.20748330756521216,
    -0.19480729614492678,
    0.08609804373976984
  ],
  "val_sse_masked": 0.00015287779388017952,
  "val_nrmse_masked": 0.033655207604169846,
  "val_mse_masked": 5.095927008369472e-06,
  "val_r2_masked": 0.9988669753074646,
  "val_sse_full": 0.0001528214488644153,
  "val_nrmse_full": 0.033649004995822906,
  "val_mse_full": 5.09404844706296e-06,
  "val_r2_full": 0.998867392539978,
  "iteration": 86,
  "p_lo_eff": 0.12967753410339355,
  "p_hi_eff": 1.9451630115509033,
  "f_lo_eff": 0.20659340918064117,
  "f_hi_eff": 1.6527472734451294
}