{
  "tag": "189_d8a6a30e",
  "lmb1": 3.3547207295003827e-07,
  "lmb2": 1e-08,
  "nonzero_count": 86,
  "complexity_norm": 0.6935483870967742,
  "train_gen_window": 0.013365111018624302,
  "generalizability": 0.027839038095600732,
  "equation": "0.17825 E^{0.5} n P^{-0.5} + 0.12681 F dT_{e} + 0.0057263 F dT_{i} + 0.036923 F dn + 0.00095693 P^{-1} F dT_{e} + 1.2498 \\cdot 10^{-5} P^{-1} F dT_{i} + 0.009246 P^{-1} F dn - 0.0065452 P^{-1} dT_{e} - 0.00052444 P F dT_{i} - 0.0083967 P dn - 0.18065 T_{e}^{0.5} F dT_{e} + 0.0038048 T_{e}^{0.5} F dn + 0.011977 T_{e}^{0.5} P^{-1} dT_{e} - 0.068075 T_{e}^{0.5} P^{-1} dn + 0.031278 T_{e}^{0.5} T_{i}^{0.5} F dT_{e} - 0.00015282 T_{e}^{0.5} T_{i}^{0.5} F dT_{i} - 0.056247 T_{e}^{0.5} T_{i}^{0.5} F dn + 0.00011375 T_{e}^{0.5} T_{i}^{0.5} P^{-1} dT_{i} + 0.028948 T_{e}^{0.5} T_{i}^{0.5} P^{-1} dn + 0.0024205 T_{e}^{0.5} T_{i}^{0.5} P dT_{e} + 8.5764 \\cdot 10^{-6} T_{e}^{0.5} T_{i}^{0.5} P dT_{i} + 0.0052912 T_{e}^{0.5} T_{i}^{0.5} P dn + 6.2279 \\cdot 10^{-5} T_{e}^{0.5} T_{i}^{0.5} dT_{i} + 0.24845 T_{e}^{0.5} T_{i}^{0.5} dn - 0.00071763 T_{e}^{0.5} T_{i} dT_{e} + 1.4914 \\cdot 10^{-6} T_{e}^{0.5} T_{i} dT_{i} + 0.0018218 T_{e}^{0.5} T_{i} dn - 0.19591 T_{e}^{0.5} dn - 0.002045 T_{e} F dT_{i} - 0.038216 T_{e} F dn + 0.010333 T_{e} P^{-1} dn + 0.00014625 T_{e} P dT_{i} - 0.0099975 T_{e} T_{i}^{0.5} dT_{e} + 0.0015939 T_{e} T_{i} dT_{e} - 9.7748 \\cdot 10^{-7} T_{e} T_{i} dT_{i} - 0.00031293 T_{e} T_{i} dn + 0.0071509 T_{e} dT_{e} - 0.00018691 T_{e} dT_{i} + 0.0015702 T_{e} dn + 0.0067916 T_{i}^{0.5} F dT_{e} + 0.0062128 T_{i}^{0.5} F dn + 0.00086003 T_{i}^{0.5} P^{-1} dT_{e} - 0.00012569 T_{i}^{0.5} P^{-1} dT_{i} + 0.017834 T_{i}^{0.5} P^{-1} dn - 2.8373 \\cdot 10^{-5} T_{i}^{0.5} P dT_{i} + 0.040007 T_{i}^{0.5} P dn + 0.0055937 T_{i}^{0.5} dT_{e} + 1.3684 \\cdot 10^{-5} T_{i}^{0.5} dT_{i} - 0.012534 T_{i}^{0.5} dn - 0.0072126 T_{i} F dT_{e} - 2.269 \\cdot 10^{-5} T_{i} F dT_{i} + 6.0092 \\cdot 10^{-5} T_{i} P^{-1} dT_{e} - 0.0088597 T_{i} P^{-1} dn - 0.00050755 T_{i} P dT_{e} - 0.022463 T_{i} P dn - 0.00020197 T_{i} dT_{e} - 0.058326 T_{i} dn - 0.011118 dT_{e} - 0.00070833 dT_{i} + 0.0068411 n^{-1} F dn + 0.0052151 n^{-1} P^{-1} dn - 0.018155 n^{-1} T_{e}^{0.5} T_{i}^{0.5} dn - 0.0065739 n^{-1} T_{e}^{0.5} dn + 0.0021524 n^{-1} T_{e} dn + 0.01636 n^{-1} T_{i}^{0.5} dn + 0.0011116 n^{-1} T_{i} dn - 0.0049909 n^{-1} dn - 0.29644 n E^{0.5} - 0.067618 n E^{0.5} P^{-1} - 0.0026765 n E^{0.5} T_{e}^{0.5} P^{-1} - 0.0038467 n E^{0.5} T_{e}^{0.5} T_{i}^{0.5} + 0.020565 n E^{0.5} T_{e}^{0.5} T_{i} - 0.050103 n E^{0.5} T_{e} + 0.0010689 n E^{0.5} T_{e} T_{i}^{0.5} + 0.0080331 n E^{0.5} T_{i}^{0.5} - 0.010721 n E^{0.5} T_{i}^{0.5} F + 0.052431 n E^{0.5} T_{i}^{0.5} P^{-1} + 0.018578 n E^{0.5} T_{i}^{0.5} P + 0.19175 n E^{0.5} T_{i} - 0.061482 n E F - 0.029997 n E P^{-1} - 0.0124 n E P + 0.79898 n E T_{e}^{0.5} - 0.54769 n E T_{e}^{0.5} T_{i}^{0.5} - 0.13185 n E T_{i}^{0.5} + 0.043936 n E T_{i}",
  "coefficients": [
    0.08853771959255119,
    0.011935844249381895,
    -0.00747873928335518,
    0.003481708093308256,
    0.06955354554816465,
    0.020886018747787633,
    -0.010087745100094792,
    -0.08804933610858565,
    0.0035416719624527587,
    0.0004431156199332757,
    -0.0425413811238126,
    0.09009721261794562,
    -0.008147579115791219,
    -0.05607902068586716,
    0.005207545607669467,
    -0.011971863842707464,
    -0.015619827853707607,
    0.06309508096542436,
    0.028454843620796554,
    -0.018398625167986373,
    0.004201406541878601,
    0.004747141986384318,
    -0.01632395677470145,
    -0.04889461859815654,
    0.013840836765784233,
    -0.0037475914082706835,
    -0.011670989832897648,
    0.001036378350981304,
    -0.014370437108717079,
    0.04775022702612533,
    0.004892996385933083,
    0.02143450816393981,
    0.008119045449652569,
    0.0014545354542334675,
    -0.0034816921856181482,
    -0.037115505641008815,
    -0.008994273559585063,
    0.024519745507411164,
    -0.07512834590760081,
    0.04253415683027564,
    0.010660794612742955,
    -0.014412549848430505,
    0.01042513394634936,
    -0.04877589886097589,
    0.03765760446615796,
    0.011686962036754657,
    0.039501556551893614,
    -0.00971547140906788,
    0.01912260617917504,
    -0.009936093157803227,
    0.007610640625210883,
    0.05224568351371003,
    -0.013818014189967068,
    -0.0552109729427374,
    -0.03361175196852967,
    -0.06136404812294847,
    -0.12917795646604407,
    0.003933520361139819,
    0.03572120784169454,
    0.18997476432917001,
    -0.06681102929391282,
    0.006600251287066361,
    0.0016867709187172132,
    0.010789164221617468,
    0.000998061934601684,
    -0.038282696026560536,
    -0.0002871537261433729,
    -0.051698569165801685,
    -0.16363071394313938,
    0.0493854936789287,
    0.0049551961645696255,
    -0.010652782334488256,
    0.019268798639292792,
    0.1345668195788792,
    -0.0023690109872103998,
    -0.002294066791204006,
    0.014059589793792624,
    -0.0257643756194832,
    0.0006198700654786752,
    -0.014319949581401169,
    -0.03509920074733638,
    -0.007532729478881929,
    -0.05501178841962099,
    0.022838370764452363,
    0.2803699982361531,
    -0.2214775212639651,
    0.08751297048594926
  ],
  "val_sse_masked": 0.00012640982458833605,
  "val_nrmse_masked": 0.030603455379605293,
  "val_mse_masked": 4.2136612137255725e-06,
  "val_r2_masked": 0.9990631341934204,
  "val_sse_full": 0.00012640982458833605,
  "val_nrmse_full": 0.030603455379605293,
  "val_mse_full": 4.2136612137255725e-06,
  "val_r2_full": 0.9990631341934204,
  "iteration": 189,
  "p_lo_eff": 0.12967753410339355,
  "p_hi_eff": 1.9451630115509033,
  "f_lo_eff": 0.20659340918064117,
  "f_hi_eff": 1.6527472734451294
}