{
  "tag": "134_8909a501",
  "lmb1": 0.0006770269320168442,
  "lmb2": 5.016202809527648e-07,
  "nonzero_count": 14,
  "complexity_norm": 0.11290322580645161,
  "train_gen_window": 0.05355500648579472,
  "generalizability": 0.05635018999818136,
  "equation": "0.051687 E^{0.5} n P^{-0.5} - 0.0038052 P^{-1} F dT_{e} - 8.06 \\cdot 10^{-5} P^{-1} F dT_{i} - 0.0023767 P^{-1} F dn + 0.00029894 P dn - 0.00055457 T_{e}^{0.5} T_{i}^{0.5} dn - 0.068112 T_{e} dn - 0.0091049 T_{i}^{0.5} P^{-1} dn + 0.0050679 T_{i} P dn + 0.00020783 n^{-1} P^{-1} dn + 0.0095003 n E^{0.5} T_{e}^{0.5} T_{i} - 0.022303 n E^{0.5} T_{i}^{0.5} P + 0.00062076 n E^{0.5} T_{i} + 0.041616 n E T_{e}^{0.5} T_{i}^{0.5}",
  "coefficients": [
    0.08853770314578213,
    0.00047567558072350217,
    2.9579502818499504e-06,
    -1.2563945514063687e-05,
    1.4179739695964894e-06,
    1.4117620473634422e-06,
    1.3036783299201526e-06,
    7.81155871194193e-07,
    5.476672096241038e-07,
    -0.002857662317362394,
    -9.329364724641666e-07,
    8.732795156457594e-07,
    -4.971495361519103e-07,
    -1.625546266654299e-06,
    -2.116608475377568e-06,
    -3.247671740653345e-06,
    -2.2655361921668652e-06,
    -1.431235683597608e-06,
    -1.8347115717425651e-06,
    -1.116725460703916e-06,
    -2.8716998872596818e-06,
    -2.80046103709312e-06,
    -6.05407002606138e-07,
    2.582598717989625e-07,
    -1.229334946475807e-06,
    -2.4891636682540143e-06,
    -3.717108356117812e-07,
    -0.004121151637624139,
    1.784113766725014e-06,
    1.5631900669082316e-06,
    8.89287475204112e-07,
    7.4285105308294655e-06,
    2.393567866924708e-06,
    2.196462708587363e-06,
    1.3165881182993247e-05,
    3.7478132322345727e-06,
    1.863579959527481e-05,
    -4.305483904226397e-07,
    1.4818905628708572e-06,
    2.33594966507807e-06,
    9.918038759430953e-06,
    1.2843312907549517e-05,
    3.873145290920478e-06,
    1.2451347324176776e-05,
    1.2038705203189735e-05,
    -0.0030041106294950424,
    -2.181279133492753e-06,
    0.0003458888840240852,
    -0.009762627079998278,
    -1.1438115429477887e-05,
    -6.65648025198011e-06,
    9.630341347690216e-05,
    -8.988628335853001e-07,
    -7.0598325069378e-06,
    0.007583182404167581,
    -6.297617786639298e-06,
    -1.4045179401923337e-05,
    -2.828696031859841e-06,
    -1.0467350875616286e-06,
    -0.0004240432219814906,
    -1.0914319521682598e-05,
    1.166416603386645e-05,
    -1.2792756319402223e-05,
    -2.999884241798586e-07,
    -0.04329346115496322,
    -3.3718603921182943e-06,
    -1.3868944618176951e-05,
    -3.0325921973861326e-07,
    7.34141379931819e-07,
    4.333180444304062e-07,
    3.7639742503375658e-06,
    2.6961146081064864e-07,
    -0.023132553950687737,
    0.00043564480048890347,
    -4.87153843573412e-06,
    4.3617519419359066e-06,
    0.006494960618252549,
    7.771614837519949e-07,
    3.9789936848227094e-06,
    3.1454814805972712e-06,
    1.0570526000531763e-06,
    -1.0718400962405335e-05,
    4.877873964079174e-05,
    3.6810626019636105e-06,
    1.0221067472552908e-05,
    0.01682879899046141,
    0.025375489420609666
  ],
  "val_sse_masked": 0.0008948924951255322,
  "val_nrmse_masked": 0.08142644912004471,
  "val_mse_masked": 2.982975092891138e-05,
  "val_r2_masked": 0.9933675527572632,
  "val_sse_full": 0.0008856175700202584,
  "val_nrmse_full": 0.08100338280200958,
  "val_mse_full": 2.9520588213927113e-05,
  "val_r2_full": 0.9934362769126892,
  "iteration": 134,
  "p_lo_eff": 0.12967753410339355,
  "p_hi_eff": 1.9451630115509033,
  "f_lo_eff": 0.20659340918064117,
  "f_hi_eff": 1.6527472734451294
}