{
  "tag": "240_b539a525",
  "lmb1": 2.4109240828245688e-06,
  "lmb2": 0.002189895714030746,
  "nonzero_count": 83,
  "complexity_norm": 0.6693548387096774,
  "train_gen_window": 0.03138855699695696,
  "generalizability": 0.031086658235610975,
  "equation": "0.050163 E^{0.5} n P^{-0.5} - 0.0037657 F dT_{e} + 0.00094436 F dT_{i} - 0.0027955 F dn - 0.003399 P^{-1} F dT_{e} - 8.3031 \\cdot 10^{-5} P^{-1} F dT_{i} - 0.0028626 P^{-1} F dn + 0.00024245 P^{-1} dT_{e} - 0.00018132 P F dT_{i} - 0.0012078 P dn - 0.0025278 T_{e}^{0.5} F dT_{e} - 0.0050509 T_{e}^{0.5} F dn + 0.00099849 T_{e}^{0.5} P^{-1} dT_{e} - 0.017986 T_{e}^{0.5} P^{-1} dn + 0.0015215 T_{e}^{0.5} T_{i}^{0.5} F dT_{e} - 8.6569 \\cdot 10^{-6} T_{e}^{0.5} T_{i}^{0.5} F dT_{i} - 0.0060114 T_{e}^{0.5} T_{i}^{0.5} F dn - 7.9208 \\cdot 10^{-6} T_{e}^{0.5} T_{i}^{0.5} P^{-1} dT_{i} + 0.0064003 T_{e}^{0.5} T_{i}^{0.5} P^{-1} dn + 0.00059116 T_{e}^{0.5} T_{i}^{0.5} P dT_{e} + 2.3328 \\cdot 10^{-6} T_{e}^{0.5} T_{i}^{0.5} P dT_{i} + 0.0034958 T_{e}^{0.5} T_{i}^{0.5} P dn - 2.6255 \\cdot 10^{-6} T_{e}^{0.5} T_{i}^{0.5} dT_{i} - 0.0054982 T_{e}^{0.5} T_{i}^{0.5} dn - 0.00012654 T_{e}^{0.5} T_{i} dT_{e} + 2.4388 \\cdot 10^{-7} T_{e}^{0.5} T_{i} dT_{i} + 0.0034575 T_{e}^{0.5} T_{i} dn - 0.015801 T_{e}^{0.5} dn + 0.00018312 T_{e} F dT_{i} - 0.0063757 T_{e} F dn + 0.0091132 T_{e} P^{-1} dn + 2.1976 \\cdot 10^{-5} T_{e} P dT_{i} - 0.00030817 T_{e} T_{i}^{0.5} dT_{e} - 0.00017138 T_{e} T_{i} dT_{e} + 4.5051 \\cdot 10^{-7} T_{e} T_{i} dT_{i} + 0.0028313 T_{e} T_{i} dn - 0.0011761 T_{e} dT_{e} - 5.3045 \\cdot 10^{-5} T_{e} dT_{i} - 0.021241 T_{e} dn + 0.00092906 T_{i}^{0.5} F dT_{e} - 0.0044546 T_{i}^{0.5} F dn + 0.00094889 T_{i}^{0.5} P^{-1} dT_{e} - 1.0007 \\cdot 10^{-5} T_{i}^{0.5} P^{-1} dT_{i} - 0.01366 T_{i}^{0.5} P^{-1} dn - 3.7852 \\cdot 10^{-7} T_{i}^{0.5} P dT_{i} + 0.0034253 T_{i}^{0.5} P dn - 4.9999 \\cdot 10^{-6} T_{i}^{0.5} dT_{i} - 0.0015534 T_{i}^{0.5} dn + 1.5928 \\cdot 10^{-6} T_{i} F dT_{i} + 7.2352 \\cdot 10^{-5} T_{i} P^{-1} dT_{e} + 0.0050913 T_{i} P^{-1} dn + 0.00021651 T_{i} P dT_{e} + 0.0071589 T_{i} P dn - 7.2081 \\cdot 10^{-5} T_{i} dT_{e} + 0.0056966 T_{i} dn - 0.00045329 dT_{e} - 7.2218 \\cdot 10^{-5} dT_{i} - 0.026619 n^{-1} F dn + 0.0035499 n^{-1} P^{-1} dn + 0.0015048 n^{-1} T_{e}^{0.5} dn + 0.0020025 n^{-1} T_{e} dn - 3.5523 \\cdot 10^{-5} n^{-1} T_{i}^{0.5} dn - 0.00024734 n^{-1} T_{i} dn + 0.00096814 n^{-1} dn - 0.017127 n E^{0.5} + 0.0094669 n E^{0.5} P^{-1} - 0.017153 n E^{0.5} T_{e}^{0.5} P^{-1} + 0.0058534 n E^{0.5} T_{e}^{0.5} T_{i}^{0.5} + 0.010481 n E^{0.5} T_{e}^{0.5} T_{i} - 0.0043259 n E^{0.5} T_{e} + 0.0090587 n E^{0.5} T_{e} T_{i}^{0.5} + 0.00060455 n E^{0.5} T_{i}^{0.5} - 0.015998 n E^{0.5} T_{i}^{0.5} F + 0.0031061 n E^{0.5} T_{i}^{0.5} P^{-1} - 0.009444 n E^{0.5} T_{i}^{0.5} P + 0.0075999 n E^{0.5} T_{i} - 0.010734 n E F + 0.01251 n E P^{-1} - 0.0035465 n E P + 0.030823 n E T_{e}^{0.5} + 0.015162 n E T_{e}^{0.5} T_{i}^{0.5} + 0.012607 n E T_{i}^{0.5} - 0.00092259 n E T_{i}",
  "coefficients": [
    0.08853770680869771,
    0.008124694009367576,
    0.0014507271614167209,
    -0.01354770020953857,
    -0.00015101961773951022,
    -0.004647251271555424,
    0.002309094316293415,
    2.377354721142845e-05,
    0.0032950013220823544,
    -0.002943870227550363,
    -0.0043373534715285735,
    0.014858701137360328,
    -0.0028169010104389185,
    -0.004464986726284079,
    -0.001902678051030765,
    -0.00015971942849177636,
    0.001096520680455828,
    -0.004393437916047937,
    -0.0011995715131679252,
    -0.0010422754657383806,
    0.0011427783543688443,
    0.0007763010500338361,
    -0.004632651700413396,
    0.004378303707382445,
    0.0020798322363041245,
    0.0017272013282051016,
    0.000432323937094011,
    -0.0036812140696773563,
    -0.0005858725714676307,
    -0.0014180413686730496,
    0.005398548117011105,
    -4.543168262224266e-05,
    0.001110645615373842,
    0.0017512901727489735,
    -0.0012425733841249056,
    4.926033151146907e-05,
    0.003836755125447722,
    0.0020441006839787184,
    -0.0010512949723382704,
    0.0020689875091670076,
    0.0026037472376102076,
    -0.002541358633663481,
    -0.001714545087409043,
    -0.0015034926118661653,
    -0.0040489845735978735,
    -0.0036183349854928683,
    -0.0029907889628193107,
    -0.00139753126330116,
    -0.01464727304806781,
    -0.001231441043026787,
    -0.005456880092206505,
    0.0044731109614619315,
    0.00794059072329463,
    0.005392310554863321,
    0.010711977672492897,
    -0.01621322085894267,
    -0.01041824405034176,
    -0.005221852782670075,
    0.007897655882185405,
    -0.0042040762110266035,
    -0.007140390716169898,
    0.004360701188679925,
    0.0032012305140328295,
    0.009515840851724196,
    -0.013500820002252228,
    -0.006386927771931206,
    0.0025980645191132205,
    0.007238054475557298,
    -0.009453864010457677,
    0.0029256551806721358,
    0.0003729120155381296,
    -0.01589577342765132,
    -0.009795232820022677,
    0.00533351188491435,
    -0.01518194495957601,
    0.003490800203637721,
    0.007165650742881647,
    -0.002224499345057569,
    0.005253090398120334,
    0.005971875377370142,
    -0.006127728230601205,
    -0.0021543826140195876,
    0.005260214828600233,
    -0.0004795769773195505,
    0.010816121518840597,
    0.006131402510473956,
    0.02462749352976483
  ],
  "val_sse_masked": 0.00045015421346761286,
  "val_nrmse_masked": 0.057751160115003586,
  "val_mse_masked": 1.500514099461725e-05,
  "val_r2_masked": 0.9966636896133423,
  "val_sse_full": 0.000449823506642133,
  "val_nrmse_full": 0.057729944586753845,
  "val_mse_full": 1.4994117918831762e-05,
  "val_r2_full": 0.9966661334037781,
  "iteration": 240,
  "p_lo_eff": 0.12967753410339355,
  "p_hi_eff": 1.9451630115509033,
  "f_lo_eff": 0.20659340918064117,
  "f_hi_eff": 1.6527472734451294
}