{
  "tag": "110_0f6daec4",
  "lmb1": 0.0007700593578946103,
  "lmb2": 1.1832133550401836e-05,
  "nonzero_count": 16,
  "complexity_norm": 0.12903225806451613,
  "train_gen_window": 0.0576399647632392,
  "generalizability": 0.0598099298276015,
  "equation": "0.05312 E^{0.5} n P^{-0.5} - 0.0038198 P^{-1} F dT_{e} - 7.6659 \\cdot 10^{-5} P^{-1} F dT_{i} - 0.0023331 P^{-1} F dn + 0.00041553 P dn - 0.0017914 T_{e}^{0.5} T_{i}^{0.5} dn - 0.064398 T_{e} dn - 0.0094399 T_{i}^{0.5} P^{-1} dn + 0.00015901 T_{i}^{0.5} P dn + 0.0042859 T_{i} P dn + 0.00025118 n^{-1} P^{-1} dn + 0.0083735 n E^{0.5} T_{e}^{0.5} T_{i} - 0.021696 n E^{0.5} T_{i}^{0.5} P + 0.0010867 n E^{0.5} T_{i} + 0.039976 n E T_{e}^{0.5} T_{i}^{0.5} + 0.00033992 n E T_{i}^{0.5}",
  "coefficients": [
    0.08853770307536252,
    0.000574874109996427,
    9.842273009178652e-06,
    -1.6760315295289337e-05,
    5.557228019462983e-06,
    4.954756007160386e-06,
    4.574196109793981e-06,
    3.3464350148759397e-06,
    2.4807374972959357e-06,
    -0.0027179224881572427,
    -2.678741144110406e-06,
    1.6082153404156792e-06,
    -1.7268108848194648e-06,
    -3.713054677778283e-06,
    -4.852410825027967e-06,
    -7.976871129729688e-06,
    -4.597652520868232e-06,
    -3.3177603404440917e-06,
    -4.274804574469963e-06,
    -2.5559373725736133e-06,
    -7.180897908069567e-06,
    -5.666704228433528e-06,
    -1.90058721261678e-06,
    1.8530450438807363e-07,
    -4.19714266251151e-06,
    -5.1513215414889085e-06,
    -1.4167566515036425e-06,
    -0.0041369321758443125,
    2.451905671000045e-06,
    2.3470152798486e-06,
    1.1485602037436958e-06,
    7.836167821334226e-06,
    3.4997307265141913e-06,
    3.4326290050320585e-06,
    1.2542897925715098e-05,
    5.402902477606202e-06,
    1.252831449099578e-05,
    -1.6177514643891647e-06,
    2.184138295183843e-06,
    3.4553246903205136e-06,
    7.770948762743498e-06,
    1.328948194913697e-05,
    4.863193018438739e-06,
    1.1844702829104659e-05,
    1.3640823854682596e-05,
    -0.0029490303837007583,
    -6.442588787869302e-06,
    0.00048079405099255213,
    -0.010121756190622715,
    -3.775726961119703e-05,
    -3.2295666996747407e-05,
    0.00020766041481262734,
    -2.4916970358570154e-06,
    -2.156015928340221e-05,
    0.0064130301669285674,
    -1.5508663052744587e-05,
    -3.585884279184912e-05,
    -8.644621164869728e-06,
    -2.8726516795011896e-06,
    -0.0013697771634310324,
    -7.876342852958458e-05,
    3.129842226612202e-05,
    -4.051979710721975e-05,
    -1.0079607214412886e-06,
    -0.040932372099955414,
    -1.0742357821445703e-05,
    -4.098103820458852e-05,
    -4.359354098352384e-07,
    1.9362305216309598e-06,
    1.2966711652110469e-06,
    9.765714559524124e-06,
    1.1509607448140169e-06,
    -0.022503007219778864,
    0.0007626642213987442,
    -8.339987359750062e-06,
    1.1509869467579471e-05,
    0.005724612003012819,
    2.1039259926565832e-06,
    1.0477664998415004e-05,
    7.834443060930546e-06,
    3.2030160659249043e-06,
    -3.0883738677297866e-05,
    0.0001418275808858606,
    1.4907669527862098e-05,
    2.501609850585063e-05,
    0.01616577569776672,
    0.02607948596618553
  ],
  "val_sse_masked": 0.0009633252047933638,
  "val_nrmse_masked": 0.08448245376348495,
  "val_mse_masked": 3.211084185750224e-05,
  "val_r2_masked": 0.9928603172302246,
  "val_sse_full": 0.0009364668512716889,
  "val_nrmse_full": 0.08329640328884125,
  "val_mse_full": 3.121556437690742e-05,
  "val_r2_full": 0.9930593967437744,
  "iteration": 110,
  "p_lo_eff": 0.12967753410339355,
  "p_hi_eff": 1.9451630115509033,
  "f_lo_eff": 0.20659340918064117,
  "f_hi_eff": 1.6527472734451294
}