{
  "tag": "467_9b22d1f0",
  "lmb1": 1.1922541967019384e-08,
  "lmb2": 0.0011407674477192918,
  "nonzero_count": 85,
  "complexity_norm": 0.6854838709677419,
  "train_gen_window": 0.025577810223804166,
  "generalizability": 0.030775107675577982,
  "equation": "0.058985 E^{0.5} n P^{-0.5} - 0.004811 F dT_{e} + 0.0012702 F dT_{i} - 0.0023802 F dn - 0.0035548 P^{-1} F dT_{e} - 3.9454 \\cdot 10^{-5} P^{-1} F dT_{i} - 0.0012367 P^{-1} F dn + 0.00047094 P^{-1} dT_{e} - 0.00029784 P F dT_{i} - 0.0031906 P dn - 0.0067131 T_{e}^{0.5} F dT_{e} - 0.00552 T_{e}^{0.5} F dn + 0.0017007 T_{e}^{0.5} P^{-1} dT_{e} - 0.023075 T_{e}^{0.5} P^{-1} dn + 0.0028959 T_{e}^{0.5} T_{i}^{0.5} F dT_{e} - 1.8597 \\cdot 10^{-5} T_{e}^{0.5} T_{i}^{0.5} F dT_{i} - 0.0077816 T_{e}^{0.5} T_{i}^{0.5} F dn - 1.0454 \\cdot 10^{-5} T_{e}^{0.5} T_{i}^{0.5} P^{-1} dT_{i} + 0.0097851 T_{e}^{0.5} T_{i}^{0.5} P^{-1} dn + 0.00096631 T_{e}^{0.5} T_{i}^{0.5} P dT_{e} + 3.4902 \\cdot 10^{-6} T_{e}^{0.5} T_{i}^{0.5} P dT_{i} + 0.0042174 T_{e}^{0.5} T_{i}^{0.5} P dn - 3.99 \\cdot 10^{-6} T_{e}^{0.5} T_{i}^{0.5} dT_{i} - 0.0050207 T_{e}^{0.5} T_{i}^{0.5} dn - 0.00019084 T_{e}^{0.5} T_{i} dT_{e} + 4.2927 \\cdot 10^{-7} T_{e}^{0.5} T_{i} dT_{i} + 0.0042674 T_{e}^{0.5} T_{i} dn - 0.016415 T_{e}^{0.5} dn + 0.00019623 T_{e} F dT_{i} - 0.0074059 T_{e} F dn + 0.013437 T_{e} P^{-1} dn + 2.814 \\cdot 10^{-5} T_{e} P dT_{i} - 0.00048219 T_{e} T_{i}^{0.5} dT_{e} - 0.00019032 T_{e} T_{i} dT_{e} + 7.4141 \\cdot 10^{-7} T_{e} T_{i} dT_{i} + 0.004125 T_{e} T_{i} dn - 0.0020582 T_{e} dT_{e} - 8.31 \\cdot 10^{-5} T_{e} dT_{i} - 0.0228 T_{e} dn + 0.0015202 T_{i}^{0.5} F dT_{e} - 0.0056896 T_{i}^{0.5} F dn + 0.0012577 T_{i}^{0.5} P^{-1} dT_{e} - 1.3083 \\cdot 10^{-5} T_{i}^{0.5} P^{-1} dT_{i} - 0.017792 T_{i}^{0.5} P^{-1} dn - 1.088 \\cdot 10^{-6} T_{i}^{0.5} P dT_{i} + 0.0036677 T_{i}^{0.5} P dn - 0.00055529 T_{i}^{0.5} dT_{e} - 7.5321 \\cdot 10^{-6} T_{i}^{0.5} dT_{i} - 0.00063212 T_{i}^{0.5} dn + 9.0571 \\cdot 10^{-5} T_{i} F dT_{e} + 2.4104 \\cdot 10^{-6} T_{i} F dT_{i} + 9.3776 \\cdot 10^{-5} T_{i} P^{-1} dT_{e} + 0.0061284 T_{i} P^{-1} dn + 0.00026266 T_{i} P dT_{e} + 0.0077701 T_{i} P dn - 0.00018387 T_{i} dT_{e} + 0.0064709 T_{i} dn - 8.5601 \\cdot 10^{-5} dT_{e} - 0.00010314 dT_{i} - 0.025292 n^{-1} F dn + 0.0043252 n^{-1} P^{-1} dn - 0.00017114 n^{-1} T_{e}^{0.5} T_{i}^{0.5} dn + 0.00095474 n^{-1} T_{e}^{0.5} dn + 0.001699 n^{-1} T_{e} dn - 0.00036755 n^{-1} T_{i} dn + 0.00066231 n^{-1} dn - 0.029389 n E^{0.5} + 0.011877 n E^{0.5} P^{-1} - 0.021371 n E^{0.5} T_{e}^{0.5} P^{-1} + 0.0069089 n E^{0.5} T_{e}^{0.5} T_{i}^{0.5} + 0.014942 n E^{0.5} T_{e}^{0.5} T_{i} - 0.0098154 n E^{0.5} T_{e} + 0.012104 n E^{0.5} T_{e} T_{i}^{0.5} - 0.001089 n E^{0.5} T_{i}^{0.5} - 0.018427 n E^{0.5} T_{i}^{0.5} F + 0.0047531 n E^{0.5} T_{i}^{0.5} P^{-1} - 0.0064594 n E^{0.5} T_{i}^{0.5} P + 0.011183 n E^{0.5} T_{i} - 0.01395 n E F + 0.014402 n E P^{-1} - 0.0035501 n E P + 0.034537 n E T_{e}^{0.5} + 0.013178 n E T_{e}^{0.5} T_{i}^{0.5} + 0.010757 n E T_{i}^{0.5} - 0.0045719 n E T_{i}",
  "coefficients": [
    0.08853770715197368,
    0.009899150774648868,
    0.0009924566857306694,
    -0.012872099520741975,
    -1.893557688054104e-05,
    -0.006905767238395866,
    0.00146505773596467,
    -0.0008300234168139298,
    0.0027955172695648955,
    -0.0013988506552499724,
    -0.006194463572476161,
    0.019985158880316656,
    -0.004627229012959477,
    -0.005837287984051587,
    -0.002866309300429193,
    -0.0004590970430107255,
    0.0016593602757308812,
    -0.005798684297929235,
    -0.0018229736189160906,
    -0.0022390673720739662,
    0.0017097900964122004,
    0.0013664015045916078,
    -0.007257474225845717,
    0.00469155189032755,
    0.0026632329140823807,
    0.0028424864083962387,
    0.0008397564751100872,
    -0.0038498847413169224,
    -0.00011063825184304266,
    -0.0018116448615423386,
    0.007155717693309138,
    -0.0021277856931390393,
    0.0018173464761670477,
    0.002269844570652435,
    -0.003169625469266746,
    0.00046607505524287607,
    0.004654505922000118,
    0.0034817431157649903,
    -0.00279189636610383,
    0.003938040331195547,
    0.004256068711442129,
    -0.0038326734316586064,
    -0.0030006167258709304,
    -0.0023525095903719206,
    -0.004496517992417182,
    -0.0015631331099452694,
    -0.0025464737120659553,
    -0.0036917619882364527,
    -0.019077042417590118,
    -0.0005011093932274502,
    -0.00696967515283331,
    0.004789687593667935,
    0.009558209547468999,
    0.006125316300823858,
    0.011626447968152875,
    -0.02079980651057267,
    -0.01082311343066994,
    -0.005706776430795757,
    0.012074354720156666,
    -0.0038389899209652634,
    -0.009243059237733442,
    0.005260803977477413,
    0.003951182453689583,
    0.014030535176387693,
    -0.01449203883575284,
    -0.007418864330824504,
    0.003785255774956975,
    0.009080546484099505,
    -0.01622265804679618,
    0.004476983783665955,
    -0.0006717257791493125,
    -0.01830937018190354,
    -0.006699583749209814,
    0.007848212839725699,
    -0.01891583201104441,
    0.004120260445600155,
    0.010215317534583823,
    -0.005047353856293679,
    0.007018862889135669,
    0.006875168940031595,
    -0.007963676389823593,
    -0.0021565503500480254,
    0.004488302563438851,
    -0.002376532157347122,
    0.012119214917296672,
    0.005328984636417178,
    0.02895863602047044
  ],
  "val_sse_masked": 0.0003815462696366012,
  "val_nrmse_masked": 0.0531684085726738,
  "val_mse_masked": 1.271821020054631e-05,
  "val_r2_masked": 0.9971721768379211,
  "val_sse_full": 0.0003816387616097927,
  "val_nrmse_full": 0.05317485332489014,
  "val_mse_full": 1.2721292478090618e-05,
  "val_r2_full": 0.9971715211868286,
  "iteration": 467,
  "p_lo_eff": 0.12967753410339355,
  "p_hi_eff": 1.9451630115509033,
  "f_lo_eff": 0.20659340918064117,
  "f_hi_eff": 1.6527472734451294
}