{
  "tag": "118_469be787",
  "lmb1": 0.00010002010687273192,
  "lmb2": 0.0030857532892349395,
  "nonzero_count": 47,
  "complexity_norm": 0.3790322580645161,
  "train_gen_window": 0.05005804708368544,
  "generalizability": 0.03769563387193595,
  "equation": "0.05126 E^{0.5} n P^{-0.5} + 0.00028402 F dT_{i} - 0.00013682 F dn - 0.0031121 P^{-1} F dT_{e} - 0.00010958 P^{-1} F dT_{i} - 0.0036116 P^{-1} F dn + 0.00030111 P dn - 0.0010089 T_{e}^{0.5} F dn - 0.01223 T_{e}^{0.5} P^{-1} dn - 0.004289 T_{e}^{0.5} T_{i}^{0.5} F dn - 4.0422 \\cdot 10^{-7} T_{e}^{0.5} T_{i}^{0.5} P^{-1} dT_{i} + 0.0017296 T_{e}^{0.5} T_{i}^{0.5} P dn - 0.0036783 T_{e}^{0.5} T_{i}^{0.5} dn - 0.015936 T_{e}^{0.5} dn - 0.0024126 T_{e} F dn - 0.024148 T_{e} dn + 0.00011853 T_{i}^{0.5} F dT_{e} - 0.0024273 T_{i}^{0.5} F dn + 7.0877 \\cdot 10^{-5} T_{i}^{0.5} P^{-1} dT_{e} - 7.5606 \\cdot 10^{-7} T_{i}^{0.5} P^{-1} dT_{i} - 0.0047649 T_{i}^{0.5} P^{-1} dn + 0.0035046 T_{i}^{0.5} P dn + 0.00028422 T_{i}^{0.5} dT_{e} - 0.00024828 T_{i}^{0.5} dn + 6.0321 \\cdot 10^{-6} T_{i} P^{-1} dT_{e} + 0.0021827 T_{i} P^{-1} dn + 1.5667 \\cdot 10^{-5} T_{i} P dT_{e} + 0.0066733 T_{i} P dn + 7.2343 \\cdot 10^{-6} T_{i} dT_{e} + 8.2161 \\cdot 10^{-5} dT_{e} - 0.021923 n^{-1} F dn + 0.0027782 n^{-1} P^{-1} dn + 0.0010456 n^{-1} T_{e}^{0.5} dn + 0.00025448 n^{-1} T_{e} dn + 0.0024986 n^{-1} dn - 0.0076197 n E^{0.5} T_{e}^{0.5} P^{-1} + 0.0001859 n E^{0.5} T_{e}^{0.5} T_{i}^{0.5} + 0.0039831 n E^{0.5} T_{e}^{0.5} T_{i} + 0.00031757 n E^{0.5} T_{e} T_{i}^{0.5} - 0.006194 n E^{0.5} T_{i}^{0.5} F - 0.015186 n E^{0.5} T_{i}^{0.5} P + 0.0019989 n E^{0.5} T_{i} + 0.0042586 n E P^{-1} - 0.0020406 n E P + 0.029885 n E T_{e}^{0.5} + 0.017381 n E T_{e}^{0.5} T_{i}^{0.5} + 0.013931 n E T_{i}^{0.5}",
  "coefficients": [
    0.08853770639068953,
    0.006358548531479854,
    0.003744051219799439,
    -0.011157351980108558,
    2.6020683260090076e-05,
    -8.158319479771606e-06,
    0.0016044989109241954,
    2.3627329010918888e-05,
    0.00041873510083492125,
    -0.0038852962024129344,
    -2.3190072855781998e-05,
    0.004468770389669593,
    1.665940671133321e-05,
    -0.00033733914312822995,
    -2.8347822029854344e-05,
    2.567166611744513e-06,
    -3.375918979043838e-05,
    -0.00022420974481308055,
    -2.2772722280874323e-05,
    -2.3451273143755833e-05,
    6.661884801642831e-06,
    -2.8902961796968446e-05,
    -1.8398194830356674e-05,
    3.318054652042626e-05,
    2.8940426491406323e-05,
    -2.3305228264209703e-05,
    3.5652238503783634e-05,
    -0.0033704601853564178,
    0.0001061922225269628,
    8.064041239298002e-05,
    0.0004032412916198452,
    0.001089101633503946,
    0.00014169540015899064,
    0.00014600709480696344,
    0.00012470932836973372,
    9.03590802316807e-05,
    0.00027763730954189137,
    1.574366831440725e-05,
    3.7209044003010426e-05,
    4.74404579232513e-05,
    8.043183876497917e-05,
    3.4155606082352546e-05,
    3.438775670713346e-05,
    3.041246148867332e-05,
    1.3164191661511272e-05,
    -0.004565075116974096,
    -0.00014637345936775566,
    0.0003484039281771115,
    -0.005109133705344115,
    -0.00019682013995431485,
    -0.0029734320927333013,
    0.004576772303462209,
    0.0034042129240997414,
    -7.019756412921379e-06,
    0.009985379176437315,
    -0.011024692422693199,
    -0.010507752003350149,
    -0.0010430919779968301,
    7.17297625645235e-05,
    -0.002812522189971261,
    -0.005094525623710942,
    0.0021574846754857453,
    -1.8421492962910796e-05,
    4.305246335164428e-05,
    -0.015348746276864595,
    -0.0024168831896592,
    -1.9152006607317472e-05,
    5.119644013558937e-05,
    -2.2225409308159585e-05,
    1.1943479000655665e-05,
    4.3806053058648424e-05,
    -0.0061544361386594625,
    -0.015751202135382152,
    0.0014027959293982798,
    -0.006744220012297992,
    0.00011086225205444756,
    0.002723071188962987,
    3.129685826758601e-06,
    0.00018415469945659032,
    0.002032959718852419,
    -1.2762683513194375e-05,
    -0.001239569508129394,
    0.005812480689851047,
    7.196107868036496e-05,
    0.010487043787866903,
    0.00702868740795147,
    0.025166127222315978
  ],
  "val_sse_masked": 0.0006513613043352962,
  "val_nrmse_masked": 0.06946900486946106,
  "val_mse_masked": 2.1712045054300688e-05,
  "val_r2_masked": 0.9951724410057068,
  "val_sse_full": 0.0006531985709443688,
  "val_nrmse_full": 0.06956690549850464,
  "val_mse_full": 2.177328678953927e-05,
  "val_r2_full": 0.995158851146698,
  "iteration": 118,
  "p_lo_eff": 0.12967753410339355,
  "p_hi_eff": 1.9451630115509033,
  "f_lo_eff": 0.20659340918064117,
  "f_hi_eff": 1.6527472734451294
}