{
  "tag": "364_17464fd1",
  "lmb1": 0.00012589712205771214,
  "lmb2": 0.1,
  "nonzero_count": 70,
  "complexity_norm": 0.5645161290322581,
  "train_gen_window": 0.08380124926591065,
  "generalizability": 0.0759791361840801,
  "equation": "0.01531 E^{0.5} n P^{-0.5} + 0.00030879 F dT_{e} + 0.00012445 F dT_{i} - 0.0021072 F dn - 0.0038285 P^{-1} F dT_{e} - 0.00011136 P^{-1} F dT_{i} - 0.0037688 P^{-1} F dn - 0.00036863 P^{-1} dT_{e} + 2.3041 \\cdot 10^{-5} P F dT_{i} + 0.0032464 P dn - 0.0024513 T_{e}^{0.5} F dn - 0.00038874 T_{e}^{0.5} P^{-1} dT_{e} - 0.0049821 T_{e}^{0.5} P^{-1} dn - 0.0022487 T_{e}^{0.5} T_{i}^{0.5} F dn - 2.7373 \\cdot 10^{-7} T_{e}^{0.5} T_{i}^{0.5} P^{-1} dT_{i} - 0.00052321 T_{e}^{0.5} T_{i}^{0.5} P^{-1} dn + 2.6638 \\cdot 10^{-5} T_{e}^{0.5} T_{i}^{0.5} P dT_{e} - 3.6218 \\cdot 10^{-7} T_{e}^{0.5} T_{i}^{0.5} P dT_{i} + 0.0027115 T_{e}^{0.5} T_{i}^{0.5} P dn - 0.006049 T_{e}^{0.5} T_{i}^{0.5} dn - 4.8926 \\cdot 10^{-8} T_{e}^{0.5} T_{i} dT_{i} - 0.003074 T_{e}^{0.5} T_{i} dn - 0.0079985 T_{e}^{0.5} dn + 2.2184 \\cdot 10^{-5} T_{e} F dT_{i} - 0.0026676 T_{e} F dn - 0.00081808 T_{e} P^{-1} dn + 8.5093 \\cdot 10^{-5} T_{e} T_{i}^{0.5} dT_{e} + 6.7883 \\cdot 10^{-6} T_{e} T_{i} dT_{e} - 3.476 \\cdot 10^{-8} T_{e} T_{i} dT_{i} - 0.0028042 T_{e} T_{i} dn + 0.00050329 T_{e} dT_{e} - 0.0087752 T_{e} dn - 0.0020574 T_{i}^{0.5} F dn - 3.0104 \\cdot 10^{-5} T_{i}^{0.5} P^{-1} dT_{e} - 3.2518 \\cdot 10^{-7} T_{i}^{0.5} P^{-1} dT_{i} - 0.0036689 T_{i}^{0.5} P^{-1} dn - 5.9257 \\cdot 10^{-7} T_{i}^{0.5} P dT_{i} + 0.0028388 T_{i}^{0.5} P dn + 4.6501 \\cdot 10^{-5} T_{i}^{0.5} dT_{e} - 0.0054393 T_{i}^{0.5} dn - 1.8266 \\cdot 10^{-7} T_{i} F dT_{i} + 0.0027125 T_{i} P dn - 0.0029774 T_{i} dn + 0.00017891 dT_{e} - 0.011266 n^{-1} F dn + 0.0013299 n^{-1} P^{-1} dn + 0.00018657 n^{-1} T_{e}^{0.5} T_{i}^{0.5} dn + 0.00050743 n^{-1} T_{e}^{0.5} dn + 0.00012743 n^{-1} T_{e} dn + 0.00035149 n^{-1} T_{i}^{0.5} dn + 5.4294 \\cdot 10^{-5} n^{-1} T_{i} dn + 0.0010263 n^{-1} dn + 0.0019739 n E^{0.5} + 0.0043398 n E^{0.5} P^{-1} + 0.0042748 n E^{0.5} T_{e}^{0.5} T_{i}^{0.5} + 0.0042016 n E^{0.5} T_{e}^{0.5} T_{i} + 0.0031021 n E^{0.5} T_{e} + 0.0043396 n E^{0.5} T_{e} T_{i}^{0.5} + 0.0037613 n E^{0.5} T_{i}^{0.5} - 0.00010759 n E^{0.5} T_{i}^{0.5} F + 0.0020133 n E^{0.5} T_{i}^{0.5} P^{-1} - 0.0069711 n E^{0.5} T_{i}^{0.5} P + 0.0041181 n E^{0.5} T_{i} + 0.0010996 n E F + 0.007013 n E P^{-1} - 0.0070866 n E P + 0.011833 n E T_{e}^{0.5} + 0.0094196 n E T_{e}^{0.5} T_{i}^{0.5} + 0.0092006 n E T_{i}^{0.5} + 0.0047051 n E T_{i}",
  "coefficients": [
    0.08853770584251947,
    0.0030438578084943015,
    0.0015378894159582609,
    -0.005733714025295474,
    0.0014943304117727451,
    0.001020115748142253,
    0.0007786482168171949,
    0.0009048713406539046,
    0.00020967868087283368,
    -0.0039483465802674375,
    -1.0663834407509046e-07,
    0.0019581618142388716,
    0.0003579550261917312,
    -0.00014508774309558654,
    -6.469339691612364e-05,
    -0.0002500352055437661,
    -0.0001257419348285567,
    -0.00015182931293161703,
    -3.312335509986134e-05,
    -1.2040662769050296e-05,
    -0.00017742531709135742,
    -0.00015573790206135853,
    1.2419624250832352e-05,
    0.0005304020492400646,
    -5.540918319443158e-05,
    -0.00013326651246976765,
    -0.0006573253663743686,
    -0.004146339018163037,
    0.00023124453875059467,
    0.00011627850550280417,
    -0.00017127299229526683,
    0.0001781855499087695,
    -1.330240231853792e-05,
    -3.956299421946059e-05,
    9.302329635300673e-05,
    -2.1819035241079222e-05,
    9.31502924199721e-05,
    -0.0007958214957688861,
    3.5649872206074614e-05,
    -1.8155095937179856e-05,
    0.00011732544978245375,
    9.083404897362551e-05,
    0.000733734955665955,
    0.00041515419959302347,
    0.00016037910086931186,
    -0.004763747716510145,
    -0.0022543582263950274,
    0.0037562810602646455,
    -0.003933969003378542,
    -0.004312020695467172,
    -0.002520324299597774,
    0.0037072502336147244,
    -1.9309789732026506e-07,
    -0.0028183294725576914,
    0.004058758143484006,
    -0.004490910830621833,
    -0.005273924483492101,
    -0.0025343050961977,
    -0.0006456196819130246,
    -0.004625207560293406,
    -0.0026710903532283286,
    0.0033822993361052557,
    -0.0028461733444790633,
    -0.0008542236574093551,
    -0.00557769468214852,
    -0.0026723294672374195,
    -0.002573191532072725,
    0.0033180543214309938,
    0.0010895930545943633,
    0.0018963615127014948,
    0.0023201459327305764,
    -0.00010690467494760358,
    -0.00723031391391353,
    0.002890025384066741,
    6.122078799199621e-05,
    0.0025493447849621433,
    0.0028724712545783386,
    0.0015951968303898395,
    0.002516503452330611,
    0.0033478766246225664,
    0.0006277568978001402,
    -0.004304830508414957,
    0.003838814991641683,
    0.0024457535100429586,
    0.004152368492896443,
    0.0038091419008677626,
    0.007516507254069479
  ],
  "val_sse_masked": 0.0013934202725067735,
  "val_nrmse_masked": 0.10160641372203827,
  "val_mse_masked": 4.6447345084743574e-05,
  "val_r2_masked": 0.9896727204322815,
  "val_sse_full": 0.0013794682454317808,
  "val_nrmse_full": 0.10109645128250122,
  "val_mse_full": 4.598227678798139e-05,
  "val_r2_full": 0.989776074886322,
  "iteration": 364,
  "p_lo_eff": 0.12967753410339355,
  "p_hi_eff": 1.9451630115509033,
  "f_lo_eff": 0.20659340918064117,
  "f_hi_eff": 1.6527472734451294
}