{
  "tag": "391_6f8d0123",
  "lmb1": 0.0001817389105414045,
  "lmb2": 4.4397118532902003e-07,
  "nonzero_count": 29,
  "complexity_norm": 0.23387096774193547,
  "train_gen_window": 0.04516791642329798,
  "generalizability": 0.04388398800899286,
  "equation": "0.058733 E^{0.5} n P^{-0.5} + 0.00010278 F dT_{i} - 0.0038418 P^{-1} F dT_{e} - 7.5051 \\cdot 10^{-5} P^{-1} F dT_{i} - 0.0034443 P^{-1} F dn + 0.00017957 P dn - 0.015125 T_{e}^{0.5} P^{-1} dn - 0.00026194 T_{e}^{0.5} T_{i}^{0.5} F dn + 8.2907 \\cdot 10^{-5} T_{e}^{0.5} T_{i}^{0.5} P dn - 0.0001595 T_{e}^{0.5} T_{i}^{0.5} dn - 0.061238 T_{e} dn + 0.00017075 T_{i}^{0.5} F dT_{e} - 9.1788 \\cdot 10^{-5} T_{i}^{0.5} F dn + 2.6257 \\cdot 10^{-5} T_{i}^{0.5} P^{-1} dT_{e} - 0.00039056 T_{i}^{0.5} P^{-1} dn + 0.00039718 T_{i}^{0.5} P dn + 0.0002447 T_{i}^{0.5} dT_{e} + 9.163 \\cdot 10^{-6} T_{i} P^{-1} dT_{e} + 0.0083116 T_{i} P dn - 0.010925 n^{-1} F dn + 0.001911 n^{-1} P^{-1} dn + 0.0015366 n^{-1} dn - 0.0096934 n E^{0.5} T_{e}^{0.5} P^{-1} + 0.0001679 n E^{0.5} T_{e}^{0.5} T_{i} - 0.021038 n E^{0.5} T_{i}^{0.5} P + 0.00015438 n E^{0.5} T_{i} + 0.00064537 n E T_{e}^{0.5} + 0.06021 n E T_{e}^{0.5} T_{i}^{0.5} + 0.0011704 n E T_{i}^{0.5}",
  "coefficients": [
    0.08853770400657829,
    0.004373644874385618,
    0.002302483491393119,
    -0.00556022932687465,
    3.881499189822266e-06,
    -6.311436800368351e-06,
    4.107345247142871e-05,
    1.114857757779057e-06,
    1.7672496840533717e-05,
    -0.0026609292326497105,
    3.9745021499017e-06,
    0.0016171037534245165,
    1.881775019185864e-05,
    -3.665191863887214e-05,
    -1.4091104577189767e-06,
    1.4029450819943782e-05,
    -1.4892532883848475e-05,
    -3.7595550309011876e-05,
    -1.686117293178473e-06,
    -6.796024552134872e-06,
    1.547907054879807e-05,
    -6.5993273906797966e-06,
    4.260448905116319e-06,
    1.7978399504074946e-05,
    2.4744244176551454e-05,
    -7.204664734064335e-06,
    1.6521451770754002e-05,
    -0.004160730433434455,
    2.153811525956424e-05,
    8.079861964150939e-05,
    0.0001493869850417262,
    0.0009376741690072411,
    0.00020411936848703673,
    0.00022178991608988815,
    4.760070108588343e-05,
    9.678647365317743e-05,
    1.1660413770688643e-05,
    9.5746390772772e-06,
    4.051582237191134e-05,
    6.365687131018253e-05,
    6.007962015603936e-06,
    3.080256071536384e-05,
    3.288591904517251e-05,
    4.9230868996064744e-05,
    2.1053403540072038e-05,
    -0.004353532591868804,
    -1.3725979755574839e-05,
    0.0002077726347772244,
    -0.00041877559858851944,
    -3.6944865315547315e-05,
    -0.0001124392000104813,
    0.0005186889860410986,
    1.783678210014173e-05,
    -2.2670073122709346e-05,
    0.012436718423839956,
    -0.013633643654619575,
    -7.36747118902065e-05,
    -2.024237055895106e-05,
    9.636481348420799e-06,
    -0.00012195809949103584,
    -0.0003111412461782523,
    0.00010341847367192759,
    -3.335867577392586e-05,
    1.0325698156724244e-05,
    -0.038923711266092516,
    -2.4941078191120744e-05,
    -2.937625104976702e-05,
    2.759447643510066e-06,
    -1.7924820894499308e-05,
    2.08970419679495e-06,
    9.535307314841134e-06,
    -3.1138052176290726e-05,
    -0.021820922882445873,
    0.00010834010049170743,
    -0.008579670137261668,
    1.3657632557627612e-05,
    0.00011478269191313682,
    -9.954845400521563e-06,
    1.354995487102478e-05,
    5.106012207234711e-05,
    -4.1240182183566395e-06,
    -5.753972081375095e-05,
    0.0004883123943552136,
    5.275511174405458e-05,
    0.0002264668611040686,
    0.024348056420483988,
    0.028834864201321832
  ],
  "val_sse_masked": 0.0006907550850883126,
  "val_nrmse_masked": 0.07153887301683426,
  "val_mse_masked": 2.302517168573104e-05,
  "val_r2_masked": 0.9948804974555969,
  "val_sse_full": 0.0006877165287733078,
  "val_nrmse_full": 0.0713813528418541,
  "val_mse_full": 2.2923884898773395e-05,
  "val_r2_full": 0.994903028011322,
  "iteration": 391,
  "p_lo_eff": 0.12967753410339355,
  "p_hi_eff": 1.9451630115509033,
  "f_lo_eff": 0.20659340918064117,
  "f_hi_eff": 1.6527472734451294
}