{
  "tag": "187_0100d145",
  "lmb1": 0.0002831443134328774,
  "lmb2": 0.0007605680243926786,
  "nonzero_count": 26,
  "complexity_norm": 0.20967741935483872,
  "train_gen_window": 0.049441134345934806,
  "generalizability": 0.04613672080662827,
  "equation": "0.054158 E^{0.5} n P^{-0.5} + 3.9456 \\cdot 10^{-5} F dT_{i} - 0.0038843 P^{-1} F dT_{e} - 6.1754 \\cdot 10^{-5} P^{-1} F dT_{i} - 0.0039038 P^{-1} F dn + 0.00030194 P dn - 0.0066776 T_{e}^{0.5} P^{-1} dn - 0.0003379 T_{e}^{0.5} T_{i}^{0.5} F dn - 0.0020721 T_{e}^{0.5} T_{i}^{0.5} dn - 0.0073564 T_{e}^{0.5} dn + 5.938 \\cdot 10^{-5} T_{e} T_{i}^{0.5} dT_{e} - 0.051831 T_{e} dn - 0.0049509 T_{i}^{0.5} P^{-1} dn + 0.0016357 T_{i}^{0.5} P dn + 9.3527 \\cdot 10^{-5} T_{i}^{0.5} dT_{e} + 0.0073408 T_{i} P dn - 0.0091311 n^{-1} F dn + 0.0015991 n^{-1} P^{-1} dn + 0.0010906 n^{-1} dn - 0.0050206 n E^{0.5} T_{e}^{0.5} P^{-1} + 0.0021268 n E^{0.5} T_{e}^{0.5} T_{i} - 0.020381 n E^{0.5} T_{i}^{0.5} P + 0.00066466 n E^{0.5} T_{i} + 0.0041006 n E T_{e}^{0.5} + 0.038638 n E T_{e}^{0.5} T_{i}^{0.5} + 0.017925 n E T_{i}^{0.5}",
  "coefficients": [
    0.08853770430559493,
    0.0036598975568708776,
    0.0016342439404334102,
    -0.00464723803922861,
    3.263012444798307e-06,
    -3.7133459988440775e-06,
    1.7978114480916808e-05,
    -9.23512674149745e-07,
    4.8995435298253295e-06,
    -0.0021894853562631133,
    5.191557270912115e-06,
    0.0006208066868463671,
    1.5732720806411355e-05,
    -7.628198389029642e-06,
    5.809081386388258e-07,
    5.427208110776061e-06,
    -5.090961328475693e-06,
    -7.4667350989013355e-06,
    9.661985938722318e-07,
    -7.443771185621472e-07,
    6.042084594854379e-06,
    -2.5600597226165795e-06,
    6.9327952323963475e-06,
    1.8866097345403574e-05,
    1.2541772328318745e-05,
    -2.6074379374959163e-06,
    6.120176050784959e-06,
    -0.004206776479222759,
    2.178592476107587e-05,
    3.441605703875072e-05,
    3.367973334904902e-05,
    0.00035838314954558743,
    8.072653180077154e-05,
    6.953381262265406e-05,
    5.631748043609423e-05,
    6.167580370035924e-05,
    1.3982321083732362e-05,
    4.202804330069527e-06,
    3.0733099500961166e-05,
    4.759415608961823e-05,
    1.6666340697236146e-05,
    4.183817209520194e-05,
    6.844411535036336e-05,
    0.00028970560330511856,
    3.16119280403868e-05,
    -0.00493445151526758,
    -1.7156177923895218e-05,
    0.0003493654122987906,
    -0.005308542471660205,
    -7.024332438253458e-05,
    -9.204855782290698e-05,
    0.0021360910377247605,
    3.1463269124341e-06,
    -2.449053785232007e-05,
    0.010984186049818413,
    -0.006019290554524593,
    -0.004850503921195698,
    -2.4894944146793078e-05,
    -4.5309093210274307e-07,
    -0.001584376613396807,
    -0.00040136750632753244,
    9.391563513193573e-05,
    -4.331139754146511e-05,
    8.393487553782516e-07,
    -0.032944706879247554,
    -4.318204885391896e-05,
    -7.29685393900079e-05,
    -1.1084573790049451e-06,
    -7.617316649808704e-07,
    1.402193477737508e-06,
    1.6225152849905877e-05,
    -9.166426704080588e-06,
    -0.021138818595741994,
    0.0004664548342067351,
    -0.004443792327402544,
    2.0280883011962078e-05,
    0.0014539786385441003,
    1.0374514677678845e-06,
    2.084052230374154e-05,
    3.1050642393895805e-05,
    1.908019257755505e-06,
    -7.427124388635077e-05,
    0.007478974083189912,
    5.8660185363479595e-05,
    0.001438937435308296,
    0.015624570159337619,
    0.02658891600898118
  ],
  "val_sse_masked": 0.0007365589262917638,
  "val_nrmse_masked": 0.07387267798185349,
  "val_mse_masked": 2.4551965907448903e-05,
  "val_r2_masked": 0.9945409893989563,
  "val_sse_full": 0.0007249296177178621,
  "val_nrmse_full": 0.07328718155622482,
  "val_mse_full": 2.416432289464865e-05,
  "val_r2_full": 0.9946271777153015,
  "iteration": 187,
  "p_lo_eff": 0.12967753410339355,
  "p_hi_eff": 1.9451630115509033,
  "f_lo_eff": 0.20659340918064117,
  "f_hi_eff": 1.6527472734451294
}