{
  "tag": "496_3128a772",
  "lmb1": 0.00013063020064292934,
  "lmb2": 2.476304801398273e-07,
  "nonzero_count": 28,
  "complexity_norm": 0.22580645161290322,
  "train_gen_window": 0.04201185274571029,
  "generalizability": 0.03885197063604789,
  "equation": "0.070832 E^{0.5} n P^{-0.5} + 0.00011467 F dT_{i} - 0.004191 P^{-1} F dT_{e} - 5.6347 \\cdot 10^{-5} P^{-1} F dT_{i} - 0.002309 P^{-1} F dn + 0.00013445 P dn - 0.018999 T_{e}^{0.5} P^{-1} dn - 0.008348 T_{e}^{0.5} T_{i}^{0.5} F dn + 0.00010081 T_{e}^{0.5} T_{i}^{0.5} P dn - 0.049206 T_{e} dn + 0.00032413 T_{i}^{0.5} F dT_{e} - 0.00018641 T_{i}^{0.5} F dn + 0.00021546 T_{i}^{0.5} P^{-1} dT_{e} + 0.00047411 T_{i}^{0.5} P dn + 7.3347 \\cdot 10^{-5} T_{i}^{0.5} dT_{e} + 7.6118 \\cdot 10^{-6} T_{i} P^{-1} dT_{e} + 0.00077384 T_{i} P^{-1} dn + 0.0089998 T_{i} P dn - 0.015171 n^{-1} F dn + 0.0026343 n^{-1} P^{-1} dn + 0.0015412 n^{-1} dn - 0.013187 n E^{0.5} T_{e}^{0.5} P^{-1} - 0.0081987 n E^{0.5} T_{i}^{0.5} F - 0.01744 n E^{0.5} T_{i}^{0.5} P + 0.0013191 n E P^{-1} + 0.0015362 n E T_{e}^{0.5} + 0.052766 n E T_{e}^{0.5} T_{i}^{0.5} + 0.0022437 n E T_{i}^{0.5}",
  "coefficients": [
    0.08853770510350728,
    0.006029205109005546,
    0.002309503936141124,
    -0.007721314635470985,
    3.1242315232038603e-06,
    -1.6249818922339256e-05,
    8.063981985044987e-05,
    2.7892398268373613e-06,
    4.937866281598323e-05,
    -0.0019977904084831485,
    -4.953018486410914e-07,
    0.001804160249866537,
    2.600655718324574e-05,
    -7.529106776910776e-05,
    -2.9895047646456676e-06,
    2.9261726011343447e-05,
    -1.4602120764731718e-05,
    -7.528222458936786e-05,
    -3.2446029090900554e-06,
    -1.111138272425119e-05,
    3.2729413035143574e-05,
    -6.135011539626515e-06,
    -1.2435930401748814e-06,
    1.632471289780166e-05,
    4.990958221541574e-05,
    -6.2860625804689785e-06,
    2.9445474390596684e-05,
    -0.004538980957339468,
    3.526386723077976e-05,
    8.97548198283062e-05,
    0.0012258263132012542,
    0.0002810568610835545,
    0.0003874849539781263,
    0.0001842426431898855,
    5.311153138871485e-05,
    9.8719837825224e-05,
    2.398268489831325e-05,
    1.3951101334665535e-05,
    3.5789349540399506e-05,
    5.680740753393967e-05,
    1.6510663665200103e-05,
    2.381643545604601e-05,
    2.392661115747941e-05,
    2.8057317513329254e-05,
    1.1607198293433986e-05,
    -0.0029185317034396484,
    -2.2212406962049817e-05,
    0.00015556313436999248,
    -8.730468297608776e-05,
    -3.224825003344628e-05,
    -0.00022835005208873493,
    0.0006191513459652306,
    0.0012069188624038722,
    -1.7491423359009117e-05,
    0.01346643095186277,
    -0.017125624360733043,
    -9.249590815789828e-05,
    -3.5049480980246316e-05,
    5.423257550430276e-05,
    -7.149102008647676e-05,
    -0.009915904794254303,
    0.0001257477283908607,
    -2.2142883303059418e-05,
    3.1325687359841614e-05,
    -0.03127623430854336,
    -4.542450714130962e-05,
    -1.598969372566266e-05,
    8.735791743175968e-06,
    -7.232384070761975e-05,
    1.3394134711035147e-06,
    6.041887989687182e-06,
    -0.008146316990463795,
    -0.018088154022934982,
    6.96750037461142e-05,
    -0.011671917608881635,
    1.1652912961397702e-05,
    6.934246354668087e-05,
    -2.535769044250215e-05,
    1.2629697646853121e-05,
    0.000629711302211628,
    -4.186322707275148e-06,
    -5.5361347543059924e-05,
    0.0009361612710899499,
    5.596557931152509e-05,
    0.0005390630394857734,
    0.021337951828949757,
    0.03477489095619938
  ],
  "val_sse_masked": 0.000639097997918725,
  "val_nrmse_masked": 0.06881193816661835,
  "val_mse_masked": 2.1303267203620635e-05,
  "val_r2_masked": 0.9952633380889893,
  "val_sse_full": 0.0006330081960186362,
  "val_nrmse_full": 0.06848330795764923,
  "val_mse_full": 2.110027526214253e-05,
  "val_r2_full": 0.9953084588050842,
  "iteration": 496,
  "p_lo_eff": 0.12967753410339355,
  "p_hi_eff": 1.9451630115509033,
  "f_lo_eff": 0.20659340918064117,
  "f_hi_eff": 1.6527472734451294
}