{
  "tag": "230_7799c06d",
  "lmb1": 0.001262170284950952,
  "lmb2": 1.4751176746034203e-07,
  "nonzero_count": 14,
  "complexity_norm": 0.11290322580645161,
  "train_gen_window": 0.07689686451215136,
  "generalizability": 0.07697487382992846,
  "equation": "0.061052 E^{0.5} n P^{-0.5} - 0.0038843 P^{-1} F dT_{e} - 6.7145 \\cdot 10^{-5} P^{-1} F dT_{i} - 0.0019236 P^{-1} F dn - 0.00043016 T_{e}^{0.5} T_{i}^{0.5} F dn - 0.008589 T_{e}^{0.5} T_{i}^{0.5} dn - 0.045107 T_{e} dn - 0.011243 T_{i}^{0.5} P^{-1} dn + 0.00092372 T_{i} P dn + 0.00030693 n^{-1} P^{-1} dn + 0.0068559 n E^{0.5} T_{e}^{0.5} T_{i} - 0.019422 n E^{0.5} T_{i}^{0.5} P + 0.00019442 n E^{0.5} T_{i} + 0.032902 n E T_{e}^{0.5} T_{i}^{0.5}",
  "coefficients": [
    0.08853770425677582,
    0.0007024791080781709,
    2.6893833521569086e-05,
    -3.365178451685886e-06,
    6.533023203800166e-05,
    1.2983065215476283e-05,
    1.0338004914257862e-05,
    1.3313167270157628e-05,
    6.139937019632057e-06,
    -0.0023806124091813514,
    -3.750582957165244e-06,
    -3.3876474215944023e-07,
    -3.158606385914706e-06,
    -2.6130928119789925e-06,
    -3.8249959868155355e-06,
    -7.433297289646535e-06,
    -2.620620925756556e-06,
    -2.4528307017360372e-06,
    -3.472255148613595e-06,
    -2.199524093841744e-06,
    -6.680552085916016e-06,
    -3.252370718698029e-06,
    -2.9642307784135935e-06,
    -1.1116084005408818e-06,
    -7.823724798681088e-06,
    -3.0441752784892173e-06,
    -2.2797908105482693e-06,
    -0.004206770252018451,
    -3.6982627651733645e-07,
    -1.6584865845986654e-07,
    -5.739803982926261e-07,
    5.350309821292201e-07,
    7.91059356420182e-08,
    4.6938832553398377e-07,
    1.5920491372706247e-06,
    7.787838287979392e-07,
    1.5837574782924954e-06,
    -2.420417925627152e-06,
    -2.429918877414566e-07,
    1.2303698636222606e-07,
    3.346031340283221e-07,
    1.7507455386248346e-06,
    1.531126293424724e-07,
    9.935740351672581e-07,
    1.880832922927019e-06,
    -0.00243142556659771,
    -5.701066508850871e-06,
    4.329714855796705e-05,
    -0.012055388683426498,
    -2.0135041033899632e-05,
    -3.210815349671095e-05,
    2.6196988734082802e-05,
    -2.1842435501937406e-06,
    -8.665600910604585e-06,
    0.0013821647891486646,
    -9.382504001837461e-06,
    -2.3903300664017586e-05,
    -7.761314984166651e-06,
    -2.5209406759981438e-06,
    -0.006567367155325801,
    -0.0005109441093706386,
    1.1639594922702998e-05,
    -1.1533246384848157e-05,
    -1.153264223350047e-06,
    -0.028670835876616733,
    -9.982240844791007e-06,
    -1.0986615288267504e-05,
    1.8963649340569234e-07,
    1.5183396668315316e-06,
    1.2367648350390097e-06,
    5.996725561878351e-06,
    1.551674042075711e-06,
    -0.020143860697164596,
    0.00013644496966936533,
    -2.2222033077804925e-06,
    7.189562682056722e-06,
    0.004687046430033844,
    1.732118349747074e-06,
    7.120045836524007e-06,
    5.177379557958195e-06,
    3.027270042159466e-06,
    -1.1888338336877287e-05,
    6.120656617708592e-05,
    7.510196545553188e-06,
    1.4831609362824108e-05,
    0.013305289223723349,
    0.02997361551869671
  ],
  "val_sse_masked": 0.0014052018523216248,
  "val_nrmse_masked": 0.10203506052494049,
  "val_mse_masked": 4.6840064896969125e-05,
  "val_r2_masked": 0.9895853996276855,
  "val_sse_full": 0.0013572756433859468,
  "val_nrmse_full": 0.10027994215488434,
  "val_mse_full": 4.524252290138975e-05,
  "val_r2_full": 0.9899405837059021,
  "iteration": 230,
  "p_lo_eff": 0.12967753410339355,
  "p_hi_eff": 1.9451630115509033,
  "f_lo_eff": 0.20659340918064117,
  "f_hi_eff": 1.6527472734451294
}