{
  "tag": "419_e4e022f2",
  "lmb1": 0.0034467854733683002,
  "lmb2": 4.017939617926525e-05,
  "nonzero_count": 8,
  "complexity_norm": 0.06451612903225806,
  "train_gen_window": 0.11927433434705227,
  "generalizability": 0.13422758451573694,
  "equation": "0.060861 E^{0.5} n P^{-0.5} - 0.0044663 P^{-1} F dT_{e} - 8.3307 \\cdot 10^{-6} P^{-1} F dT_{i} - 0.0093235 P^{-1} F dn - 0.039206 T_{e}^{0.5} T_{i}^{0.5} dn - 0.01019 T_{i}^{0.5} P^{-1} dn + 8.0622 \\cdot 10^{-5} n^{-1} P^{-1} dn - 0.0008975 n E^{0.5} T_{i}^{0.5} P",
  "coefficients": [
    0.08853770590871635,
    0.00018452070290511565,
    5.974046864237096e-06,
    -8.10227343118153e-07,
    1.0177043152141089e-05,
    2.6629075193514274e-06,
    5.50333904746877e-06,
    6.752107816256788e-06,
    5.116551204968933e-06,
    -0.000295362961766228,
    -1.196833497557911e-06,
    -3.7328109070271537e-07,
    -6.132619630481355e-07,
    -1.026269171847412e-06,
    -7.807315705781884e-07,
    -7.428928518377244e-07,
    -5.892369370575546e-07,
    -1.0522138132302107e-06,
    -7.999609215985832e-07,
    -7.565601113780431e-07,
    -7.560856178779094e-07,
    -5.830458348051978e-07,
    -1.2354369014001256e-06,
    -8.099390506830852e-07,
    -1.2919730220578928e-06,
    -6.042071849277554e-07,
    -1.992419932279404e-06,
    -0.0048371574241467515,
    -8.330328060649968e-07,
    -5.536495646522343e-07,
    -5.6523329572904e-07,
    -3.694987475407768e-07,
    -3.33507367894024e-07,
    -7.40330643846613e-08,
    -3.3017932570428174e-09,
    -3.2991915619961775e-08,
    -1.4143028027035807e-07,
    -2.1600393507053107e-06,
    -6.194398828220923e-07,
    -3.259854821107343e-07,
    -5.446374824359053e-07,
    4.399481257982544e-08,
    -6.572207517800591e-07,
    -2.27920273616854e-07,
    8.568066796677222e-08,
    -0.011784889362439616,
    -1.8032140636884076e-06,
    2.3964035717820486e-06,
    -0.010926222566743093,
    -9.924726054623674e-06,
    -7.411841201444794e-06,
    1.4562192431313068e-06,
    -1.2416233459203339e-06,
    -1.0717805215025829e-05,
    1.1999912254481056e-06,
    -5.822563241772979e-06,
    -5.045280852275492e-06,
    -2.315650341403322e-06,
    -1.4686310962970807e-06,
    -0.02997808381042862,
    -1.860951095451272e-05,
    1.1499105115812216e-06,
    -1.8461823590869065e-05,
    -9.599993452324737e-07,
    -1.0728671896455336e-05,
    -2.8952895241708166e-06,
    -1.1343789427397002e-05,
    1.0288163971194688e-06,
    3.742049451705198e-07,
    1.4165876662710764e-06,
    1.2603986416809722e-06,
    5.422297201960527e-07,
    -0.000930883808284599,
    4.3404340146181154e-06,
    2.869437159848086e-07,
    1.5549447354120444e-06,
    5.634614701110624e-06,
    5.750021876551033e-07,
    1.7721592331390822e-06,
    4.73884649175722e-06,
    1.1337344924347801e-06,
    -2.0649743001996203e-06,
    1.2186650762942148e-05,
    4.994712903145974e-06,
    3.368722451846121e-06,
    3.768078697315696e-05,
    0.029879555365904573
  ],
  "val_sse_masked": 0.0038353493437170982,
  "val_nrmse_masked": 0.168570876121521,
  "val_mse_masked": 0.0001278449926758185,
  "val_r2_masked": 0.9715743660926819,
  "val_sse_full": 0.003787850495427847,
  "val_nrmse_full": 0.16752378642559052,
  "val_mse_full": 0.00012626168609131128,
  "val_r2_full": 0.9719264507293701,
  "iteration": 419,
  "p_lo_eff": 0.12967753410339355,
  "p_hi_eff": 1.9451630115509033,
  "f_lo_eff": 0.20659340918064117,
  "f_hi_eff": 1.6527472734451294
}