{
  "tag": "83_36c862e2",
  "lmb1": 7.813511274750702e-06,
  "lmb2": 1e-08,
  "nonzero_count": 79,
  "complexity_norm": 0.6370967741935484,
  "train_gen_window": 0.028136110619476195,
  "generalizability": 0.026397521516728677,
  "equation": "0.12086 E^{0.5} n P^{-0.5} + 0.0017851 F dT_{i} - 0.00091737 F dn - 0.00085733 P^{-1} F dT_{e} + 5.4065 \\cdot 10^{-5} P^{-1} F dT_{i} + 0.00015038 P^{-1} F dn + 0.00042389 P^{-1} dT_{e} + 1.4374 \\cdot 10^{-5} P F dT_{i} - 0.0015097 P dn - 0.0070751 T_{e}^{0.5} F dT_{e} - 0.0023555 T_{e}^{0.5} F dn + 0.00014796 T_{e}^{0.5} P^{-1} dT_{e} - 0.05278 T_{e}^{0.5} P^{-1} dn + 0.0031449 T_{e}^{0.5} T_{i}^{0.5} F dT_{e} - 4.1459 \\cdot 10^{-6} T_{e}^{0.5} T_{i}^{0.5} F dT_{i} - 0.010247 T_{e}^{0.5} T_{i}^{0.5} F dn - 9.5977 \\cdot 10^{-7} T_{e}^{0.5} T_{i}^{0.5} P^{-1} dT_{i} + 0.019573 T_{e}^{0.5} T_{i}^{0.5} P^{-1} dn + 0.00085386 T_{e}^{0.5} T_{i}^{0.5} P dT_{e} + 2.5948 \\cdot 10^{-6} T_{e}^{0.5} T_{i}^{0.5} P dT_{i} + 0.0037226 T_{e}^{0.5} T_{i}^{0.5} P dn + 0.00058248 T_{e}^{0.5} T_{i}^{0.5} dn - 0.00010496 T_{e}^{0.5} T_{i} dT_{e} - 1.0066 \\cdot 10^{-7} T_{e}^{0.5} T_{i} dT_{i} + 0.0016968 T_{e}^{0.5} T_{i} dn - 0.061144 T_{e}^{0.5} dn - 2.9547 \\cdot 10^{-5} T_{e} F dT_{i} - 0.0060449 T_{e} F dn + 0.023828 T_{e} P^{-1} dn + 2.6658 \\cdot 10^{-5} T_{e} P dT_{i} - 0.00043267 T_{e} T_{i}^{0.5} dT_{e} - 6.0797 \\cdot 10^{-5} T_{e} T_{i} dT_{e} + 0.0088721 T_{e} T_{i} dn - 0.0038821 T_{e} dT_{e} - 0.0003227 T_{e} dT_{i} - 0.0059314 T_{e} dn + 0.001856 T_{i}^{0.5} F dT_{e} - 0.0015963 T_{i}^{0.5} F dn + 0.0014113 T_{i}^{0.5} P^{-1} dT_{e} - 3.42 \\cdot 10^{-6} T_{i}^{0.5} P^{-1} dT_{i} - 0.0019282 T_{i}^{0.5} P^{-1} dn + 1.4072 \\cdot 10^{-6} T_{i}^{0.5} P dT_{i} + 0.00049893 T_{i}^{0.5} P dn - 0.00021099 T_{i}^{0.5} dT_{e} - 6.2522 \\cdot 10^{-7} T_{i}^{0.5} dT_{i} + 0.00034384 T_{i}^{0.5} dn + 8.0585 \\cdot 10^{-5} T_{i} F dT_{e} - 1.2864 \\cdot 10^{-6} T_{i} F dT_{i} - 0.00012951 T_{i} P^{-1} dn + 2.0473 \\cdot 10^{-5} T_{i} P dT_{e} + 0.010975 T_{i} P dn - 0.00021026 T_{i} dT_{e} + 0.0011055 T_{i} dn - 8.6535 \\cdot 10^{-5} dT_{i} - 0.00058648 n^{-1} F dn + 0.003304 n^{-1} P^{-1} dn - 0.00036867 n^{-1} T_{e}^{0.5} T_{i}^{0.5} dn - 0.00051263 n^{-1} T_{e}^{0.5} dn - 0.0006628 n^{-1} T_{e} dn - 3.3247 \\cdot 10^{-5} n^{-1} T_{i}^{0.5} dn - 0.00061512 n^{-1} T_{i} dn - 0.13377 n E^{0.5} - 0.002826 n E^{0.5} P^{-1} - 0.024774 n E^{0.5} T_{e}^{0.5} P^{-1} + 0.0010737 n E^{0.5} T_{e}^{0.5} T_{i}^{0.5} + 0.06366 n E^{0.5} T_{e}^{0.5} T_{i} + 0.0041332 n E^{0.5} T_{e} T_{i}^{0.5} + 0.00047742 n E^{0.5} T_{i}^{0.5} - 0.024169 n E^{0.5} T_{i}^{0.5} F + 0.0072955 n E^{0.5} T_{i}^{0.5} P^{-1} + 0.005744 n E^{0.5} T_{i}^{0.5} P + 0.025504 n E^{0.5} T_{i} - 0.00080996 n E F + 0.015888 n E P^{-1} - 0.0016073 n E P + 0.064788 n E T_{e}^{0.5} - 0.0033688 n E T_{e}^{0.5} T_{i}^{0.5} - 0.0012697 n E T_{i}^{0.5} - 0.043982 n E T_{i}",
  "coefficients": [
    0.0885377121219903,
    0.007561840410579268,
    -2.7489077763439033e-05,
    -0.00029848246021509903,
    -0.00014134429044187905,
    -0.011557473054473666,
    -0.0007866270958034609,
    -0.0017880075033123307,
    -0.001090578611008688,
    0.001916856926262881,
    -0.0051971969766520364,
    0.028087451976370963,
    0.00022331270244029225,
    -0.0015259178078085578,
    -0.00023792434858700869,
    0.0005937854089779248,
    -0.000885570994113442,
    -0.0005323600308146512,
    -5.3571581083911057e-05,
    -0.0004991551931520996,
    0.0012711509324840637,
    -0.00032042737242271135,
    -0.028182616074201406,
    -0.0007064305839763693,
    0.00252290657289831,
    -3.993910384409642e-05,
    0.0007558540646408849,
    -0.0009285126338598191,
    9.436567399820166e-05,
    4.2440531791273215e-05,
    0.008029153856358901,
    -0.0008084915763155752,
    0.002218749309690462,
    8.056857883176615e-05,
    -0.003624614966690865,
    0.00041468508543756894,
    0.00036280143799015787,
    0.00030290056446340526,
    -0.002942454413780759,
    0.004276661645541761,
    0.003760787867876066,
    -0.002107935784357714,
    -0.005659667221331005,
    -0.002110929221199693,
    -0.0014363742552400134,
    0.00019008172423476053,
    -0.000981439064250128,
    -0.0017467619539760333,
    -0.0020675154516057214,
    0.0002725750861309168,
    -0.0019555030835591907,
    0.0006515623901283964,
    -0.00020199551552385056,
    0.0010464807101862544,
    0.01642178765523885,
    -0.047576677071449636,
    -0.040316289773620374,
    -0.002435191985474814,
    0.02415264754778601,
    0.0004453805500272463,
    -0.012171758478213814,
    0.0046435629732775215,
    0.0015710796773205896,
    0.024881054138175707,
    -0.003770096862980088,
    -0.006055566718362169,
    0.00814126139408694,
    -0.0021606601796235396,
    -0.07383832862886684,
    0.0068717355485855705,
    0.0002944938411310631,
    -0.024014709999326724,
    0.005957579065508115,
    0.01789853117018993,
    -0.021927617715258467,
    0.000640336428969733,
    0.04352150703524391,
    -9.267330046331025e-05,
    0.0023968382820938995,
    0.007584485109207942,
    -0.0004623946942865252,
    -0.0009763485843335425,
    -0.00052976153670578,
    -0.022862490085353404,
    0.02273471528152557,
    -0.0013622892037371819,
    0.059336976876513625
  ],
  "val_sse_masked": 0.00023640086874365807,
  "val_nrmse_masked": 0.04185087978839874,
  "val_mse_masked": 7.880029443185776e-06,
  "val_r2_masked": 0.9982479214668274,
  "val_sse_full": 0.0002369964640820399,
  "val_nrmse_full": 0.04190357029438019,
  "val_mse_full": 7.899882803030778e-06,
  "val_r2_full": 0.998243510723114,
  "iteration": 83,
  "p_lo_eff": 0.12967753410339355,
  "p_hi_eff": 1.9451630115509033,
  "f_lo_eff": 0.20659340918064117,
  "f_hi_eff": 1.6527472734451294
}