{
  "tag": "111_0f046769",
  "lmb1": 0.0008109711657189433,
  "lmb2": 0.00011143631588275274,
  "nonzero_count": 16,
  "complexity_norm": 0.12903225806451613,
  "train_gen_window": 0.05959237627232023,
  "generalizability": 0.0614243521915128,
  "equation": "0.053952 E^{0.5} n P^{-0.5} - 0.0038176 P^{-1} F dT_{e} - 7.5632 \\cdot 10^{-5} P^{-1} F dT_{i} - 0.0023823 P^{-1} F dn + 0.00032868 P dn - 0.0034876 T_{e}^{0.5} T_{i}^{0.5} dn - 0.061261 T_{e} dn - 0.0095257 T_{i}^{0.5} P^{-1} dn + 0.00012157 T_{i}^{0.5} P dn + 0.004114 T_{i} P dn + 0.00025891 n^{-1} P^{-1} dn + 0.0079086 n E^{0.5} T_{e}^{0.5} T_{i} - 0.021356 n E^{0.5} T_{i}^{0.5} P + 0.0011395 n E^{0.5} T_{i} + 0.039512 n E T_{e}^{0.5} T_{i}^{0.5} + 0.00041771 n E T_{i}^{0.5}",
  "coefficients": [
    0.08853770322615195,
    0.0005925680243795109,
    1.1375792415187087e-05,
    -1.3284621985662212e-05,
    6.923457991877959e-06,
    5.896661012993979e-06,
    5.184325580741844e-06,
    4.099508219032585e-06,
    2.9180825151020673e-06,
    -0.002681503343529618,
    -2.9290421459423196e-06,
    1.2211964464422125e-06,
    -1.9833610810012952e-06,
    -3.7169672800270683e-06,
    -4.933549357194712e-06,
    -8.283355088960717e-06,
    -4.473045103117504e-06,
    -3.3538273110307562e-06,
    -4.3691179347713305e-06,
    -2.638386968094311e-06,
    -7.455581896133895e-06,
    -5.54939981476859e-06,
    -2.159293402657117e-06,
    -1.0241383581295e-07,
    -4.650476596417577e-06,
    -5.063037975551188e-06,
    -1.5909483168597205e-06,
    -0.004134580586248382,
    1.8288289388885421e-06,
    1.8111348803299632e-06,
    7.904929986436998e-07,
    5.521098345132444e-06,
    2.6213567078308197e-06,
    2.719814823739799e-06,
    9.473138772210585e-06,
    4.192330362313801e-06,
    9.95834578717079e-06,
    -1.7802292030620626e-06,
    1.6674501948773674e-06,
    2.6119908099337523e-06,
    5.685496618514687e-06,
    1.010499705319375e-05,
    3.5364242736053804e-06,
    8.094849841501781e-06,
    1.0468067724092173e-05,
    -0.0030111716476159582,
    -6.629393553086903e-06,
    0.0003803041394916369,
    -0.010213793077478462,
    -3.789106169131746e-05,
    -3.6045601646096175e-05,
    0.0001587578940864302,
    -2.451267743444889e-06,
    -1.8254357861125094e-05,
    0.0061558287292792805,
    -1.5225082534318227e-05,
    -3.8748452586057914e-05,
    -8.992993293776779e-06,
    -2.88407074319862e-06,
    -0.0026667143026027074,
    -9.878980993747979e-05,
    2.666980853326203e-05,
    -3.181680730316024e-05,
    -1.0900843318518136e-06,
    -0.038938653361245794,
    -1.140460791505967e-05,
    -3.092850231642854e-05,
    -3.1551626608868574e-07,
    1.9328824106803844e-06,
    1.3193821786169555e-06,
    9.395644663828385e-06,
    1.2535598352766903e-06,
    -0.022150724321767155,
    0.0007996745532770981,
    -7.0964283029929055e-06,
    1.1136711967913708e-05,
    0.005406728727106224,
    2.120861904954135e-06,
    1.0285071918067551e-05,
    7.571097284665856e-06,
    3.271546109608001e-06,
    -2.7222655221095792e-05,
    0.00017428290624256745,
    1.351183114019376e-05,
    2.5107866841311945e-05,
    0.01597793223225073,
    0.0264874847236096
  ],
  "val_sse_masked": 0.0009934836998581886,
  "val_nrmse_masked": 0.08579469472169876,
  "val_mse_masked": 3.311612454126589e-05,
  "val_r2_masked": 0.9926367998123169,
  "val_sse_full": 0.0009637835901230574,
  "val_nrmse_full": 0.08450255542993546,
  "val_mse_full": 3.212612136849202e-05,
  "val_r2_full": 0.9928569197654724,
  "iteration": 111,
  "p_lo_eff": 0.12967753410339355,
  "p_hi_eff": 1.9451630115509033,
  "f_lo_eff": 0.20659340918064117,
  "f_hi_eff": 1.6527472734451294
}