{
  "tag": "347_4baf3902",
  "lmb1": 0.0005063322815412663,
  "lmb2": 1.4237137147840184e-08,
  "nonzero_count": 18,
  "complexity_norm": 0.14516129032258066,
  "train_gen_window": 0.053380493468862464,
  "generalizability": 0.05265211528518576,
  "equation": "0.050117 E^{0.5} n P^{-0.5} - 0.0038328 P^{-1} F dT_{e} - 7.242 \\cdot 10^{-5} P^{-1} F dT_{i} - 0.0025753 P^{-1} F dn + 0.00056188 P dn - 0.00031131 T_{e}^{0.5} T_{i}^{0.5} dn - 0.071547 T_{e} dn - 0.0086153 T_{i}^{0.5} P^{-1} dn + 0.00061319 T_{i}^{0.5} P dn + 0.006389 T_{i} P dn - 0.001248 n^{-1} F dn + 0.00051774 n^{-1} P^{-1} dn - 0.00028123 n E^{0.5} T_{e}^{0.5} P^{-1} + 0.006527 n E^{0.5} T_{e}^{0.5} T_{i} - 0.021915 n E^{0.5} T_{i}^{0.5} P + 0.0016691 n E^{0.5} T_{i} + 0.046042 n E T_{e}^{0.5} T_{i}^{0.5} + 0.00041897 n E T_{i}^{0.5}",
  "coefficients": [
    0.08853770258070892,
    0.0011849623232942264,
    1.2777072053249975e-05,
    -0.0006351560357434655,
    1.6995913807028775e-06,
    5.554359106319711e-08,
    4.065157393493796e-06,
    -3.078139207136756e-07,
    7.91981370719154e-07,
    -0.00256764723486578,
    6.333699979067692e-07,
    1.1779600186844062e-05,
    2.5989695573792027e-06,
    -2.6302723954735617e-06,
    -1.843704579072094e-06,
    -2.204601920872887e-06,
    -3.210756463721183e-06,
    -2.306188705456191e-06,
    -1.4561828912063385e-06,
    -6.800607551395611e-07,
    -1.7989706401209142e-06,
    -3.2877060460212923e-06,
    1.5688941227524524e-06,
    4.858603967350849e-06,
    8.848090545148465e-07,
    -2.968361164430749e-06,
    1.2442464396483973e-07,
    -0.004151015336769834,
    8.452825283862069e-06,
    8.97013567177336e-06,
    5.805224612599085e-06,
    4.27893310275696e-05,
    1.4047508346565252e-05,
    1.320725186126739e-05,
    3.382366547030526e-05,
    1.853376569459223e-05,
    2.0170478731302737e-05,
    -2.1988817356473167e-07,
    8.445124917252049e-06,
    1.3110433023481662e-05,
    2.8298053140289365e-05,
    3.0709992647131756e-05,
    2.7086946470677644e-05,
    6.569169331721412e-05,
    2.7474849478667864e-05,
    -0.0032551962192166562,
    -6.334028463462581e-06,
    0.0006501349558013802,
    -0.009237673640670303,
    -2.9751036436340436e-05,
    -1.6923254079705436e-05,
    0.0008007703320410231,
    -2.0281105959186704e-06,
    -2.3266896272899116e-05,
    0.009559930290640683,
    -2.6933971442983023e-05,
    -4.74772375650612e-05,
    -8.225275772548328e-06,
    -2.504428093148098e-06,
    -0.00023803402607381106,
    -2.4330226511941445e-05,
    5.136881913848146e-05,
    -4.9682603239620775e-05,
    -1.3138102483246389e-07,
    -0.04547652520712508,
    -9.627774872504768e-06,
    -6.343314046093512e-05,
    -2.035727180898738e-06,
    1.8548009328135692e-06,
    7.285260912259661e-07,
    1.1914311378788125e-05,
    -7.967005518848669e-07,
    -0.022729656225491716,
    0.0011713318760454847,
    -0.0002489170335342273,
    1.3538773839599877e-05,
    0.004462204237372785,
    1.8890176337741923e-06,
    1.184120081067899e-05,
    1.101825352573761e-05,
    2.387148172709126e-06,
    -3.5922525083669856e-05,
    0.00017480650671465874,
    2.219275585866606e-05,
    3.800064846004386e-05,
    0.018618840985472083,
    0.024604961572175874
  ],
  "val_sse_masked": 0.00082577602006495,
  "val_nrmse_masked": 0.07821881026029587,
  "val_mse_masked": 2.7525869882083498e-05,
  "val_r2_masked": 0.9938797950744629,
  "val_sse_full": 0.0008077172678895295,
  "val_nrmse_full": 0.07735880464315414,
  "val_mse_full": 2.6923909899778664e-05,
  "val_r2_full": 0.9940136075019836,
  "iteration": 347,
  "p_lo_eff": 0.12967753410339355,
  "p_hi_eff": 1.9451630115509033,
  "f_lo_eff": 0.20659340918064117,
  "f_hi_eff": 1.6527472734451294
}