{
  "tag": "387_bb1146d6",
  "lmb1": 0.0008710337387676028,
  "lmb2": 1.96017899530926e-08,
  "nonzero_count": 17,
  "complexity_norm": 0.13709677419354838,
  "train_gen_window": 0.06147361187238834,
  "generalizability": 0.06246845185546348,
  "equation": "0.054602 E^{0.5} n P^{-0.5} - 0.003822 P^{-1} F dT_{e} - 7.5934 \\cdot 10^{-5} P^{-1} F dT_{i} - 0.0022296 P^{-1} F dn + 0.0003216 P dn - 0.00010475 T_{e}^{0.5} T_{i}^{0.5} F dn - 0.0024863 T_{e}^{0.5} T_{i}^{0.5} dn - 0.061176 T_{e} dn - 0.0098382 T_{i}^{0.5} P^{-1} dn + 9.7867 \\cdot 10^{-5} T_{i}^{0.5} P dn + 0.0035411 T_{i} P dn + 0.00024796 n^{-1} P^{-1} dn + 0.008404 n E^{0.5} T_{e}^{0.5} T_{i} - 0.021385 n E^{0.5} T_{i}^{0.5} P + 0.00088553 n E^{0.5} T_{i} + 0.038443 n E T_{e}^{0.5} T_{i}^{0.5} + 0.00029674 n E T_{i}^{0.5}",
  "coefficients": [
    0.08853770329177424,
    0.0005675186696370999,
    1.382849931428571e-05,
    -9.451203727855874e-06,
    9.172993396169757e-06,
    7.422656859204016e-06,
    6.0839131932829e-06,
    5.144492694358693e-06,
    3.46563127267073e-06,
    -0.002692216239708637,
    -3.4193357739613384e-06,
    7.64157827938107e-07,
    -2.5166164406978036e-06,
    -3.740944588439745e-06,
    -5.343406806470004e-06,
    -9.711326535001452e-06,
    -4.476732373877663e-06,
    -3.3643283121733876e-06,
    -4.7149895023796884e-06,
    -2.7686330837868304e-06,
    -8.697053024103474e-06,
    -5.6834980098966485e-06,
    -2.547990783033795e-06,
    -3.980933817142119e-07,
    -5.901263226296546e-06,
    -5.1691822792753215e-06,
    -1.7730847797060049e-06,
    -0.004139299528563865,
    1.256536394406155e-06,
    1.297457025062385e-06,
    4.954395211110584e-07,
    4.1459466224740855e-06,
    2.0271368931863637e-06,
    2.2697228955057233e-06,
    7.735376757778195e-06,
    3.516937530843444e-06,
    8.30264564565259e-06,
    -1.9414336803976345e-06,
    1.18146842188128e-06,
    2.037837375947553e-06,
    4.25625182419577e-06,
    8.279602297112537e-06,
    2.5598053822732358e-06,
    5.990701800147053e-06,
    8.61311092265666e-06,
    -0.0028182356584701028,
    -6.602699492588415e-06,
    0.00037211227231726576,
    -0.010548879173043885,
    -3.521345284698964e-05,
    -4.200246070440383e-05,
    0.00012780647873564472,
    -2.456779052527428e-06,
    -1.7513113020902536e-05,
    0.00529851774334935,
    -1.3571783038963122e-05,
    -3.2171938499622594e-05,
    -9.08361191990151e-06,
    -2.82688770065173e-06,
    -0.001901065587386291,
    -0.00012441941437901666,
    2.4533947625681596e-05,
    -2.9191827433805228e-05,
    -1.098365565166134e-06,
    -0.03888456929696116,
    -1.1610947601886904e-05,
    -2.6844409330179326e-05,
    -1.9124337716222214e-07,
    1.8513808690422362e-06,
    1.3220156376904128e-06,
    8.839316413253015e-06,
    1.4199425060941337e-06,
    -0.022180264459520812,
    0.0006214565212645982,
    -5.668414805382846e-06,
    1.0517879871840019e-05,
    0.005745417049999086,
    2.0409965692656526e-06,
    9.754616114734472e-06,
    6.995081339943381e-06,
    3.32680032153761e-06,
    -2.579290914972263e-05,
    0.00012381125718985514,
    1.2634912669481664e-05,
    2.1801830659876343e-05,
    0.015545702743563213,
    0.026807004602336083
  ],
  "val_sse_masked": 0.0010267624165862799,
  "val_nrmse_masked": 0.08721979707479477,
  "val_mse_masked": 3.4225417039124295e-05,
  "val_r2_masked": 0.9923901557922363,
  "val_sse_full": 0.001002949895337224,
  "val_nrmse_full": 0.0862024649977684,
  "val_mse_full": 3.343166463309899e-05,
  "val_r2_full": 0.9925666451454163,
  "iteration": 387,
  "p_lo_eff": 0.12967753410339355,
  "p_hi_eff": 1.9451630115509033,
  "f_lo_eff": 0.20659340918064117,
  "f_hi_eff": 1.6527472734451294
}